{
"type": "FeatureCollection",
"name": "ghmc_nalas",
"crs": { "type": "name", "properties": { "name": "urn:ogc:def:crs:OGC:1.3:CRS84" } },
"features": [
{ "type": "Feature", "properties": { "FID": 0, "Nala_ID": "KSG", "Nala_Name": "KALASIGUDANALA", "Circle": "Circle-9A,18", "District": "Hyderabad", "Total_Seg": 28, "Length_m": 3247.0, "Govt_Encr": 0, "Pvt_Encr": 0, "Rel_Encr": 0, "Total_Encr": 0, "Court_Case": 0, "Mandal": " ", "Village": " ", "SNO": 1, "ZONE_NAME": "NORTH ZONE", "ZONE_ID": "NRZ", "length_m_calc": 3247.0240140083774 }, "geometry": { "type": "LineString", "coordinates": [ [ 78.499770843111676, 17.436075406245276 ], [ 78.499728029761783, 17.436063944259931 ], [ 78.499664975191266, 17.436042464386968 ], [ 78.499622245794498, 17.436014559673865 ], [ 78.499581064270998, 17.435983822974713 ], [ 78.499571533422341, 17.435977759268706 ], [ 78.499538409144705, 17.435956684194434 ], [ 78.499489001230771, 17.43593884398901 ], [ 78.499442572203435, 17.435929571062648 ], [ 78.499396096410692, 17.435930286087846 ], [ 78.499358578917992, 17.435935993649668 ], [ 78.499282904661939, 17.435953716836259 ], [ 78.499177364591574, 17.435977075643297 ], [ 78.499091077049727, 17.435993799251307 ], [ 78.499085760845645, 17.43599482985962 ], [ 78.49899834789008, 17.436012661067984 ], [ 78.498956610300311, 17.43602340599697 ], [ 78.49893132087594, 17.436031962264643 ], [ 78.498892951119075, 17.436052212371855 ], [ 78.498857698133122, 17.436076848756052 ], [ 78.498821019569078, 17.436102800352423 ], [ 78.49878481688873, 17.436135668342224 ], [ 78.498734529471449, 17.436184882588421 ], [ 78.498679405436675, 17.436252258208452 ], [ 78.498638281790065, 17.436296567551899 ], [ 78.498598655345319, 17.436349970197877 ], [ 78.498562198598435, 17.436389456339299 ], [ 78.498543604617183, 17.436408927012373 ], [ 78.498517773387931, 17.436424020130286 ], [ 78.498495957622339, 17.436430314100882 ], [ 78.498473487164048, 17.436435351612769 ], [ 78.498417615423506, 17.436434663062286 ], [ 78.498353033380653, 17.436434049290163 ], [ 78.49827716206606, 17.436435777437193 ], [ 78.498204804695817, 17.436434571850377 ], [ 78.498141894568164, 17.43643603742494 ], [ 78.49813034564724, 17.436436305948018 ], [ 78.49809266391641, 17.436434523622832 ], [ 78.498090106003701, 17.436434832886267 ], [ 78.498063514638886, 17.436438048277438 ], [ 78.498037343764693, 17.436451618772008 ], [ 78.498013602454733, 17.436464631812299 ], [ 78.497985470001908, 17.436480044569073 ], [ 78.497956713935878, 17.436494888593206 ], [ 78.497935416431417, 17.436506782558929 ], [ 78.497909795552914, 17.43651452163277 ], [ 78.497877256693542, 17.436526002434064 ], [ 78.497846094222282, 17.436535497222142 ], [ 78.497820605365106, 17.436539075976519 ], [ 78.497783974085806, 17.436541473276655 ], [ 78.497727557880253, 17.436545656795353 ], [ 78.497603772017385, 17.436552233228944 ], [ 78.497572670085532, 17.436552668689725 ], [ 78.497516562766847, 17.436553453659641 ], [ 78.497392078432398, 17.436558810885483 ], [ 78.497322656759266, 17.436562364733646 ], [ 78.497254145795537, 17.436559099976776 ], [ 78.497248639255901, 17.436558838364189 ], [ 78.497159827529956, 17.436554134245061 ], [ 78.497053663707533, 17.436545318201048 ], [ 78.496949492675625, 17.436538855618469 ], [ 78.496862618741474, 17.436533572393589 ], [ 78.49678158419097, 17.436530637730478 ], [ 78.496736788113751, 17.436534162329792 ], [ 78.496692399037201, 17.436535925370077 ], [ 78.496638126183811, 17.436543564091242 ], [ 78.496564310900766, 17.436561763870145 ], [ 78.496501239623271, 17.436575933162302 ], [ 78.496428462851014, 17.436596564727601 ], [ 78.496392403760098, 17.436608674790723 ], [ 78.496345291353677, 17.436619487019879 ], [ 78.496344661841462, 17.436619489037781 ], [ 78.496290420221456, 17.436626767673868 ], [ 78.496234073575494, 17.436628680982071 ], [ 78.496126143089839, 17.436625284926613 ], [ 78.496119377232048, 17.436625669491111 ], [ 78.496050700779875, 17.43662956825381 ], [ 78.495986901884422, 17.436637068903647 ], [ 78.495930767333661, 17.436637782629106 ], [ 78.495927590720214, 17.436637784217719 ], [ 78.495883084845559, 17.436642036639036 ], [ 78.495840617150805, 17.436640215356885 ], [ 78.495810775757676, 17.436634747704574 ], [ 78.495781587901419, 17.436628069848009 ], [ 78.495752376621198, 17.436628069978259 ], [ 78.495705582337152, 17.43663756466611 ], [ 78.495641498529579, 17.436647256402711 ], [ 78.495547575050935, 17.436676370019548 ], [ 78.49549790961234, 17.436693952846539 ], [ 78.495446405268837, 17.436709697988597 ], [ 78.495374655821863, 17.436732675949646 ], [ 78.495357803403394, 17.436737727781431 ], [ 78.495318206789904, 17.436749597133726 ], [ 78.495287050357533, 17.436756297969072 ], [ 78.495217865033908, 17.436768381181373 ], [ 78.495214696997706, 17.436768374737401 ], [ 78.495146359605684, 17.436775485622086 ], [ 78.495092692111683, 17.436775376621583 ], [ 78.495061797919092, 17.436773691771027 ], [ 78.495035339749776, 17.436772248796796 ], [ 78.494976829022036, 17.43676010144603 ], [ 78.494913262160551, 17.436747095632938 ], [ 78.494905704063214, 17.43674554907307 ], [ 78.494841922095517, 17.436736444173935 ], [ 78.494784770132966, 17.436728566147508 ], [ 78.494721432438837, 17.436714697891603 ], [ 78.494645145602746, 17.436697249829216 ], [ 78.494600680237752, 17.436691233956378 ], [ 78.494545279252179, 17.436683778923125 ], [ 78.494518437530303, 17.436667502273611 ], [ 78.494493234660396, 17.436652002228623 ], [ 78.494459919633272, 17.436631088343447 ], [ 78.494437159638309, 17.436630314145759 ], [ 78.494402167636551, 17.436648129244922 ], [ 78.494339339225235, 17.436698512983554 ], [ 78.494317771978004, 17.436710024693955 ], [ 78.494253481575669, 17.436744340992682 ], [ 78.494197021452877, 17.436766132676752 ], [ 78.494147887904234, 17.436783274758184 ], [ 78.494093857762167, 17.43681329356049 ], [ 78.494023365202096, 17.436862927687187 ], [ 78.493953788728291, 17.436905838137417 ], [ 78.493858505612394, 17.436963300664313 ], [ 78.493783075049222, 17.437018640372258 ], [ 78.493748182815551, 17.437046153374308 ], [ 78.493707166079233, 17.437099691800622 ], [ 78.493662884187344, 17.437169556030245 ], [ 78.493595488646889, 17.437289995753716 ], [ 78.493565407883352, 17.437342531994194 ], [ 78.493507988728354, 17.437442814080917 ], [ 78.493461696068337, 17.437523681022345 ], [ 78.49343741997636, 17.437566087756821 ], [ 78.493349118670992, 17.437713287005035 ], [ 78.493292465332786, 17.437811905913179 ], [ 78.493240536018874, 17.437898641251056 ], [ 78.493222888581457, 17.437928116285345 ], [ 78.493165446464261, 17.438032940137852 ], [ 78.493119415987636, 17.43811842020445 ], [ 78.493098121690053, 17.438153176377156 ], [ 78.493079014694175, 17.438180043531194 ], [ 78.493075095629592, 17.438185554282814 ], [ 78.493055457686211, 17.438205831309624 ], [ 78.493023964353782, 17.438249823414445 ], [ 78.492994239604997, 17.438268923872986 ], [ 78.492958823274193, 17.438288837778398 ], [ 78.492917263601143, 17.438305993597417 ], [ 78.492880480746393, 17.438321177369421 ], [ 78.492678970593246, 17.438404819933908 ], [ 78.492534846849296, 17.438465992787897 ], [ 78.492415849346671, 17.43851887997608 ], [ 78.492308485403683, 17.438571711333076 ], [ 78.492276030653059, 17.438588143540226 ], [ 78.492253920710837, 17.43859933834867 ], [ 78.492201224319146, 17.438613850921779 ], [ 78.492127416007946, 17.43861831762127 ], [ 78.492077037997205, 17.438618317832031 ], [ 78.492026678014099, 17.438612733764874 ], [ 78.491985673445981, 17.438613850997328 ], [ 78.491866016303604, 17.438639547680605 ], [ 78.491757951382155, 17.438656242746251 ], [ 78.491697088331705, 17.438667466678776 ], [ 78.491638571718866, 17.438686484075902 ], [ 78.491548386727899, 17.438740107713311 ], [ 78.491510015526501, 17.438756382127536 ], [ 78.491498296807393, 17.438761351976357 ], [ 78.491461193423831, 17.438781863918269 ], [ 78.491353132434497, 17.43882935703887 ], [ 78.491182420752054, 17.438889772825174 ], [ 78.491083531616439, 17.438933163441622 ], [ 78.491009957223056, 17.438964611254079 ], [ 78.490936411473982, 17.439010882722755 ], [ 78.490848824941523, 17.439074416153233 ], [ 78.490775598938214, 17.439125439707006 ], [ 78.490695215136569, 17.439186297355462 ], [ 78.490684639473116, 17.439194303668923 ], [ 78.490562033091607, 17.439282771763544 ], [ 78.490497893357215, 17.439330583265999 ], [ 78.4904535262894, 17.439370647110682 ], [ 78.490416441501864, 17.439392877852708 ], [ 78.490412609602444, 17.4393951742456 ], [ 78.490371960060742, 17.439407329994911 ], [ 78.490272174988277, 17.43941604674697 ], [ 78.490188133801794, 17.439426000653636 ], [ 78.490183822903106, 17.439425963455367 ], [ 78.490060560737135, 17.439424886911358 ], [ 78.48992059571421, 17.439420453806637 ], [ 78.489802539331407, 17.439418244207062 ], [ 78.489702842180023, 17.439410501866639 ], [ 78.48962658519784, 17.439401637997062 ], [ 78.489620794638768, 17.439401637219607 ], [ 78.489503746556537, 17.439380762897141 ], [ 78.489404910965192, 17.439354972706415 ], [ 78.489293312408705, 17.439322312510889 ], [ 78.489240081715778, 17.439297337755391 ], [ 78.489150130594027, 17.439259590065255 ], [ 78.489100874626502, 17.439242096038036 ], [ 78.489034156874681, 17.439218400727921 ], [ 78.488957814945906, 17.439192729713497 ], [ 78.488823525889728, 17.439144599334337 ], [ 78.488679020406465, 17.439102223410462 ], [ 78.488534779144871, 17.439063027273907 ], [ 78.488505442432967, 17.439056021304719 ], [ 78.488398298698613, 17.439030437420818 ], [ 78.488397115941737, 17.439030436947466 ], [ 78.488239730145025, 17.438982976664967 ], [ 78.488123245526694, 17.438933504380405 ], [ 78.488020653813322, 17.43888047083351 ], [ 78.487927791163543, 17.438822583402779 ], [ 78.487851578413128, 17.438775075188406 ], [ 78.487694158987722, 17.438659624911764 ], [ 78.487618239903995, 17.438594810528119 ], [ 78.487530329602507, 17.438519758744917 ], [ 78.48737011144145, 17.438396882058139 ], [ 78.487210068865281, 17.438251453716138 ], [ 78.486964241943653, 17.438063342754766 ], [ 78.486778781927725, 17.437920223349835 ], [ 78.486594869270832, 17.437773795960005 ], [ 78.486581840594482, 17.437763808268478 ], [ 78.486393978133975, 17.437619790262136 ], [ 78.486171252189408, 17.437436049955181 ], [ 78.485984570380339, 17.437281387907401 ], [ 78.485801937891836, 17.437145658209314 ], [ 78.485736961024614, 17.437088617083656 ], [ 78.485679578322248, 17.43703824262435 ], [ 78.485558435342185, 17.436913200189913 ], [ 78.485457609401749, 17.436789023999687 ], [ 78.485387950380314, 17.436702494759501 ], [ 78.485278188102598, 17.436536495963793 ], [ 78.48521516556147, 17.436421969208556 ], [ 78.485154288739238, 17.436298015781936 ], [ 78.485098858086687, 17.436181472335363 ], [ 78.485059922566279, 17.436073321140483 ], [ 78.485030042945269, 17.435968982942562 ], [ 78.4850131709875, 17.435848357337015 ], [ 78.485006066205386, 17.435797564793585 ], [ 78.484981583834113, 17.435580881041119 ], [ 78.484956126286463, 17.435365599375679 ], [ 78.484939147891993, 17.435179653198023 ], [ 78.48494764389207, 17.435121013869839 ], [ 78.484978197920285, 17.434967730778201 ], [ 78.485019762859196, 17.434804332772938 ], [ 78.485043086662159, 17.434687841285363 ], [ 78.485063434264461, 17.434588922736889 ], [ 78.485076659217611, 17.43450454600594 ], [ 78.485080753761594, 17.434478420358658 ], [ 78.485096103806072, 17.434357835090601 ], [ 78.485120765908931, 17.434264165315426 ], [ 78.485143009128436, 17.434139111381743 ], [ 78.485161927403183, 17.433996877269127 ], [ 78.485180883009662, 17.433899757433991 ], [ 78.485194457237014, 17.433729968796435 ], [ 78.485173531399653, 17.43354100212655 ], [ 78.485142635318823, 17.433424888784153 ], [ 78.485120499168872, 17.433296418351322 ], [ 78.485134099532118, 17.433147918407151 ], [ 78.485158448364899, 17.433040359783902 ], [ 78.485191872747194, 17.432963239740136 ], [ 78.485223091422256, 17.432911119433619 ], [ 78.48530695423058, 17.43279499507376 ], [ 78.485426161853923, 17.432655684881887 ], [ 78.485577463656469, 17.432478610759041 ], [ 78.485747509772679, 17.432264536134021 ], [ 78.485908946898277, 17.432063525755769 ], [ 78.486077271549021, 17.431862754801507 ], [ 78.48622245004448, 17.431691620727253 ], [ 78.48633159468487, 17.431555228358235 ], [ 78.486451932567789, 17.431395038835099 ], [ 78.486613269331357, 17.431211541250587 ], [ 78.48669129060751, 17.431115653493144 ], [ 78.486751765962694, 17.431041331194248 ], [ 78.486869531599567, 17.430862321427661 ], [ 78.486964342955361, 17.430720401655911 ], [ 78.48702432715136, 17.430607176788385 ], [ 78.487084192255296, 17.430433595029999 ], [ 78.487138693947657, 17.430292867155803 ], [ 78.487151650619893, 17.430228244201246 ], [ 78.487177744611174, 17.430098102785212 ], [ 78.487207050403541, 17.430008388430306 ], [ 78.487211682914705, 17.429924459318276 ], [ 78.487216314981637, 17.429847913851074 ], [ 78.487211687661357, 17.429744850133645 ], [ 78.487201994017227, 17.429610426641691 ], [ 78.48720088375515, 17.429541511194042 ], [ 78.487191611868795, 17.429465611286005 ], [ 78.487173044736608, 17.4292842548914 ], [ 78.487149729749262, 17.429112596748077 ], [ 78.487115754047323, 17.428968181850173 ], [ 78.487063943937528, 17.428733682639724 ], [ 78.487012719377603, 17.428513733221973 ], [ 78.486980873164427, 17.428367867557206 ], [ 78.486952741268567, 17.428204986430806 ], [ 78.486909963980054, 17.427988416796317 ], [ 78.486889203007877, 17.427850066535921 ], [ 78.48688405999323, 17.42781579207362 ], [ 78.48683991704732, 17.427548968376723 ], [ 78.486796310180011, 17.427347026415962 ], [ 78.486780070387923, 17.42718860180748 ], [ 78.486780433303679, 17.427118264351886 ], [ 78.486780618284371, 17.427082357303252 ], [ 78.48677812469289, 17.426831453300299 ], [ 78.486784386991829, 17.426668213178917 ], [ 78.486790625699811, 17.426504632250197 ], [ 78.486824528442895, 17.426465867538656 ], [ 78.486840188941926, 17.426447961427776 ], [ 78.486834883148788, 17.426391356929255 ], [ 78.486822686268326, 17.426316895939507 ], [ 78.486807089324969, 17.426250455807232 ], [ 78.486791455671408, 17.426179070196948 ], [ 78.486776927987904, 17.426093704376765 ], [ 78.486772489907878, 17.426016608210251 ], [ 78.486781075118813, 17.425835707330762 ], [ 78.486777385170527, 17.425655393083428 ], [ 78.486778363405008, 17.425541554479018 ], [ 78.486779232660766, 17.42544034664018 ], [ 78.486740492399448, 17.425271511447985 ], [ 78.486717392317658, 17.425139501937633 ], [ 78.486690577650734, 17.42498585187349 ], [ 78.486653627915231, 17.424759233631022 ], [ 78.486657927629921, 17.42465747206526 ], [ 78.486671221110328, 17.424499361395824 ], [ 78.48666574238743, 17.424411548283864 ], [ 78.48667194489461, 17.424357239511714 ], [ 78.486671945123334, 17.424326781835713 ] ] } },
{ "type": "Feature", "properties": { "FID": 1, "Nala_ID": "DNM", "Nala_Name": "DANDU MANSION NALA", "Circle": "Circle-9A,18", "District": "Hyderabad", "Total_Seg": 11, "Length_m": 2886.0, "Govt_Encr": 0, "Pvt_Encr": 0, "Rel_Encr": 0, "Total_Encr": 0, "Court_Case": 0, "Mandal": " ", "Village": " ", "SNO": 2, "ZONE_NAME": "CENTRAL ZONE", "ZONE_ID": "CRZ", "length_m_calc": 2886.78118059399 }, "geometry": { "type": "LineString", "coordinates": [ [ 78.511790942000061, 17.411704832000058 ], [ 78.511493679000068, 17.411798047000055 ], [ 78.511196776000077, 17.41188331200005 ], [ 78.511024200000065, 17.411943289000082 ], [ 78.510920633000069, 17.411984290000081 ], [ 78.510790696000072, 17.412044534000078 ], [ 78.510673048000058, 17.412104734000081 ], [ 78.510522825864641, 17.412177520157531 ], [ 78.51034089500007, 17.412261822000065 ], [ 78.510148753000081, 17.412353088000092 ], [ 78.509964826000044, 17.412440336000092 ], [ 78.509704732000046, 17.41254473600009 ], [ 78.509584845246422, 17.412596270309699 ], [ 78.509560068000042, 17.412606921000084 ], [ 78.509610992000049, 17.41276336400006 ], [ 78.509123768000066, 17.412881138000049 ], [ 78.509185836000029, 17.41315749000006 ], [ 78.509274862000041, 17.41343929400006 ], [ 78.509332359000041, 17.413637430000055 ], [ 78.509396828000035, 17.413818728000088 ], [ 78.509195191559755, 17.413909284666538 ], [ 78.509064378000076, 17.413968034000053 ], [ 78.508755025000085, 17.414092997000068 ], [ 78.508633275000079, 17.41372737100005 ], [ 78.508617451000092, 17.413712241000042 ], [ 78.508467432000032, 17.413768290000064 ], [ 78.50826259300004, 17.41386645100005 ], [ 78.508180937000077, 17.413922236000079 ], [ 78.508108537000055, 17.413985364000045 ], [ 78.508008157000063, 17.414052680000058 ], [ 78.507923636000044, 17.414137964000076 ], [ 78.507849216000082, 17.414195578000097 ], [ 78.507718860000082, 17.414278935000091 ], [ 78.507592569000053, 17.414364669000072 ], [ 78.50763418300005, 17.414531979000063 ], [ 78.507695729000034, 17.414699057000071 ], [ 78.507729911000069, 17.414872495000058 ], [ 78.507761894000055, 17.415076611000078 ], [ 78.507798587000096, 17.41531897800008 ], [ 78.507805125000061, 17.415550108000055 ], [ 78.507793494000055, 17.415806576000083 ], [ 78.507791142000031, 17.416049298000083 ], [ 78.50779762100008, 17.416154993000077 ], [ 78.507841856000084, 17.41617304000005 ], [ 78.507903464000051, 17.416204611000072 ], [ 78.50792879100004, 17.416245180000093 ], [ 78.507941737000067, 17.416441774000081 ], [ 78.507942012966751, 17.416449902437062 ], [ 78.50795121200008, 17.416720855000055 ], [ 78.507944903000066, 17.416896677000075 ], [ 78.507933856000079, 17.416913232000073 ], [ 78.507903860000056, 17.416919313000051 ], [ 78.507884907000062, 17.416928378000083 ], [ 78.507879554000056, 17.417216813000039 ], [ 78.507885645272125, 17.417222120977929 ], [ 78.507912604000069, 17.417245613000098 ], [ 78.507912030000057, 17.417461012000047 ], [ 78.50792901300008, 17.417773040000043 ], [ 78.507969481000046, 17.417782001000099 ], [ 78.508061307000062, 17.417776240000084 ], [ 78.508131448000029, 17.417774882000064 ], [ 78.508162653000056, 17.417782356000096 ], [ 78.508186822000084, 17.41782425100007 ], [ 78.508223373000078, 17.418013083000069 ], [ 78.50825513400008, 17.418294520000074 ], [ 78.508277237000073, 17.418563300000077 ], [ 78.508308506000063, 17.418810080000075 ], [ 78.508341259000076, 17.419061304000088 ], [ 78.508373507000044, 17.41923280900005 ], [ 78.508392946000086, 17.419386962000097 ], [ 78.508412623000083, 17.419479303000063 ], [ 78.508419754000045, 17.419551926000057 ], [ 78.508417091000069, 17.419606686000073 ], [ 78.508400645000052, 17.419673339000049 ], [ 78.50835666200004, 17.419782108000057 ], [ 78.508313987000065, 17.419888419000078 ], [ 78.508281010000076, 17.419987231000054 ], [ 78.508246724000074, 17.42006705800009 ], [ 78.508216552000079, 17.420127255000072 ], [ 78.508142924000083, 17.420244924000094 ], [ 78.508070403000033, 17.420338724000096 ], [ 78.507988561000047, 17.420430913000075 ], [ 78.507962687000031, 17.420455532000066 ], [ 78.507908243000031, 17.420449578000049 ], [ 78.507667932000061, 17.420428800000089 ], [ 78.507417572000065, 17.420417869000065 ], [ 78.507240565000075, 17.420399304000057 ], [ 78.50720362800007, 17.420398698000042 ], [ 78.507176722000054, 17.420406902000082 ], [ 78.507107100000042, 17.420443153000072 ], [ 78.506976670000029, 17.420507275000094 ], [ 78.506873264742509, 17.420574377569043 ], [ 78.506832837000061, 17.420701876000074 ], [ 78.506790614000067, 17.420852798000059 ], [ 78.506757192000066, 17.420973886000077 ], [ 78.506721499000037, 17.42110444400004 ], [ 78.506703180000045, 17.421202884000088 ], [ 78.506682280000064, 17.421268952000055 ], [ 78.506657849000078, 17.421361232000045 ], [ 78.506622500000049, 17.421455035000069 ], [ 78.506581334000046, 17.421556560000059 ], [ 78.506531624000047, 17.421686381000086 ], [ 78.506507029001625, 17.421739541717621 ], [ 78.506491672000038, 17.421772735000054 ], [ 78.506466891000059, 17.421830578000083 ], [ 78.506445398000054, 17.421847645000078 ], [ 78.506392344000062, 17.421870219000088 ], [ 78.50629286000003, 17.421900234000077 ], [ 78.506188763000068, 17.421929098000085 ], [ 78.506152808000081, 17.421955055000076 ], [ 78.506142329000056, 17.421980988000094 ], [ 78.506188765000061, 17.422128059000045 ], [ 78.50627382600004, 17.422374160000068 ], [ 78.50641908800003, 17.422455439000093 ], [ 78.506585102000031, 17.422544427000052 ], [ 78.506682904000058, 17.422595925000053 ], [ 78.506726462000074, 17.422620204000058 ], [ 78.506730954000034, 17.42265494000009 ], [ 78.506696414000032, 17.422741010000042 ], [ 78.506609586000096, 17.422899965000056 ], [ 78.506609595000043, 17.422907106000086 ], [ 78.506526026000074, 17.423045414000065 ], [ 78.506499660368561, 17.423093118112121 ], [ 78.506432242000074, 17.423215100000057 ], [ 78.506387665000034, 17.423291963000057 ], [ 78.506325261000029, 17.423368729000064 ], [ 78.506295579000039, 17.42340707600005 ], [ 78.50626735000003, 17.423429789000071 ], [ 78.506195785000045, 17.423458241000052 ], [ 78.505991975000029, 17.423524086000043 ], [ 78.505788271000029, 17.42357653900007 ], [ 78.50560307800005, 17.42362772600007 ], [ 78.505583563000073, 17.423649097000069 ], [ 78.505583563000073, 17.423679055000044 ], [ 78.505589572000076, 17.423686194000087 ], [ 78.50561960400006, 17.423721881000063 ], [ 78.50568562400008, 17.423783226000069 ], [ 78.505733594000048, 17.423873004000086 ], [ 78.505808472000069, 17.424021061000079 ], [ 78.505833909000046, 17.424080811000071 ], [ 78.505821941000079, 17.424143143000041 ], [ 78.505766555000037, 17.424231428000045 ], [ 78.505715615000042, 17.424299840000064 ], [ 78.505595742000082, 17.424391459000052 ], [ 78.505418483000085, 17.424581693000054 ], [ 78.505337110000099, 17.424673694000095 ], [ 78.505264092000061, 17.424786911000069 ], [ 78.505173693000074, 17.424908084000041 ], [ 78.505066314000032, 17.425046538000068 ], [ 78.504974674000039, 17.425165755000084 ], [ 78.50485991100004, 17.42527480900009 ], [ 78.504699559000073, 17.425444102000089 ], [ 78.504492155000037, 17.425647709000089 ], [ 78.504342086000065, 17.425804620000065 ], [ 78.50414790800005, 17.425980828000039 ], [ 78.504002538000066, 17.426116281000084 ], [ 78.503819656000076, 17.426271977000059 ], [ 78.503728239000054, 17.426359188000049 ], [ 78.503693460000079, 17.426402080000067 ], [ 78.503693647000034, 17.426439354000088 ], [ 78.503703237337149, 17.426458209479705 ], [ 78.503708363000044, 17.426468287000095 ], [ 78.503778562000036, 17.426540631000083 ], [ 78.503879205000047, 17.426652546000074 ], [ 78.503969304000066, 17.426743433000073 ], [ 78.504024437000055, 17.426820360000082 ], [ 78.504077997000081, 17.426893003000089 ], [ 78.504081764025855, 17.426913963027992 ], [ 78.504099877000044, 17.427014745000072 ], [ 78.504146003000074, 17.427229498000091 ], [ 78.504173299000072, 17.427304885000073 ], [ 78.504177609000067, 17.427310368000068 ], [ 78.504189115000031, 17.427337753000081 ], [ 78.504429843000082, 17.427287782000068 ], [ 78.504619020000064, 17.427249191000048 ], [ 78.504691237000031, 17.42723546000008 ], [ 78.504711219000058, 17.427246570000083 ], [ 78.504759720000038, 17.427591630000055 ], [ 78.504771120000044, 17.427686625000096 ], [ 78.504761201000079, 17.427805985000081 ], [ 78.504752741000075, 17.427889951000058 ], [ 78.504747108000061, 17.427946776000059 ], [ 78.50470596100007, 17.428058331000049 ], [ 78.504705973000057, 17.428066460000089 ], [ 78.504630683000073, 17.428256148000063 ], [ 78.504559095000047, 17.42837460100009 ], [ 78.504442381000047, 17.428548468000091 ], [ 78.504472203000034, 17.428649495000059 ], [ 78.504553572000077, 17.428801825000058 ], [ 78.504661228000032, 17.429009615000044 ], [ 78.504752701000029, 17.429220153000077 ], [ 78.50478608800006, 17.429282258000061 ], [ 78.504876417000048, 17.429373766000083 ], [ 78.504955531000064, 17.429434592000064 ], [ 78.505013754000061, 17.429478175000046 ], [ 78.505058075000079, 17.429509842000076 ], [ 78.505138317000046, 17.429544086000082 ], [ 78.505239149000033, 17.429584845000083 ] ] } },
{ "type": "Feature", "properties": { "FID": 2, "Nala_ID": "NGK", "Nala_Name": "NAGAMAIAHKUNTANALA", "Circle": " ", "District": "Hyderabad", "Total_Seg": 14, "Length_m": 5635.0, "Govt_Encr": 0, "Pvt_Encr": 0, "Rel_Encr": 0, "Total_Encr": 0, "Court_Case": 0, "Mandal": " ", "Village": " ", "SNO": 3, "ZONE_NAME": "NORTH ZONE", "ZONE_ID": "NRZ", "length_m_calc": 5635.0896331264703 }, "geometry": { "type": "MultiLineString", "coordinates": [ [ [ 78.513121967945807, 17.412856709721716 ], [ 78.513289530606158, 17.41291546270401 ], [ 78.51332798350829, 17.412952739431237 ], [ 78.513512872364828, 17.412993432772538 ], [ 78.513618860833688, 17.41304082259715 ], [ 78.513700073944889, 17.413062410067269 ], [ 78.513752844272204, 17.413066748965985 ], [ 78.513802411926591, 17.413077769623648 ], [ 78.514188627758301, 17.413014873944299 ], [ 78.514271672633399, 17.413326105343817 ], [ 78.51435138611474, 17.413549607457185 ], [ 78.514398256323148, 17.41363963017487 ], [ 78.514448735436019, 17.413766026107869 ], [ 78.514470901947561, 17.413825285212241 ], [ 78.514506186399856, 17.413905612827957 ], [ 78.514539681307099, 17.413961058030196 ], [ 78.514581323412997, 17.414010552388984 ], [ 78.514615582682353, 17.41408432612452 ], [ 78.514670670077365, 17.414177843757248 ], [ 78.514705069397877, 17.414250866852377 ], [ 78.514754794881171, 17.414341618797788 ], [ 78.514798451251892, 17.41441219580436 ], [ 78.514667239399401, 17.414481305648703 ], [ 78.514504953517374, 17.414549734302891 ], [ 78.514379100857482, 17.414605465513333 ], [ 78.514291841915636, 17.414637284891242 ], [ 78.514206056652668, 17.414658858475434 ], [ 78.514130733278918, 17.414664523231039 ], [ 78.514107332580437, 17.414670527645342 ], [ 78.514028101721266, 17.414683715268882 ], [ 78.513932721776982, 17.414699870784336 ], [ 78.513853375870795, 17.414716135055624 ], [ 78.513831134059245, 17.41472931367538 ], [ 78.513811308221705, 17.414746807282739 ], [ 78.513801342393236, 17.414789662422351 ], [ 78.513800423870734, 17.414814217497717 ], [ 78.513800865275201, 17.414843606382345 ], [ 78.513804727147956, 17.414868784701461 ], [ 78.513806629103982, 17.414897658910586 ], [ 78.513807634766408, 17.414937004646731 ], [ 78.513803557855539, 17.414986860004895 ], [ 78.513797061743887, 17.41503430611413 ], [ 78.513786516171308, 17.415090309337593 ], [ 78.513760847428685, 17.415158907983649 ], [ 78.513718099579179, 17.415289927857746 ], [ 78.513694720635542, 17.415362288944941 ], [ 78.513678454236839, 17.41541971830955 ], [ 78.513653346800709, 17.415472421938908 ], [ 78.513580691942352, 17.415597502107978 ], [ 78.513527294825877, 17.415695766739088 ], [ 78.513488710525408, 17.415775381449571 ], [ 78.513458711422658, 17.415855058112736 ], [ 78.513421167961553, 17.415967446275857 ], [ 78.513392479877439, 17.416055285369666 ], [ 78.513367049092551, 17.416138596644039 ], [ 78.513334273390328, 17.41622619865236 ], [ 78.513306899850448, 17.416317143119098 ], [ 78.513289360302238, 17.416382073084808 ], [ 78.513270321609824, 17.416484134442186 ], [ 78.513250906122394, 17.4166105462625 ], [ 78.513226973491101, 17.416717096024552 ], [ 78.513210958288482, 17.416799723607173 ], [ 78.513201648513402, 17.416849760194626 ], [ 78.513190857475195, 17.416892320455894 ], [ 78.513196175631364, 17.416961274966667 ], [ 78.513206418086114, 17.417080398541636 ], [ 78.513224115620147, 17.417195435080277 ], [ 78.513250584111816, 17.417336357906944 ], [ 78.513273497419846, 17.417454543110232 ], [ 78.513293265599586, 17.417556532368334 ], [ 78.513328763081759, 17.417666772786813 ], [ 78.513363445641374, 17.41776042092437 ], [ 78.513407053638161, 17.417865355009155 ], [ 78.513443460757813, 17.418016123152643 ], [ 78.513503209131287, 17.418183311269729 ], [ 78.513545965519796, 17.418328150459633 ], [ 78.513588012417998, 17.418468483689097 ], [ 78.51361926945161, 17.41854351897685 ], [ 78.513656221786704, 17.418599283901614 ], [ 78.51369992373408, 17.41862906628235 ], [ 78.513761797327717, 17.418670728674723 ], [ 78.513811356492127, 17.418792139345946 ], [ 78.513960298967532, 17.418746622383608 ], [ 78.514020045972273, 17.418898739363531 ], [ 78.514066147758712, 17.419030710595543 ], [ 78.514121887243732, 17.419173487999625 ], [ 78.51414683001812, 17.419275524634635 ], [ 78.514160224053811, 17.419356764278263 ], [ 78.514185061561776, 17.419450316608369 ], [ 78.514216255204843, 17.419571899115244 ], [ 78.514269574832255, 17.419726228232395 ], [ 78.514321452696947, 17.41989893783623 ], [ 78.514375555144284, 17.420033816047635 ], [ 78.51440703629676, 17.420081074798219 ], [ 78.51443810038144, 17.420125435345994 ], [ 78.514495862259722, 17.420228668102588 ], [ 78.514564055288957, 17.42034401121818 ], [ 78.514627449150339, 17.420443431290856 ], [ 78.514685391034391, 17.420564241010499 ], [ 78.514742624132197, 17.420661654940382 ], [ 78.514826489812336, 17.420810054265377 ], [ 78.514871234328609, 17.420883603904006 ], [ 78.514891450378045, 17.420933046960123 ], [ 78.514908037403771, 17.420987851391292 ], [ 78.514904286458219, 17.421017373145137 ], [ 78.514882481788433, 17.421041782402817 ], [ 78.5148212326975, 17.421082985343727 ], [ 78.51474692363297, 17.421139118061085 ], [ 78.514727477541314, 17.421189601818352 ], [ 78.514717550236881, 17.421208733610051 ], [ 78.514694591667791, 17.421235531900642 ], [ 78.514623801885421, 17.421281407300356 ], [ 78.514599978003076, 17.421305402945773 ], [ 78.514583087534376, 17.421341825707348 ], [ 78.514569535516955, 17.421380869697117 ], [ 78.514558643971284, 17.421431750084679 ], [ 78.514553281856649, 17.42156637957379 ], [ 78.514545193415913, 17.421633918593084 ], [ 78.51454620897637, 17.421671351441475 ], [ 78.514552996855429, 17.421710305964893 ], [ 78.514552858298842, 17.421774819043939 ], [ 78.514545842622454, 17.421840119731186 ], [ 78.514541836477903, 17.421871110523213 ], [ 78.514541297820628, 17.421874620920157 ], [ 78.514528273127382, 17.421900770866095 ], [ 78.514501566251994, 17.421927898995165 ], [ 78.514467568724896, 17.421946329426419 ], [ 78.514412802086667, 17.421974725105347 ], [ 78.514341106296968, 17.422006462783415 ], [ 78.514287830493842, 17.422031344553677 ], [ 78.514257989683145, 17.422055125968537 ], [ 78.51422665881681, 17.42209368704868 ], [ 78.514196883315094, 17.422173305975267 ], [ 78.514163156839871, 17.422256485739837 ], [ 78.514127677699989, 17.422371334702156 ], [ 78.514073482304241, 17.422526651635692 ], [ 78.514021006645677, 17.42266974512869 ], [ 78.513974233539315, 17.422785323796706 ], [ 78.513940480724145, 17.422856743318441 ], [ 78.513913571566832, 17.422896289816077 ], [ 78.513883093015195, 17.42291545860688 ], [ 78.513846203544546, 17.422923080176261 ], [ 78.513805175445484, 17.422923734176283 ], [ 78.513712222381955, 17.422928422359032 ], [ 78.513620668944498, 17.422918065068632 ], [ 78.513535916056, 17.422901462898277 ], [ 78.513473898829574, 17.422896431949187 ], [ 78.513408012039505, 17.42289645403077 ], [ 78.513355796455372, 17.422898327626708 ], [ 78.513327356331928, 17.422907662289465 ], [ 78.513303638949296, 17.422933699421783 ], [ 78.51327290657801, 17.422987993633619 ], [ 78.513235238400341, 17.423072476978334 ], [ 78.513215456330784, 17.423125348023973 ], [ 78.513187353261785, 17.423279892915609 ], [ 78.513152148936655, 17.423414118060951 ], [ 78.513109276122236, 17.423585103989485 ], [ 78.513062783911423, 17.423778989043385 ], [ 78.512998933545916, 17.42402577533694 ], [ 78.512958188508208, 17.424189062573028 ], [ 78.512921210730724, 17.424361511154505 ], [ 78.512898754192889, 17.424488075343607 ], [ 78.512901523839133, 17.424528235180802 ], [ 78.512922702181626, 17.424613575091573 ], [ 78.512971192141706, 17.424773033194388 ], [ 78.513012365008223, 17.424922346264669 ], [ 78.513068987521024, 17.425049832790311 ], [ 78.513132227320014, 17.425195932254454 ], [ 78.513199277816497, 17.425391961960617 ], [ 78.513250007071832, 17.425548808804745 ], [ 78.51330041352206, 17.425739626893979 ], [ 78.513375466268101, 17.425952833541977 ], [ 78.513434619677071, 17.4261407847331 ], [ 78.513479292687165, 17.426268327954677 ], [ 78.513528104199921, 17.426397785264083 ], [ 78.513569434787016, 17.426503972714695 ], [ 78.513612859065333, 17.426619801911023 ], [ 78.513637485480629, 17.426731519842555 ], [ 78.513667352390812, 17.426827910627104 ], [ 78.513713309437279, 17.426936880815642 ], [ 78.513757634878218, 17.427075380170113 ], [ 78.513800318140909, 17.42721800477198 ], [ 78.513856110626179, 17.427387742202416 ], [ 78.513885682591749, 17.427514184632809 ], [ 78.513896499928336, 17.427598031320972 ], [ 78.513895518216884, 17.4276716129209 ], [ 78.513889774757473, 17.427785468990479 ], [ 78.513875940464047, 17.427932318710866 ], [ 78.513870556557265, 17.428014907296127 ], [ 78.513864209384565, 17.428084560673906 ], [ 78.513854854934593, 17.428135403212888 ], [ 78.513822065485286, 17.428270839019753 ], [ 78.513784462154845, 17.428399342164962 ], [ 78.513765521622233, 17.42848387772419 ], [ 78.513740138040532, 17.428591381045383 ], [ 78.513708698549692, 17.428661537646132 ], [ 78.513675832086733, 17.428731456039142 ], [ 78.513617857436245, 17.428849789312501 ], [ 78.513535561474058, 17.429021092226634 ], [ 78.513462433688161, 17.429151482901517 ], [ 78.513409561231612, 17.429246696106262 ], [ 78.513373046179581, 17.4293412283922 ], [ 78.513347039431963, 17.42949350785852 ], [ 78.513356718121912, 17.429603939960561 ], [ 78.513356673092375, 17.429758490931267 ], [ 78.513377968938769, 17.42992532112272 ], [ 78.513394181738221, 17.43008578341302 ], [ 78.513408636478516, 17.430218644133063 ], [ 78.513414859493636, 17.430281841093041 ], [ 78.513407293856076, 17.430340217936493 ], [ 78.513395572329145, 17.430378589096073 ], [ 78.513352080718377, 17.430416559011285 ], [ 78.513326858147025, 17.430458393389667 ], [ 78.513339366755559, 17.430524134613112 ], [ 78.513359232561498, 17.430611384701827 ], [ 78.513382928626498, 17.43070038608078 ], [ 78.513457170012401, 17.430954122546996 ], [ 78.513504848316828, 17.431145735777953 ], [ 78.51356269074229, 17.431369476771973 ], [ 78.513625956773893, 17.431621404321241 ], [ 78.513679656175299, 17.431855449816251 ], [ 78.513779330840777, 17.432102763139763 ], [ 78.513845948655884, 17.432232702975313 ], [ 78.513880282021319, 17.432266303982409 ], [ 78.513909864193351, 17.432279595617796 ], [ 78.513943497777035, 17.432284291372042 ], [ 78.513998346797749, 17.432267077212607 ], [ 78.514089722339861, 17.432209100923981 ], [ 78.514160459361577, 17.432169134419102 ], [ 78.51422005479354, 17.432156470226591 ], [ 78.514308907114767, 17.432149230153673 ], [ 78.514358474156921, 17.432165322788382 ], [ 78.51440832014633, 17.432197150166619 ], [ 78.514576252479458, 17.432355409400326 ], [ 78.514747511669569, 17.432558580809335 ], [ 78.514850464056792, 17.432694081597241 ], [ 78.514937586291737, 17.432795973984636 ] ], [ [ 78.514939667131188, 17.432795176224538 ], [ 78.514768640192017, 17.432903592224751 ], [ 78.514592719459145, 17.43300400952257 ], [ 78.514399724926633, 17.433104951419754 ], [ 78.51412594158468, 17.433254137575044 ], [ 78.513963026745543, 17.433353991336926 ], [ 78.513906586488773, 17.433396741998997 ], [ 78.514046234829607, 17.43364458965122 ], [ 78.514071066114042, 17.433663949367713 ], [ 78.514119371004924, 17.433665443965019 ], [ 78.514167409063887, 17.433751489545031 ], [ 78.514259507336504, 17.433919879327849 ], [ 78.514326318796961, 17.434052117484235 ], [ 78.514360953914903, 17.434114935757787 ], [ 78.514370041406423, 17.43418195204444 ], [ 78.514366159954818, 17.434261405341935 ], [ 78.514355579603333, 17.434330540691171 ], [ 78.514331812639966, 17.434405050811346 ], [ 78.514275174621474, 17.434488624325784 ], [ 78.514177259197453, 17.434620563438422 ], [ 78.514135483545445, 17.43467167582105 ], [ 78.514106185610743, 17.43471271871627 ], [ 78.514019687803213, 17.43478240360426 ], [ 78.514000746948071, 17.434809540775376 ], [ 78.514036157556532, 17.434881789303404 ], [ 78.514098434240879, 17.434991219882384 ], [ 78.51413044961113, 17.435057527119536 ], [ 78.514144492878472, 17.435116909006851 ] ], [ [ 78.504291381369569, 17.394035195104529 ], [ 78.504313794728006, 17.394322538457473 ], [ 78.504326352354596, 17.394426450988163 ], [ 78.504325031291671, 17.394542926969255 ], [ 78.504320567996999, 17.394626839020045 ], [ 78.504294512306458, 17.394695985307241 ], [ 78.504191611802682, 17.394838670608038 ], [ 78.503984503177946, 17.395115133423957 ], [ 78.503859738739706, 17.395291918397156 ], [ 78.503747360894408, 17.395484896572491 ], [ 78.50370818214131, 17.395547149600723 ], [ 78.503652706458382, 17.395604533590497 ], [ 78.503538702027654, 17.395710939316238 ], [ 78.503419065465806, 17.395817057699777 ], [ 78.503324649019333, 17.395929945997398 ], [ 78.503236102968629, 17.396013708741389 ], [ 78.503106870949495, 17.396168226320288 ], [ 78.503044916362626, 17.396251637178878 ], [ 78.503007854102677, 17.396310822116064 ], [ 78.502968306078543, 17.396373979854797 ], [ 78.502924441184192, 17.396495659405929 ], [ 78.502812972487433, 17.396713340164542 ], [ 78.502671999878302, 17.396969695379092 ], [ 78.502567613159272, 17.397160100053298 ], [ 78.502478418549046, 17.397317092770031 ], [ 78.502475976326039, 17.397321392176181 ], [ 78.502456529400689, 17.397371744659889 ], [ 78.502543404913339, 17.397781637721344 ], [ 78.502638846368697, 17.398181886078671 ], [ 78.502703527336735, 17.398461657632261 ], [ 78.502791446208917, 17.398834962072975 ], [ 78.502833070256273, 17.399041082634021 ], [ 78.502896932906154, 17.399111918004465 ], [ 78.502957436004067, 17.39917902800871 ], [ 78.503173789015804, 17.399322165008698 ], [ 78.503546050132726, 17.399544298145717 ], [ 78.503743181057857, 17.399661438073437 ], [ 78.504054709231013, 17.399853057580543 ], [ 78.504200605387311, 17.399939111401075 ], [ 78.504307361137521, 17.400022649432646 ], [ 78.504521693682747, 17.400194061104216 ], [ 78.504656916040901, 17.400325272572985 ], [ 78.504720073318211, 17.400388901875978 ], [ 78.50474881625594, 17.400417861669872 ], [ 78.504804140405554, 17.400513269955404 ], [ 78.504877145009246, 17.400668362309915 ], [ 78.50495733730483, 17.40082329980638 ], [ 78.505092032223217, 17.401093587168138 ], [ 78.505236331203164, 17.401417561346435 ], [ 78.505320657259958, 17.401610036431048 ], [ 78.505360502585347, 17.401776231615887 ], [ 78.505389567037412, 17.401909763700008 ], [ 78.505418542907464, 17.402007540172239 ], [ 78.505462579327897, 17.402115307589639 ], [ 78.505517691646389, 17.402240247206944 ], [ 78.505567718634666, 17.40231906035266 ], [ 78.505616976090167, 17.402376315962041 ], [ 78.505647050945882, 17.402407540426349 ], [ 78.505707084378287, 17.402432181286692 ], [ 78.505795693116283, 17.402491861950868 ], [ 78.505852940740326, 17.402550701431398 ], [ 78.505907606788668, 17.402629935631222 ], [ 78.505986925036851, 17.402822640564196 ], [ 78.506077116742816, 17.403009595248694 ], [ 78.506187377581, 17.40322840607055 ], [ 78.506223548068448, 17.403325072100181 ], [ 78.506300919656951, 17.403531839105828 ], [ 78.506420343908886, 17.403776251270919 ], [ 78.506534983406354, 17.404053621353601 ], [ 78.50664084233928, 17.404288529121295 ], [ 78.506736191221222, 17.404524057811255 ], [ 78.506830073544734, 17.404736084644398 ], [ 78.506924903436882, 17.404949843920694 ], [ 78.506949319183931, 17.405010334706105 ], [ 78.506976261621091, 17.405077085629344 ], [ 78.507070452813068, 17.405244810128892 ], [ 78.507180752950774, 17.405417818381675 ], [ 78.507307395938369, 17.405589828744937 ], [ 78.507417231574536, 17.40574183233587 ], [ 78.507558354384699, 17.405948052114404 ], [ 78.507714331076201, 17.406158397319704 ], [ 78.50784842292515, 17.406343747969359 ], [ 78.507975545589957, 17.40652078137812 ], [ 78.508124636884276, 17.406730969846727 ], [ 78.50821936479818, 17.406873119032113 ], [ 78.508307536823807, 17.406990058890727 ], [ 78.508395044712074, 17.407084175283561 ], [ 78.508504464407039, 17.407157768124325 ], [ 78.508667058054925, 17.407265537297523 ], [ 78.508810729871513, 17.407356645900798 ], [ 78.508979296745338, 17.407449372432733 ], [ 78.509133388937215, 17.407526611246194 ], [ 78.50931632086494, 17.40765183757069 ], [ 78.509510031641113, 17.407789979774076 ], [ 78.509712715471409, 17.407933853700097 ], [ 78.509932120866623, 17.408085396858343 ], [ 78.510096005231901, 17.408209960155915 ], [ 78.510125710537395, 17.408236087195167 ], [ 78.510217253079517, 17.408316601279079 ], [ 78.510306743680147, 17.408415108804281 ], [ 78.510378068329672, 17.408540570726302 ], [ 78.510517943463498, 17.408739141254216 ], [ 78.510691202990628, 17.409031744854829 ], [ 78.510821066759462, 17.409233303601372 ], [ 78.510899439734828, 17.409363753350384 ], [ 78.511009189010778, 17.409509379553995 ], [ 78.511138757369764, 17.409713207863998 ], [ 78.51123424598768, 17.40984614822813 ], [ 78.511300992905106, 17.409955630937983 ], [ 78.511367773305111, 17.410056465781512 ], [ 78.511425119569111, 17.410162217342343 ], [ 78.511475026187313, 17.410326714963169 ], [ 78.511536868542436, 17.41054124878741 ], [ 78.511606401672879, 17.410773944696949 ], [ 78.511633222075488, 17.410875994026984 ], [ 78.511675624673288, 17.411037327024506 ], [ 78.511689946973604, 17.411168163810974 ], [ 78.511703931950606, 17.411321196475516 ], [ 78.511721071613579, 17.41146671765615 ], [ 78.511768869166218, 17.411606851834364 ], [ 78.511802311293337, 17.41172792421467 ], [ 78.511856920033651, 17.411836831701937 ], [ 78.511902169828119, 17.411963851913946 ], [ 78.51194612603895, 17.412070798305457 ], [ 78.51198098430477, 17.412144493112265 ], [ 78.512046675146678, 17.412230337151872 ], [ 78.512113316462589, 17.412319571060237 ], [ 78.512189447685486, 17.412417641227677 ], [ 78.512268039880681, 17.41249336316055 ], [ 78.51232466990102, 17.412527662328099 ], [ 78.512415887873317, 17.412564348637513 ], [ 78.512501893273594, 17.412600931014694 ], [ 78.512562238125383, 17.41263388102092 ], [ 78.512616121647255, 17.412686409731336 ], [ 78.512675423326598, 17.41270663395068 ], [ 78.512808815140346, 17.412778653582997 ], [ 78.512927100773041, 17.412838825943112 ], [ 78.512979612643193, 17.412853421423723 ], [ 78.513019302224592, 17.412857026449576 ], [ 78.513119170304378, 17.412858072989415 ] ] ] } },
{ "type": "Feature", "properties": { "FID": 3, "Nala_ID": "KPC", "Nala_Name": "KAPRANALA", "Circle": "CIRCLE-1", "District": "Rangareddy", "Total_Seg": 21, "Length_m": 5295.0, "Govt_Encr": 0, "Pvt_Encr": 0, "Rel_Encr": 0, "Total_Encr": 0, "Court_Case": 0, "Mandal": " ", "Village": " ", "SNO": 4, "ZONE_NAME": "EAST ZONE", "ZONE_ID": "ETZ", "length_m_calc": 5062.7541785129097 }, "geometry": { "type": "LineString", "coordinates": [ [ 78.555547255084278, 17.497447021465163 ], [ 78.556473672656765, 17.497215151097883 ], [ 78.556550481615929, 17.497154009433419 ], [ 78.556572632238797, 17.497136378259771 ], [ 78.556598129042243, 17.4970905207134 ], [ 78.556610121047328, 17.497046089305407 ], [ 78.556607101983147, 17.497001623033576 ], [ 78.556566469826478, 17.496899605801108 ], [ 78.556509150048853, 17.4967742657876 ], [ 78.556480952664074, 17.49671833100502 ], [ 78.556379104387361, 17.49651629665113 ], [ 78.556374209685899, 17.496506586253542 ], [ 78.556308859167871, 17.496376951820086 ], [ 78.556292085141934, 17.496344605579235 ], [ 78.55632169886384, 17.496245468293729 ], [ 78.556364960198366, 17.496115417891559 ], [ 78.556330432431324, 17.495936387615092 ], [ 78.55627861726613, 17.495703363330946 ], [ 78.55627337322187, 17.495651354773475 ], [ 78.556267983814806, 17.495597898351154 ], [ 78.556269628608916, 17.495387938735124 ], [ 78.556270758061672, 17.495243835578787 ], [ 78.556270781426207, 17.495240820876472 ], [ 78.556273246831708, 17.494979969689702 ], [ 78.556263643611928, 17.494900727392235 ], [ 78.556172125780037, 17.49469637155903 ], [ 78.556123465862996, 17.494617255376969 ], [ 78.555977893587297, 17.494380564838337 ], [ 78.555930416559235, 17.494315841745575 ], [ 78.555827939714291, 17.494176140640995 ], [ 78.555708884992654, 17.494031830303172 ], [ 78.555605967533268, 17.493828953438207 ], [ 78.555547859958892, 17.493657399656914 ], [ 78.555460051004658, 17.493427778030082 ], [ 78.555450844722159, 17.493410168149424 ], [ 78.555599969367591, 17.493344792270271 ], [ 78.55563506266202, 17.493331185457141 ], [ 78.555775068689442, 17.493276899939449 ], [ 78.555815544706959, 17.493261205158397 ], [ 78.555923733761276, 17.493225184038401 ], [ 78.55602179304455, 17.493192534554968 ], [ 78.556319895584281, 17.493103471330059 ], [ 78.556503123026289, 17.493046294048753 ], [ 78.556747099256782, 17.492971861034633 ], [ 78.556742277322826, 17.492942625458603 ], [ 78.55672207635881, 17.492820136000116 ], [ 78.55681605104526, 17.492789963055472 ], [ 78.556895158140662, 17.492773975720841 ], [ 78.556956362145712, 17.492761606769555 ], [ 78.557074959704892, 17.49275111287044 ], [ 78.557118644905216, 17.49278833707158 ], [ 78.557151439821155, 17.492831543948864 ], [ 78.557181139064468, 17.492889674785733 ], [ 78.557217089389297, 17.492932931323093 ], [ 78.557239786550028, 17.492947961318329 ], [ 78.557306870132038, 17.492925558335639 ], [ 78.557530454731747, 17.492855198065659 ], [ 78.557871275700975, 17.492752573824543 ], [ 78.558130357820431, 17.492704182601283 ], [ 78.558290736406775, 17.492682449009695 ], [ 78.558522223588895, 17.492656040360806 ], [ 78.558660085241726, 17.492664056643704 ], [ 78.558712276018255, 17.492642710143251 ], [ 78.558769006568767, 17.492612475631084 ], [ 78.558815965538443, 17.492542233219247 ], [ 78.558861309123344, 17.492460089786423 ], [ 78.55890662274615, 17.492366018762816 ], [ 78.558955090399053, 17.492280905039554 ], [ 78.559111224255474, 17.492112488388283 ], [ 78.559288863024079, 17.491927759809872 ], [ 78.559382506291911, 17.491811311743163 ], [ 78.559445094126986, 17.491767946422897 ], [ 78.559524990954301, 17.491740987046999 ], [ 78.559623735941841, 17.491712508857979 ], [ 78.559681748382644, 17.491694518683726 ], [ 78.559778977028827, 17.49169445379372 ], [ 78.559832365561931, 17.491680940072555 ], [ 78.559881066924405, 17.491641948087345 ], [ 78.559879430570206, 17.491583522107039 ], [ 78.559884109106378, 17.49154307675883 ], [ 78.559915460963296, 17.491489084659776 ], [ 78.559931115706561, 17.491426122893166 ], [ 78.559937685449015, 17.49129038422485 ], [ 78.559965840544351, 17.491228931842876 ], [ 78.560094340734864, 17.49105631594912 ], [ 78.560232260138079, 17.490933678781104 ], [ 78.560443062024405, 17.490778679049452 ], [ 78.560547139340486, 17.490706265647201 ], [ 78.560611897099761, 17.490689562046022 ], [ 78.560751126574687, 17.490687738324137 ], [ 78.560893244809961, 17.490663404335621 ], [ 78.561087557938123, 17.490610367115575 ], [ 78.561286207743422, 17.490564635942661 ], [ 78.561395933353296, 17.490548373323406 ], [ 78.561470344068141, 17.490537344697021 ], [ 78.561523679020823, 17.49052943980562 ], [ 78.561849119816145, 17.490503739147638 ], [ 78.562117550670479, 17.490479334074077 ], [ 78.562333604927716, 17.490456185965165 ], [ 78.562403670438044, 17.490445536277171 ], [ 78.562486549269479, 17.490409039703476 ], [ 78.562555127397658, 17.490357314188273 ], [ 78.562610833628597, 17.490263036322183 ], [ 78.562718437069378, 17.490047620286223 ], [ 78.562734556246966, 17.490016175982564 ], [ 78.562821941709672, 17.489845715942238 ], [ 78.562871191360998, 17.48976381434257 ], [ 78.562920538981302, 17.489722788995046 ], [ 78.563012983579966, 17.489667979022791 ], [ 78.5630464489644, 17.489599594758385 ], [ 78.56307499697246, 17.489510046006298 ], [ 78.563141266259677, 17.489441612721009 ], [ 78.563285989614855, 17.489333875053191 ], [ 78.563316934550571, 17.489323730307198 ], [ 78.563392803650117, 17.489298858616696 ], [ 78.563483565710129, 17.489274576110411 ], [ 78.563624968178672, 17.489265437205695 ], [ 78.563812071997475, 17.489269846596141 ], [ 78.564048094722907, 17.489300920700664 ], [ 78.564229118237648, 17.489343409655682 ], [ 78.564300701841134, 17.489351034995483 ], [ 78.564348456252517, 17.489341963397823 ], [ 78.564486098685009, 17.489286671095055 ], [ 78.564634163405131, 17.489216894849587 ], [ 78.564670713404951, 17.489202296120339 ], [ 78.564733058972706, 17.489177391696732 ], [ 78.564777310009987, 17.48916761404233 ], [ 78.564822522068539, 17.489157623257938 ], [ 78.564931322743178, 17.489142397669337 ], [ 78.565014668016488, 17.489163741751767 ], [ 78.565035546698965, 17.489203391612197 ], [ 78.565042007080848, 17.489259816618162 ], [ 78.565032448689436, 17.489345198980708 ], [ 78.565010072926043, 17.489441214229124 ], [ 78.564999962279273, 17.489514771850875 ], [ 78.565003175076967, 17.489540685400414 ], [ 78.565131018849144, 17.489554328617064 ], [ 78.565199819934293, 17.489551236928325 ], [ 78.56526707662978, 17.489525229197067 ], [ 78.565268679586708, 17.489525228079046 ], [ 78.565327936436859, 17.489490044684864 ], [ 78.565335941643795, 17.48948545684862 ], [ 78.56540320012499, 17.489462492999923 ], [ 78.565535971772761, 17.489426053118518 ], [ 78.565587369944936, 17.489411946986714 ], [ 78.565850607553472, 17.489352178004602 ], [ 78.566124473104466, 17.489293929016153 ], [ 78.566311334201089, 17.489257130953757 ], [ 78.56638820572509, 17.48923874296084 ], [ 78.566473074355414, 17.489202016046363 ], [ 78.566640113249463, 17.489114962382107 ], [ 78.566649201890073, 17.489110225182142 ], [ 78.566855110405129, 17.489001091995142 ], [ 78.567052633741369, 17.488896441564101 ], [ 78.567148225989726, 17.488864078302829 ], [ 78.567221297226993, 17.488820101601558 ], [ 78.56726559006654, 17.488793445953924 ], [ 78.567436344897459, 17.488682716192841 ], [ 78.567651606812746, 17.488549862882326 ], [ 78.567773848972379, 17.488475904601323 ], [ 78.567872789435924, 17.48841604490427 ], [ 78.568058372746336, 17.488350118893745 ], [ 78.568383119166256, 17.488111298013692 ], [ 78.568469085168488, 17.488044149815341 ], [ 78.568477213182703, 17.488039447724841 ], [ 78.568550491960423, 17.488009546378294 ], [ 78.568690925658814, 17.487954634625613 ], [ 78.568855964272103, 17.487876499131197 ], [ 78.569166641117945, 17.487740416058095 ], [ 78.569361180346775, 17.487651891773673 ], [ 78.569490918544489, 17.487592853440272 ], [ 78.56969060656327, 17.487552378273818 ], [ 78.569942033695895, 17.487496443942323 ], [ 78.56995725091943, 17.48748311136503 ], [ 78.569896774776893, 17.487169679307559 ], [ 78.56987539531184, 17.48700289713431 ], [ 78.569842361554194, 17.486829098675944 ], [ 78.569827121801282, 17.486744901764951 ], [ 78.569821731196825, 17.486691792990968 ], [ 78.569847566661807, 17.48665110203801 ], [ 78.569891626591271, 17.486630715852733 ], [ 78.570040954815667, 17.486613533602533 ], [ 78.570425836277053, 17.48658111431638 ], [ 78.570604668853335, 17.486562620709659 ], [ 78.570754327330036, 17.486547143654345 ], [ 78.571026748898973, 17.486520127131911 ], [ 78.571129074290326, 17.486498010064413 ], [ 78.571190436079704, 17.486464777934479 ], [ 78.571189717901646, 17.486430408042281 ], [ 78.571150155174578, 17.486350104713186 ], [ 78.571052827915409, 17.486137296580221 ], [ 78.571024645645636, 17.486066353626285 ], [ 78.571004717530428, 17.486020673224548 ], [ 78.571022922420866, 17.485984349851122 ], [ 78.571064359820056, 17.485960561300484 ], [ 78.571105836981346, 17.485954117266893 ], [ 78.571173924973891, 17.485958631651826 ], [ 78.57122378436668, 17.485956893031428 ], [ 78.571291865532146, 17.485915641854191 ], [ 78.571430902571251, 17.485867919567138 ], [ 78.57155007502864, 17.48580324519078 ], [ 78.571601269919597, 17.485746577708856 ], [ 78.571616044259301, 17.485672657331914 ], [ 78.571615895424785, 17.485546917948952 ], [ 78.571607455902168, 17.48531771201348 ], [ 78.571605756974918, 17.485257885800255 ], [ 78.571620602068265, 17.485243704880176 ], [ 78.571713042418907, 17.485246786219427 ], [ 78.572056382882295, 17.48524810820069 ], [ 78.57239017039069, 17.485261381029236 ], [ 78.572508433542353, 17.485266082843754 ], [ 78.572676813588785, 17.485280127896818 ], [ 78.572827042861704, 17.485302057573175 ], [ 78.5729244368856, 17.485306709117292 ], [ 78.572931038731653, 17.485306703993231 ], [ 78.572977257463108, 17.485305095644605 ], [ 78.573025120342919, 17.485297188293828 ], [ 78.573035019909497, 17.485292457056914 ], [ 78.573076271881433, 17.48527353424824 ], [ 78.573114193305145, 17.485218402188909 ], [ 78.57313889085323, 17.485142811757392 ], [ 78.573160307451289, 17.485089266410327 ], [ 78.573201338682154, 17.485059381828997 ], [ 78.57328213723261, 17.485032440900394 ], [ 78.573429219446965, 17.484992688045029 ], [ 78.573546860923827, 17.484937046815876 ], [ 78.573661679365671, 17.484890575062927 ], [ 78.573743266896017, 17.484874462612677 ], [ 78.573806580967343, 17.484869524908817 ], [ 78.573851627049805, 17.484896352363574 ], [ 78.573898395023704, 17.484951746032419 ], [ 78.573959812664086, 17.485014774925602 ], [ 78.573984799386821, 17.485033724002111 ], [ 78.574026444581762, 17.485044679641568 ], [ 78.574076441313636, 17.485044493721343 ], [ 78.574118138880948, 17.485052282308633 ], [ 78.574124811567316, 17.485052258137745 ], [ 78.57417825261652, 17.485094976764231 ], [ 78.574247583719639, 17.485158188054712 ], [ 78.574372836669937, 17.485272382176383 ], [ 78.5745877210299, 17.485485313342714 ], [ 78.574761018745946, 17.485685592351214 ], [ 78.574796198399, 17.485726248825287 ], [ 78.574956204600724, 17.485907494825486 ], [ 78.574989800619349, 17.48594109566843 ], [ 78.575030085403924, 17.485971475926828 ], [ 78.575087106446972, 17.485987433418913 ], [ 78.575239671690639, 17.486004914313224 ], [ 78.575336889659098, 17.486017634858499 ], [ 78.575437413155285, 17.486046337064284 ], [ 78.575532828666255, 17.486091009437672 ], [ 78.575651629612892, 17.486127627615058 ], [ 78.575726910063253, 17.486159611003064 ], [ 78.575810457352063, 17.486189965570212 ], [ 78.575920581895929, 17.486223477105803 ], [ 78.57603885991405, 17.486261712718214 ], [ 78.576178619779185, 17.486347601879192 ], [ 78.576251975824277, 17.486384255758633 ], [ 78.576300332079683, 17.486396949428592 ], [ 78.576350430682695, 17.486393655252055 ], [ 78.576387179390736, 17.486374478069621 ], [ 78.576422240753701, 17.486315505925312 ], [ 78.576464000639945, 17.486285173396741 ], [ 78.576575798419086, 17.48627873463905 ], [ 78.576587459567278, 17.486273962394431 ], [ 78.576837837628418, 17.486281711902958 ], [ 78.577123080626279, 17.486287075585672 ], [ 78.577311106920789, 17.486284144310432 ], [ 78.577406360709702, 17.48626490930209 ], [ 78.577498367244331, 17.48623288262165 ], [ 78.577541718402784, 17.486210735492509 ], [ 78.577620582713394, 17.48617044361426 ], [ 78.57774792500085, 17.486085550062015 ], [ 78.577759668658757, 17.486080728168243 ], [ 78.577877173300678, 17.485978047952631 ], [ 78.577949455044106, 17.485918593679845 ], [ 78.577993792837162, 17.485906086160394 ], [ 78.578059200750445, 17.485912368385712 ], [ 78.578235631436726, 17.48596020438281 ], [ 78.578405472075474, 17.486006590552382 ], [ 78.578505413010078, 17.486000791013506 ], [ 78.578594450728701, 17.485975295987206 ], [ 78.578710163420112, 17.485948279021724 ], [ 78.578803924943116, 17.485937231999682 ], [ 78.578894339007377, 17.485953233361052 ], [ 78.578956340196015, 17.485978748121063 ], [ 78.579009954674689, 17.485991488985711 ], [ 78.579020005289507, 17.485991481446916 ], [ 78.579068849823571, 17.485980101678795 ], [ 78.57907728045241, 17.485975268217341 ], [ 78.579151562213454, 17.485934923427671 ], [ 78.579209081453968, 17.485918614678262 ], [ 78.579290450299297, 17.485903754593387 ], [ 78.579485720252322, 17.485890433656873 ], [ 78.579636035580052, 17.485901029044516 ], [ 78.579730689214287, 17.485887859883704 ], [ 78.579806596390867, 17.485863727131644 ], [ 78.579933185725167, 17.485799945272383 ], [ 78.580056273677116, 17.485701728648742 ], [ 78.58016101376306, 17.485627290328477 ], [ 78.580252323371312, 17.485512510993331 ], [ 78.580321041704181, 17.485392442425546 ], [ 78.58040557154446, 17.485308456063702 ], [ 78.580476688198146, 17.485284130970122 ], [ 78.580525855424355, 17.485293732644596 ], [ 78.580575071765921, 17.485321108992807 ], [ 78.580634520888324, 17.485358186213492 ], [ 78.580692344925708, 17.485429243633046 ], [ 78.580761868100737, 17.485510011652504 ], [ 78.580813114555284, 17.485591055602729 ], [ 78.58085043563932, 17.485647609991251 ], [ 78.580901303785041, 17.485694428007509 ], [ 78.580965745881969, 17.485725065303008 ], [ 78.581048907413788, 17.485737903596988 ], [ 78.581176348430049, 17.485760422050102 ], [ 78.581314167187585, 17.485795920927885 ], [ 78.581368695527658, 17.485798291278829 ], [ 78.581387458635632, 17.485799106907571 ], [ 78.581481399015473, 17.485779581989288 ], [ 78.581642681670644, 17.485735596128833 ], [ 78.581760098926424, 17.485693175124972 ], [ 78.58184704736999, 17.485642569949938 ], [ 78.581893143094049, 17.485585433604182 ], [ 78.58193750898819, 17.485512052052613 ], [ 78.582002342816125, 17.485443591295883 ], [ 78.58204333864991, 17.48540277139384 ], [ 78.582111702248525, 17.485373307921932 ], [ 78.582183479304646, 17.485360176953996 ], [ 78.582234701253867, 17.485374845159981 ], [ 78.582277292208744, 17.485451518288297 ], [ 78.582361057961876, 17.485552438153082 ], [ 78.582431052582521, 17.485606151016967 ], [ 78.582504557702904, 17.485628774358076 ], [ 78.58260383014769, 17.485636584648002 ], [ 78.582665518197373, 17.485644530828957 ], [ 78.582701517046104, 17.485662379123699 ], [ 78.582723875801818, 17.485707977157965 ], [ 78.582747957772028, 17.485778086826382 ], [ 78.582770323086493, 17.485838429554555 ], [ 78.582787528347126, 17.485880842328445 ], [ 78.5828218955523, 17.485903644932641 ], [ 78.582864859388067, 17.485908479081697 ], [ 78.582918150020248, 17.485893693012272 ], [ 78.582993274217287, 17.485841398838101 ], [ 78.583046734028486, 17.485788597987106 ], [ 78.583098019835447, 17.485692259397968 ], [ 78.583127028724974, 17.485613987416816 ], [ 78.583154320362041, 17.485555332947641 ], [ 78.583202137041951, 17.485527625142979 ], [ 78.583210673715769, 17.485522735876856 ], [ 78.583289177603803, 17.485509763145679 ], [ 78.583455949712658, 17.485472635865197 ], [ 78.583646379117084, 17.485436266879763 ], [ 78.58367468573293, 17.485430860315528 ], [ 78.583784013196251, 17.485404347876564 ], [ 78.583923405270212, 17.485392891575888 ], [ 78.58405284231813, 17.48539928690785 ], [ 78.584139755045499, 17.485376487615177 ], [ 78.584224991033153, 17.485340677363542 ], [ 78.584318749873859, 17.485285342246517 ], [ 78.584387204202599, 17.485281979321879 ], [ 78.584452550931914, 17.485286713232899 ], [ 78.584521468544708, 17.485312625673707 ], [ 78.584561008313685, 17.485379375246392 ], [ 78.584590264956844, 17.485451053420714 ], [ 78.584640172046434, 17.48553743563976 ], [ 78.584676642751901, 17.48564528995249 ], [ 78.584709348943818, 17.485733301068752 ], [ 78.584741961676201, 17.485770804981815 ], [ 78.584765968080234, 17.485785476672032 ], [ 78.584801923843713, 17.485787080058326 ], [ 78.584868651705847, 17.485769067873605 ], [ 78.58492359634289, 17.485769006250383 ], [ 78.584976870634065, 17.485777114960847 ], [ 78.585025026370673, 17.485786871262647 ], [ 78.58506459937206, 17.485786831320521 ], [ 78.585112782166306, 17.485762249110653 ], [ 78.585174763311642, 17.485713088359194 ], [ 78.585212683454216, 17.485701574184752 ], [ 78.585267890111083, 17.485701484939352 ], [ 78.585326606894469, 17.485716133320004 ], [ 78.585500839403423, 17.485736954445326 ], [ 78.585666033233665, 17.485734962361153 ], [ 78.585802252323205, 17.485728097137898 ], [ 78.585890315795595, 17.4857114621893 ], [ 78.585942279284012, 17.48567177461441 ], [ 78.585963069428203, 17.485635473732877 ], [ 78.585980365577456, 17.485564597338396 ], [ 78.585980363781843, 17.485562950692614 ], [ 78.585988898167756, 17.485495479623978 ], [ 78.585988858719347, 17.48548563282079 ], [ 78.585990583173441, 17.485483984577474 ], [ 78.585997331445611, 17.48543966105105 ], [ 78.586000785984524, 17.485438005837079 ], [ 78.586031879085482, 17.48539840776872 ], [ 78.586126446863162, 17.485335236848442 ], [ 78.586202471580194, 17.485284095787112 ], [ 78.586259512322485, 17.485211499395572 ], [ 78.586299291562909, 17.485158668556899 ], [ 78.586340843992545, 17.485125598879367 ], [ 78.586344307146803, 17.485122291719193 ], [ 78.586389376373262, 17.485113943363245 ], [ 78.586401644693737, 17.48511442305464 ], [ 78.586469196192766, 17.485117064070732 ], [ 78.586543895849275, 17.485126806572111 ], [ 78.586655206746201, 17.485126564126183 ], [ 78.586813682585671, 17.48510095610721 ], [ 78.586815418303345, 17.485100950100939 ], [ 78.586968078909905, 17.485066015686606 ], [ 78.587099733146331, 17.485061317846689 ], [ 78.587167278885758, 17.485076240047409 ], [ 78.587214166196063, 17.485112509763219 ], [ 78.587290847644766, 17.485196564790037 ], [ 78.58734501722806, 17.485249325978803 ], [ 78.58742881236418, 17.485303792901867 ], [ 78.587511392607524, 17.485399772877727 ], [ 78.587570500019652, 17.485484717201224 ], [ 78.587598421541685, 17.48557100879222 ], [ 78.587614201129782, 17.485700468262245 ], [ 78.587626592703813, 17.485854868676721 ], [ 78.587621560446337, 17.485949656972299 ], [ 78.58762344092446, 17.486021234412256 ], [ 78.587639210975496, 17.486069503293869 ], [ 78.587665427782483, 17.486114425177156 ], [ 78.587708967106963, 17.486134237565711 ], [ 78.587721149191722, 17.486134196766727 ], [ 78.587769868195906, 17.486150654162493 ], [ 78.587853778252153, 17.486198517789486 ], [ 78.587907930318977, 17.48627155121396 ], [ 78.587944605163187, 17.486336255734564 ], [ 78.587965554460567, 17.486419246138855 ], [ 78.587988208808582, 17.486484005267521 ], [ 78.588027207864769, 17.486562751943335 ], [ 78.588067197444076, 17.486592590591165 ], [ 78.588124593384237, 17.486617439726562 ], [ 78.588187238980908, 17.486622352828775 ], [ 78.588276076931649, 17.486627239876874 ], [ 78.588363792783611, 17.486627141766039 ], [ 78.588371998678923, 17.486627132128227 ], [ 78.588451440966267, 17.48663982703243 ] ] } },
{ "type": "Feature", "properties": { "FID": 4, "Nala_ID": "KKP", "Nala_Name": "KUKATPALLY NALA", "Circle": "Circle-18", "District": "HYDERABAD", "Total_Seg": 10, "Length_m": 3901.0, "Govt_Encr": 0, "Pvt_Encr": 0, "Rel_Encr": 0, "Total_Encr": 0, "Court_Case": 0, "Mandal": " ", "Village": " ", "SNO": 5, "ZONE_NAME": "NORTH ZONE", "ZONE_ID": "NRZ", "length_m_calc": 3901.0190852877786 }, "geometry": { "type": "LineString", "coordinates": [ [ 78.454643861717429, 17.459725975681422 ], [ 78.454580301000078, 17.459509371000081 ], [ 78.454532555000071, 17.459326705000084 ], [ 78.454532561000065, 17.459318403000058 ], [ 78.454528326000059, 17.459139914000051 ], [ 78.454532788000051, 17.458969732000075 ], [ 78.45453279300007, 17.458961430000048 ], [ 78.454532823000079, 17.458915771000086 ], [ 78.454585264000059, 17.458571281000047 ], [ 78.454653793000034, 17.458243306000043 ], [ 78.454746513000046, 17.458074705000062 ], [ 78.454835060000065, 17.457849882000065 ], [ 78.45494043900004, 17.45763310000007 ], [ 78.455003741000041, 17.457425238000045 ], [ 78.45500389700004, 17.457185456000047 ], [ 78.454998882000041, 17.457166270000076 ], [ 78.454917352589078, 17.456790806080189 ], [ 78.454797156000041, 17.45651548900009 ], [ 78.45447207400008, 17.456076711000041 ], [ 78.453956174000041, 17.455401655000063 ], [ 78.453787777000059, 17.455207815000055 ], [ 78.453624122000065, 17.454999384000079 ], [ 78.453624135000041, 17.454979853000058 ], [ 78.453604875739956, 17.4548718341693 ], [ 78.453583328107541, 17.454750980520672 ], [ 78.453576538000064, 17.454712897000036 ], [ 78.45360918800003, 17.454455015000068 ], [ 78.453711547000069, 17.454058993000046 ], [ 78.453868302000046, 17.453747413000087 ], [ 78.453984739000077, 17.452125281000068 ], [ 78.454019333000076, 17.451786208000051 ], [ 78.453995267000053, 17.451226765000065 ], [ 78.453971104000061, 17.45081494600004 ], [ 78.453886831000034, 17.450659327000039 ], [ 78.453767844000083, 17.450467877000051 ], [ 78.453755317000059, 17.450449928000069 ], [ 78.453742799000054, 17.450420018000052 ], [ 78.453561133000051, 17.450210589000054 ], [ 78.453548603000058, 17.450198621000087 ], [ 78.453229029000056, 17.449971167000058 ], [ 78.45299718800004, 17.449797591000053 ], [ 78.452828082000053, 17.449558266000057 ], [ 78.45280929400009, 17.44952835100009 ], [ 78.452702922000071, 17.449223276000058 ], [ 78.452629527000056, 17.448921214000052 ], [ 78.452617402000044, 17.448513251000069 ], [ 78.452598833000081, 17.448477765000064 ], [ 78.452573294126864, 17.448414298983696 ], [ 78.452542784102775, 17.448338479233577 ], [ 78.452506023000069, 17.448247125000083 ], [ 78.452487450000035, 17.448217551000088 ], [ 78.452481264000085, 17.448199810000062 ], [ 78.452444180000043, 17.448046065000089 ], [ 78.452444196000059, 17.448022415000086 ], [ 78.452462965000052, 17.447756367000068 ], [ 78.452525067000067, 17.447567206000095 ], [ 78.452531276000059, 17.447549472000052 ], [ 78.452562295000064, 17.447502191000076 ], [ 78.452934314000061, 17.447254091000048 ], [ 78.454187721000039, 17.446600402000062 ], [ 78.454612725381438, 17.446339776520091 ], [ 78.454769784000064, 17.446243463000094 ], [ 78.455037434000076, 17.446026698000082 ], [ 78.455099551000046, 17.445851840000046 ], [ 78.455179818000033, 17.445419486000052 ], [ 78.455087825000078, 17.444612527000061 ], [ 78.455082548000064, 17.444029665000077 ], [ 78.455130053219605, 17.443753065238958 ], [ 78.455139584000051, 17.443697572000076 ], [ 78.45527521200006, 17.442980047000052 ], [ 78.455334082272515, 17.44281501517829 ], [ 78.455358438988199, 17.442746735559592 ], [ 78.455381184000032, 17.442682974000039 ], [ 78.455671885620177, 17.442466185324033 ], [ 78.456006014000096, 17.442253959000087 ], [ 78.456304055000032, 17.442056628000049 ], [ 78.456526371000052, 17.441835166000097 ], [ 78.456671892000031, 17.441619716000051 ], [ 78.456965810000042, 17.441382745000062 ], [ 78.45712175314182, 17.441292542768576 ], [ 78.457282292000059, 17.441199682000047 ], [ 78.457858588000079, 17.441108391000057 ], [ 78.45809267208476, 17.441024800173444 ], [ 78.45812982200006, 17.441011534000044 ], [ 78.458358161000035, 17.44085788000007 ], [ 78.458714745000066, 17.440681502000078 ], [ 78.458975350646895, 17.440584174497861 ], [ 78.459054264342896, 17.440554702776883 ], [ 78.459064444000035, 17.440550901000059 ], [ 78.459400383000059, 17.440498772000073 ], [ 78.459811655000067, 17.440564406000085 ], [ 78.460126956000082, 17.440629986000097 ], [ 78.460421727000039, 17.440636693000044 ], [ 78.460737094000095, 17.440597631000063 ], [ 78.461367979000045, 17.440277520000059 ], [ 78.461896086000081, 17.439878866000075 ], [ 78.462050580000039, 17.43968815400007 ], [ 78.462357110987355, 17.43954927545461 ], [ 78.462476227246128, 17.439495307819563 ], [ 78.462517117000075, 17.439476782000042 ], [ 78.462731220141421, 17.439379142934371 ], [ 78.463051929000088, 17.439232887000063 ], [ 78.463620837000065, 17.439043272000053 ], [ 78.46388825400004, 17.438970336000068 ], [ 78.464574126000059, 17.439129643000062 ], [ 78.465165654000032, 17.439238931000094 ], [ 78.465903343000036, 17.439284527000044 ], [ 78.466422842000043, 17.439263293000071 ], [ 78.467224367000028, 17.439211879000087 ], [ 78.467754246000084, 17.439082558000056 ], [ 78.468066098431407, 17.438827598541685 ], [ 78.46828373609884, 17.438532888803348 ], [ 78.468520256000033, 17.438239330000052 ], [ 78.468801307000035, 17.438071951000047 ], [ 78.468808335000062, 17.43806525400004 ], [ 78.469250960000068, 17.437857752000074 ], [ 78.469531993000032, 17.437723876000067 ], [ 78.469602468000062, 17.437315147000053 ] ] } },
{ "type": "Feature", "properties": { "FID": 5, "Nala_ID": "MK2", "Nala_Name": "MURKI NALA", "Circle": "Circle-4 A ,Circle-4 B,Circle-5& Circle-6", "District": "HYDERABAD", "Total_Seg": 73, "Length_m": 12968.0, "Govt_Encr": 0, "Pvt_Encr": 0, "Rel_Encr": 0, "Total_Encr": 0, "Court_Case": 0, "Mandal": " ", "Village": " ", "SNO": 6, "ZONE_NAME": "SOUTH ZONE", "ZONE_ID": "STZ", "length_m_calc": 12968.919064213955 }, "geometry": { "type": "MultiLineString", "coordinates": [ [ [ 78.488537388397518, 17.33918885099602 ], [ 78.488537388394178, 17.339188850981504 ] ], [ [ 78.488537388394178, 17.339188850981504 ], [ 78.488460398000029, 17.338854311000095 ], [ 78.488303689000091, 17.338394804000075 ], [ 78.48830367000005, 17.338374644000062 ], [ 78.488176268000075, 17.337632880000061 ], [ 78.488152602000071, 17.33748476500006 ], [ 78.488074402000052, 17.337074648000058 ], [ 78.48807386600005, 17.336754234000072 ], [ 78.488099175000059, 17.336436496000093 ], [ 78.488175875000081, 17.336031848000065 ], [ 78.488171983000043, 17.33588386100007 ], [ 78.488132007000047, 17.335687497000038 ], [ 78.488127569000085, 17.335430908000099 ], [ 78.48804722000007, 17.334837604000089 ], [ 78.488026045000083, 17.334694415000062 ], [ 78.48796327000008, 17.334629158000045 ], [ 78.487809299000048, 17.334593912000059 ], [ 78.487800747000051, 17.334593919000046 ], [ 78.487598348000063, 17.334594089000067 ], [ 78.487589796000066, 17.334594097000036 ], [ 78.487438699000052, 17.334583338000076 ], [ 78.487390164000033, 17.334504464000076 ], [ 78.48734248600006, 17.334249908000064 ], [ 78.487345472000072, 17.334238462000091 ], [ 78.48737832900008, 17.334121145000044 ], [ 78.48745916200005, 17.334032395000069 ], [ 78.487465147000094, 17.33402380800004 ], [ 78.487486115000095, 17.334012347000058 ], [ 78.487602919000039, 17.333935009000076 ], [ 78.487579617000051, 17.333569896000089 ], [ 78.487655608000068, 17.333417562000083 ], [ 78.487670100000059, 17.333407167000079 ], [ 78.487742482000058, 17.333272139000091 ], [ 78.487732577000031, 17.333106684000089 ], [ 78.487557151000033, 17.33280099600006 ], [ 78.48729206400003, 17.332544318000089 ], [ 78.487202218000064, 17.332393515000096 ], [ 78.487163600000031, 17.332205968000039 ], [ 78.48718047300008, 17.331973519000087 ], [ 78.487214396000084, 17.331700277000042 ], [ 78.487225274000082, 17.330893168000049 ], [ 78.487286008000069, 17.33065048800006 ], [ 78.487427702000048, 17.330439674000051 ], [ 78.487437147000037, 17.33042461600008 ], [ 78.487821501000042, 17.330078151000066 ], [ 78.487953813000047, 17.329951623000063 ], [ 78.488038836000044, 17.32969324100009 ], [ 78.488179083770149, 17.329302330311855 ], [ 78.488352663000057, 17.328938707000081 ], [ 78.488480587032242, 17.328646256732004 ], [ 78.488495155411314, 17.328612951527603 ], [ 78.488535631000047, 17.328520419000089 ], [ 78.488668493000034, 17.328213765000047 ], [ 78.488700040000083, 17.328148421000037 ], [ 78.488721086000055, 17.32802721600007 ], [ 78.488697314000035, 17.327744465000084 ], [ 78.488694723000037, 17.327486383000068 ], [ 78.488685128000043, 17.327279924000038 ], [ 78.488722319000047, 17.327030803000074 ], [ 78.488815223000074, 17.326655392000081 ], [ 78.488983958000063, 17.32601157900007 ], [ 78.489081605000081, 17.325600303000048 ], [ 78.489131072000077, 17.325368584000053 ], [ 78.489173370754983, 17.325081717055063 ], [ 78.489192360000061, 17.32495293300008 ], [ 78.489224604000071, 17.324591730000069 ], [ 78.48924456162348, 17.324181179120338 ], [ 78.489249436000094, 17.324080907000056 ], [ 78.489291183000049, 17.323702466000046 ], [ 78.489279800000091, 17.323156685000075 ], [ 78.489257383000052, 17.322899202000091 ], [ 78.489226010000039, 17.322553400000064 ], [ 78.489122244000043, 17.322270237000058 ] ], [ [ 78.456738995908182, 17.311702414899596 ], [ 78.456866947355735, 17.311725133347959 ], [ 78.456936226712187, 17.311784566656662 ], [ 78.456967921764573, 17.311804011880447 ], [ 78.456999723126415, 17.311823521672821 ], [ 78.45701791095027, 17.311878249219983 ], [ 78.45700191830673, 17.312005945064158 ], [ 78.456988408889785, 17.312143344685289 ], [ 78.456989681884068, 17.312257683870612 ], [ 78.457007662896928, 17.312306464002319 ], [ 78.457048335206409, 17.312363946316527 ], [ 78.457133705056279, 17.312436892358253 ], [ 78.45724268702827, 17.3125155184105 ], [ 78.457302758280647, 17.312539167785907 ], [ 78.457365509678425, 17.312546183702199 ], [ 78.45757074770566, 17.312545865184067 ], [ 78.457991677653695, 17.312551323944358 ], [ 78.458299314877664, 17.312542705041455 ], [ 78.458437584491264, 17.312545073658733 ], [ 78.458499423081705, 17.312546132842908 ], [ 78.458644422106147, 17.312543657989394 ], [ 78.458786700377772, 17.312501217554868 ], [ 78.458891674664542, 17.312483495572103 ], [ 78.459240425440939, 17.312544025716893 ], [ 78.45966835945849, 17.31263462419707 ], [ 78.45979719578348, 17.312677676618282 ], [ 78.460038577378725, 17.312748662967909 ], [ 78.460353428051292, 17.31285377285068 ], [ 78.460534356847774, 17.312950012212685 ], [ 78.460546717320838, 17.312987611628142 ], [ 78.460521917144973, 17.313049975993607 ], [ 78.460498009223627, 17.313119460686444 ], [ 78.46050139226611, 17.313156555203559 ], [ 78.460595710131244, 17.313230436219392 ], [ 78.460755583804087, 17.313396953186704 ], [ 78.460840215994509, 17.313553031827691 ], [ 78.460878246261586, 17.313715391172465 ], [ 78.460905927241399, 17.313812708739029 ], [ 78.460902062390915, 17.313891158845813 ], [ 78.460872276352362, 17.314151812677554 ], [ 78.460835361669552, 17.314340762955609 ], [ 78.460737666672372, 17.314605267755415 ], [ 78.460753827316751, 17.314675481728045 ], [ 78.460798505588883, 17.314834339705488 ], [ 78.460828249420715, 17.314949394125506 ], [ 78.460854105640252, 17.315012270652343 ], [ 78.460927883288392, 17.315111926625232 ], [ 78.461007896980803, 17.315198856183166 ], [ 78.461027383862373, 17.315229013315026 ], [ 78.461031699143973, 17.315401243448388 ], [ 78.461041527891808, 17.315464417149169 ], [ 78.461214290476775, 17.315445661284077 ], [ 78.46130312064102, 17.315436017636785 ], [ 78.461429133654889, 17.315422337419552 ], [ 78.461596443538411, 17.315396867317183 ], [ 78.461748160075956, 17.315378892837401 ], [ 78.461815408973138, 17.315387366241389 ], [ 78.462011077552518, 17.31543264907361 ], [ 78.46222539256766, 17.315486808840003 ], [ 78.462454633826113, 17.315546043779747 ], [ 78.462635263938566, 17.315780516013959 ], [ 78.462727673251365, 17.315846799719868 ], [ 78.462989636794092, 17.315987236553028 ], [ 78.463339599412024, 17.316192118693557 ], [ 78.463552667451822, 17.316318317227314 ], [ 78.463555602297532, 17.316363445407639 ], [ 78.463533679267385, 17.316447767131365 ], [ 78.463540182890696, 17.316621577778587 ], [ 78.463531162601797, 17.31674384618735 ], [ 78.463504237999331, 17.316868788879315 ], [ 78.46350067211813, 17.317070870175336 ], [ 78.463494452742182, 17.317239178181847 ], [ 78.46348812744688, 17.317374582427263 ], [ 78.463490296038032, 17.317451824762717 ], [ 78.463514944066048, 17.317605602986308 ], [ 78.463526784250178, 17.317658625870202 ], [ 78.46356132162343, 17.317813285324878 ], [ 78.463572776147089, 17.317915361152128 ], [ 78.463561118672786, 17.317986563031074 ], [ 78.463563442003405, 17.318090342231674 ], [ 78.463587139570294, 17.318111097901735 ], [ 78.463717233800111, 17.318115410964854 ], [ 78.463844881840927, 17.318120717184456 ], [ 78.463922207709714, 17.318145806322978 ], [ 78.464014129771584, 17.318185571111893 ], [ 78.464110781252117, 17.318225636906799 ], [ 78.464456148134275, 17.318267328318079 ], [ 78.464685988739561, 17.318306367033884 ], [ 78.46486203638807, 17.318344235865403 ], [ 78.464950598903627, 17.318367977520236 ], [ 78.464977766974357, 17.318375260687798 ], [ 78.465074795697575, 17.318438983666361 ], [ 78.465199512674403, 17.318536300948431 ], [ 78.46528006839668, 17.318634352555414 ], [ 78.465323116644981, 17.318779248613009 ], [ 78.46542554824353, 17.318973987615919 ], [ 78.465462643126443, 17.319069358438 ], [ 78.465482054469149, 17.319185912032648 ], [ 78.465521665870327, 17.319370441884843 ], [ 78.465555201813174, 17.319566770935573 ], [ 78.465647504576893, 17.319969287015528 ], [ 78.465730469200039, 17.32033157675955 ], [ 78.465467722932402, 17.320399258363533 ], [ 78.465511914812467, 17.320537381400214 ], [ 78.465583105060887, 17.320759886560506 ], [ 78.465597602391369, 17.320827915281427 ], [ 78.465542593735577, 17.32094290818852 ], [ 78.46549259426078, 17.321012862592209 ], [ 78.465473383965886, 17.321084650030578 ], [ 78.465484315148288, 17.321227341290797 ], [ 78.465480580924165, 17.321312062373057 ], [ 78.465445846600431, 17.321515852858859 ], [ 78.465443364134288, 17.321791345207398 ], [ 78.46544217094015, 17.321958071410037 ], [ 78.465482874893738, 17.322113358873445 ], [ 78.465541859279554, 17.322323305106757 ], [ 78.465541364716444, 17.322590293760875 ], [ 78.46554196858645, 17.322804159620645 ], [ 78.465581168275506, 17.32294772174814 ], [ 78.465628191317151, 17.323085066875795 ], [ 78.465708628202265, 17.323236325984507 ], [ 78.465800663082362, 17.323360666779781 ], [ 78.466051349888915, 17.323597044592123 ], [ 78.466097880224851, 17.323639492962073 ], [ 78.466166056090515, 17.323701688149804 ], [ 78.46638352146455, 17.323875636371362 ], [ 78.466689997905107, 17.324090779207847 ], [ 78.467112876039124, 17.324382233147631 ], [ 78.467459166269691, 17.324639079770591 ], [ 78.467553949397569, 17.324502513635853 ], [ 78.467638422892165, 17.324407202314013 ], [ 78.467677386448955, 17.32441930214971 ], [ 78.467835936987299, 17.324554027675443 ], [ 78.467993189883572, 17.324687327703984 ], [ 78.468157298037852, 17.324521296123862 ], [ 78.468189793444495, 17.324517042097739 ], [ 78.468347541880462, 17.324635751603072 ], [ 78.468477227683991, 17.324638538681533 ], [ 78.468699164901082, 17.324609490328797 ], [ 78.468806066761289, 17.32462252938701 ], [ 78.469046815435846, 17.324718299878342 ], [ 78.469247865368573, 17.324788718614656 ], [ 78.469651158584639, 17.324942218973035 ], [ 78.469919110221269, 17.325079676160346 ], [ 78.470015929597409, 17.325192970207635 ], [ 78.470153492767921, 17.325330403138292 ], [ 78.47025262767383, 17.325415474385157 ], [ 78.470383207366908, 17.325508617416155 ], [ 78.470467169639917, 17.325574695004956 ], [ 78.470533409268953, 17.325659373943047 ], [ 78.470635689818764, 17.32582485391864 ], [ 78.470715975932066, 17.326005286555397 ], [ 78.470755536197842, 17.326087216804659 ], [ 78.470780681662234, 17.326139294006914 ], [ 78.470881579183541, 17.326331017775907 ], [ 78.470953897678683, 17.32650351536601 ], [ 78.471032168421729, 17.326663676417965 ], [ 78.471053235665792, 17.326754551273147 ], [ 78.471063491115174, 17.326814086795146 ], [ 78.471097082423, 17.326869983724691 ], [ 78.471186742417572, 17.32695376258868 ], [ 78.471242387224322, 17.326986503775313 ], [ 78.471370443396708, 17.327014977178916 ], [ 78.471576641393071, 17.327084861074059 ], [ 78.471674887465298, 17.327136134674348 ], [ 78.471756641649407, 17.327203613723288 ], [ 78.471904701740442, 17.327322792861562 ], [ 78.472063050327066, 17.327399672358261 ], [ 78.472274653773724, 17.327518090349852 ], [ 78.472497986897494, 17.327659639929969 ], [ 78.47268095400635, 17.327776350179636 ], [ 78.473006521383198, 17.327979377417734 ], [ 78.473133573589351, 17.328056761540672 ], [ 78.473246530726072, 17.328125561595073 ], [ 78.473406728196906, 17.328218266761585 ], [ 78.473575618971594, 17.328290805658874 ], [ 78.473736078408152, 17.328545216160112 ], [ 78.473784948363758, 17.328675522296983 ], [ 78.473815227796393, 17.328850330991859 ], [ 78.473828075831932, 17.328987600430413 ], [ 78.47381591259375, 17.329056436788864 ], [ 78.473747635817517, 17.329176876294859 ], [ 78.473688810932416, 17.329293648868379 ], [ 78.473676641811025, 17.32936132813732 ], [ 78.473694785441083, 17.3294413140557 ], [ 78.473947550779314, 17.329794975153217 ], [ 78.474068597786001, 17.330028706145992 ], [ 78.474189988424314, 17.330243869872806 ], [ 78.4743984273302, 17.330532086306953 ], [ 78.474588057033486, 17.330750211875536 ], [ 78.474967369885533, 17.331129917643583 ], [ 78.475091839540468, 17.331222252332008 ], [ 78.47522354000904, 17.331233924992883 ], [ 78.475342508056698, 17.331215251135113 ], [ 78.475652199002297, 17.331153205349665 ], [ 78.476088837072496, 17.331071988356971 ], [ 78.476205732191374, 17.331066742778145 ], [ 78.476282439098966, 17.331089641616746 ], [ 78.47642084255628, 17.331190960171714 ], [ 78.476532779041776, 17.331279902549994 ], [ 78.47656839541483, 17.331341379041351 ], [ 78.47662727255404, 17.331531958629331 ], [ 78.476680653934693, 17.331735353054988 ], [ 78.476690569224488, 17.331925930340791 ], [ 78.476643727681221, 17.332172495712982 ], [ 78.476649318810885, 17.332252120927055 ], [ 78.476648170098883, 17.332311458387757 ], [ 78.476650514434169, 17.332372207338761 ], [ 78.476658363127839, 17.332428395898283 ], [ 78.47667280667919, 17.332461750737863 ], [ 78.476689772676252, 17.332500929602361 ], [ 78.476720042845599, 17.332552386325119 ], [ 78.476798920009585, 17.332614423657237 ], [ 78.47700315273562, 17.332740460740258 ], [ 78.477158750865783, 17.332863525329035 ], [ 78.477220349167339, 17.332897038399995 ], [ 78.477284193958056, 17.332918243873507 ], [ 78.477373197178892, 17.332935928795123 ], [ 78.477470793227283, 17.332946698718832 ], [ 78.477594850817511, 17.332975370300083 ], [ 78.477695645298994, 17.332986131662729 ], [ 78.477747750046689, 17.332991737068109 ], [ 78.47778400772637, 17.332978869172347 ], [ 78.477803849531796, 17.332956258371091 ], [ 78.477834555174255, 17.332948067704244 ], [ 78.477873592537705, 17.332952895097996 ], [ 78.477930765174705, 17.332981342135465 ], [ 78.477971843952517, 17.332995061956662 ], [ 78.478047624751454, 17.332999580178118 ], [ 78.478090240237165, 17.333009645125369 ], [ 78.478142375401177, 17.333035259408543 ], [ 78.478312321022884, 17.333082275728962 ], [ 78.478474523568678, 17.333149530804075 ], [ 78.478746261960907, 17.333327237334135 ], [ 78.479080405371704, 17.333517550856339 ], [ 78.479433589802639, 17.333621086663115 ], [ 78.479700003459072, 17.333698587999844 ], [ 78.479923306594017, 17.333823906166234 ], [ 78.480076995661818, 17.333912757688182 ], [ 78.480210576669691, 17.333965077901439 ], [ 78.480228712808881, 17.333969857521069 ], [ 78.480390754614135, 17.334012564682698 ], [ 78.480639061896468, 17.334138646795122 ], [ 78.480823795153356, 17.334238382987568 ], [ 78.480985867384618, 17.334298736848581 ], [ 78.48128498925395, 17.334452511575527 ], [ 78.48135642090314, 17.334497322615405 ], [ 78.481403641338062, 17.334547072869515 ], [ 78.481473328873804, 17.334680837258492 ], [ 78.481551007352323, 17.334858829055506 ], [ 78.481605979913027, 17.335019522330949 ], [ 78.481674484904616, 17.335213922724513 ], [ 78.481728808092754, 17.335333036127842 ], [ 78.481734215358671, 17.33539341641201 ], [ 78.481706841615093, 17.335486352785676 ], [ 78.481658423135585, 17.335595850921987 ], [ 78.481633907879029, 17.335706725623705 ], [ 78.481619211748679, 17.335805030311295 ], [ 78.481622380788465, 17.335879263732984 ], [ 78.481656783752754, 17.335945147303558 ], [ 78.481744370709109, 17.336056441305061 ], [ 78.481808588253074, 17.336138330938887 ], [ 78.481883232121149, 17.336267022950828 ], [ 78.481923723935353, 17.336345070682658 ], [ 78.482029143357806, 17.336424240847425 ], [ 78.482111125040305, 17.336463705672752 ], [ 78.482193865629, 17.336491662382851 ], [ 78.482259348181259, 17.336496775757961 ], [ 78.482333408952798, 17.336474193780621 ], [ 78.482462508421818, 17.336433052589797 ], [ 78.482537183781986, 17.33642208170729 ], [ 78.482621550095644, 17.336427103808255 ], [ 78.482804499192795, 17.336453056949193 ], [ 78.482930302336399, 17.336481149620088 ], [ 78.483049554044356, 17.336525557443583 ], [ 78.483129452322999, 17.336566935750536 ], [ 78.48315329546034, 17.336579284423543 ], [ 78.483199292309195, 17.336612841703708 ], [ 78.483234371406823, 17.336744426243492 ], [ 78.483269217881443, 17.336779565653316 ], [ 78.483324823703484, 17.33687003267417 ], [ 78.483341211791412, 17.336945236281576 ], [ 78.483453246159456, 17.337123574899124 ], [ 78.483520612433267, 17.337177325586008 ], [ 78.483629528713038, 17.33720676259486 ], [ 78.483834703228254, 17.337243301801291 ], [ 78.483989103026119, 17.33728583177146 ], [ 78.484074770998134, 17.337334545882801 ], [ 78.484121100726682, 17.337388618924905 ], [ 78.484123112858782, 17.337493701231935 ], [ 78.48411318965033, 17.337604613551765 ], [ 78.484117382864554, 17.337663805330671 ], [ 78.484141294593599, 17.33770880105698 ], [ 78.484197424179257, 17.337734065922351 ], [ 78.484443811862718, 17.337779680707023 ], [ 78.484979853836435, 17.337899736266525 ], [ 78.485226337609518, 17.337945653913913 ], [ 78.485428014313257, 17.337977488013628 ], [ 78.4855374041516, 17.338023308726044 ], [ 78.485692854562942, 17.338092693931831 ], [ 78.485911353046575, 17.338148675711331 ], [ 78.485996335875072, 17.338160362658108 ], [ 78.486126655250743, 17.338178283272669 ], [ 78.486252648468863, 17.338207267892752 ], [ 78.486387507102449, 17.338227001211266 ], [ 78.486613283650129, 17.338249520559351 ], [ 78.486716385995578, 17.338254352828351 ], [ 78.486820162551311, 17.338248833754868 ], [ 78.486947331331265, 17.338281077034676 ], [ 78.48713244325279, 17.338351177030574 ], [ 78.487288656952344, 17.338435717430958 ], [ 78.487460729400397, 17.338541238754129 ], [ 78.487675398822262, 17.338670092720218 ], [ 78.487827385454807, 17.338738222620986 ], [ 78.48800300731223, 17.338831130594468 ], [ 78.488191436124808, 17.338924174854036 ], [ 78.488341236584645, 17.339033559780116 ], [ 78.48844702382037, 17.33910497402232 ], [ 78.488537388394178, 17.339188850981504 ] ], [ [ 78.488537388394178, 17.339188850981504 ], [ 78.48855656441404, 17.339206650282353 ], [ 78.488689955822764, 17.339384922426738 ], [ 78.488785343903785, 17.339477220866492 ], [ 78.488815828040558, 17.339536917984752 ], [ 78.488887059450576, 17.339671848838854 ], [ 78.48891400325509, 17.339770287879055 ], [ 78.488891481315306, 17.339842326662051 ], [ 78.488908440634432, 17.339921204277392 ], [ 78.488977636601675, 17.340107240961149 ], [ 78.489044347986891, 17.340225767926871 ], [ 78.489166179353347, 17.340379949871728 ], [ 78.489178003814885, 17.340391532883665 ], [ 78.489316257731161, 17.340526953572262 ], [ 78.489479742369312, 17.340637872556183 ], [ 78.489587181438438, 17.340700784421145 ], [ 78.489736236454135, 17.340863673265844 ], [ 78.489809288858481, 17.340946889300522 ], [ 78.489930071802775, 17.341013142338454 ], [ 78.490059214402493, 17.34105222789162 ], [ 78.490161073138623, 17.34106475906119 ], [ 78.490217541891482, 17.341097246930754 ], [ 78.490226958175668, 17.341102664193976 ], [ 78.490351298769141, 17.34124858563451 ], [ 78.490445057696419, 17.34140229373623 ], [ 78.490512582881721, 17.341511217744504 ], [ 78.49057967923703, 17.341608599698198 ], [ 78.490685729140225, 17.341689985001047 ], [ 78.490819943175993, 17.341790066803622 ], [ 78.490869663436015, 17.341877474264653 ], [ 78.490935638956842, 17.342020574149647 ], [ 78.490955281424007, 17.342169014231537 ], [ 78.490941238251054, 17.342279685040591 ], [ 78.490917165409456, 17.342394142718444 ], [ 78.490933223156034, 17.342535647265684 ], [ 78.49098147943316, 17.342694271384214 ], [ 78.491026612364948, 17.342887898037109 ], [ 78.491027709521489, 17.342911779946643 ], [ 78.491035373722099, 17.343078531315822 ], [ 78.49104158701553, 17.343245197645601 ], [ 78.491046807294438, 17.343249427819337 ], [ 78.491099112437666, 17.343421119743756 ], [ 78.491157965078727, 17.34358983915152 ], [ 78.491237924078987, 17.343677745130364 ], [ 78.49139578367479, 17.343782325061795 ], [ 78.491582809047287, 17.34389014018771 ], [ 78.491753562581039, 17.344007868816451 ], [ 78.491835713362534, 17.344089476934737 ], [ 78.491930925108022, 17.344203675772874 ], [ 78.492019542882304, 17.344336106223142 ], [ 78.49212996601068, 17.344451259864055 ], [ 78.49226455068451, 17.344541849322141 ], [ 78.492368692019497, 17.344645988956852 ], [ 78.492454646615329, 17.34481939692132 ], [ 78.492546450054689, 17.345057285033036 ], [ 78.49261729874253, 17.345256882642047 ], [ 78.492650501275349, 17.345412998389868 ], [ 78.49265372545922, 17.345559509292336 ], [ 78.49262196982157, 17.345776944043291 ], [ 78.492597421630236, 17.345941261188575 ], [ 78.492552710735893, 17.346077905027585 ], [ 78.492445619598698, 17.346279290729225 ], [ 78.492351239902675, 17.346395225231046 ], [ 78.492197803158092, 17.346517054011393 ], [ 78.492005893019467, 17.346626123726974 ], [ 78.491757474374168, 17.346738457643159 ], [ 78.491553730701057, 17.346805699044126 ], [ 78.491297499728844, 17.346890261874293 ], [ 78.490747281316516, 17.347029299246646 ], [ 78.490508395366248, 17.347127718858605 ], [ 78.49024729130187, 17.347247093668575 ], [ 78.490098539471205, 17.347340066852198 ], [ 78.490012349195169, 17.347428852166725 ], [ 78.489979238406406, 17.347507737124644 ], [ 78.489956240466626, 17.347701676558842 ], [ 78.489983049955029, 17.348028082190485 ], [ 78.490077469676095, 17.348576142387934 ], [ 78.490127800325311, 17.349018386805632 ], [ 78.49032277033379, 17.349870162149411 ], [ 78.490401209116825, 17.350313495506995 ], [ 78.490435292686229, 17.350506131900897 ], [ 78.490537283561764, 17.351141227921811 ], [ 78.490623463804269, 17.351666823099343 ], [ 78.490736761305655, 17.352230867622719 ], [ 78.49080296266996, 17.352448429192076 ], [ 78.490932151787746, 17.352665468975843 ], [ 78.491120956134239, 17.352929062111485 ], [ 78.491229820487291, 17.353043069037945 ], [ 78.491290439100112, 17.353106552048622 ], [ 78.491457178845863, 17.353260617116128 ], [ 78.491736178326661, 17.353488094326565 ], [ 78.491967847948345, 17.353706349966636 ], [ 78.492134414944658, 17.353898361557171 ], [ 78.492167653967925, 17.354079803785854 ], [ 78.492111954595359, 17.354406929278273 ], [ 78.492046646666864, 17.354753344076855 ], [ 78.491956242054059, 17.355100913431585 ], [ 78.491840722938775, 17.355306262070979 ], [ 78.491726181988966, 17.355459609937579 ], [ 78.491549466381642, 17.355631262184232 ], [ 78.491479760414094, 17.355763037654402 ], [ 78.491443686602864, 17.355846755601853 ], [ 78.491406360546279, 17.3559609094184 ], [ 78.491348641047495, 17.356040936125574 ], [ 78.491238928008187, 17.356182037112632 ], [ 78.491177889197971, 17.356259305244876 ], [ 78.491130190089208, 17.35632680192019 ], [ 78.491123558180078, 17.356427917486009 ], [ 78.491121337835722, 17.356461759839647 ], [ 78.491148634624764, 17.356557799869979 ], [ 78.491197215244028, 17.356694620368803 ], [ 78.491255409819686, 17.356879059338358 ], [ 78.49130449877606, 17.357055797076555 ], [ 78.491320347282596, 17.357155458865329 ], [ 78.491314995853415, 17.357218468894615 ], [ 78.491313548785541, 17.357235507776988 ], [ 78.491276165792399, 17.357344342722467 ], [ 78.491247161100759, 17.357425733235505 ], [ 78.491115689355397, 17.357514843331796 ], [ 78.490956399218931, 17.357607297299371 ], [ 78.490851259271565, 17.357674217230098 ], [ 78.490790247161158, 17.357701111000857 ], [ 78.490736377223882, 17.357765114114592 ], [ 78.490575758295549, 17.358007772195929 ], [ 78.490524423440391, 17.358081061306969 ], [ 78.490517643548813, 17.35816019542764 ], [ 78.490531567410471, 17.358291072233772 ], [ 78.490590648587045, 17.358536498796894 ], [ 78.490648118788073, 17.358736538919263 ], [ 78.490690994592541, 17.358892182065684 ], [ 78.490738035296403, 17.358985642123702 ], [ 78.490847075187517, 17.359142917153811 ], [ 78.490916951251265, 17.359282452813023 ], [ 78.490962124818523, 17.359355905971466 ], [ 78.490997449001341, 17.359358005951744 ], [ 78.491058256791149, 17.359340082062264 ], [ 78.491105753000539, 17.359388911354909 ], [ 78.491127015253653, 17.35942148054345 ], [ 78.491186960137924, 17.359513303352582 ], [ 78.491328407318107, 17.359753660895596 ], [ 78.491399154259753, 17.359901346752917 ], [ 78.49145362421929, 17.3600272359641 ], [ 78.491502669167232, 17.36007693816358 ], [ 78.491547456061568, 17.360191886888295 ], [ 78.491580639536565, 17.360284313025815 ], [ 78.491622105554796, 17.360340246124885 ], [ 78.491665656645992, 17.360390660608935 ], [ 78.491672982044307, 17.360395255042029 ], [ 78.491728721891022, 17.360476536937593 ], [ 78.491808925437411, 17.360623934385476 ], [ 78.491928335455952, 17.360798843322247 ], [ 78.492034811708876, 17.360952233571133 ], [ 78.492069973611493, 17.361092541780653 ], [ 78.492083795286788, 17.361251528708728 ], [ 78.492098694730728, 17.361326972655437 ], [ 78.49214071513282, 17.361539708340331 ], [ 78.492166452766369, 17.361769174780271 ], [ 78.49218030569503, 17.361963256177628 ], [ 78.492171797632665, 17.362076719443589 ], [ 78.492146536742666, 17.3623615445788 ], [ 78.492088668948796, 17.362649322159218 ], [ 78.492051115581702, 17.36281440214692 ], [ 78.49199495408169, 17.363028414561612 ], [ 78.491946579604544, 17.363157345141644 ], [ 78.491877990238621, 17.36332513708027 ], [ 78.491801216121189, 17.363464801558305 ], [ 78.491682534343511, 17.363670315563756 ], [ 78.491590630562342, 17.363859065268823 ], [ 78.491524101291205, 17.363976912115461 ], [ 78.491426443031443, 17.364127101152597 ], [ 78.491343376247613, 17.364280895585019 ], [ 78.491139234867475, 17.364561911594997 ], [ 78.491010755754161, 17.36478267543837 ], [ 78.490842953180604, 17.365094533903921 ], [ 78.490612200874182, 17.365463494196966 ], [ 78.490450660038917, 17.365739523905958 ], [ 78.490305373690816, 17.365992967958899 ], [ 78.490228369716974, 17.366127296123558 ], [ 78.490022537168258, 17.366492926763804 ], [ 78.489931852249569, 17.36668950965473 ], [ 78.489864550683393, 17.366829145717681 ], [ 78.489772194818713, 17.367220581982764 ], [ 78.489751448288771, 17.36752842959211 ], [ 78.48972963294004, 17.367971424671982 ], [ 78.48973561172842, 17.368188927287285 ], [ 78.489756320193678, 17.368368454625394 ], [ 78.489790920806087, 17.368668430849166 ], [ 78.489910803631446, 17.369204681347558 ], [ 78.490029064866576, 17.369622534775448 ], [ 78.490172549173906, 17.370061311745026 ], [ 78.490310638695235, 17.370402844210624 ], [ 78.490414282349519, 17.370744166906221 ], [ 78.490484260822271, 17.370948941008006 ], [ 78.490516517992489, 17.371043332881957 ], [ 78.490621373890022, 17.371148567661798 ], [ 78.490738262223019, 17.371227484257275 ], [ 78.490867351173108, 17.371247026558844 ], [ 78.491157794002433, 17.3712686038687 ], [ 78.491758386222571, 17.3713343563542 ], [ 78.491914493838124, 17.37137283702743 ], [ 78.492010627283577, 17.371458142613701 ], [ 78.492313682887911, 17.371942604241728 ], [ 78.492372741326776, 17.372024170953321 ], [ 78.49269317503088, 17.372466724893364 ], [ 78.493092239741657, 17.372985779899324 ], [ 78.493368099376767, 17.373348118003804 ], [ 78.493724001242683, 17.373728000841197 ], [ 78.49415627410643, 17.374252855118041 ], [ 78.494221514441335, 17.374341290231296 ], [ 78.494455291790416, 17.374658181840385 ], [ 78.494574934865909, 17.374820360764417 ], [ 78.494841334528019, 17.375280999370165 ], [ 78.495050015386198, 17.375640483400019 ], [ 78.495192609314856, 17.376013421589274 ], [ 78.495377671294293, 17.376503044865974 ], [ 78.495453562842656, 17.376769296723975 ], [ 78.495583695790501, 17.377309629710712 ], [ 78.49568801592838, 17.377500623440877 ], [ 78.49589131787647, 17.377811726086012 ], [ 78.496181510666887, 17.378318660637227 ], [ 78.496341365234429, 17.378605219895391 ], [ 78.496327890394227, 17.378685805780119 ], [ 78.496266848391457, 17.378793232763712 ], [ 78.49616957508637, 17.378882664140757 ], [ 78.495912570142096, 17.379058326338264 ], [ 78.495736830751738, 17.379221227316169 ], [ 78.495682387899024, 17.379323525330314 ], [ 78.495616817903567, 17.379533069615288 ], [ 78.495579794397727, 17.379919376397766 ], [ 78.495550639223765, 17.380213110129674 ], [ 78.495560537902264, 17.380322313693135 ], [ 78.495609367799673, 17.380484690618388 ], [ 78.495661395841466, 17.380633733877321 ], [ 78.495687038120224, 17.380732847421132 ], [ 78.495662137638348, 17.380891756853693 ] ] ] } },
{ "type": "Feature", "properties": { "FID": 6, "Nala_ID": "HFS", "Nala_Name": "UPSTREAM OF HAL TO FOX SAGAR", "Circle": "Circle-14 B & Circle-15", "District": "RANGAREDDY", "Total_Seg": 10, "Length_m": 6739.0, "Govt_Encr": 0, "Pvt_Encr": 0, "Rel_Encr": 0, "Total_Encr": 0, "Court_Case": 0, "Mandal": " ", "Village": " ", "SNO": 7, "ZONE_NAME": "NORTH ZONE", "ZONE_ID": "NRZ", "length_m_calc": 6739.4165564132345 }, "geometry": { "type": "LineString", "coordinates": [ [ 78.456259593000084, 17.476010770000077 ], [ 78.456257242014033, 17.476093555961949 ], [ 78.456241610000077, 17.476644004000036 ], [ 78.456227578000053, 17.476851180000043 ], [ 78.456082980000076, 17.477140189000067 ], [ 78.455956515000082, 17.477575831000024 ], [ 78.455956522000065, 17.477597395000036 ], [ 78.455956531000083, 17.477623273000066 ], [ 78.455857309000066, 17.478408256000026 ], [ 78.455700656000033, 17.47922837100004 ], [ 78.455754151000079, 17.480110884000059 ], [ 78.455751301014274, 17.480186558949939 ], [ 78.455749838338519, 17.48022539693773 ], [ 78.455735558167945, 17.480604571499828 ], [ 78.455726622000043, 17.480841847000026 ], [ 78.455656702622022, 17.481034268158965 ], [ 78.455575360189414, 17.481258125403144 ], [ 78.455550133206103, 17.481327550807826 ], [ 78.455537878947794, 17.481361274864888 ], [ 78.455344292000063, 17.481738816000078 ], [ 78.455245942045195, 17.482006913390599 ], [ 78.455192064000073, 17.482153782000072 ], [ 78.455095069500501, 17.482547414558848 ], [ 78.455046524000068, 17.482904752000081 ], [ 78.455136092000032, 17.483253981000075 ], [ 78.455218823000052, 17.483566014000079 ], [ 78.455290967000053, 17.483893874000049 ], [ 78.455212323000069, 17.484290661000053 ], [ 78.455102305000082, 17.484555158000092 ], [ 78.455086872000038, 17.484836370000039 ], [ 78.455068316492117, 17.484987757982449 ], [ 78.455061319000052, 17.485044848000094 ], [ 78.454989992000037, 17.485287239000058 ], [ 78.45497458400007, 17.485529663000083 ], [ 78.454969485000063, 17.485553904000088 ], [ 78.454969482000081, 17.485558752000095 ], [ 78.454888, 17.485781744000068 ], [ 78.454789138000081, 17.485904445000074 ], [ 78.454728213000067, 17.486031352000058 ], [ 78.454716665000049, 17.48624533300006 ], [ 78.454711807107913, 17.486362396786642 ], [ 78.454706040269002, 17.486501363527648 ], [ 78.454705076000039, 17.486524600000056 ], [ 78.454705064000052, 17.486542735000061 ], [ 78.45468253026155, 17.486668151220918 ], [ 78.454628404972823, 17.486969395798731 ], [ 78.454598203000046, 17.487137490000066 ], [ 78.454593592000037, 17.48729445600009 ], [ 78.454705570000044, 17.487599035000077 ], [ 78.454900217000045, 17.488014980000067 ], [ 78.45503535000006, 17.488361246000071 ], [ 78.455054639000096, 17.488552791000078 ], [ 78.455035312000064, 17.488707497000068 ], [ 78.455000530000063, 17.488921138000023 ], [ 78.455045022000036, 17.489092566000071 ], [ 78.455108511000049, 17.489401563000062 ], [ 78.455168410000056, 17.489692780000041 ], [ 78.455174355931817, 17.489722213414186 ], [ 78.455213386000082, 17.489915419000059 ], [ 78.455250485000093, 17.490202780000065 ], [ 78.455303920000063, 17.490572555000035 ], [ 78.455353845086407, 17.490655353518576 ], [ 78.455358558351577, 17.490663170253704 ], [ 78.455398414000058, 17.490729269000042 ], [ 78.455407901985922, 17.490744240928894 ], [ 78.455492776000099, 17.490878171000077 ], [ 78.455532128000073, 17.490993016000061 ], [ 78.455527496000059, 17.491004058000051 ], [ 78.455527495000069, 17.491010683000074 ], [ 78.455485809000038, 17.491068099000081 ], [ 78.455478862000064, 17.491074724000047 ], [ 78.455386231000034, 17.491160846000074 ], [ 78.455370015000085, 17.491231515000042 ], [ 78.455378992000078, 17.491282169000048 ], [ 78.455423715000052, 17.491348949000042 ], [ 78.455507331000049, 17.49144170000006 ], [ 78.455569113000081, 17.491528820000042 ], [ 78.455598169000041, 17.491584259000039 ], [ 78.455613811000049, 17.491646092000057 ], [ 78.455593687000032, 17.491690865000066 ], [ 78.455526620000057, 17.491707916000056 ], [ 78.455414843000085, 17.491720698000055 ], [ 78.455294126000069, 17.491720686000072 ], [ 78.455287419000058, 17.491722818000031 ], [ 78.455164463000074, 17.491756920000057 ], [ 78.455095156000084, 17.491814481000066 ], [ 78.455030377000071, 17.491871046000028 ], [ 78.454923819000044, 17.492007493000077 ], [ 78.454802034000082, 17.49218748800007 ], [ 78.45461328600004, 17.492309409000029 ], [ 78.454473242000063, 17.492454561000049 ], [ 78.454366680000078, 17.49261423300004 ], [ 78.454327584000055, 17.492725931000056 ], [ 78.454291005000073, 17.49288981900003 ], [ 78.454280013000073, 17.493092066000035 ], [ 78.454268644000081, 17.493243505000066 ], [ 78.454305121000061, 17.493642493000046 ], [ 78.454310365000083, 17.493837428000067 ], [ 78.454363666000063, 17.49395993100007 ], [ 78.454448478000074, 17.494008477000026 ], [ 78.454448478000074, 17.494010788000029 ], [ 78.454535713000041, 17.494063956000051 ], [ 78.454705344000047, 17.494098643000033 ], [ 78.454712613000083, 17.494105577000031 ], [ 78.454792578000081, 17.494158745000053 ], [ 78.45482318600007, 17.494230811000023 ], [ 78.454849761000048, 17.494366063000033 ], [ 78.454849760000059, 17.494374516000054 ], [ 78.45484383400003, 17.494532306000053 ], [ 78.454843832000066, 17.494549212000042 ], [ 78.45485562600004, 17.494768993000044 ], [ 78.454888111000074, 17.494878886000041 ], [ 78.454894019000051, 17.494887339000066 ], [ 78.454905833000055, 17.494915517000038 ], [ 78.454905832000065, 17.494923970000059 ], [ 78.454947187000073, 17.494980328000057 ], [ 78.455053541000041, 17.495002880000076 ], [ 78.455195350000054, 17.494997258000069 ], [ 78.45537852800004, 17.494912746000072 ], [ 78.455484892000086, 17.494836679000059 ], [ 78.455585345000031, 17.494780335000033 ], [ 78.455673975000082, 17.494785979000032 ], [ 78.455794955000044, 17.494826971000069 ], [ 78.455978858000037, 17.494901750000054 ], [ 78.45610849200007, 17.49497652500003 ], [ 78.456253196000034, 17.495094432000037 ], [ 78.456385836000038, 17.495264097000078 ], [ 78.45645319700003, 17.495387916000031 ], [ 78.456717324000067, 17.495683221000036 ], [ 78.456858839026509, 17.495801950392554 ], [ 78.456953057000092, 17.495880998000082 ], [ 78.457160454963926, 17.495978759581671 ], [ 78.457194480000055, 17.495994798000034 ], [ 78.45724603900004, 17.496070404000029 ], [ 78.457249868841529, 17.496104525410747 ], [ 78.457254379000062, 17.496144708000035 ], [ 78.45724324300005, 17.496213703000027 ], [ 78.457243241000072, 17.496234932000053 ], [ 78.457243240000082, 17.496242893000044 ], [ 78.457229322000046, 17.496301273000032 ], [ 78.457226539000047, 17.49630923400003 ], [ 78.457162537000045, 17.496378224000075 ], [ 78.457106880000097, 17.496476405000067 ], [ 78.457076267000048, 17.496542744000067 ], [ 78.457081823000081, 17.496630316000054 ], [ 78.457082400124037, 17.496639135185148 ], [ 78.457087380000075, 17.496715234000082 ], [ 78.457126326000036, 17.496784233000032 ], [ 78.457131890000085, 17.496794848000036 ], [ 78.45713745300003, 17.496810770000032 ], [ 78.457204226000044, 17.496863850000071 ], [ 78.457329428000051, 17.49692754900008 ], [ 78.457504715000084, 17.496985945000066 ], [ 78.457563140000047, 17.497044331000044 ], [ 78.457563132000075, 17.497123941000044 ], [ 78.457546424000043, 17.49726989200008 ], [ 78.457517893000045, 17.497352494000044 ], [ 78.457517894000034, 17.497347036000068 ], [ 78.457460651000076, 17.49746438600005 ], [ 78.45746065000003, 17.497475302000055 ], [ 78.457460649000041, 17.49748076100008 ], [ 78.457406272000071, 17.497551715000046 ], [ 78.457334729000081, 17.497595375000063 ], [ 78.457163026000046, 17.497679964000042 ], [ 78.457113597295063, 17.497718368682129 ], [ 78.457085758000062, 17.497739999000036 ], [ 78.457082895000042, 17.497750916000033 ], [ 78.457077171000037, 17.497756373000076 ], [ 78.457076609731061, 17.497757672683644 ], [ 78.457037100000036, 17.497849162000026 ], [ 78.457037089000039, 17.497963786000074 ], [ 78.457069151000042, 17.498028501000025 ], [ 78.457090299233499, 17.498084224233498 ], [ 78.457141964000073, 17.498220355000065 ], [ 78.457266791000052, 17.498508137000048 ], [ 78.457344421000073, 17.498580407000077 ], [ 78.45759782600004, 17.498616322000039 ], [ 78.457602844000064, 17.49861871600007 ], [ 78.457798543000081, 17.498635483000047 ], [ 78.457903916000092, 17.498685742000081 ], [ 78.458046922000051, 17.498752755000055 ], [ 78.458207492000042, 17.498810197000068 ], [ 78.458262687000072, 17.498843702000052 ], [ 78.458292789000041, 17.498905920000034 ], [ 78.458309085381032, 17.498962016186717 ], [ 78.458395149000069, 17.499174800000052 ], [ 78.458479741000076, 17.499242042000052 ], [ 78.458598176000066, 17.499258188000059 ], [ 78.458710975000031, 17.499233993000075 ], [ 78.458846340000051, 17.499126427000022 ], [ 78.458993354197872, 17.498978862259921 ], [ 78.459007090000057, 17.498965075000061 ], [ 78.459148090000042, 17.498905919000038 ], [ 78.459155252329822, 17.498907534881752 ], [ 78.459256087000085, 17.498930284000039 ], [ 78.459411646000035, 17.498963602000064 ], [ 78.459421171000031, 17.49896360300005 ], [ 78.459548157000029, 17.499012058000066 ], [ 78.459662441000035, 17.499087762000045 ], [ 78.45966879000008, 17.499096846000047 ], [ 78.459792605000075, 17.499099884000032 ], [ 78.459906896000064, 17.499096864000027 ], [ 78.460100548000071, 17.499184686000042 ], [ 78.460214973000063, 17.499268484000027 ], [ 78.460486726000056, 17.49957090200008 ], [ 78.460489556000084, 17.499581702000061 ], [ 78.460639583000045, 17.499778811000059 ], [ 78.460627782000074, 17.499894334000039 ], [ 78.460624971000072, 17.499888972000068 ], [ 78.460526566000055, 17.500079320000054 ], [ 78.460520942000088, 17.500095406000071 ], [ 78.460518130000082, 17.500106131000059 ], [ 78.460504067000045, 17.500191924000038 ], [ 78.460520931000076, 17.500242865000079 ], [ 78.460585581000032, 17.500334026000079 ], [ 78.460588392000034, 17.500336707000031 ], [ 78.460765486000085, 17.500470773000078 ], [ 78.460771107000099, 17.500478816000058 ], [ 78.460920095000063, 17.500535129000074 ], [ 78.461128116000054, 17.50061825600006 ], [ 78.461254617000066, 17.500647757000028 ], [ 78.461305215000039, 17.500690657000064 ], [ 78.46130802600004, 17.50069333800008 ], [ 78.461333319000062, 17.500789858000079 ], [ 78.461327224000058, 17.500884346000078 ], [ 78.461431848000075, 17.500960505000023 ], [ 78.46157777600007, 17.50099727800006 ], [ 78.461580529000059, 17.50099727900005 ], [ 78.461704432000033, 17.500997287000079 ], [ 78.461842101000059, 17.501007800000032 ], [ 78.461946727000054, 17.501049822000027 ], [ 78.46202106200009, 17.501136482000053 ], [ 78.462106407000078, 17.501278288000044 ], [ 78.462150855000061, 17.501432973000082 ], [ 78.462184880000052, 17.501687712000038 ], [ 78.462239866000075, 17.50177262800003 ], [ 78.462326278000035, 17.501812592000029 ], [ 78.462472922000075, 17.501817596000027 ], [ 78.462611709000043, 17.50182259900004 ], [ 78.462682412000063, 17.501827599000023 ], [ 78.462763585000062, 17.50191001800005 ], [ 78.462815838973953, 17.501977857886867 ], [ 78.462854997413473, 17.502028696166455 ], [ 78.46285784800007, 17.50203239700005 ], [ 78.462957349000078, 17.502144787000081 ], [ 78.463081469000031, 17.502299208000071 ], [ 78.463244668000073, 17.502404954000045 ], [ 78.463445763000038, 17.502516282000048 ], [ 78.46371104400005, 17.50255257300006 ], [ 78.463719788000063, 17.502555358000055 ], [ 78.463868436000041, 17.502619390000071 ], [ 78.463877177000029, 17.502627736000083 ], [ 78.463888836000081, 17.502633303000039 ], [ 78.46401415400004, 17.502708444000071 ], [ 78.464019981000035, 17.502714008000055 ], [ 78.464148131000059, 17.502930953000092 ], [ 78.464195885000038, 17.50303236100007 ], [ 78.46429210000008, 17.503121442000069 ], [ 78.464417512000068, 17.503168807000073 ], [ 78.464437932000067, 17.503168818000063 ], [ 78.464551690000064, 17.503191137000044 ], [ 78.464682932000088, 17.503246851000085 ], [ 78.464802478000095, 17.503347074000093 ], [ 78.464956904000076, 17.503661541000046 ], [ 78.465030451000075, 17.503786209000058 ], [ 78.465141663000054, 17.503868503000099 ], [ 78.46516478038734, 17.503893405011862 ], [ 78.46525007300005, 17.503985282000087 ], [ 78.465350130000047, 17.504117973000071 ], [ 78.465375671430905, 17.504231378846558 ], [ 78.46538896900006, 17.504290421000068 ], [ 78.465438433000031, 17.504354797000079 ], [ 78.465538179000077, 17.504452148000041 ], [ 78.465682295000079, 17.504528371000053 ], [ 78.465786940012265, 17.504553776859083 ], [ 78.465997191000042, 17.504598341000076 ], [ 78.466003845000046, 17.504598345000094 ], [ 78.466187933000072, 17.504589983000077 ], [ 78.466190152000081, 17.504587869000094 ], [ 78.466307207000057, 17.504572162000049 ], [ 78.46646198600007, 17.504537359000043 ], [ 78.466597052000054, 17.504529381000058 ], [ 78.466794038000046, 17.504491917000053 ], [ 78.466923478000069, 17.504481252000065 ], [ 78.467156671282382, 17.504519723144522 ], [ 78.467168254000057, 17.504521634000074 ], [ 78.467223842538814, 17.504552365827458 ], [ 78.467382034000082, 17.504639821000072 ], [ 78.467651416000081, 17.504799036000069 ], [ 78.467849943000033, 17.504905071000056 ], [ 78.46796766100006, 17.505059214000092 ], [ 78.468108967000035, 17.505168430000083 ], [ 78.468213260000084, 17.505258366000081 ], [ 78.468252676000077, 17.505346806000095 ], [ 78.468266665000044, 17.505454019000073 ], [ 78.468231461000073, 17.505584657000046 ], [ 78.468143560000044, 17.505721968000053 ], [ 78.468078795371127, 17.505775359286776 ], [ 78.468035961756769, 17.50581067084185 ], [ 78.467960804000029, 17.505872630000059 ], [ 78.467802649000078, 17.506003204000084 ], [ 78.467673144000059, 17.506123404000057 ], [ 78.467351147000045, 17.506676719000041 ], [ 78.467254695000079, 17.506900058000046 ], [ 78.467186859000037, 17.506997846000051 ], [ 78.467040700000041, 17.50721320100007 ], [ 78.466933381000047, 17.507341534000094 ], [ 78.466844346000087, 17.507419826000049 ], [ 78.466822774000036, 17.507454639000063 ], [ 78.466825292000067, 17.507545372000042 ], [ 78.466853532000073, 17.507621405000069 ], [ 78.466907459000083, 17.50774159100007 ], [ 78.466961365000031, 17.507898561000047 ], [ 78.467002395000065, 17.508089854000051 ], [ 78.467022296000053, 17.508258748000063 ], [ 78.467005034000067, 17.508389853000043 ], [ 78.466748197000072, 17.50878724100005 ], [ 78.466564567000034, 17.509066476000047 ], [ 78.466532301867815, 17.509137644611783 ], [ 78.466509775065035, 17.509187332922441 ], [ 78.466480588000081, 17.509251712000044 ], [ 78.466272138000079, 17.509566077000052 ], [ 78.466121595000061, 17.509783923000043 ], [ 78.46604423000008, 17.509972262000076 ], [ 78.465922115000083, 17.510232632000054 ], [ 78.46578941000007, 17.510465183000072 ], [ 78.465720057000055, 17.510590314000073 ], [ 78.46565782600004, 17.510649594000093 ], [ 78.465607624000029, 17.510726100000056 ], [ 78.465605615000072, 17.510729926000067 ], [ 78.465583499000047, 17.510808360000059 ], [ 78.465583497000068, 17.510812187000059 ], [ 78.465565381000033, 17.51091358400004 ], [ 78.465565377000075, 17.510919324000046 ], [ 78.465563334000095, 17.510982463000065 ], [ 78.465570443000047, 17.511052963000054 ], [ 78.465570439000032, 17.511059143000072 ], [ 78.465588215000096, 17.511136404000069 ], [ 78.465589833000081, 17.511139495000066 ], [ 78.465607617000046, 17.51120130500005 ], [ 78.465607612000042, 17.511210575000067 ], [ 78.46560596400009, 17.51125847000009 ], [ 78.465443899000036, 17.511351084000069 ], [ 78.465205952000076, 17.511467474000089 ], [ 78.465106099000081, 17.511533652000082 ], [ 78.465044259000081, 17.51155748400004 ], [ 78.465042787000087, 17.51155748300005 ], [ 78.464986838000073, 17.511577106000065 ], [ 78.464985365000075, 17.511579913000055 ], [ 78.464963268000076, 17.511606574000041 ], [ 78.464947047000067, 17.511655698000084 ], [ 78.464947039000037, 17.511668333000046 ], [ 78.464942592000057, 17.511720271000058 ], [ 78.464942587000053, 17.511728694000055 ], [ 78.464942581000059, 17.511739925000089 ], [ 78.464944049000053, 17.511745541000042 ], [ 78.464971964000028, 17.511836804000044 ], [ 78.465001295000036, 17.511946866000073 ], [ 78.465001142000062, 17.512204834000048 ], [ 78.465061178000056, 17.512333850000065 ], [ 78.465183178000075, 17.512559669000048 ], [ 78.465239727000039, 17.51263804600007 ], [ 78.465276183000071, 17.512733823000076 ], [ 78.465299343000083, 17.512957770000071 ], [ 78.465322143000051, 17.513058392000062 ], [ 78.465448993000052, 17.513274004000042 ], [ 78.465580873000079, 17.513574384000041 ], [ 78.465606623000042, 17.513667132000087 ], [ 78.465618273916974, 17.513760631126129 ], [ 78.465630103000095, 17.513855560000085 ], [ 78.465538546000062, 17.514094545000091 ], [ 78.465464715000053, 17.514280110000076 ], [ 78.465422209000053, 17.514500153000089 ], [ 78.46545102400006, 17.514599294000053 ], [ 78.465451021000035, 17.514604801000079 ], [ 78.46544979863647, 17.514616679203375 ], [ 78.465443102237003, 17.514681750789389 ], [ 78.465439404000051, 17.514717688000079 ], [ 78.465358459000072, 17.514885608000043 ], [ 78.465291945000061, 17.515061796000058 ], [ 78.465248514000052, 17.515265531000072 ], [ 78.465267565000033, 17.515349946000072 ], [ 78.465340357000059, 17.515468517000052 ], [ 78.465387457000077, 17.515546201000067 ], [ 78.465372400000035, 17.515640202000043 ], [ 78.465310202000083, 17.515726002000068 ], [ 78.46530161000004, 17.515758696000091 ], [ 78.465316597000083, 17.515783228000089 ], [ 78.465370165000081, 17.515795518000068 ], [ 78.465374451000059, 17.515795521000094 ], [ 78.465466607000053, 17.515785352000083 ], [ 78.465528759000051, 17.515779255000044 ], [ 78.465558526000052, 17.515783157000048 ], [ 78.465596665000092, 17.515808647000092 ], [ 78.465599207000082, 17.51580986100004 ], [ 78.465622074000066, 17.515853536000073 ], [ 78.465624616000071, 17.515857176000061 ], [ 78.465653836000058, 17.515909343000093 ], [ 78.465662718000047, 17.515944520000065 ], [ 78.465655071000086, 17.515972411000064 ], [ 78.46563344100008, 17.515988166000064 ], [ 78.465629625000091, 17.515988164000081 ], [ 78.465592739000058, 17.515994209000045 ], [ 78.465527872000052, 17.516002664000041 ], [ 78.465488449000077, 17.515997791000075 ], [ 78.465487178000046, 17.515997790000089 ], [ 78.465449026000059, 17.515992918000055 ], [ 78.465393069000072, 17.51599046300004 ], [ 78.465349819000039, 17.516004993000085 ], [ 78.465264578000088, 17.516054674000088 ], [ 78.465213144000074, 17.516081221000043 ], [ 78.465129535000074, 17.516083120000083 ], [ 78.465066311000044, 17.516096699000059 ], [ 78.465045897000053, 17.516133636000063 ], [ 78.46504589400007, 17.516139470000049 ], [ 78.465051957000071, 17.516230872000055 ], [ 78.465053990000058, 17.516240597000092 ], [ 78.465053978000071, 17.516261988000057 ], [ 78.465053973000067, 17.516269767000047 ], [ 78.465066270647839, 17.516310591046555 ], [ 78.465092642000059, 17.516398135000088 ], [ 78.465096717000051, 17.516403971000052 ], [ 78.465105401075448, 17.516435512867446 ], [ 78.465147588000036, 17.516588742000071 ], [ 78.465143470000058, 17.516654858000045 ], [ 78.465220819000081, 17.516894094000065 ], [ 78.465359392000039, 17.517284504000088 ], [ 78.465464510000061, 17.517557867000054 ], [ 78.465540983000039, 17.518047548000087 ], [ 78.465622242000052, 17.51824687300007 ], [ 78.465736347000075, 17.518486619000047 ], [ 78.465911309000035, 17.518853505000042 ], [ 78.465915197000072, 17.518866586000065 ], [ 78.466158222000047, 17.519342971000075 ], [ 78.466650706000053, 17.52024078300008 ], [ 78.467072864000045, 17.52096759200009 ], [ 78.467571851000073, 17.521712760000074 ], [ 78.468055695000032, 17.522436337000045 ] ] } },
{ "type": "Feature", "properties": { "FID": 7, "Nala_ID": "PFB", "Nala_Name": "PARKI CHERVU TO FATEHNAGAR", "Circle": "Circle-14 A & Circle-14 B", "District": "RANGAREDDY", "Total_Seg": 10, "Length_m": 10052.0, "Govt_Encr": 0, "Pvt_Encr": 0, "Rel_Encr": 0, "Total_Encr": 0, "Court_Case": 0, "Mandal": " ", "Village": " ", "SNO": 8, "ZONE_NAME": "WEST ZONE", "ZONE_ID": "WTZ", "length_m_calc": 10052.632497786624 }, "geometry": { "type": "LineString", "coordinates": [ [ 78.412828375000061, 17.508899429000056 ], [ 78.413026403000075, 17.508818312000077 ], [ 78.413166260000082, 17.508750851000059 ], [ 78.41319001800008, 17.508739589000072 ], [ 78.41336910900003, 17.508585660000055 ], [ 78.413379874000043, 17.508585218000068 ], [ 78.413536018000059, 17.508460517000064 ], [ 78.41366495300008, 17.508359582000082 ], [ 78.413835419000065, 17.508222776000085 ], [ 78.413875164000046, 17.508141054000077 ], [ 78.413916803000063, 17.508037159000089 ], [ 78.413956010000049, 17.507935568000054 ], [ 78.413998412000069, 17.507706171000056 ], [ 78.413996922000081, 17.507617567000072 ], [ 78.413968195000052, 17.507492533000065 ], [ 78.413935811000059, 17.507206943000089 ], [ 78.413906741000062, 17.507111274000074 ], [ 78.413901835000047, 17.507114693000069 ], [ 78.413902418000077, 17.506940942000089 ], [ 78.413901765000048, 17.506926492000051 ], [ 78.413901693000085, 17.506924886000043 ], [ 78.413903406000045, 17.50685082200005 ], [ 78.413944117000085, 17.506818586000069 ], [ 78.414089950000061, 17.506761118000043 ], [ 78.41448490900008, 17.506617809000097 ], [ 78.414499936000098, 17.506590841000051 ], [ 78.414470688000051, 17.506316266000063 ], [ 78.414430605000064, 17.506154324000082 ], [ 78.414405878000082, 17.506076302000057 ], [ 78.414341295000042, 17.506002470000062 ], [ 78.414246495000043, 17.505875681000084 ], [ 78.414128506000054, 17.505741133000075 ], [ 78.414041078000082, 17.505647232000062 ], [ 78.413916472000054, 17.50557360400007 ], [ 78.41385456900008, 17.505517087000047 ], [ 78.413801637000063, 17.505430669000081 ], [ 78.413769975000037, 17.505358144000073 ], [ 78.413753102000044, 17.505270245000084 ], [ 78.413746753000055, 17.505186835000075 ], [ 78.413776684000098, 17.505106856000062 ], [ 78.413781724000046, 17.505104188000079 ], [ 78.413818606000063, 17.505006698000049 ], [ 78.413822221000032, 17.504939948000079 ], [ 78.413737126000072, 17.504481364000071 ], [ 78.413596052000059, 17.503704029000069 ], [ 78.413484438000069, 17.503203541000065 ], [ 78.413445933000048, 17.503008941000076 ], [ 78.413445539000065, 17.503000238000091 ], [ 78.413444851000079, 17.502985008000053 ], [ 78.413455591000059, 17.50291917300007 ], [ 78.413489438000056, 17.502858927000094 ], [ 78.413495988000079, 17.502852119000071 ], [ 78.413530249000075, 17.502750440000057 ], [ 78.413522288000081, 17.502605773000084 ], [ 78.413481845000035, 17.502255358000074 ], [ 78.413481267000066, 17.502242579000043 ], [ 78.413480882000059, 17.502234059000049 ], [ 78.413482269000042, 17.502165720000054 ], [ 78.413482173000034, 17.502163591000055 ], [ 78.413511321000044, 17.50211544900009 ], [ 78.413559278000037, 17.502136950000086 ], [ 78.413618016000044, 17.502149473000092 ], [ 78.41366812900003, 17.502119674000088 ], [ 78.413669013743174, 17.502117787457802 ], [ 78.413672875806142, 17.502109552360718 ], [ 78.413690577000068, 17.502071808000043 ], [ 78.413719259000061, 17.50201002800009 ], [ 78.413711820270336, 17.501931007556131 ], [ 78.413709820000065, 17.501909759000061 ], [ 78.413709292000078, 17.501898076000092 ], [ 78.413631910000049, 17.501760804000075 ], [ 78.41361351400009, 17.50166724300005 ], [ 78.413581685000068, 17.501424247000045 ], [ 78.413580916000058, 17.501407235000048 ], [ 78.413580276000062, 17.501393057000094 ], [ 78.413577457000045, 17.501330677000059 ], [ 78.413576817000035, 17.501316499000048 ], [ 78.41357643200007, 17.501307993000072 ], [ 78.413610727000048, 17.501209999000086 ], [ 78.413666345000081, 17.50112249100005 ], [ 78.414194089000034, 17.500742653000096 ], [ 78.414197454582933, 17.500740613896358 ], [ 78.414201557160609, 17.500737746777354 ], [ 78.414265424000064, 17.500689075000089 ], [ 78.414286190000041, 17.500626321000087 ], [ 78.414288780000049, 17.500553059000087 ], [ 78.414288526000078, 17.500547442000087 ], [ 78.414280252000083, 17.50042960900004 ], [ 78.414246897000055, 17.500279043000095 ], [ 78.414196153000034, 17.500070105000077 ], [ 78.414151706000041, 17.499804635000093 ], [ 78.414102704000072, 17.49967154400008 ], [ 78.414090563000059, 17.499402832000047 ], [ 78.414126529000043, 17.499275926000056 ], [ 78.414219849000062, 17.49914054400006 ], [ 78.414323022000076, 17.499081238000091 ], [ 78.414480900000058, 17.499025802000066 ], [ 78.414655752000044, 17.498991083000078 ], [ 78.414793150000037, 17.498979317000082 ], [ 78.414950447000081, 17.49898202900005 ], [ 78.415081441000041, 17.498970527000047 ], [ 78.415225991000057, 17.49893998500005 ], [ 78.415406478000094, 17.498849731000067 ], [ 78.415883851000046, 17.498602312000067 ], [ 78.41609662500008, 17.498486951000078 ], [ 78.416243944000044, 17.498323033000077 ], [ 78.416325034000067, 17.498206450000058 ], [ 78.41638284000004, 17.498132006000052 ], [ 78.416462661000082, 17.498066953000095 ], [ 78.416469844000076, 17.498066658000084 ], [ 78.416614778000053, 17.498009223000061 ], [ 78.416813926000032, 17.497877491000061 ], [ 78.417038060000039, 17.49774130000009 ], [ 78.417152252000065, 17.497699047000083 ], [ 78.417230400000051, 17.497695835000059 ], [ 78.417299269000068, 17.497723550000046 ], [ 78.417333368000072, 17.49778573500004 ], [ 78.41751045000008, 17.498013593000053 ], [ 78.417526018000046, 17.498037158000049 ], [ 78.417643199000054, 17.498142994000098 ], [ 78.417913025019473, 17.498090362355228 ], [ 78.417974115357907, 17.498093404847321 ], [ 78.418141680000076, 17.498101750000053 ], [ 78.418195241810793, 17.498098199181278 ], [ 78.418416409000031, 17.498083537000074 ], [ 78.418820795000045, 17.498046161000055 ], [ 78.419076211000061, 17.498018688000062 ], [ 78.41908933696763, 17.498019890631369 ], [ 78.419250448000071, 17.498052699000091 ], [ 78.419568131000062, 17.498096252000042 ], [ 78.41958159800005, 17.498095699000093 ], [ 78.419877640000038, 17.498078376000084 ], [ 78.42003339300004, 17.498061676000081 ], [ 78.420036086000039, 17.498061565000061 ], [ 78.420153256000049, 17.498033742000075 ], [ 78.420341854000071, 17.497983318000088 ], [ 78.420486463000032, 17.497883503000086 ], [ 78.420574511000041, 17.497786015000091 ], [ 78.420653418000029, 17.497576153000072 ], [ 78.420668808000073, 17.497240007000077 ], [ 78.42070833300005, 17.497155719000094 ], [ 78.420829719000054, 17.497077789000063 ], [ 78.420949789000076, 17.49697073700009 ], [ 78.421011226000076, 17.496863667000074 ], [ 78.421107647000042, 17.496684651000066 ], [ 78.421180642000081, 17.496580037000061 ], [ 78.421419162000078, 17.496326445000086 ], [ 78.421508816424478, 17.496216763845503 ], [ 78.421566898677952, 17.496145707254012 ], [ 78.421586842000067, 17.496121309000046 ], [ 78.421701209000048, 17.496041595000069 ], [ 78.42184288600005, 17.495944684000055 ], [ 78.421941689000064, 17.495905613000055 ], [ 78.422312237000028, 17.49570565800008 ], [ 78.422327369000072, 17.495697647000046 ], [ 78.42278080300008, 17.495446258000079 ], [ 78.423241517000065, 17.495224943000046 ], [ 78.423534204000077, 17.495080507000072 ], [ 78.423641063000048, 17.494987849000047 ], [ 78.423643744000074, 17.494978913000075 ], [ 78.423782213000038, 17.494834939000043 ], [ 78.42379105200007, 17.494825749000086 ], [ 78.423793998000065, 17.494822685000091 ], [ 78.423891644000051, 17.494662739000095 ], [ 78.423954225000045, 17.494477757000087 ], [ 78.424007804000055, 17.494314800000044 ], [ 78.424401805000059, 17.493647304000095 ], [ 78.424571247000074, 17.493328274000078 ], [ 78.424573480000049, 17.493317866000048 ], [ 78.424615657000061, 17.493174286000055 ], [ 78.424600086000069, 17.493069189000042 ], [ 78.424559477000074, 17.492987565000082 ], [ 78.424354055000038, 17.492695736000087 ], [ 78.424352913000064, 17.492670497000066 ], [ 78.424223265000094, 17.492441928000066 ], [ 78.424216078000029, 17.492429581000071 ], [ 78.424166081000067, 17.492276756000084 ], [ 78.424155158000076, 17.492255080000071 ], [ 78.42412672200004, 17.492139299000094 ], [ 78.424142833000076, 17.492052290000068 ], [ 78.424169728000038, 17.491931095000044 ], [ 78.424271253000029, 17.491789674000081 ], [ 78.424547539000059, 17.491455783000049 ], [ 78.424730283000031, 17.491201225000054 ], [ 78.424910002000047, 17.490980480000076 ], [ 78.425139743000045, 17.490689716000084 ], [ 78.425224007000054, 17.490506983000049 ], [ 78.425213253000038, 17.490397109000074 ], [ 78.425193673000081, 17.490299090000072 ], [ 78.425136123000073, 17.490152865000091 ], [ 78.42504109500004, 17.490105339000081 ], [ 78.424703988000047, 17.490004910000042 ], [ 78.424356234000072, 17.489867771000039 ], [ 78.423932968000031, 17.489650871000041 ], [ 78.423809596000069, 17.489544873000064 ], [ 78.423795175200326, 17.489529680595002 ], [ 78.423745352341555, 17.489477191868634 ], [ 78.423698153000032, 17.489427467000048 ], [ 78.42369225200008, 17.489417328000062 ], [ 78.423673092508594, 17.489385520329684 ], [ 78.423668383074173, 17.489377701950442 ], [ 78.423651060000054, 17.489348943000046 ], [ 78.42364469000006, 17.489328441000055 ], [ 78.423638788000076, 17.489318302000076 ], [ 78.423635038000043, 17.489235399000055 ], [ 78.42363468700006, 17.489227627000052 ], [ 78.423634101000061, 17.489214673000056 ], [ 78.42365479700004, 17.489130764000045 ], [ 78.42371246700003, 17.489021974000089 ], [ 78.42372014700004, 17.489011276000046 ], [ 78.423832494000067, 17.488908022000089 ], [ 78.423840291000047, 17.488899915000051 ], [ 78.42385057000007, 17.488886514000065 ], [ 78.423858367000037, 17.488878407000072 ], [ 78.423958442000071, 17.488744512000043 ], [ 78.424079784000071, 17.488574013000068 ], [ 78.424193777000085, 17.488339969000045 ], [ 78.424218546000077, 17.488212237000088 ], [ 78.42429923800006, 17.487986772000056 ], [ 78.424330388000044, 17.487733546000076 ], [ 78.424352623000061, 17.487597178000051 ], [ 78.424442645000056, 17.487522052000092 ], [ 78.424614835000057, 17.48734799500005 ], [ 78.424737942000036, 17.487249902000091 ], [ 78.424901204000037, 17.487154927000063 ], [ 78.424906089000046, 17.487152341000073 ], [ 78.424992164000059, 17.48712017500009 ], [ 78.425002149000079, 17.48711976400006 ], [ 78.425097221000044, 17.487120622000081 ], [ 78.42518837700004, 17.487145494000064 ], [ 78.425201181000034, 17.487152123000044 ], [ 78.42534844000005, 17.487200923000049 ], [ 78.425542138000083, 17.487281207000088 ], [ 78.425552446000054, 17.487287939000058 ], [ 78.425712725000039, 17.487348130000047 ], [ 78.425725314000047, 17.487349997000084 ], [ 78.425992655000073, 17.487414499000071 ], [ 78.426175296000054, 17.487411035000044 ], [ 78.426261916000044, 17.48739936100009 ], [ 78.426298640000098, 17.487365412000088 ], [ 78.426319688000035, 17.487313862000068 ], [ 78.426356245000079, 17.487229237000069 ], [ 78.426396770000053, 17.487138367000064 ], [ 78.426458785000094, 17.487052694000063 ], [ 78.426482505000095, 17.487013199000049 ], [ 78.426572452000073, 17.486981114000063 ], [ 78.426632056000074, 17.486936086000075 ], [ 78.426640267000039, 17.486929666000037 ], [ 78.426686958000062, 17.486881116000063 ], [ 78.426737251000077, 17.486818226000089 ], [ 78.426757882000061, 17.486767396000069 ], [ 78.426764711000033, 17.486648905000042 ], [ 78.426745788000062, 17.486545040000067 ], [ 78.426724911000079, 17.486487763000074 ], [ 78.426662161000081, 17.486403142000089 ], [ 78.426580109000042, 17.486296062000068 ], [ 78.426511624000057, 17.486229065000092 ], [ 78.426386040000068, 17.486140369000058 ], [ 78.42637406800003, 17.486131659000087 ], [ 78.426368040000057, 17.486126385000098 ], [ 78.42630299700005, 17.486053602000084 ], [ 78.42629897900008, 17.486050086000095 ], [ 78.426246504000062, 17.485956540000078 ], [ 78.426215465000041, 17.485867632000065 ], [ 78.426201346000084, 17.485768826000086 ], [ 78.426179331000071, 17.485635823000056 ], [ 78.426178509000081, 17.485617648000073 ], [ 78.426174500000059, 17.485529045000085 ], [ 78.426173986000038, 17.485517685000055 ], [ 78.426173369000082, 17.485504054000049 ], [ 78.42619223700008, 17.485446375000041 ], [ 78.426194310000085, 17.485439461000063 ], [ 78.426253876000033, 17.485384658000051 ], [ 78.426379212000029, 17.485306664000067 ], [ 78.42638604900003, 17.485299554000051 ], [ 78.426455657000076, 17.485255718000076 ], [ 78.426519987000063, 17.48520072000008 ], [ 78.42657304200003, 17.485107491000065 ], [ 78.426633859000049, 17.485027599000091 ], [ 78.426665679000052, 17.484979104000054 ], [ 78.426773325000056, 17.484881865000091 ], [ 78.426926540000068, 17.48470648100005 ], [ 78.427019271000063, 17.484500285000088 ], [ 78.42711580100007, 17.484437391000089 ], [ 78.427126177000048, 17.484429279000043 ], [ 78.427136554000072, 17.484421166000065 ], [ 78.427296267000031, 17.484330054000058 ], [ 78.427388349000069, 17.484249062000067 ], [ 78.427460541000073, 17.484112015000058 ], [ 78.427479584000096, 17.483995205000046 ], [ 78.427479351000045, 17.483990057000089 ], [ 78.427471645000082, 17.483879505000068 ], [ 78.427460973340231, 17.483836636843634 ], [ 78.427445464414234, 17.48377433731789 ], [ 78.427438607000056, 17.483746791000051 ], [ 78.427409432000047, 17.483639702000062 ], [ 78.427419838000063, 17.483572928000061 ], [ 78.427468749027625, 17.48342644033027 ], [ 78.427480235000075, 17.483392040000069 ], [ 78.427554980000082, 17.483183801000056 ], [ 78.427637157000049, 17.483002016000061 ], [ 78.427701368000044, 17.482868376000056 ], [ 78.427721075000079, 17.482697424000037 ], [ 78.427721706000071, 17.482590078000051 ], [ 78.427696265000066, 17.482452396000046 ], [ 78.427665207000075, 17.48237253100007 ], [ 78.427567227000054, 17.482269246000048 ], [ 78.427499733000047, 17.482172558000062 ], [ 78.427462960000071, 17.482087693000047 ], [ 78.427440239000077, 17.482010102000068 ], [ 78.427446623000037, 17.481929482000055 ], [ 78.427510676000054, 17.481718424000064 ], [ 78.427562045000059, 17.481532022000071 ], [ 78.427549889000048, 17.481413406000062 ], [ 78.427560948000064, 17.481306946000078 ], [ 78.427594039000041, 17.481248796000049 ], [ 78.427639529000047, 17.481201493000075 ], [ 78.427693199000032, 17.481159532000049 ], [ 78.427727914000059, 17.481137280000045 ], [ 78.42778071400005, 17.481119963000086 ], [ 78.427832303000059, 17.481119732000085 ], [ 78.427911625000036, 17.48111835900005 ], [ 78.428001192000082, 17.481124136000066 ], [ 78.428069840000035, 17.481106166000075 ], [ 78.428137888000052, 17.481074970000069 ], [ 78.428272860000064, 17.481031555000079 ], [ 78.42844038100003, 17.481005728000074 ], [ 78.428528494000034, 17.480996508000093 ], [ 78.428665439000042, 17.480955565000052 ], [ 78.428716652000048, 17.480911534000093 ], [ 78.42874308100005, 17.480831012000074 ], [ 78.428763895000031, 17.480728658000096 ], [ 78.428823778000037, 17.480569533000057 ], [ 78.428849101000083, 17.480445155000048 ], [ 78.428851953000049, 17.480201198000096 ], [ 78.428836064000052, 17.479888264000071 ], [ 78.428819602000033, 17.479638823000077 ], [ 78.428762900000038, 17.479416178000069 ], [ 78.428703322000047, 17.47925120400004 ], [ 78.428702967000063, 17.479243371000056 ], [ 78.428634094000074, 17.479115405000076 ], [ 78.428553277000049, 17.479035465000042 ], [ 78.428475202000072, 17.478898893000068 ], [ 78.428449666000063, 17.478823457000093 ], [ 78.428431577000083, 17.478729252000058 ], [ 78.428390216000082, 17.478609631000047 ], [ 78.428193739000065, 17.478361885000087 ], [ 78.428151343000081, 17.478245963000067 ], [ 78.428130586000066, 17.478050696000086 ], [ 78.428069772000072, 17.477760441000044 ], [ 78.428040401000032, 17.477563968000091 ], [ 78.427999174000036, 17.476875172000067 ], [ 78.427988411000058, 17.476341258000051 ], [ 78.427993584392638, 17.476207313450594 ], [ 78.427997069982737, 17.476117067558754 ], [ 78.427997418541196, 17.4761080429695 ], [ 78.428010751000045, 17.475762848000048 ], [ 78.427914273000056, 17.47523921200008 ], [ 78.427873279000039, 17.474981470000046 ], [ 78.42786680200004, 17.474628565000049 ], [ 78.427867462000052, 17.47429347700006 ], [ 78.427885505000063, 17.47413275100007 ], [ 78.427926712000044, 17.47399518900005 ], [ 78.428025004000062, 17.473789154000087 ], [ 78.428054743000075, 17.473602497000066 ], [ 78.428032091000048, 17.473501738000042 ], [ 78.427932737000049, 17.473282700000087 ], [ 78.427733338000053, 17.473133407000095 ], [ 78.427460771000099, 17.473039627000052 ], [ 78.427048140000068, 17.473043490000066 ], [ 78.426695536000068, 17.473005505000064 ], [ 78.426401772000077, 17.472899470000073 ], [ 78.426312547000066, 17.472752202000041 ], [ 78.42631136100006, 17.472726 ], [ 78.426275889000067, 17.472550268000077 ], [ 78.426281867000057, 17.472530334000059 ], [ 78.426379578695233, 17.472315503353375 ], [ 78.426417966000031, 17.472275162000077 ], [ 78.426429777000067, 17.472266726000047 ], [ 78.426527297000064, 17.472097905000059 ], [ 78.426577598000051, 17.471931864000059 ], [ 78.426580558000069, 17.471920607000076 ], [ 78.426583519000076, 17.471909350000097 ], [ 78.426669278000077, 17.471687038000084 ], [ 78.426686997000047, 17.47167016100008 ], [ 78.426692906000085, 17.471661721000093 ], [ 78.426757374000033, 17.471566362000093 ], [ 78.427050116000046, 17.471452379000088 ], [ 78.427070080000078, 17.471439705000083 ], [ 78.427376157000097, 17.471284494000091 ], [ 78.427631535000046, 17.471199893000065 ], [ 78.428112272000078, 17.471113187000075 ], [ 78.428474337000068, 17.471061217000059 ], [ 78.428504759000077, 17.471061239000054 ], [ 78.428513885000029, 17.471061245000048 ], [ 78.428775527000084, 17.471046925000056 ], [ 78.428962024000043, 17.471022990000051 ], [ 78.428977090332083, 17.471012489289539 ], [ 78.428987513242419, 17.471004992458834 ], [ 78.429193798000028, 17.470934751000073 ], [ 78.429203728000061, 17.470934758000059 ], [ 78.429309712000077, 17.470855900000064 ], [ 78.429478674000066, 17.470666581000049 ], [ 78.429495237000083, 17.470650806000041 ], [ 78.429511799000068, 17.470635031000086 ], [ 78.429654303000063, 17.470417276000099 ], [ 78.429795785000081, 17.470285198000063 ], [ 78.429953040000044, 17.470172874000074 ], [ 78.430306736000048, 17.470077348000078 ], [ 78.430511142179071, 17.470041777910762 ], [ 78.43060373050389, 17.470025665920115 ], [ 78.430742612971684, 17.470001497849122 ], [ 78.430878718000031, 17.469977813000078 ], [ 78.430896181000037, 17.469977826000054 ], [ 78.431577343000072, 17.469828395000043 ], [ 78.432018397000036, 17.469674628000067 ], [ 78.432328191000067, 17.469617561000067 ], [ 78.432831954000051, 17.469479201000073 ], [ 78.432991654000048, 17.469360899000037 ], [ 78.433002302000034, 17.46935075600004 ], [ 78.433090215312419, 17.469240859938015 ], [ 78.433115911000073, 17.469208739000067 ], [ 78.433140763000054, 17.469178307000053 ], [ 78.433296975000076, 17.468982187000059 ], [ 78.43342159000008, 17.468841005000062 ], [ 78.433453021400936, 17.46866039000081 ], [ 78.433460882288699, 17.468615218715911 ], [ 78.43347521365942, 17.468404384157225 ], [ 78.433476468000038, 17.468385931000061 ], [ 78.433476486000075, 17.468363176000086 ], [ 78.433476491000079, 17.468356674000066 ], [ 78.433524295000041, 17.468236428000068 ], [ 78.433657298000071, 17.468116241000079 ], [ 78.433657300000064, 17.468112991000059 ], [ 78.433710219329072, 17.468079709048624 ], [ 78.433838010000045, 17.467999339000077 ], [ 78.434035756000071, 17.467888950000091 ], [ 78.434042579000049, 17.467879202000066 ], [ 78.434393655000065, 17.467804678000054 ], [ 78.434761759000097, 17.467746419000036 ], [ 78.434778799000071, 17.467746430000094 ], [ 78.434792431000062, 17.467746440000042 ], [ 78.43496622400005, 17.467762814000086 ], [ 78.434979856000041, 17.467762823000047 ], [ 78.435102488000041, 17.467834426000085 ], [ 78.435109299000032, 17.467840932000062 ], [ 78.435248934000072, 17.467961308000046 ], [ 78.435259148000057, 17.467974319000064 ], [ 78.435391047000067, 17.468098554000058 ], [ 78.435601431000066, 17.468154514000052 ], [ 78.43579713400004, 17.468191810000068 ], [ 78.436012388000051, 17.46814043300003 ], [ 78.436281439000084, 17.468005045000044 ], [ 78.436305898000057, 17.467991039000029 ], [ 78.436325464000063, 17.46797703500005 ], [ 78.436648312000045, 17.467757634000073 ], [ 78.436765723000065, 17.467729610000053 ], [ 78.436790184000074, 17.467724938000067 ], [ 78.437069055000052, 17.467752882000074 ], [ 78.437093517000051, 17.467752877000066 ], [ 78.43711797900005, 17.467752873000059 ], [ 78.437162012000044, 17.467762197000074 ], [ 78.437439774311827, 17.467821845540449 ], [ 78.43750938900007, 17.467836795000043 ], [ 78.437760005000044, 17.467836949000063 ], [ 78.437819590539164, 17.467827500933019 ], [ 78.438454617389013, 17.467726807917359 ], [ 78.438544314000069, 17.467712585000076 ], [ 78.438601579846917, 17.467693348087206 ], [ 78.438989462000066, 17.467563049000034 ], [ 78.439284889000078, 17.467510146000055 ], [ 78.439658791000056, 17.467452822000048 ], [ 78.43988497800008, 17.467413143000048 ], [ 78.440106532000073, 17.467298608000025 ], [ 78.440443444000039, 17.466977086000046 ], [ 78.440633751000064, 17.466760369000045 ], [ 78.440908112000045, 17.466502446000057 ], [ 78.441133330000071, 17.466279697000061 ], [ 78.441166051000039, 17.466088245000044 ], [ 78.441166048000071, 17.466076524000076 ], [ 78.441163611852545, 17.465948025854704 ], [ 78.441161900000054, 17.465857732000078 ], [ 78.441108004000071, 17.465622892000059 ], [ 78.440968539852946, 17.46544813179954 ], [ 78.440944477000073, 17.465417979000051 ], [ 78.440925790000051, 17.465400161000055 ], [ 78.440916446000074, 17.465391252000078 ], [ 78.440818334000099, 17.465279889000048 ], [ 78.440813640000044, 17.465186326000037 ], [ 78.440864993000048, 17.465079384000038 ], [ 78.440878998000073, 17.465052649000032 ], [ 78.441129363544661, 17.464714454954475 ], [ 78.441182497000057, 17.46464268200004 ], [ 78.441346848182661, 17.464482238796247 ], [ 78.441942261000065, 17.463900980000066 ], [ 78.44222099600006, 17.463523459000047 ], [ 78.442358814000045, 17.463250621000043 ], [ 78.442358811000076, 17.463236007000038 ], [ 78.442387071554819, 17.463159388208922 ], [ 78.442486398000085, 17.462890098000063 ], [ 78.442486393000081, 17.462870612000078 ], [ 78.442532143563668, 17.462778033257642 ], [ 78.442614001000038, 17.462612390000064 ], [ 78.44262931600008, 17.462588028000031 ], [ 78.442762064000092, 17.46246133700004 ], [ 78.442871532107134, 17.462430992366329 ], [ 78.442920368000046, 17.46241745500004 ], [ 78.442977961624763, 17.462410116154427 ], [ 78.443073572000074, 17.462397933000041 ], [ 78.443140724529002, 17.462429359903407 ], [ 78.443354487000079, 17.462529399000069 ], [ 78.443364707000072, 17.462553754000059 ], [ 78.44356530691725, 17.462859019974022 ], [ 78.443595424312647, 17.462904851485444 ], [ 78.44361550258408, 17.462935405824837 ], [ 78.443621703951038, 17.46294484282382 ], [ 78.44363037100004, 17.462958032000078 ], [ 78.44373443927303, 17.463082766162827 ], [ 78.443767311558247, 17.463122166188207 ], [ 78.443809171000055, 17.463172338000053 ], [ 78.444395004938613, 17.463441973781244 ], [ 78.444453404060511, 17.46347638034208 ], [ 78.444737090000046, 17.463643517000044 ], [ 78.444852496478646, 17.4636964876516 ], [ 78.444983271000069, 17.463756512000035 ], [ 78.445138262000071, 17.463778215000051 ], [ 78.445224849000056, 17.46369557800006 ], [ 78.445224847000077, 17.463686882000051 ], [ 78.445215665000049, 17.463439035000025 ], [ 78.445223322000061, 17.463234909000054 ], [ 78.445259887000091, 17.462943618000054 ], [ 78.445373820000057, 17.462691145000065 ], [ 78.445471503000078, 17.462574608000072 ], [ 78.445483714000048, 17.462562954000077 ], [ 78.44592338700005, 17.46240749400005 ], [ 78.446098584000083, 17.462309028000053 ], [ 78.446448231000034, 17.462280352000054 ], [ 78.446737944000063, 17.462275515000048 ], [ 78.44675292900007, 17.46227551100003 ], [ 78.44713755500004, 17.462294474000039 ], [ 78.447318238774287, 17.462389211111361 ], [ 78.447337387000061, 17.462399251000022 ], [ 78.447422327000098, 17.46248499700005 ], [ 78.447412407000058, 17.462737538000059 ], [ 78.44739591290633, 17.462921012180701 ], [ 78.447372569000038, 17.463180680000054 ], [ 78.447422757893335, 17.463397255245734 ], [ 78.447457588000091, 17.463547554000058 ], [ 78.447472579000078, 17.463566610000044 ], [ 78.447697474000051, 17.463971569000027 ], [ 78.447898047000081, 17.464200319000046 ], [ 78.448160773000041, 17.464362386000065 ], [ 78.448428637000063, 17.464475320000076 ], [ 78.448907650000081, 17.464499762000063 ], [ 78.44937120600008, 17.464504554000033 ], [ 78.449716294000041, 17.464489724000035 ], [ 78.450020153000082, 17.464386467000054 ], [ 78.450257039000064, 17.464234095000055 ], [ 78.450396042000079, 17.464012963000076 ], [ 78.450396038000065, 17.463998224000026 ], [ 78.450396030000036, 17.463973658000047 ], [ 78.450370177000082, 17.463629740000048 ], [ 78.450370172000078, 17.463615 ], [ 78.450395816000082, 17.463236675000079 ], [ 78.450438356000063, 17.462938538000067 ], [ 78.450647591000063, 17.462506669000053 ], [ 78.450992644000053, 17.46212873800005 ], [ 78.451779036000062, 17.461675114000062 ], [ 78.452455312000041, 17.461242832000039 ], [ 78.453236154000081, 17.460714428000074 ], [ 78.453660745000036, 17.460554073000033 ], [ 78.45405130000006, 17.460307288000031 ], [ 78.454643861717429, 17.459725975681422 ] ] } },
{ "type": "Feature", "properties": { "FID": 8, "Nala_ID": "AYK", "Nala_Name": "AMBER CHERUVU TO YELLAMMAKUNTA", "Circle": "Circle-14 B", "District": "RANGAREDDY", "Total_Seg": 4, "Length_m": 1057.0, "Govt_Encr": 0, "Pvt_Encr": 0, "Rel_Encr": 0, "Total_Encr": 0, "Court_Case": 0, "Mandal": " ", "Village": " ", "SNO": 9, "ZONE_NAME": "WEST ZONE", "ZONE_ID": "WTZ", "length_m_calc": 1057.1890342747761 }, "geometry": { "type": "LineString", "coordinates": [ [ 78.39963984700006, 17.50735846200007 ], [ 78.399765660000071, 17.507130448000058 ], [ 78.39976723100007, 17.507108343000088 ], [ 78.399801074000038, 17.506947774000086 ], [ 78.399800743000071, 17.506940441000047 ], [ 78.399823424000033, 17.506817065000064 ], [ 78.399828220000074, 17.50680952100004 ], [ 78.399894915000075, 17.50669413400005 ], [ 78.399877028000063, 17.506582218000062 ], [ 78.399876088000042, 17.50653053200006 ], [ 78.399925261000092, 17.506427952000085 ], [ 78.399924891000069, 17.50641975700006 ], [ 78.399924429000066, 17.506409515000087 ], [ 78.400101810000081, 17.506143647000052 ], [ 78.400190654000085, 17.506033057000089 ], [ 78.400408709000033, 17.505652932000093 ], [ 78.400499679000063, 17.505474749000093 ], [ 78.400623316000065, 17.505286673000057 ], [ 78.400637800000098, 17.505259078000059 ], [ 78.400727404000065, 17.50515340000004 ], [ 78.400726864000035, 17.505141421000083 ], [ 78.400729463000062, 17.505129315000094 ], [ 78.40074394700008, 17.505101720000088 ], [ 78.400791382000079, 17.504967771000057 ], [ 78.400771323000072, 17.504839633000078 ], [ 78.400821859000089, 17.504675768000087 ], [ 78.400972136000064, 17.504338126000054 ], [ 78.401083045000064, 17.504201314000056 ], [ 78.401151458000072, 17.503929166000095 ], [ 78.401159697411856, 17.503919618286776 ], [ 78.401218863000054, 17.503851058000066 ], [ 78.401313658000049, 17.503656685000067 ], [ 78.401374292000085, 17.503552557000095 ], [ 78.401386160000072, 17.503424017000047 ], [ 78.401381874000037, 17.503407344000038 ], [ 78.401381267000033, 17.503393890000041 ], [ 78.401376981000055, 17.503377216000047 ], [ 78.401362910000046, 17.503300288000055 ], [ 78.401362152000061, 17.503283470000042 ], [ 78.401311786000079, 17.503106937000048 ], [ 78.40129756400006, 17.503026645000091 ], [ 78.401325967000048, 17.502951343000067 ], [ 78.40169147000006, 17.50275100500005 ], [ 78.402054935000095, 17.502589431000054 ], [ 78.40214068298836, 17.502546894681068 ], [ 78.40234816800006, 17.502443969000073 ], [ 78.40259178000008, 17.50237996400006 ], [ 78.402758026000072, 17.502373140000092 ], [ 78.402853211000036, 17.502376587000079 ], [ 78.402998776000075, 17.502402580000084 ], [ 78.40301455000008, 17.502409310000079 ], [ 78.403132691000053, 17.502456101000067 ], [ 78.403234699000052, 17.502545358000077 ], [ 78.403339170000038, 17.502632055000056 ], [ 78.403500952000059, 17.50267459600008 ], [ 78.403764132000049, 17.502678548000066 ], [ 78.403943053040095, 17.502675979967641 ], [ 78.403947440000081, 17.502675917000094 ], [ 78.404008696928656, 17.502670642563984 ], [ 78.404558009000084, 17.502623344000085 ], [ 78.405769050000075, 17.502539241000083 ], [ 78.405974943000047, 17.50251145600004 ] ] } },
{ "type": "Feature", "properties": { "FID": 9, "Nala_ID": "YYP", "Nala_Name": "YELLAMMA KUNTA TO YELLAMMA BRIDGE", "Circle": "Circle-14 B", "District": "RANGAREDDY", "Total_Seg": 1, "Length_m": 1202.0, "Govt_Encr": 0, "Pvt_Encr": 0, "Rel_Encr": 0, "Total_Encr": 0, "Court_Case": 0, "Mandal": " ", "Village": " ", "SNO": 10, "ZONE_NAME": "WEST ZONE", "ZONE_ID": "WTZ", "length_m_calc": 1202.4605747963349 }, "geometry": { "type": "LineString", "coordinates": [ [ 78.408410394000043, 17.500164380000058 ], [ 78.408699388000073, 17.500173414000077 ], [ 78.408777686000064, 17.500208521000047 ], [ 78.408834073000037, 17.500324659000057 ], [ 78.40883470100006, 17.500338568000078 ], [ 78.408878229000038, 17.500493557000087 ], [ 78.408837581000057, 17.500645034000062 ], [ 78.40878140500007, 17.500776246000051 ], [ 78.408778072000089, 17.500783351000056 ], [ 78.408623570000032, 17.501002215000089 ], [ 78.408620395000085, 17.501012797000051 ], [ 78.408446178000077, 17.501361377000087 ], [ 78.408371522000039, 17.501588768000094 ], [ 78.408202804000055, 17.502087737000068 ], [ 78.408331504000046, 17.502180011000068 ], [ 78.408540304000041, 17.502273237000058 ], [ 78.409024156000058, 17.502350924000041 ], [ 78.409246891000066, 17.502358742000069 ], [ 78.409255578000071, 17.502354144000037 ], [ 78.409681229000057, 17.502226376000074 ], [ 78.409694356000045, 17.502221595000041 ], [ 78.410091268000031, 17.502048348000077 ], [ 78.410286708000058, 17.501966804000062 ], [ 78.410682075000068, 17.501908853000096 ], [ 78.411069086000055, 17.501859585000094 ], [ 78.411077441000032, 17.501850900000083 ], [ 78.411196850000067, 17.50178342900006 ], [ 78.411250206000034, 17.501599350000056 ], [ 78.41134930700008, 17.50123575300006 ], [ 78.41134878400004, 17.501224177000047 ], [ 78.411342882000042, 17.500824303000066 ], [ 78.411313695000047, 17.500581952000065 ], [ 78.411357914000064, 17.500214810000049 ], [ 78.411380978000068, 17.500040637000044 ], [ 78.411402829000053, 17.499837553000081 ], [ 78.411412262000056, 17.499817440000072 ], [ 78.411416756000051, 17.499802461000058 ], [ 78.411472464000042, 17.49966209300004 ], [ 78.411482120000073, 17.499646902000055 ], [ 78.41149155200003, 17.499626789000047 ], [ 78.411573955000065, 17.499505050000046 ], [ 78.411583388000054, 17.499484937000094 ], [ 78.411587882000049, 17.499469958000077 ], [ 78.411690485000065, 17.499337525000048 ], [ 78.411705524000084, 17.499327044000044 ], [ 78.411784699000066, 17.499240636000085 ], [ 78.411916070000075, 17.49914129900009 ], [ 78.411932582000077, 17.49913090300004 ], [ 78.411939070000074, 17.49912415800009 ], [ 78.412095779000083, 17.499059412000069 ], [ 78.412102559000061, 17.499059133000063 ], [ 78.412115682000035, 17.499048876000078 ], [ 78.412135731000035, 17.499041574000049 ], [ 78.41223050900004, 17.499034440000063 ], [ 78.412251142000059, 17.499040071000081 ], [ 78.412296383000069, 17.499064126000064 ], [ 78.412329962000058, 17.499130771000072 ], [ 78.412403077000079, 17.499471129000089 ], [ 78.412611546000065, 17.499349188000053 ], [ 78.412971521000031, 17.499272849000082 ], [ 78.413186734000092, 17.499197927000072 ], [ 78.413380628000084, 17.499233750000091 ], [ 78.413632964000044, 17.499365874000091 ], [ 78.414098670198612, 17.499582265401138 ] ] } },
{ "type": "Feature", "properties": { "FID": 10, "Nala_ID": "KRM", "Nala_Name": "KALANIKETHAN", "Circle": "Circle-3 B", "District": "RANGAREDDY", "Total_Seg": 7, "Length_m": 3880.0, "Govt_Encr": 0, "Pvt_Encr": 0, "Rel_Encr": 0, "Total_Encr": 0, "Court_Case": 0, "Mandal": " ", "Village": " ", "SNO": 11, "ZONE_NAME": "EAST ZONE", "ZONE_ID": "ETZ", "length_m_calc": 3880.1221195289736 }, "geometry": { "type": "MultiLineString", "coordinates": [ [ [ 78.531921833000069, 17.376531025000077 ], [ 78.532104551000032, 17.376143561000049 ], [ 78.532339769000032, 17.375862212000076 ], [ 78.532496317000039, 17.375481027000095 ], [ 78.532509364000077, 17.375449782000093 ], [ 78.532574553000075, 17.375262329000066 ], [ 78.532574528000055, 17.375243591000075 ], [ 78.532574469000053, 17.375199871000067 ], [ 78.532580971000073, 17.375168634000094 ], [ 78.53258328331556, 17.375133725056852 ], [ 78.532587444136055, 17.375070909232356 ], [ 78.532593797000075, 17.374975 ], [ 78.532515144111258, 17.374896190479884 ], [ 78.532469284000058, 17.374850239000072 ], [ 78.532462723000037, 17.374837755000048 ], [ 78.53232508800005, 17.374688027000051 ], [ 78.532187175000061, 17.374332189000089 ], [ 78.532157876610569, 17.374262206894869 ], [ 78.531917987000043, 17.373689205000066 ], [ 78.53183714000005, 17.373567924000046 ], [ 78.531830202743819, 17.373564501856254 ], [ 78.531780006036925, 17.373539739844411 ], [ 78.531425823000063, 17.373365021000044 ], [ 78.531277185000079, 17.373212646000074 ], [ 78.531142289000059, 17.372828005000088 ], [ 78.530973862000053, 17.372758910000073 ], [ 78.530772459000062, 17.372711906000063 ], [ 78.530765853000048, 17.372708764000041 ], [ 78.530755938000084, 17.372699326000092 ], [ 78.530594066000049, 17.372595571000094 ], [ 78.530577533000042, 17.372573541000069 ], [ 78.530494932000067, 17.37251064000009 ], [ 78.530303519000029, 17.372529775000093 ], [ 78.530125343000066, 17.372574094000075 ], [ 78.529986744000041, 17.372596314000081 ], [ 78.529976838000053, 17.372593176000066 ], [ 78.529960322000093, 17.372583746000092 ], [ 78.529947115000084, 17.372580612000039 ], [ 78.52989425800007, 17.37254602500008 ], [ 78.529884339000048, 17.372533437000072 ], [ 78.529874411000037, 17.372514548000087 ], [ 78.529841298000065, 17.372435836000083 ], [ 78.529841273000045, 17.372416935000047 ], [ 78.529837955000076, 17.372404338000084 ], [ 78.529831337000076, 17.372391746000066 ], [ 78.529798199000084, 17.372294133000086 ], [ 78.529775502000064, 17.371774859000087 ], [ 78.529765367791072, 17.371417783518723 ], [ 78.529764342869328, 17.371381670851473 ], [ 78.529756626000051, 17.371109771000082 ], [ 78.529747041000064, 17.370613457000051 ], [ 78.529783298000041, 17.370251068000073 ], [ 78.529790519000073, 17.369964369000062 ], [ 78.529808136000057, 17.369820090000079 ], [ 78.529788914000065, 17.369571339000061 ], [ 78.529781339000067, 17.369556927000076 ], [ 78.529762407000092, 17.369524501000061 ], [ 78.529694187000075, 17.369358735000052 ], [ 78.529694177000067, 17.369351524000081 ], [ 78.529644826000037, 17.369171313000038 ], [ 78.52966626500006, 17.369009937000044 ], [ 78.529799439000044, 17.368649846000043 ], [ 78.529802495000069, 17.368611292000082 ] ], [ [ 78.529802495000069, 17.368611292000082 ], [ 78.529199721000055, 17.36861202800009 ], [ 78.527550606000034, 17.368653041000076 ], [ 78.527508507794806, 17.368384416872999 ] ], [ [ 78.527508507794806, 17.368384416872999 ], [ 78.527383278000073, 17.367585339000073 ], [ 78.527341063000051, 17.367426507000065 ], [ 78.527250711000079, 17.36684167500005 ], [ 78.527108566000038, 17.366306400000045 ], [ 78.526933092000036, 17.365702632000083 ], [ 78.526776328000039, 17.365170478000042 ], [ 78.526652432000049, 17.364715620000087 ], [ 78.526483381000062, 17.364300041000096 ], [ 78.526391482000065, 17.364091273000046 ], [ 78.526285749000067, 17.363697170000084 ], [ 78.526245308000057, 17.363261372000071 ], [ 78.526184310000076, 17.362513289000052 ], [ 78.526112608000062, 17.361825297000056 ], [ 78.526049533000048, 17.361071049000092 ], [ 78.525964157000033, 17.360313771000055 ], [ 78.525924178000082, 17.359728598000061 ], [ 78.525837702000047, 17.358801094000064 ], [ 78.525313678000046, 17.359009216000064 ], [ 78.524798199000031, 17.359233599000053 ], [ 78.524231482000062, 17.359392945000085 ], [ 78.523958631000099, 17.35936072200008 ], [ 78.524218181000037, 17.359002389000072 ] ], [ [ 78.527508507690925, 17.368384416875191 ], [ 78.527508507794806, 17.368384416872999 ] ], [ [ 78.527508507794806, 17.368384416872999 ], [ 78.529786305000073, 17.368336351000043 ], [ 78.529802495000069, 17.368611292000082 ] ], [ [ 78.526179975980241, 17.362471703446552 ], [ 78.525495306000039, 17.36243553900005 ], [ 78.524802431000069, 17.36236615100006 ], [ 78.524134159000084, 17.362355246000053 ], [ 78.52395029700007, 17.362402278000047 ], [ 78.52336202400005, 17.362619483000064 ], [ 78.522865550000063, 17.362713698000054 ], [ 78.521829344000082, 17.362644712000076 ], [ 78.521975977000068, 17.362252488000085 ], [ 78.522134802000039, 17.361807587000047 ], [ 78.522312215000056, 17.361514804000084 ], [ 78.522526473000084, 17.361268788000078 ], [ 78.522973615000069, 17.360958130000089 ], [ 78.52327376900007, 17.360764675000045 ], [ 78.523582156000046, 17.360401927000055 ], [ 78.523868080000057, 17.360081877000091 ], [ 78.524094715000047, 17.359761023000093 ], [ 78.52423624100004, 17.359391618000078 ] ] ] } },
{ "type": "Feature", "properties": { "FID": 11, "Nala_ID": "YLR", "Nala_Name": "YELLAREDDYGUDA", "Circle": "Circle-10 A &Circle-14 A", "District": "HYDERABAD", "Total_Seg": 7, "Length_m": 3390.0, "Govt_Encr": 0, "Pvt_Encr": 0, "Rel_Encr": 0, "Total_Encr": 0, "Court_Case": 0, "Mandal": " ", "Village": " ", "SNO": 12, "ZONE_NAME": "CENTRAL ZONE", "ZONE_ID": "CRZ", "length_m_calc": 3390.4343664961302 }, "geometry": { "type": "LineString", "coordinates": [ [ 78.45809267208476, 17.441024800173444 ], [ 78.457927695594236, 17.440885967509534 ], [ 78.457451682000055, 17.440485386000038 ], [ 78.457245862000036, 17.440497252000064 ], [ 78.457089608000047, 17.440355333000078 ], [ 78.45704951677348, 17.440255906107492 ], [ 78.457023702000072, 17.440191885000051 ], [ 78.456930276000037, 17.440074152000026 ], [ 78.45683686600006, 17.440029615000071 ], [ 78.456820187000062, 17.440029618000043 ], [ 78.456696765000061, 17.440039187000025 ], [ 78.456673415000083, 17.440039191000043 ], [ 78.45665673700006, 17.440042377000058 ], [ 78.456636723000031, 17.440045563000069 ], [ 78.45650663300006, 17.440071045000028 ], [ 78.456483284000058, 17.440077414000033 ], [ 78.456473276000054, 17.440077415000083 ], [ 78.456299812000069, 17.440051987000064 ], [ 78.45628980400005, 17.440048806000053 ], [ 78.456257452192261, 17.44001602452936 ], [ 78.456183039000052, 17.439940623000044 ], [ 78.456069912000032, 17.439765524000059 ], [ 78.455737274000057, 17.439332135000033 ], [ 78.455165747000081, 17.438773673000075 ], [ 78.454922114897144, 17.43848590058758 ], [ 78.454655107000065, 17.438170516000074 ], [ 78.454407861915371, 17.437840178142952 ], [ 78.454335872000058, 17.437743994000076 ], [ 78.453434807000079, 17.437273030000028 ], [ 78.453141773000084, 17.437113366000066 ], [ 78.452729882000085, 17.436988750000069 ], [ 78.452139825000074, 17.437105968000029 ], [ 78.452113085106291, 17.437114639854794 ], [ 78.451825548000045, 17.437207889000035 ], [ 78.451373455000066, 17.437248298000043 ], [ 78.450986409000052, 17.437248356000058 ], [ 78.450958312407437, 17.43724577695232 ], [ 78.450685329000066, 17.437220719000042 ], [ 78.450392281000063, 17.43713268100004 ], [ 78.449994842000081, 17.436872324000039 ], [ 78.449978784000052, 17.436864667000073 ], [ 78.449521156000074, 17.436723037000039 ], [ 78.449497071000053, 17.436723040000064 ], [ 78.449103692000051, 17.436726926000066 ], [ 78.44906355300003, 17.436734591000061 ], [ 78.448945614684902, 17.436750286538544 ], [ 78.448573846000045, 17.436799762000081 ], [ 78.448557791000042, 17.436807423000065 ], [ 78.448276827000029, 17.436945328000043 ], [ 78.448272813000074, 17.436949158000068 ], [ 78.448080158000039, 17.437090880000028 ], [ 78.447597029000065, 17.437226120000055 ], [ 78.447106591000079, 17.437240355000032 ], [ 78.446401730000062, 17.437097237000049 ], [ 78.446106737000036, 17.437064104000058 ], [ 78.445932785889923, 17.437174129743006 ], [ 78.445654187000059, 17.436932847000044 ], [ 78.445573702000047, 17.436522787000062 ], [ 78.445280511000078, 17.436071964000064 ], [ 78.445160499323492, 17.435957274378385 ], [ 78.445012680000048, 17.435816010000053 ], [ 78.44446397300004, 17.435624780000076 ], [ 78.444392124737462, 17.435489944051685 ], [ 78.444349282000076, 17.435409542000063 ], [ 78.444145075000051, 17.435380962000071 ], [ 78.443831968847164, 17.435402302159783 ], [ 78.443548322000083, 17.435330763000032 ], [ 78.443185650000046, 17.435287214000031 ], [ 78.442942516000073, 17.435235897000041 ], [ 78.442930158000081, 17.435228022000054 ], [ 78.442674644000078, 17.435192424000036 ], [ 78.442464448000067, 17.435180456000069 ], [ 78.442324299000063, 17.435192139000037 ], [ 78.442303701000085, 17.435180325000037 ], [ 78.442295472000069, 17.43516458900007 ], [ 78.442233702000081, 17.435101621000062 ], [ 78.442225473000065, 17.435085885000039 ], [ 78.442172010000036, 17.434952141000057 ], [ 78.442133441000067, 17.434766383000067 ], [ 78.442046854000068, 17.434532286000035 ], [ 78.442046867000045, 17.434517885000052 ], [ 78.442046893000054, 17.434489081000041 ], [ 78.441975291000062, 17.434377410000025 ], [ 78.441967750000074, 17.434370203000071 ], [ 78.441847064000058, 17.43428729500005 ], [ 78.441835752000046, 17.434276485000058 ], [ 78.441828205000036, 17.434276479000065 ], [ 78.441692381000067, 17.434240364000065 ], [ 78.441545191000046, 17.43425464500007 ], [ 78.441401821000056, 17.43421852300003 ], [ 78.441390499000079, 17.434218514000072 ], [ 78.441379185000073, 17.434211304000037 ], [ 78.441235817000063, 17.434171582000033 ], [ 78.441232046000053, 17.434167978000062 ], [ 78.441047164000054, 17.43413182200004 ], [ 78.440824488000032, 17.434156842000057 ], [ 78.440775555000073, 17.434016385000067 ], [ 78.440722445000063, 17.433882071000031 ], [ 78.440516969000043, 17.433816538000034 ], [ 78.440490325000042, 17.433816516000036 ], [ 78.440475104000029, 17.43381287200004 ], [ 78.440208706000078, 17.43377270700006 ], [ 78.440193491000073, 17.433761801000063 ], [ 78.440178270000047, 17.43375815700006 ], [ 78.439972824000051, 17.433659940000048 ], [ 78.439961422000067, 17.433641774000026 ], [ 78.439950013000043, 17.433630871000052 ], [ 78.439927196000056, 17.433609064000056 ], [ 78.439778869000079, 17.433481843000045 ], [ 78.439775070000053, 17.43347457700003 ], [ 78.439759865000042, 17.433452776000024 ], [ 78.439748463000058, 17.433434610000067 ], [ 78.439725655000075, 17.433401909000054 ], [ 78.439524166000069, 17.433136651000044 ], [ 78.439234945000081, 17.432617023000038 ], [ 78.439092963609738, 17.432420412955594 ], [ 78.438893414000063, 17.432144084000072 ], [ 78.438407042000051, 17.431850883000042 ], [ 78.438238757000079, 17.431791690000068 ], [ 78.437962879000068, 17.431964090000069 ], [ 78.437682776000045, 17.432046060000069 ], [ 78.437510535000072, 17.431955491000053 ], [ 78.437501938000082, 17.431934932000051 ], [ 78.437489025000048, 17.431922591000049 ], [ 78.437476123000081, 17.431897918000068 ], [ 78.437304015000052, 17.431663490000066 ], [ 78.437299715000051, 17.431655266000067 ], [ 78.437291114000061, 17.431638818000067 ], [ 78.437278208000066, 17.431618256000043 ], [ 78.437162034000039, 17.431461969000061 ], [ 78.437149117000047, 17.431453737000034 ], [ 78.437123284000052, 17.431437275000068 ], [ 78.437101755000072, 17.431424926000041 ], [ 78.436826109000037, 17.431346599000058 ], [ 78.436699258000033, 17.43127657500003 ], [ 78.436486069384316, 17.431304503742918 ], [ 78.436034246000077, 17.43136369400003 ], [ 78.43591832500006, 17.431033506000066 ], [ 78.43519750635248, 17.431170413646907 ], [ 78.435207747000049, 17.431403242000048 ], [ 78.435183050000035, 17.431606966000068 ], [ 78.435021893000069, 17.431733751000028 ], [ 78.434069540000053, 17.431863202000049 ], [ 78.432885350000063, 17.431916565000055 ], [ 78.432357358000047, 17.431973387000031 ] ] } },
{ "type": "Feature", "properties": { "FID": 12, "Nala_ID": "YSC", "Nala_Name": "YOUSUF GUDA NALA", "Circle": "Circle-10 A & Circle-10 B", "District": "HYDERABAD", "Total_Seg": 6, "Length_m": 3756.0, "Govt_Encr": 0, "Pvt_Encr": 0, "Rel_Encr": 0, "Total_Encr": 0, "Court_Case": 0, "Mandal": " ", "Village": " ", "SNO": 13, "ZONE_NAME": "CENTRAL ZONE", "ZONE_ID": "CRZ", "length_m_calc": 3756.3145062148465 }, "geometry": { "type": "MultiLineString", "coordinates": [ [ [ 78.417434363000041, 17.442065892000077 ], [ 78.417764759000079, 17.442103289000048 ], [ 78.418127613000095, 17.442078904000031 ], [ 78.418484026000044, 17.442017425000078 ], [ 78.418691423000041, 17.441952716000063 ], [ 78.418853401000035, 17.441952867000055 ], [ 78.419076819000054, 17.442061245000055 ], [ 78.419397608000068, 17.442143353000066 ], [ 78.419730926000057, 17.442208838000056 ], [ 78.419987779000053, 17.442227325000037 ], [ 78.420256573000074, 17.442166427000078 ], [ 78.420824884000069, 17.44198628300007 ], [ 78.421270776000085, 17.441858835000065 ], [ 78.421332078000049, 17.441742151000028 ], [ 78.421401165000077, 17.441653559000034 ], [ 78.421495972000059, 17.441607223000066 ], [ 78.421757319000051, 17.441492625000027 ], [ 78.422007750000034, 17.441445782000077 ], [ 78.422452942000064, 17.441311490000036 ], [ 78.422575648000077, 17.441264138000069 ], [ 78.422978329000046, 17.441160637000056 ], [ 78.423206284000059, 17.441081132000022 ], [ 78.423375478000082, 17.441013555000044 ], [ 78.42339966600008, 17.440992777000076 ], [ 78.423426676000076, 17.441067974000081 ], [ 78.423525102000042, 17.44113618900008 ], [ 78.423655591000056, 17.441152751000068 ], [ 78.423771356000046, 17.441117619000067 ], [ 78.42378367200007, 17.44111293200007 ], [ 78.42392407300008, 17.44106607600003 ], [ 78.423938852000049, 17.441061391000066 ], [ 78.42415064100004, 17.441033393000058 ], [ 78.424158033000083, 17.441028702000043 ], [ 78.424167887000067, 17.441024012000078 ], [ 78.424394456000073, 17.440991329000045 ], [ 78.424406774000047, 17.440984293000049 ], [ 78.424416633000092, 17.440974905000079 ], [ 78.424608913000043, 17.440756608000076 ], [ 78.424611378000066, 17.440754261000059 ], [ 78.424802428000078, 17.440535768000078 ], [ 78.424871182000061, 17.440481212000073 ], [ 78.425071632000083, 17.440407657000037 ], [ 78.425415118000046, 17.440424351000051 ], [ 78.425689916000067, 17.440430060000043 ], [ 78.425773267000068, 17.440425155000074 ], [ 78.426009411000052, 17.44038141600004 ], [ 78.426023808000082, 17.440381428000027 ], [ 78.42623984300009, 17.440290973000064 ], [ 78.426254245000052, 17.440285492000047 ], [ 78.426487627000029, 17.440123632000052 ], [ 78.426629396000067, 17.440021574000077 ], [ 78.426757985000052, 17.440009894000074 ], [ 78.426869231000083, 17.440033583000062 ], [ 78.426950803000068, 17.440059604000062 ], [ 78.426955749000058, 17.440059608000073 ], [ 78.427000215000078, 17.440102110000058 ], [ 78.427007619000051, 17.440116270000036 ], [ 78.427056919000066, 17.440272007000036 ], [ 78.427107874000058, 17.440285951000082 ], [ 78.427235893000045, 17.44024129800005 ], [ 78.427432172000081, 17.440190600000054 ], [ 78.42780121100003, 17.440146161000037 ], [ 78.42790347100005, 17.440139183000046 ], [ 78.428015134000077, 17.440134547000071 ], [ 78.42812675800009, 17.440170155000033 ], [ 78.428295484000046, 17.440172671000035 ], [ 78.428531251000038, 17.440127902000032 ], [ 78.428822026000034, 17.440122529000067 ], [ 78.42902233100007, 17.440062293000043 ], [ 78.429094547000034, 17.440025773000059 ], [ 78.429284048000071, 17.43999796400005 ], [ 78.429317893000075, 17.439987234000057 ], [ 78.429590841000049, 17.439970258000077 ], [ 78.42959987200004, 17.439961659000065 ], [ 78.429753295000069, 17.439920906000058 ], [ 78.429771349000077, 17.439912314000029 ], [ 78.429793915000062, 17.439901574000032 ], [ 78.42995635300008, 17.439869437000031 ], [ 78.429978919000064, 17.439858697000034 ], [ 78.43008272700007, 17.439809293000057 ], [ 78.430089498000029, 17.439804995000038 ], [ 78.430100784000047, 17.43979639700007 ], [ 78.430116586000054, 17.439783499000047 ], [ 78.430206899000041, 17.439693196000064 ], [ 78.430234652000081, 17.439670368000069 ], [ 78.43035199200007, 17.439656725000081 ], [ 78.430461083000068, 17.439658784000081 ], [ 78.430467258000078, 17.439658789000084 ], [ 78.430553734000057, 17.439633336000043 ], [ 78.430564035000032, 17.439623526000052 ], [ 78.430580515000031, 17.439609794000038 ], [ 78.430685574000051, 17.439523481000037 ], [ 78.43068969400008, 17.439519557000043 ], [ 78.430699996000044, 17.439509748000038 ], [ 78.430710293000061, 17.43950386500007 ], [ 78.43083183400006, 17.439401856000078 ], [ 78.430932754000082, 17.439339104000059 ], [ 78.431068617000051, 17.43932744000006 ], [ 78.431146797000054, 17.439366783000025 ], [ 78.431331893000049, 17.439531898000041 ], [ 78.43140010500008, 17.439610943000048 ], [ 78.431493366000041, 17.439658638000029 ], [ 78.43159968100008, 17.439669081000041 ], [ 78.431975398000077, 17.439648428000062 ], [ 78.432686528000033, 17.439576241000054 ], [ 78.433841459000078, 17.439430426000062 ], [ 78.435304510000051, 17.43928874300008 ], [ 78.436348922000036, 17.439184531000027 ], [ 78.436962489000052, 17.43911521300004 ], [ 78.438069375000055, 17.43898612400006 ], [ 78.439234040000031, 17.438908294000051 ], [ 78.439683756000079, 17.438852256000079 ], [ 78.440347318000079, 17.438786324000034 ], [ 78.440471564000063, 17.438754631000055 ], [ 78.440495873000032, 17.438676609000026 ], [ 78.440477930000043, 17.438416455000041 ], [ 78.440950623000049, 17.43835325200007 ], [ 78.441486873000045, 17.438217480000052 ], [ 78.44190881600008, 17.438172684000055 ], [ 78.442019740399061, 17.438155631674949 ], [ 78.442614712000093, 17.438064166000064 ], [ 78.442859318948337, 17.438065985058703 ], [ 78.443182502000084, 17.438068388000033 ], [ 78.443560295000054, 17.438196761000032 ], [ 78.443791673000092, 17.438385784000047 ], [ 78.443989506000051, 17.438499959000072 ], [ 78.44415383300003, 17.438496528000037 ], [ 78.444314463000083, 17.438450339000045 ], [ 78.444333145000044, 17.43843966500004 ], [ 78.444407879000039, 17.438393407000042 ], [ 78.444400482000049, 17.438311452000054 ], [ 78.444400492000071, 17.438300764000076 ], [ 78.444378163000067, 17.438211671000033 ], [ 78.444378182000037, 17.438190294000037 ], [ 78.444389430000058, 17.438140421000075 ], [ 78.444449228000067, 17.438090587000037 ], [ 78.444669657000077, 17.437994564000068 ], [ 78.444812261000038, 17.437970435000075 ], [ 78.444886257000064, 17.437944618000078 ], [ 78.444925752000088, 17.437895248000078 ], [ 78.444928272000084, 17.43783408600007 ], [ 78.444925810000029, 17.437829380000039 ], [ 78.444864272000089, 17.437709355000042 ], [ 78.444866779000051, 17.437662308000032 ], [ 78.444871713000055, 17.437659960000079 ], [ 78.444933386000059, 17.437627075000023 ], [ 78.445036149496076, 17.437638829889512 ], [ 78.445140489000039, 17.437650765000061 ], [ 78.44530952000008, 17.437674963000067 ], [ 78.445556251000085, 17.437683139000061 ], [ 78.445647923000081, 17.437706260000027 ], [ 78.445728362000068, 17.437706324000036 ], [ 78.445784984000056, 17.437686473000046 ], [ 78.44579690900008, 17.437677956000076 ], [ 78.445799890000046, 17.43767511600004 ], [ 78.445832692000081, 17.437641035000073 ], [ 78.445835683000041, 17.437626826000045 ], [ 78.445835688000045, 17.437621141000029 ], [ 78.445853641000042, 17.43753304400008 ], [ 78.44589966547673, 17.437324327778803 ], [ 78.445932785889923, 17.437174129743006 ] ], [ [ 78.41317581800007, 17.442571137000076 ], [ 78.414203668000084, 17.442068937000048 ], [ 78.415176141000074, 17.441810763000039 ], [ 78.415998936000051, 17.441657584000041 ], [ 78.416207520000057, 17.441684066000054 ], [ 78.416521967000065, 17.442108688000076 ] ] ] } },
{ "type": "Feature", "properties": { "FID": 13, "Nala_ID": "PNG", "Nala_Name": "PANJAGUTTA NALA", "Circle": "Circle-10 B", "District": "HYDERABAD", "Total_Seg": 8, "Length_m": 4195.0, "Govt_Encr": 0, "Pvt_Encr": 0, "Rel_Encr": 0, "Total_Encr": 0, "Court_Case": 0, "Mandal": " ", "Village": " ", "SNO": 14, "ZONE_NAME": "CENTRAL ZONE", "ZONE_ID": "CRZ", "length_m_calc": 4195.1336595104513 }, "geometry": { "type": "MultiLineString", "coordinates": [ [ [ 78.432487925000032, 17.423967917000031 ], [ 78.433341115000076, 17.423753575000042 ], [ 78.434172587000049, 17.423476189000045 ], [ 78.43415884100007, 17.423476135000051 ], [ 78.434424905000071, 17.42337842600006 ], [ 78.435574807000094, 17.423184826000075 ], [ 78.435632486000031, 17.423315303000042 ], [ 78.435853705000071, 17.423741832000076 ], [ 78.436086217000081, 17.424136482000058 ], [ 78.436171124000055, 17.424187190000058 ], [ 78.436322029000053, 17.424299729000047 ], [ 78.436631533000082, 17.424495948000079 ], [ 78.436896153000077, 17.424569211000065 ], [ 78.436907492000046, 17.424572867000059 ], [ 78.43693016900005, 17.424580178000049 ], [ 78.437421907000044, 17.424647113000056 ], [ 78.437638783000068, 17.424646793000026 ], [ 78.438189338000029, 17.424648956000059 ], [ 78.438540241000069, 17.424440214000079 ], [ 78.43875327800005, 17.424283459000044 ], [ 78.439191187000063, 17.424874266000078 ], [ 78.439353445000066, 17.424789117000046 ], [ 78.439529203000063, 17.424661515000032 ], [ 78.439786551000054, 17.424510906000023 ], [ 78.439998744000036, 17.424437873000048 ], [ 78.440214794000042, 17.424415394000057 ], [ 78.440528599000061, 17.424401072000027 ], [ 78.440948811000055, 17.424278313000059 ], [ 78.441389682000079, 17.424089544000029 ], [ 78.44146814800007, 17.424035604000043 ], [ 78.441610073000049, 17.423965781000053 ], [ 78.441618936000054, 17.423963001000065 ], [ 78.441834490000076, 17.423924431000053 ], [ 78.441837440000043, 17.423924443000033 ], [ 78.442114496000059, 17.423993089000081 ], [ 78.442521205000048, 17.424101652000051 ], [ 78.442661877000035, 17.424117233000064 ], [ 78.442994530000092, 17.42413698900004 ], [ 78.443226669000069, 17.424137895000062 ], [ 78.443435783000041, 17.424094413000038 ], [ 78.443703281000069, 17.423969945000074 ], [ 78.443928094000057, 17.423874842000039 ], [ 78.444187444000093, 17.423846321000045 ], [ 78.444562613000073, 17.423877314000041 ], [ 78.444636287000037, 17.42373396000005 ], [ 78.444720333000078, 17.423538858000036 ], [ 78.444926229000032, 17.423289266000044 ], [ 78.445228239000073, 17.423015619000072 ], [ 78.445799079000039, 17.42274301800007 ], [ 78.446198909000032, 17.42354461300005 ], [ 78.446814109000073, 17.423376003000048 ], [ 78.447389707000085, 17.42348816600003 ] ], [ [ 78.455054934384933, 17.424624839495497 ], [ 78.455799601000095, 17.424632664000065 ], [ 78.456633670000031, 17.424686002000048 ], [ 78.457271503000086, 17.42476090800006 ], [ 78.457376556000057, 17.424547900000054 ], [ 78.457521537702775, 17.424168666125649 ] ], [ [ 78.44855491900006, 17.423163532000046 ], [ 78.448862714000029, 17.423417237000027 ], [ 78.449115407000079, 17.423550901000063 ], [ 78.449049488000071, 17.424368597000072 ], [ 78.449069458000054, 17.424818095000038 ], [ 78.450191489000076, 17.424663349000074 ], [ 78.450765641000032, 17.424563977000052 ], [ 78.451382500000079, 17.424431944000052 ], [ 78.452333698000089, 17.424349445000079 ], [ 78.45312190900006, 17.424397952000053 ], [ 78.453667850379716, 17.424547766685262 ], [ 78.45368594100006, 17.42455273100007 ], [ 78.454002098000061, 17.424618319000047 ], [ 78.454370505000043, 17.424708864000024 ], [ 78.454766234000033, 17.42469493700003 ], [ 78.45503293700007, 17.424640289000031 ], [ 78.455054934384933, 17.424624839495497 ] ], [ [ 78.455054934384933, 17.424624839495497 ], [ 78.455288654000071, 17.424460690000053 ], [ 78.455938905000039, 17.424182415000075 ], [ 78.456334111000047, 17.423992171000069 ], [ 78.456936232000047, 17.423825122000043 ], [ 78.457224762139077, 17.423832356308132 ], [ 78.457388259518694, 17.423896354103896 ], [ 78.45752372100003, 17.424173127000081 ], [ 78.457861570000034, 17.424403780000038 ], [ 78.458146699000054, 17.424596127000033 ], [ 78.458418479000059, 17.424671388000043 ], [ 78.458770454000046, 17.424566791000075 ], [ 78.459750134000046, 17.42440499900005 ], [ 78.460352725000064, 17.424447759000035 ], [ 78.461136078000038, 17.424433641000071 ], [ 78.461848787000065, 17.424197863000078 ], [ 78.462556543000062, 17.423917059000079 ], [ 78.462455672000033, 17.424435704000082 ], [ 78.462210964000064, 17.425095 ], [ 78.462009524000052, 17.425657436000055 ], [ 78.461853850000068, 17.426202875000062 ], [ 78.461818114000039, 17.426388297000077 ] ] ] } },
{ "type": "Feature", "properties": { "FID": 14, "Nala_ID": "PKT", "Nala_Name": "PICKET NALA", "Circle": "Circle-18,Cantonment & Circle-14 B", "District": "RANGAREDDY", "Total_Seg": 6, "Length_m": 6255.0, "Govt_Encr": 0, "Pvt_Encr": 0, "Rel_Encr": 0, "Total_Encr": 0, "Court_Case": 0, "Mandal": " ", "Village": " ", "SNO": 15, "ZONE_NAME": "NORTH ZONE", "ZONE_ID": "NRZ", "length_m_calc": 1573.6573330779402 }, "geometry": { "type": "MultiLineString", "coordinates": [ [ [ 78.492621650000046, 17.472225006000091 ], [ 78.492438521000054, 17.472100929000078 ], [ 78.492320337000095, 17.472103699000062 ], [ 78.492302608000045, 17.472106510000064 ], [ 78.492166691000094, 17.472120546000049 ], [ 78.492134189000083, 17.472126170000084 ], [ 78.492125325000075, 17.47212616600007 ], [ 78.491962803000035, 17.472171192000079 ], [ 78.491823931000056, 17.472188045000056 ], [ 78.491750818000071, 17.472203383000082 ], [ 78.491648720000057, 17.472128995000052 ], [ 78.491643346000046, 17.472126430000063 ], [ 78.491538565000042, 17.472044350000093 ], [ 78.49152244200009, 17.472036652000046 ], [ 78.49140152700005, 17.471972512000036 ], [ 78.491291351000029, 17.471934012000084 ], [ 78.49128328900008, 17.471931445000056 ], [ 78.49110590700009, 17.471926245000084 ], [ 78.490915107000035, 17.471874893000066 ], [ 78.49090435800008, 17.471872325000049 ], [ 78.490716237000072, 17.471841484000038 ], [ 78.49059162900005, 17.47185616600007 ], [ 78.490319830000033, 17.471813151000052 ], [ 78.490186881000056, 17.471757137000058 ], [ 78.490101829000082, 17.471714162000072 ], [ 78.489725580000083, 17.471473242000062 ], [ 78.489452917000051, 17.471415087000086 ], [ 78.48939209200006, 17.471381023000053 ], [ 78.489295322564445, 17.471286140155215 ] ], [ [ 78.47931025389147, 17.443448458903955 ], [ 78.479295920000084, 17.443322327000033 ], [ 78.479216338000072, 17.442709587000024 ], [ 78.479216323000074, 17.442661393000037 ], [ 78.479216312000062, 17.442626968000077 ], [ 78.479172805000076, 17.441979794000076 ], [ 78.479071641000075, 17.441573611000027 ], [ 78.479064418000064, 17.441552958000052 ], [ 78.47881897200007, 17.441312055000029 ], [ 78.478472494000087, 17.441078066000049 ], [ 78.478332622000053, 17.440743975000032 ], [ 78.478207231000056, 17.440499211000034 ], [ 78.478195289000041, 17.440476442000037 ], [ 78.477968462000035, 17.440260171000038 ], [ 78.477956520000077, 17.44023740200004 ], [ 78.477837127000043, 17.440089417000024 ], [ 78.477825185000029, 17.44006664800003 ], [ 78.47781324500005, 17.440049573000071 ], [ 78.477777393000054, 17.439895871000036 ], [ 78.477777386000071, 17.439873098000081 ], [ 78.477777374000098, 17.439833247000024 ], [ 78.477795217000065, 17.439645371000044 ], [ 78.477801178000064, 17.439622597000046 ], [ 78.477813102000084, 17.439588435000083 ], [ 78.47782502900003, 17.439565660000031 ], [ 78.47808750500009, 17.439286624000037 ], [ 78.478254591000052, 17.439286577000079 ], [ 78.478290395000045, 17.439286566000082 ], [ 78.47833216600003, 17.439286554000041 ], [ 78.478600681000046, 17.439235239000034 ], [ 78.47861858300007, 17.439235233000037 ], [ 78.478876600000035, 17.43899727000008 ], [ 78.479332470000031, 17.438627362000037 ], [ 78.479340065000031, 17.438612859000049 ], [ 78.479347656000087, 17.438583855000051 ], [ 78.479378032000056, 17.438511341000037 ], [ 78.47952233000008, 17.438199527000055 ], [ 78.479389559000083, 17.437146205000037 ], [ 78.479466334000051, 17.436498391000047 ], [ 78.47946631800005, 17.43644724100006 ], [ 78.479502029000059, 17.436344929000033 ], [ 78.479930590000038, 17.435228008000028 ], [ 78.479879906000065, 17.434216605000081 ] ] ] } },
{ "type": "Feature", "properties": { "FID": 15, "Nala_ID": "HKP", "Nala_Name": "HAL COLONY TO CONFLICT POINT OF KUKATPALLY", "Circle": "Circle-14A & Circle-14 B", "District": "RANGAREDDY", "Total_Seg": 2, "Length_m": 2428.0, "Govt_Encr": 0, "Pvt_Encr": 0, "Rel_Encr": 0, "Total_Encr": 0, "Court_Case": 0, "Mandal": " ", "Village": " ", "SNO": 16, "ZONE_NAME": "WEST ZONE", "ZONE_ID": "WTZ", "length_m_calc": 2428.5843610814882 }, "geometry": { "type": "LineString", "coordinates": [ [ 78.454643861717429, 17.459725975681422 ], [ 78.45525460600004, 17.460177211000033 ], [ 78.455284407000079, 17.460205622000046 ], [ 78.455753906000041, 17.461058063000053 ], [ 78.45612649400006, 17.46162634000007 ], [ 78.45608784075128, 17.461848000115474 ], [ 78.456059587000084, 17.462010023000065 ], [ 78.456097023000041, 17.462606824000037 ], [ 78.456052659000079, 17.462785986000032 ], [ 78.455829835000046, 17.46328059700005 ], [ 78.455724107000037, 17.463865575000057 ], [ 78.455696363000072, 17.464264412000038 ], [ 78.45567785100009, 17.464370263000035 ], [ 78.455705900000069, 17.464473809000033 ], [ 78.455772468000077, 17.464574003000056 ], [ 78.455779473000064, 17.464577341000055 ], [ 78.455796986000053, 17.464590697000066 ], [ 78.45600711600008, 17.464644082000067 ], [ 78.45628378300006, 17.464704128000054 ], [ 78.456294289000084, 17.464704125000029 ], [ 78.456672471000047, 17.46464054400008 ], [ 78.457001617000074, 17.464543572000029 ], [ 78.457239747000074, 17.464543500000051 ], [ 78.457253753000032, 17.464540155000066 ], [ 78.457432349000044, 17.464533420000066 ], [ 78.45751991800006, 17.464596862000072 ], [ 78.457523424000044, 17.464606883000048 ], [ 78.457558482000096, 17.464723788000075 ], [ 78.457530045000055, 17.464897358000034 ], [ 78.457587722000085, 17.465029283000039 ], [ 78.45760309700006, 17.465047604000063 ], [ 78.457902855000043, 17.465245427000074 ], [ 78.458206460000042, 17.465454243000071 ], [ 78.45821722698345, 17.465463763198095 ], [ 78.458424841927979, 17.465647336652328 ], [ 78.458471653000061, 17.465688727000046 ], [ 78.458617820000029, 17.466161480000046 ], [ 78.458667385000069, 17.466615294000068 ], [ 78.458793088644455, 17.467060883352001 ], [ 78.458838582000055, 17.467222146000044 ], [ 78.458907471000032, 17.46777249400003 ], [ 78.458825706000084, 17.46820225700003 ], [ 78.458812624000075, 17.468395575000049 ], [ 78.458816140000067, 17.468554097000041 ], [ 78.458909675000029, 17.468715893000024 ], [ 78.459075908000059, 17.468847944000061 ], [ 78.45938067600008, 17.469112054000057 ], [ 78.459622430000081, 17.469330260000056 ], [ 78.459812849000059, 17.469550172000027 ], [ 78.459966656806301, 17.469939563727387 ], [ 78.459996677000049, 17.470015565000043 ], [ 78.460133299000063, 17.470244330000071 ], [ 78.460310529000097, 17.470508284000068 ], [ 78.460428652000076, 17.470596250000032 ], [ 78.460568917000046, 17.470684210000062 ], [ 78.460706397000095, 17.470882424000031 ], [ 78.460771990000069, 17.471080936000085 ], [ 78.460802939000075, 17.47140446200007 ], [ 78.460782277539693, 17.471574452619699 ], [ 78.460764507000079, 17.471720658000038 ], [ 78.460744828000031, 17.471797701000074 ], [ 78.460454257186797, 17.47211184448425 ], [ 78.460435516000075, 17.472132106000064 ], [ 78.460324064000076, 17.47232842600005 ], [ 78.460095123000031, 17.472510530000022 ], [ 78.459692244000053, 17.472506612000078 ], [ 78.459688004000043, 17.472506613000068 ], [ 78.459399625000074, 17.472498613000031 ], [ 78.459258813000076, 17.472533323000054 ], [ 78.458641943000032, 17.473112842000038 ], [ 78.457973150000058, 17.473823347000064 ], [ 78.457895260991421, 17.473901551279344 ], [ 78.457563237000045, 17.47423491800004 ], [ 78.457414052000047, 17.474535786000047 ], [ 78.457132303000051, 17.475038983000054 ], [ 78.457092978825514, 17.475079104662218 ], [ 78.456868665000059, 17.475307967000052 ], [ 78.456855024000063, 17.475307971000067 ], [ 78.45660953600003, 17.475464182000053 ], [ 78.456386800000075, 17.475672432000067 ], [ 78.456373160000055, 17.475676774000025 ], [ 78.45635498200005, 17.475707139000068 ], [ 78.45625958800008, 17.475993421000059 ], [ 78.456259593000084, 17.476010770000077 ] ] } },
{ "type": "Feature", "properties": { "FID": 16, "Nala_ID": "BJH", "Nala_Name": "BANJARA HILLS", "Circle": "Circle-10 B", "District": "HYDERABAD", "Total_Seg": 7, "Length_m": 2365.0, "Govt_Encr": 0, "Pvt_Encr": 0, "Rel_Encr": 0, "Total_Encr": 0, "Court_Case": 0, "Mandal": " ", "Village": " ", "SNO": 17, "ZONE_NAME": "CENTRAL ZONE", "ZONE_ID": "CRZ", "length_m_calc": 2365.9055274207867 }, "geometry": { "type": "MultiLineString", "coordinates": [ [ [ 78.449580074000039, 17.409646430000073 ], [ 78.449957821000055, 17.409777745000049 ], [ 78.450317795000046, 17.409137690000026 ], [ 78.450514731102245, 17.408774962264815 ], [ 78.450540819000082, 17.40872691200008 ], [ 78.451201167000079, 17.409040362000042 ], [ 78.451532819000079, 17.408753386000061 ], [ 78.45167624700008, 17.408718526000033 ], [ 78.451908974000048, 17.408667730000047 ], [ 78.451938852000069, 17.408398063000053 ], [ 78.452464192000036, 17.40853122600004 ], [ 78.452500746000055, 17.40842018300004 ] ], [ [ 78.428963004000082, 17.415226608000072 ], [ 78.42918690700003, 17.415174414000038 ], [ 78.429584526000042, 17.415093995000063 ], [ 78.429950549000068, 17.41506634100006 ], [ 78.430363971000077, 17.41499597100006 ], [ 78.430973766000079, 17.414891729000036 ], [ 78.431341902000042, 17.41484556700005 ], [ 78.431973929000051, 17.414736583000042 ], [ 78.432065602000094, 17.414720723000077 ], [ 78.432209522000051, 17.414686873000054 ], [ 78.432674858000055, 17.414587046000069 ], [ 78.433114581000041, 17.414517770000035 ], [ 78.43330502200007, 17.414487483000077 ], [ 78.433886923000045, 17.414394907000034 ], [ 78.434284990000052, 17.414330361000058 ], [ 78.434598195000049, 17.414211034000061 ], [ 78.434839180000054, 17.414205018000079 ], [ 78.435179067000036, 17.41413497200006 ], [ 78.435430121000081, 17.414090730000058 ], [ 78.435820225000043, 17.414075960000051 ], [ 78.435977706000074, 17.414102599000049 ], [ 78.436023985608756, 17.414094539772396 ], [ 78.436363946000085, 17.41403533800008 ], [ 78.436507902000073, 17.41401108700007 ], [ 78.436654683000029, 17.414011076000065 ], [ 78.436812750000072, 17.413959890000061 ], [ 78.437106300000039, 17.413841361000038 ], [ 78.4372822704687, 17.41377045125731 ], [ 78.437360335000051, 17.413738994000035 ], [ 78.437380093000058, 17.413725525000075 ], [ 78.437557916000074, 17.413633938000032 ], [ 78.437569206000035, 17.413633937000043 ], [ 78.437769615000036, 17.413588133000076 ], [ 78.437966436000067, 17.413608254000053 ], [ 78.438324548000082, 17.413577715000038 ], [ 78.438826543000062, 17.413492245000047 ], [ 78.439099358133689, 17.413429677032244 ], [ 78.439318946000071, 17.413379316000036 ], [ 78.439560588000063, 17.413345291000041 ], [ 78.439950749000047, 17.413259902000053 ], [ 78.440612095000077, 17.413135883000059 ], [ 78.441194706000033, 17.413015625000074 ], [ 78.44172220300004, 17.412865322000076 ], [ 78.442316629000061, 17.412722520000052 ], [ 78.442459616000065, 17.412695578000069 ], [ 78.442721784983434, 17.412659812517603 ], [ 78.442747635000046, 17.412656286000075 ], [ 78.442757921000066, 17.412649742000049 ], [ 78.443100794000031, 17.412528650000073 ], [ 78.443114509000054, 17.412528648000038 ], [ 78.443135083000072, 17.412528646000059 ], [ 78.443611686000054, 17.412420625000042 ], [ 78.443948181000053, 17.412373643000027 ], [ 78.444204118000073, 17.412291061000079 ], [ 78.444402377000074, 17.41221880400008 ], [ 78.44441319200007, 17.412218803000037 ], [ 78.444661927000098, 17.412205015000048 ], [ 78.444809718000045, 17.412132764000038 ], [ 78.445267514000079, 17.411926326000074 ], [ 78.445454875000053, 17.411858241000065 ], [ 78.446534307000036, 17.411549399000027 ] ] ] } },
{ "type": "Feature", "properties": { "FID": 17, "Nala_ID": "CAQ", "Nala_Name": "CHINNARAYANI TO HASMATHPET", "Circle": "Circle-16", "District": "RANGAREDDY", "Total_Seg": 8, "Length_m": 3429.0, "Govt_Encr": 0, "Pvt_Encr": 0, "Rel_Encr": 0, "Total_Encr": 0, "Court_Case": 0, "Mandal": " ", "Village": " ", "SNO": 18, "ZONE_NAME": "NORTH ZONE", "ZONE_ID": "NRZ", "length_m_calc": 3429.3907009106474 }, "geometry": { "type": "LineString", "coordinates": [ [ 78.505464291890007, 17.500411887068474 ], [ 78.505428297621833, 17.500373932444173 ], [ 78.505342439029832, 17.50018909091018 ], [ 78.505271117443527, 17.500182332487416 ], [ 78.505035309070877, 17.500225246014949 ], [ 78.504688470714925, 17.500300416445231 ], [ 78.504318193869182, 17.500382187409645 ], [ 78.504058142648503, 17.500435104877663 ], [ 78.504010038202296, 17.500452749020013 ], [ 78.503659619090115, 17.500540905720548 ], [ 78.503569178866684, 17.500559746782915 ], [ 78.503539733341512, 17.500565454888971 ], [ 78.503529155794254, 17.500544620413006 ], [ 78.503521149184962, 17.500513359196479 ], [ 78.503514987354464, 17.500488994559877 ], [ 78.503498384821455, 17.500461680577505 ], [ 78.503467742536657, 17.500437522776217 ], [ 78.503454092356947, 17.500389779367172 ], [ 78.503447063191118, 17.500364482551127 ], [ 78.503430401110137, 17.500337050399732 ], [ 78.503358551214717, 17.500316610157693 ], [ 78.503271429866814, 17.50031507144454 ], [ 78.503239283391764, 17.500325568626582 ], [ 78.503174136000908, 17.500330565541645 ], [ 78.503151301667543, 17.500326376392756 ], [ 78.503126132682453, 17.500335985892075 ], [ 78.503090980957921, 17.500306035964591 ], [ 78.502994135694451, 17.500253578681743 ], [ 78.502928652598868, 17.500228043060016 ], [ 78.502921627114702, 17.500213846635191 ], [ 78.502914601631488, 17.500199650210241 ], [ 78.502910539016966, 17.500182853718858 ], [ 78.502877759831549, 17.500150802058862 ], [ 78.502862195737535, 17.500120863754102 ], [ 78.502860840114309, 17.500054072959394 ], [ 78.502840770333449, 17.500006700345335 ], [ 78.502793175933505, 17.499972565516416 ], [ 78.502703006492666, 17.499932358261475 ], [ 78.502663932041756, 17.499889163125765 ], [ 78.502615967724424, 17.499626958135895 ], [ 78.502693393209242, 17.499505591709777 ], [ 78.502715924072874, 17.4993322527021 ], [ 78.5027334287538, 17.499141680562037 ], [ 78.502688123472822, 17.498991034368068 ], [ 78.502575689812872, 17.498691306872004 ], [ 78.502356103579189, 17.498163743159651 ], [ 78.502202290664201, 17.498060334039799 ], [ 78.501920218400187, 17.497919794740362 ], [ 78.501837389215609, 17.497896625905351 ], [ 78.501536851738337, 17.497714301789312 ], [ 78.501137513457337, 17.497527434021752 ], [ 78.500843912276565, 17.497203352423512 ], [ 78.500610490413493, 17.49682012803915 ], [ 78.500557548906812, 17.496708376622951 ], [ 78.500515995244371, 17.496583888047585 ], [ 78.500416430419705, 17.496443939511252 ], [ 78.500360713208863, 17.496429852361668 ], [ 78.500333602927924, 17.496391495195518 ], [ 78.500263189775126, 17.496315705916736 ], [ 78.500119612640546, 17.496354920938238 ], [ 78.499951619672203, 17.496315692400522 ], [ 78.49955530521423, 17.496122680659067 ], [ 78.499473239272433, 17.496089592176467 ], [ 78.499407330145502, 17.496063011560604 ], [ 78.499302537502274, 17.495980087105778 ], [ 78.499144373273367, 17.495861983357095 ], [ 78.499006714929379, 17.495738664499683 ], [ 78.498798041809039, 17.495591015099372 ], [ 78.498785989813612, 17.495532663052504 ], [ 78.49881109041992, 17.495472988803005 ], [ 78.498908744687739, 17.495255581680791 ], [ 78.499361330069675, 17.495111732187869 ], [ 78.499442078230771, 17.495064988229448 ], [ 78.499597366669192, 17.494903754201655 ], [ 78.499618639850226, 17.494746793003412 ], [ 78.499558871997422, 17.494495627710233 ], [ 78.499453062357148, 17.494372886556292 ], [ 78.499271066279292, 17.493682129132463 ], [ 78.499413979186173, 17.493629394248149 ], [ 78.499362629202025, 17.493318163759405 ], [ 78.499343590561395, 17.493221937228643 ], [ 78.49920331494576, 17.492509255394346 ], [ 78.499088082811411, 17.492072262316828 ], [ 78.499026948294528, 17.491550941507796 ], [ 78.49920317200359, 17.491373408305826 ], [ 78.499235782533773, 17.491194750295726 ], [ 78.499232210382829, 17.491009468318744 ], [ 78.499235869620264, 17.490348046771917 ], [ 78.499836903891108, 17.489563269925871 ], [ 78.499867339220174, 17.489483458228612 ], [ 78.499877818155369, 17.489357639282115 ], [ 78.499829870294093, 17.489149374677545 ], [ 78.499744633372558, 17.488993650395297 ], [ 78.499454595788322, 17.488289704974495 ], [ 78.499323065615982, 17.487975483184947 ], [ 78.499062958788983, 17.487517535632456 ], [ 78.498936446454024, 17.487261831774635 ], [ 78.498758996724334, 17.48687629877254 ], [ 78.498455244024981, 17.486442695271972 ], [ 78.49854827024582, 17.48616422560449 ], [ 78.498721561607141, 17.4861128683747 ], [ 78.498526709566974, 17.485713071833668 ], [ 78.49828710865178, 17.485400199328005 ], [ 78.498159220446297, 17.4851670902496 ], [ 78.49788871742696, 17.484674027137228 ], [ 78.497828574760305, 17.484411215021936 ], [ 78.497687270893195, 17.484236696926036 ], [ 78.497516362794158, 17.484111598318442 ], [ 78.497384274997074, 17.484018461856365 ], [ 78.497240115257185, 17.483831362478462 ], [ 78.497016112299292, 17.483508657963618 ], [ 78.49681952029276, 17.483201214730741 ], [ 78.496665480612691, 17.482984103821018 ], [ 78.496576947427656, 17.482856002354794 ], [ 78.496296563978149, 17.482466153763699 ], [ 78.495902620561338, 17.482416020864481 ], [ 78.495323041543088, 17.482354442664906 ], [ 78.495367604810852, 17.482090708761046 ], [ 78.495391145784225, 17.481951388354886 ], [ 78.495434610958881, 17.481692417725231 ], [ 78.495453530299685, 17.48157969373317 ], [ 78.495507609697654, 17.481276937557684 ], [ 78.495530675016639, 17.481147327659045 ], [ 78.49560197606462, 17.480751087333537 ], [ 78.495655654627825, 17.480423922676874 ], [ 78.495703765814255, 17.480017362700796 ], [ 78.495731033159473, 17.479707642345254 ], [ 78.495758318039407, 17.479342648626371 ], [ 78.49578290314281, 17.478946714402372 ], [ 78.495794952808083, 17.478615415142055 ], [ 78.495798151734832, 17.478315000940309 ], [ 78.495792870998841, 17.478029838152963 ], [ 78.495787613491288, 17.477929550745532 ], [ 78.495588836935937, 17.477361499143704 ], [ 78.495519417333369, 17.477161500004428 ] ] } },
{ "type": "Feature", "properties": { "FID": 18, "Nala_ID": "QFC", "Nala_Name": "QAYAM NAGAR  TO FORTVIEW COLONY", "Circle": "CIRCLE-6", "District": "RANGAREDDY", "Total_Seg": 27, "Length_m": 2975.0, "Govt_Encr": 0, "Pvt_Encr": 0, "Rel_Encr": 0, "Total_Encr": 0, "Court_Case": 0, "Mandal": " ", "Village": " ", "SNO": 19, "ZONE_NAME": "SOUTH ZONE", "ZONE_ID": "STZ", "length_m_calc": 2975.5594108521764 }, "geometry": { "type": "MultiLineString", "coordinates": [ [ [ 78.413617914588258, 17.354536070895232 ], [ 78.412314932196381, 17.354713871979445 ], [ 78.412398659480615, 17.35513074922865 ], [ 78.411489750453427, 17.355289813370483 ], [ 78.411113519000082, 17.355162118000074 ], [ 78.410993150000081, 17.355171290000047 ], [ 78.410680194000065, 17.355180433000047 ], [ 78.410049481000058, 17.355148166000056 ], [ 78.409568013000069, 17.355180258000082 ], [ 78.409125068000037, 17.355184782000048 ], [ 78.408662869000082, 17.355161730000077 ], [ 78.408378793000054, 17.35523521000005 ], [ 78.407897254000034, 17.355634933000044 ] ], [ [ 78.432384900000045, 17.352565262000049 ], [ 78.432087750000051, 17.352234333000073 ], [ 78.432080131000077, 17.352223424000055 ], [ 78.431695355000045, 17.351961583000048 ], [ 78.431683926000062, 17.35195431000005 ], [ 78.431272476000061, 17.351812469000041 ], [ 78.431261047000078, 17.351801560000073 ], [ 78.430876267000031, 17.351656083000027 ], [ 78.430582917000038, 17.351601520000042 ], [ 78.430251459000033, 17.351696048000075 ], [ 78.430023082000048, 17.351675715000059 ], [ 78.429896691198863, 17.351678220943345 ] ], [ [ 78.429896691198863, 17.351678220943345 ], [ 78.429767920000074, 17.351680774000055 ], [ 78.429698797000071, 17.351949689000037 ], [ 78.429065048000041, 17.352110790000051 ], [ 78.428293369000073, 17.352248843000051 ], [ 78.427849201000072, 17.352337502000072 ], [ 78.427641964193668, 17.352361935204968 ] ], [ [ 78.427641964193668, 17.352361935204968 ], [ 78.427209644000072, 17.352412905000048 ], [ 78.426570082000069, 17.352526030000043 ], [ 78.426218319000043, 17.352567685000057 ], [ 78.425463704000052, 17.352622243000045 ], [ 78.425404031790833, 17.352626509855593 ] ], [ [ 78.425404031790833, 17.352626509855593 ], [ 78.424891481000031, 17.352663159000031 ], [ 78.424301180000043, 17.352649646000035 ], [ 78.423757296000076, 17.352646042000071 ], [ 78.423145869000052, 17.352700275000078 ], [ 78.422740618000034, 17.352740953000026 ], [ 78.421982712000045, 17.35282498000004 ], [ 78.421751160000056, 17.352838352000052 ], [ 78.421559991000038, 17.352825696000036 ], [ 78.421279394721381, 17.352806740602283 ] ], [ [ 78.421279394721381, 17.352806740602283 ], [ 78.42117872700004, 17.352799940000068 ], [ 78.421044137000095, 17.352762676000058 ], [ 78.420688708000057, 17.352655150000036 ], [ 78.420361428000035, 17.352584575000048 ], [ 78.420104527000035, 17.352561035000072 ], [ 78.419893371000072, 17.352581166000054 ], [ 78.419900796000036, 17.352319501000071 ], [ 78.419929515000035, 17.352125420000053 ], [ 78.419776119000076, 17.352092865000028 ], [ 78.418977909000034, 17.351748420000039 ], [ 78.418532301000084, 17.352462640000059 ], [ 78.418805400287198, 17.352629390742429 ] ], [ [ 78.418805400287198, 17.352629390742429 ], [ 78.418818629000043, 17.352637468000076 ], [ 78.418560319374095, 17.352753663881604 ] ], [ [ 78.418560319374095, 17.352753663881604 ], [ 78.418534625000063, 17.35276522200008 ], [ 78.417755625000041, 17.353225939000023 ], [ 78.416382689598265, 17.354007014082448 ] ], [ [ 78.416382689598265, 17.354007014082448 ], [ 78.416361484000049, 17.354019078000025 ], [ 78.413986626000053, 17.354485756000035 ], [ 78.413617914588258, 17.354536070895232 ] ] ] } },
{ "type": "Feature", "properties": { "FID": 19, "Nala_ID": "GND", "Nala_Name": "GANDHI NAGAR NALA", "Circle": "CIRCLE-9A", "District": "HYDERABAD", "Total_Seg": 16, "Length_m": 2212.0, "Govt_Encr": 0, "Pvt_Encr": 0, "Rel_Encr": 0, "Total_Encr": 0, "Court_Case": 0, "Mandal": "SECUNDERABAD", "Village": "BHOLAKPUR", "SNO": 20, "ZONE_NAME": "CENTRAL ZONE", "ZONE_ID": "CRZ", "length_m_calc": 2212.0216881011215 }, "geometry": { "type": "LineString", "coordinates": [ [ 78.488900648000083, 17.41553701300008 ], [ 78.48909626481462, 17.415510510024127 ], [ 78.490457379000077, 17.415326095000072 ], [ 78.490640666645902, 17.416467531935407 ], [ 78.49064856800004, 17.416516738000034 ], [ 78.490780632000053, 17.417378749000022 ], [ 78.490790118000064, 17.41744700500006 ], [ 78.490847537000036, 17.417688646000048 ], [ 78.490983096825971, 17.418054002338511 ], [ 78.490998393000041, 17.41809522800002 ], [ 78.491193666000072, 17.418531632000057 ], [ 78.491400427000031, 17.418943908000077 ], [ 78.491707209000083, 17.419478051000059 ], [ 78.491765837923737, 17.4195948862411 ], [ 78.49188874500004, 17.419839814000071 ], [ 78.492031130000044, 17.420134737000073 ], [ 78.492110394812826, 17.420287572687943 ], [ 78.49222231400006, 17.420503371000059 ], [ 78.492391670000075, 17.420681204000065 ], [ 78.492688180000073, 17.421025897000053 ], [ 78.493233294000049, 17.421597370000033 ], [ 78.493356233690008, 17.421749631979093 ], [ 78.49357062100006, 17.422015152000032 ], [ 78.493895244000058, 17.422482993000077 ], [ 78.494093036000038, 17.422756150000058 ], [ 78.494266024000069, 17.422930974000057 ], [ 78.494580400518004, 17.423229789964264 ], [ 78.494688734000093, 17.423332761000033 ], [ 78.494491322000059, 17.423465431000086 ], [ 78.494023, 17.423611996000052 ], [ 78.493351501000078, 17.423842422000089 ], [ 78.49353282800007, 17.424277456000052 ], [ 78.493797711000099, 17.424872052000087 ], [ 78.493877974000071, 17.425032129000058 ], [ 78.493891082000076, 17.425125560000019 ], [ 78.493888274000085, 17.425224854000085 ], [ 78.493853833000074, 17.425360024000067 ], [ 78.493857290000051, 17.425426830000049 ], [ 78.493950248000047, 17.425719122000039 ], [ 78.494146654000076, 17.426251774000061 ], [ 78.494316357000059, 17.426777093000076 ], [ 78.494416508000043, 17.427063584000066 ], [ 78.494460481000033, 17.42721327900006 ], [ 78.494451157000086, 17.427279269000067 ], [ 78.494410507000055, 17.427357402000052 ], [ 78.494303985000045, 17.427480912000025 ], [ 78.494211208000081, 17.427557674000095 ], [ 78.494110791000097, 17.427629556000046 ], [ 78.494004093000058, 17.427680479000085 ], [ 78.493866009000058, 17.427725418000023 ], [ 78.49372166600007, 17.427758118000071 ], [ 78.493536794000079, 17.42779368700009 ], [ 78.493305339000088, 17.427835084000058 ], [ 78.493298795051146, 17.427836113728148 ], [ 78.493211634000048, 17.427849829000024 ], [ 78.493146254000081, 17.427885367000066 ], [ 78.49308110700008, 17.427965464000085 ], [ 78.492993087000073, 17.428147369000072 ], [ 78.492886874000092, 17.428385637000101 ], [ 78.492805621000073, 17.428606125000066 ], [ 78.492768389000062, 17.428740070000082 ], [ 78.492726198000085, 17.428974072000088 ], [ 78.492629103000084, 17.429573694000062 ], [ 78.492590595000081, 17.43002005400011 ], [ 78.492608185000066, 17.430579360000042 ] ] } },
{ "type": "Feature", "properties": { "FID": 20, "Nala_ID": "DMC", "Nala_Name": "DURGAM CHERUVU TO MALKAM CHERUVU", "Circle": "Circle-11", "District": "RANGAREDDY", "Total_Seg": 3, "Length_m": 928.0, "Govt_Encr": 0, "Pvt_Encr": 0, "Rel_Encr": 0, "Total_Encr": 0, "Court_Case": 0, "Mandal": " ", "Village": " ", "SNO": 21, "ZONE_NAME": "WEST ZONE", "ZONE_ID": "WTZ", "length_m_calc": 928.05794868977227 }, "geometry": { "type": "LineString", "coordinates": [ [ 78.386032057040367, 17.419267583150035 ], [ 78.386605551248891, 17.419910626434802 ], [ 78.38693897821156, 17.420608318992912 ], [ 78.387061611383714, 17.42105327102302 ], [ 78.38711120094473, 17.421233197206089 ], [ 78.387809721440235, 17.422560679257476 ], [ 78.387963572753918, 17.422867517001148 ], [ 78.388308307946005, 17.423242330827641 ], [ 78.388420548405705, 17.423533003836102 ], [ 78.388420550293915, 17.423961360433324 ], [ 78.388508739995601, 17.424405014693644 ], [ 78.388661067137122, 17.424764526914551 ], [ 78.3886931374836, 17.425024599786351 ], [ 78.388709175332409, 17.425445306614616 ], [ 78.388795137739123, 17.42567969444805 ], [ 78.389045123219773, 17.42586828300319 ], [ 78.389266042045406, 17.425901563460247 ], [ 78.38937650160149, 17.425962577239762 ], [ 78.389486845668372, 17.426011343745717 ], [ 78.389534949584743, 17.426034290910312 ], [ 78.389687277567887, 17.426133730206388 ], [ 78.389967884217029, 17.426256115964463 ] ] } },
{ "type": "Feature", "properties": { "FID": 21, "Nala_ID": "HSN", "Nala_Name": "GHMC HSSN", "Circle": "Circle-9B", "District": "RAGREDDY", "Total_Seg": 12, "Length_m": 1827.0, "Govt_Encr": 0, "Pvt_Encr": 0, "Rel_Encr": 0, "Total_Encr": 0, "Court_Case": 0, "Mandal": " ", "Village": " ", "SNO": 22, "ZONE_NAME": "CENTRAL ZONE", "ZONE_ID": "CRZ", "length_m_calc": 1827.3083207731072 }, "geometry": { "type": "LineString", "coordinates": [ [ 78.474285264967875, 17.409187851329577 ], [ 78.474431592464427, 17.408980441781964 ], [ 78.474548677619282, 17.408829073262698 ], [ 78.474558797679293, 17.408821194930994 ], [ 78.474753998785005, 17.408669233222028 ], [ 78.475275840290351, 17.408362934377724 ], [ 78.475374542400672, 17.408310375742357 ], [ 78.475504833894718, 17.408261098282587 ], [ 78.475580067179905, 17.408229433964493 ], [ 78.475838851999086, 17.408151909339495 ], [ 78.476024211030179, 17.408090273999754 ], [ 78.476130559770354, 17.408002486930609 ], [ 78.476179411278864, 17.40794675119032 ], [ 78.476216690254716, 17.407904218768145 ], [ 78.476344370075338, 17.407776211405402 ], [ 78.476461596446356, 17.407611307083506 ], [ 78.47653174264579, 17.407513737789913 ], [ 78.476515161477792, 17.407481446203168 ], [ 78.476495555634941, 17.407443264091448 ], [ 78.476481070499688, 17.407408881275806 ], [ 78.476531367823057, 17.407307298008956 ], [ 78.476590695214242, 17.407214301889624 ], [ 78.476669568560382, 17.406964722432708 ], [ 78.476759724258685, 17.406969733710671 ], [ 78.476857092903401, 17.406976453858398 ], [ 78.477166295486057, 17.407022929995318 ], [ 78.477256294024869, 17.407033295010134 ], [ 78.477351831846519, 17.407059420381358 ], [ 78.477508330605133, 17.407074930475012 ], [ 78.477688332954244, 17.407097411527889 ], [ 78.477802210670788, 17.40711124050933 ], [ 78.47788782783077, 17.40710961247294 ], [ 78.477903207166293, 17.407109320026279 ], [ 78.478022542472416, 17.407095104165833 ], [ 78.478086779033319, 17.407075722226406 ], [ 78.478156549782369, 17.407070350188988 ], [ 78.478248367370597, 17.407070197482767 ], [ 78.478522011003605, 17.407085512216735 ], [ 78.478747885442857, 17.407086888580924 ], [ 78.479065537156941, 17.407119652505973 ], [ 78.479162879389449, 17.407128251663401 ], [ 78.479243681737046, 17.407129869475945 ], [ 78.479296922375724, 17.407122771558651 ], [ 78.479355649587035, 17.407103398112508 ], [ 78.479383140829611, 17.407073564498795 ], [ 78.479451880198496, 17.407010398791744 ], [ 78.479453571644001, 17.40700840931369 ], [ 78.47957253777011, 17.406868481206939 ], [ 78.479595671318947, 17.406841271461158 ], [ 78.479765360209328, 17.406614760740688 ], [ 78.479829514040802, 17.406531284524277 ], [ 78.480017217464322, 17.406300973880072 ], [ 78.480205657233185, 17.406472688762413 ], [ 78.480244887450723, 17.406493192203257 ], [ 78.480321323171012, 17.406498674231035 ], [ 78.480497688566871, 17.406498378704629 ], [ 78.480658392624221, 17.406505589383436 ], [ 78.480748978576912, 17.406490479240706 ], [ 78.480880242697708, 17.406473429970447 ], [ 78.481046766706001, 17.406448841852143 ], [ 78.481225052217326, 17.406426104709627 ], [ 78.48145625394919, 17.406407017338278 ], [ 78.48149781072847, 17.406409946423203 ], [ 78.481533988032581, 17.406412496334529 ], [ 78.481614326412895, 17.406408622169991 ], [ 78.481678973311304, 17.406397293476125 ], [ 78.481794519405142, 17.406357832702049 ], [ 78.481956853543394, 17.40629291096548 ], [ 78.482140912579823, 17.406214064278238 ], [ 78.482268158120675, 17.406142794912657 ], [ 78.482371906974819, 17.406082784255986 ], [ 78.482483508625378, 17.406030239179653 ], [ 78.482554009512256, 17.406005812761968 ], [ 78.482624494544027, 17.405972035307002 ], [ 78.482696914362606, 17.405925166009581 ], [ 78.482790862044283, 17.405863301726935 ], [ 78.482884785774814, 17.405788346134347 ], [ 78.482968340297461, 17.405719366104218 ], [ 78.483043477760177, 17.405659655874516 ], [ 78.483075512023703, 17.405610871194053 ], [ 78.483119051140449, 17.405547918756586 ], [ 78.483175751614496, 17.405474725795916 ], [ 78.483202044635618, 17.405439312721239 ], [ 78.48322095356491, 17.405419631371515 ], [ 78.483258782206093, 17.405386555965986 ], [ 78.483284284797435, 17.405369221255881 ], [ 78.483313907615369, 17.405352665625191 ], [ 78.483351758223392, 17.405331379926245 ], [ 78.483384141385955, 17.40531007307678 ], [ 78.48341622003602, 17.405285652664755 ], [ 78.483463925602294, 17.405247844477877 ], [ 78.483497652992284, 17.40522420896632 ], [ 78.483532203573901, 17.405200571193138 ], [ 78.483557669801428, 17.405172250222403 ], [ 78.483589186397424, 17.405135318954713 ], [ 78.483622870672434, 17.40508810306412 ], [ 78.483651619384759, 17.405044825142124 ], [ 78.483680378363871, 17.405007048727512 ], [ 78.4837058603011, 17.404978710923796 ], [ 78.483741228548837, 17.404951140961877 ], [ 78.483785651597017, 17.404920412975347 ], [ 78.483866289547834, 17.404874688266414 ], [ 78.484072777018255, 17.40479234176566 ], [ 78.484187790850697, 17.404744241731269 ], [ 78.48426241769171, 17.404707893874672 ], [ 78.484335828995029, 17.404676222769584 ], [ 78.484394542426315, 17.404642238257058 ], [ 78.484432440972853, 17.404609458811013 ], [ 78.484466732704519, 17.404572515508512 ], [ 78.484471547492788, 17.404567328420139 ], [ 78.484513103793233, 17.40452636244127 ], [ 78.484541012873578, 17.404486671203944 ], [ 78.484570344603853, 17.404456242154072 ], [ 78.484603358544248, 17.404430481223137 ], [ 78.48465717224957, 17.404396505253871 ], [ 78.484708538016434, 17.404362533611483 ], [ 78.484744012082061, 17.404342610356483 ], [ 78.484966991090928, 17.404295211672821 ], [ 78.485110954400255, 17.404257610840315 ], [ 78.485319018577513, 17.404203509581308 ], [ 78.485465895241404, 17.404169374827259 ], [ 78.485530069049034, 17.404152678302076 ], [ 78.485553313831659, 17.404142123102368 ], [ 78.485692739045632, 17.404051915673186 ], [ 78.485841851500609, 17.403959914995127 ], [ 78.485909225057384, 17.403918346210144 ], [ 78.485976498106822, 17.403878505261439 ], [ 78.486085593695208, 17.403807838792645 ], [ 78.486162656400253, 17.403764475880735 ], [ 78.486288627052801, 17.403683638841496 ], [ 78.486374241248512, 17.403629744843656 ], [ 78.486491645940646, 17.40355125998709 ], [ 78.486616394348658, 17.403471242758375 ], [ 78.486766829379988, 17.403376343814298 ], [ 78.486824310478639, 17.4033388556897 ], [ 78.486906268642841, 17.403294314954561 ], [ 78.486960084480984, 17.403261507039254 ], [ 78.487006577473849, 17.403241564137371 ], [ 78.487044503751605, 17.403223973579554 ], [ 78.487089780345514, 17.403207538712696 ], [ 78.487149750992145, 17.403192245500332 ], [ 78.487231754565684, 17.403172242445688 ], [ 78.48730856769096, 17.403167811970736 ], [ 78.487453936361945, 17.403165873785067 ], [ 78.487638300496229, 17.40316048344765 ], [ 78.487904163162199, 17.403156241554431 ], [ 78.487994625836052, 17.403154798122824 ], [ 78.488031867218496, 17.403161501175092 ], [ 78.488100887234609, 17.403159816397775 ], [ 78.488247562006975, 17.403191612404264 ], [ 78.488322335870137, 17.403198636441022 ], [ 78.488434172632395, 17.403202800794862 ], [ 78.488525673448834, 17.403229623077671 ], [ 78.488584859664741, 17.403235207986381 ], [ 78.488639673905809, 17.403256891476229 ], [ 78.488719580537861, 17.403271998641028 ] ] } },
{ "type": "Feature", "properties": { "FID": 22, "Nala_ID": "GNS", "Nala_Name": "GOPI CHERUVU TO NALAGANDLA SURPLUS DRAIN", "Circle": "Circle-11", "District": "RANGAREDDY", "Total_Seg": 3, "Length_m": 1832.0, "Govt_Encr": 0, "Pvt_Encr": 0, "Rel_Encr": 0, "Total_Encr": 0, "Court_Case": 0, "Mandal": " ", "Village": " ", "SNO": 23, "ZONE_NAME": "WEST ZONE", "ZONE_ID": "WTZ", "length_m_calc": 1832.8717253447512 }, "geometry": { "type": "LineString", "coordinates": [ [ 78.328015350429297, 17.481831458853716 ], [ 78.327182070932722, 17.482135852785557 ], [ 78.32703617273593, 17.482198780571295 ], [ 78.326951850077961, 17.482220637675582 ], [ 78.326916457202714, 17.482244228930263 ], [ 78.326836621647487, 17.482272386802933 ], [ 78.326787920763635, 17.482300318016623 ], [ 78.326761626736456, 17.482349295955814 ], [ 78.32674870862391, 17.48240242035925 ], [ 78.326710972776965, 17.482411180017777 ], [ 78.326589092051918, 17.482465098987543 ], [ 78.326524840254365, 17.482495263669435 ], [ 78.326467701089172, 17.482495681125481 ], [ 78.326398798393598, 17.482500425896607 ], [ 78.326321103653342, 17.482526326611314 ], [ 78.326092799344949, 17.482620998047484 ], [ 78.326029270730203, 17.482656852788757 ], [ 78.325960774096004, 17.482693422696819 ], [ 78.325829951543909, 17.482768542937908 ], [ 78.325677515544996, 17.482869395750285 ], [ 78.325610983411508, 17.482895303785732 ], [ 78.325513522856539, 17.482957328371445 ], [ 78.325420539846192, 17.483010794019673 ], [ 78.325332003040558, 17.483053597900593 ], [ 78.32526343522558, 17.483085686294473 ], [ 78.325203684554353, 17.483105014316596 ], [ 78.325108344009593, 17.483103339099092 ], [ 78.324787547875488, 17.483153911841605 ], [ 78.324676387793247, 17.483170069034959 ], [ 78.324539273190709, 17.483195350003609 ], [ 78.324208787841911, 17.483267583009905 ], [ 78.324016566155876, 17.483328229669294 ], [ 78.323803586103509, 17.483302261941024 ], [ 78.323593565268766, 17.483145790959341 ], [ 78.323477101833092, 17.483038065687261 ], [ 78.323357932117602, 17.482965506668226 ], [ 78.322099458831275, 17.483124616639561 ], [ 78.32167527734336, 17.483159351348988 ], [ 78.321210631800284, 17.483243688290621 ], [ 78.321030572367405, 17.483283743723334 ], [ 78.320965051623901, 17.48337219869742 ], [ 78.320924901574159, 17.483467556014165 ], [ 78.320898443679368, 17.483700985600905 ], [ 78.320886149900645, 17.48379889556281 ], [ 78.320824324621199, 17.484291281126772 ], [ 78.320972713235847, 17.484418380126893 ], [ 78.321110971664325, 17.484520086363826 ], [ 78.321049414645088, 17.484729988180657 ], [ 78.320969129011871, 17.484933152138218 ], [ 78.320881869279461, 17.485185425369664 ], [ 78.320606127286723, 17.485073931025656 ], [ 78.320520922694143, 17.485088739910218 ], [ 78.320424541674313, 17.485124884410453 ], [ 78.320328188933914, 17.485175215984395 ], [ 78.320250702621067, 17.48528573431091 ], [ 78.320199074902717, 17.485371287787267 ], [ 78.320181008264896, 17.485467278821901 ], [ 78.32014164484022, 17.486127518817959 ], [ 78.3200344699449, 17.486263507286139 ], [ 78.319853049036084, 17.486450096408799 ], [ 78.319649691262256, 17.486632951094769 ], [ 78.319616607351421, 17.486690095811973 ], [ 78.319568717602621, 17.486761603065567 ], [ 78.319375585159662, 17.486855607977581 ], [ 78.319140595239929, 17.486980339775378 ], [ 78.318982612998965, 17.487027161596135 ], [ 78.318824645373681, 17.487056424592083 ], [ 78.318780633871981, 17.487077845016962 ], [ 78.318785023607603, 17.487155205657192 ], [ 78.318880077349903, 17.487474911709835 ], [ 78.318888013576512, 17.487543834758089 ], [ 78.318851663879869, 17.487618035305513 ], [ 78.318588346466782, 17.487933049727975 ], [ 78.318525513286176, 17.487912417002583 ], [ 78.318348435298702, 17.487899639709433 ], [ 78.318223083988528, 17.487900549280937 ], [ 78.318028334305225, 17.487951092826837 ], [ 78.31792779722835, 17.48798750482807 ], [ 78.317814000608422, 17.488058655802565 ], [ 78.317711257137219, 17.488115621208735 ], [ 78.317601160013211, 17.488165589362158 ], [ 78.31750200945423, 17.488194400445181 ], [ 78.3174575268024, 17.488152656234696 ], [ 78.317449610752945, 17.488082588344259 ], [ 78.317386628186028, 17.48802346426146 ], [ 78.317030206326663, 17.48793416445125 ], [ 78.316873461787878, 17.487840712674178 ], [ 78.316610446914964, 17.487824985229754 ], [ 78.31633935709273, 17.487752423155854 ], [ 78.316301375891697, 17.487766327656818 ], [ 78.316159411786771, 17.487720119128593 ], [ 78.315959153234175, 17.487671659432348 ], [ 78.315780525102937, 17.487697532113437 ], [ 78.315677902799081, 17.487662704913504 ] ] } },
{ "type": "Feature", "properties": { "FID": 23, "Nala_ID": "HPC", "Nala_Name": "HAFEEZPET  CHERUVU TO PATEL CHERUVU", "Circle": "Circle-12", "District": "RANGAREDDY", "Total_Seg": 1, "Length_m": 998.0, "Govt_Encr": 0, "Pvt_Encr": 0, "Rel_Encr": 0, "Total_Encr": 0, "Court_Case": 0, "Mandal": " ", "Village": " ", "SNO": 24, "ZONE_NAME": "WEST ZONE", "ZONE_ID": "WTZ", "length_m_calc": 998.6484912070473 }, "geometry": { "type": "LineString", "coordinates": [ [ 78.353687544352738, 17.494986813437855 ], [ 78.353832921338196, 17.494532213000149 ], [ 78.354140693768159, 17.494597875202306 ], [ 78.354112797448195, 17.494041382348527 ], [ 78.354432672771466, 17.493992777775091 ], [ 78.354346924456095, 17.493298379104647 ], [ 78.354524106588585, 17.493231637797617 ], [ 78.354570890243593, 17.49319472960056 ], [ 78.354649903066232, 17.493062954945497 ], [ 78.354731842228276, 17.49295169741556 ], [ 78.354800304263932, 17.492899093785166 ], [ 78.354915781740928, 17.492853772619089 ], [ 78.35521325515171, 17.492753961073195 ], [ 78.355542931068044, 17.492712896858503 ], [ 78.355749355030497, 17.492679613350603 ], [ 78.355862134752854, 17.492685047879085 ], [ 78.355943660283003, 17.492755281047124 ], [ 78.355986819722887, 17.492837336117017 ], [ 78.35615132363796, 17.492754928652534 ], [ 78.356271001334107, 17.492661829859788 ], [ 78.356498069240573, 17.492487776965952 ], [ 78.35661386080335, 17.492427531270685 ], [ 78.357170745199923, 17.492250558605598 ], [ 78.357343763203303, 17.492235744380732 ], [ 78.357587703347562, 17.492184795682984 ], [ 78.357894730899716, 17.49214235115539 ], [ 78.358000496539546, 17.492108501135565 ], [ 78.358292142555186, 17.491960850109781 ], [ 78.358588768072124, 17.491804118967124 ], [ 78.359261928062821, 17.491351458299235 ], [ 78.359693420653159, 17.491969126633691 ], [ 78.360052320707325, 17.4917530583045 ], [ 78.360159424621969, 17.491678641341913 ] ] } },
{ "type": "Feature", "properties": { "FID": 24, "Nala_ID": "HSS", "Nala_Name": "HUSSAIN SAGAR SURPLUS NALA", "Circle": "Circle-9A", "District": "HYDERABAD", "Total_Seg": 60, "Length_m": 5803.0, "Govt_Encr": 0, "Pvt_Encr": 0, "Rel_Encr": 0, "Total_Encr": 0, "Court_Case": 0, "Mandal": " ", "Village": " ", "SNO": 25, "ZONE_NAME": "CENTRAL ZONE", "ZONE_ID": "CRZ", "length_m_calc": 5803.6640056127017 }, "geometry": { "type": "MultiLineString", "coordinates": [ [ [ 78.487698843897604, 17.420744254134931 ], [ 78.487639180838016, 17.420830486421774 ], [ 78.487566725098404, 17.420935208229299 ], [ 78.487140289117946, 17.421502421399619 ], [ 78.486779803844399, 17.421879214712824 ], [ 78.486551786646515, 17.422148998450975 ], [ 78.486433394998244, 17.422307206517342 ], [ 78.486406858346712, 17.422379401234092 ], [ 78.486370858335434, 17.422477341530666 ], [ 78.486365491927373, 17.422566172083403 ], [ 78.486429455379962, 17.422650324582619 ], [ 78.486455776107206, 17.422702596964037 ], [ 78.486420033674293, 17.422775383667265 ], [ 78.486383174932612, 17.422828205511436 ], [ 78.486357870767108, 17.422878283814168 ], [ 78.486375000314112, 17.423052998008576 ], [ 78.486427052857792, 17.423267483580894 ], [ 78.486474204671495, 17.423355595831463 ], [ 78.486466347859903, 17.42342442432545 ], [ 78.486436106386947, 17.423470212453733 ], [ 78.486436367042117, 17.42351652185198 ], [ 78.486491014176991, 17.42374890453641 ], [ 78.486554971061139, 17.423820853836652 ], [ 78.486639045232394, 17.423896259700928 ], [ 78.486688386850489, 17.423978311092075 ], [ 78.486700292420693, 17.424321354524881 ], [ 78.485522824622194, 17.424367199903141 ] ], [ [ 78.487854995127861, 17.420518564918776 ], [ 78.487698843897604, 17.420744254134924 ] ], [ [ 78.488794343976451, 17.415648085139409 ], [ 78.488798124122923, 17.415749170185428 ], [ 78.48880182075375, 17.415848035077289 ], [ 78.488809394098169, 17.416381505863718 ], [ 78.48883615760802, 17.416858950866168 ], [ 78.488885854109867, 17.417068797305909 ], [ 78.489011994204759, 17.417461383479434 ], [ 78.489059861981559, 17.417660084846244 ], [ 78.489084871244259, 17.417917073446429 ], [ 78.488959630376982, 17.418210788548127 ], [ 78.488879941572918, 17.418397792722129 ], [ 78.488735526718003, 17.418736686375837 ], [ 78.488694702456598, 17.418832487053979 ], [ 78.488682096868814, 17.418862068803474 ], [ 78.488674456902245, 17.418879997638399 ], [ 78.488646084308755, 17.418992854648881 ], [ 78.488579870937897, 17.419256229327299 ], [ 78.488572454739057, 17.419285728427067 ], [ 78.488490498693281, 17.419464626475516 ], [ 78.488452625925987, 17.419547297029705 ], [ 78.488431398854303, 17.419593632492287 ], [ 78.488386749117666, 17.419666859680301 ], [ 78.488339224919457, 17.419744801003937 ], [ 78.488230367566459, 17.419923330483304 ], [ 78.488197544228328, 17.41997911737964 ], [ 78.48815127742391, 17.420057752858696 ], [ 78.488023123377531, 17.4202755641682 ], [ 78.4880111459521, 17.42029287552602 ], [ 78.487854995127847, 17.420518564918755 ] ], [ [ 78.488508761910865, 17.409580703833615 ], [ 78.488518346346083, 17.409629404867445 ], [ 78.488516636996408, 17.409632359378818 ], [ 78.488470237707318, 17.409712568829704 ], [ 78.488425568084736, 17.409790467992725 ], [ 78.488363005086669, 17.409899572176158 ], [ 78.48826429309085, 17.410098335000104 ], [ 78.488249392420244, 17.410135947726928 ], [ 78.488212249273317, 17.410229705504165 ], [ 78.488234358634003, 17.410372300582843 ], [ 78.488244171810877, 17.410503886949027 ], [ 78.488233037113915, 17.410627913287481 ], [ 78.488172936101208, 17.410827335054684 ], [ 78.48812507848875, 17.411146409068873 ], [ 78.488014367391187, 17.411387484408603 ], [ 78.487949372854402, 17.41155008590292 ], [ 78.487896501211722, 17.411664607431035 ], [ 78.487823924953545, 17.411741983901198 ], [ 78.487760975726928, 17.411809096523708 ], [ 78.487726099816257, 17.411846279057826 ], [ 78.487698996549852, 17.411948689137564 ], [ 78.487698907153131, 17.412109936405251 ], [ 78.487699579009572, 17.412284654567163 ], [ 78.48773351433087, 17.412703752801278 ], [ 78.48773934247069, 17.412775717414586 ], [ 78.487779607052076, 17.41316107869778 ], [ 78.487776888191249, 17.413213696499785 ], [ 78.487770869611552, 17.413330171433159 ], [ 78.487797107655211, 17.413421741680466 ], [ 78.487845949059349, 17.413486749773195 ], [ 78.487866998224249, 17.413514766274876 ], [ 78.487895529904932, 17.413543883820108 ], [ 78.487970051925728, 17.41361993511412 ], [ 78.488061729922947, 17.413693424378572 ], [ 78.488141427508296, 17.41380105081808 ], [ 78.488218367106285, 17.41402237170195 ], [ 78.488326057574838, 17.414213231940817 ], [ 78.488445455246364, 17.414424840439445 ], [ 78.488675875370944, 17.414815362823223 ], [ 78.488686152913871, 17.414846871603778 ], [ 78.488747762316962, 17.415035752862195 ], [ 78.488759422179299, 17.415107901251009 ], [ 78.488778577747055, 17.415226431168584 ], [ 78.488791391957363, 17.415569145146975 ], [ 78.488794343976465, 17.415648085139424 ] ], [ [ 78.489258526238771, 17.403336801415325 ], [ 78.489105176427614, 17.403329644002749 ], [ 78.489062854248687, 17.403327667746197 ], [ 78.488716426419955, 17.403387721384718 ], [ 78.488465542665992, 17.403452880587768 ], [ 78.488299723952949, 17.403568645274291 ], [ 78.488154603748072, 17.403688944493425 ], [ 78.488085836187764, 17.40383424507829 ], [ 78.488006067243859, 17.404052574461993 ], [ 78.487829300593916, 17.404295692995223 ], [ 78.487814480757635, 17.404311105812411 ], [ 78.487686867179136, 17.404443825380074 ], [ 78.487595468600617, 17.404538880752352 ], [ 78.487417591172559, 17.404695743147936 ], [ 78.48735011041498, 17.404755251382067 ], [ 78.487297682874882, 17.404833043181632 ], [ 78.487258710408994, 17.404890870331119 ], [ 78.487271159426015, 17.405125370802192 ], [ 78.487335867768351, 17.405441842338192 ], [ 78.487440239319, 17.405782794606058 ], [ 78.487458438116477, 17.405846499385007 ], [ 78.487472503605403, 17.405895735519017 ], [ 78.487569874955682, 17.40623657335367 ], [ 78.487754127367253, 17.406814244159346 ], [ 78.487889068996552, 17.407264530184545 ], [ 78.487960228196613, 17.407562523987252 ], [ 78.48796302666905, 17.407585709436006 ] ], [ [ 78.48796302666905, 17.407585709436002 ], [ 78.487969349806448, 17.407638096856292 ], [ 78.487978086102473, 17.407710474764084 ], [ 78.488000397354369, 17.407895334064754 ], [ 78.488111872464827, 17.408381109183278 ], [ 78.488291841290092, 17.408802298799749 ], [ 78.488347123041564, 17.408931676966745 ], [ 78.488372468531267, 17.40906049489276 ], [ 78.488395949102696, 17.409179834304059 ], [ 78.488416028394923, 17.409328073185868 ], [ 78.48842360050638, 17.409383975590671 ], [ 78.488498402079742, 17.409528062790393 ], [ 78.48850876191085, 17.409580703833601 ] ], [ [ 78.496500596562569, 17.39658230817162 ], [ 78.496435183339301, 17.396632694069165 ], [ 78.496398050304961, 17.396664036225442 ], [ 78.4962563062832, 17.396783675128678 ], [ 78.496201281846609, 17.396830118269325 ], [ 78.495879412713151, 17.397115503853154 ], [ 78.495505942544952, 17.39761111058791 ], [ 78.495142985802019, 17.398112033708063 ], [ 78.494763891337101, 17.398690078446034 ], [ 78.494470444382358, 17.399024572206709 ], [ 78.49430885735876, 17.39926021083334 ], [ 78.494303688774409, 17.399267748046906 ], [ 78.494199817228719, 17.399419220169055 ], [ 78.494198521485998, 17.399421108748694 ], [ 78.49408236888334, 17.39970049554708 ], [ 78.493928055287839, 17.400035728371819 ], [ 78.493605038962144, 17.400646194247873 ], [ 78.493268581482241, 17.401122556108206 ], [ 78.493189389505588, 17.401234676873663 ], [ 78.493149505341322, 17.401291145187002 ], [ 78.493034271556354, 17.401461002570926 ], [ 78.49295726210994, 17.401574516116611 ], [ 78.492880252562657, 17.40168802961913 ], [ 78.492811062003312, 17.401790017624656 ], [ 78.492771787821511, 17.401835280362747 ], [ 78.492455356293661, 17.402199960389762 ], [ 78.492410856754745, 17.402251872149144 ], [ 78.492321192191042, 17.402356471870458 ], [ 78.492141552366434, 17.402566033230286 ], [ 78.491922962009511, 17.402812643156555 ], [ 78.491638126999646, 17.403049917605014 ], [ 78.491252568166885, 17.403278075485094 ], [ 78.491041737915239, 17.403375969182626 ], [ 78.490807605180791, 17.403425945310058 ], [ 78.490570764265811, 17.403435655701013 ], [ 78.490248605882584, 17.403433928615179 ], [ 78.489935185367045, 17.403420902652357 ], [ 78.489669066394868, 17.403371434997979 ], [ 78.489475988328792, 17.403346951556376 ], [ 78.489293148055495, 17.403338417329465 ], [ 78.489258526238771, 17.403336801415332 ] ], [ [ 78.501480156345551, 17.39520669886139 ], [ 78.501290049115312, 17.395297754559582 ], [ 78.500932547690226, 17.395363850204692 ], [ 78.500293934828079, 17.395341726102416 ], [ 78.500250005314413, 17.395343079575341 ], [ 78.499935685042999, 17.395352763566258 ], [ 78.499614300021676, 17.395363135262635 ], [ 78.499274631702164, 17.395339154019727 ], [ 78.498933618963065, 17.395300254222203 ], [ 78.49880623814326, 17.395306402538406 ], [ 78.498685912622534, 17.39531221023941 ], [ 78.498673785340017, 17.395316390861712 ], [ 78.498648800484432, 17.395325003562071 ], [ 78.498499464727658, 17.395376482025764 ], [ 78.498369510345924, 17.395473849333939 ], [ 78.498192359602044, 17.395614439224829 ], [ 78.497952563382981, 17.39576418928538 ], [ 78.497689433220629, 17.395851502916095 ], [ 78.497399086676907, 17.395940133001698 ], [ 78.497190491477198, 17.396031619193909 ], [ 78.496884574197438, 17.396286540330124 ], [ 78.496500596562569, 17.396582308171652 ] ], [ [ 78.505903054001521, 17.385682209406763 ], [ 78.505807619432119, 17.385752087850616 ], [ 78.505649341618152, 17.386028481676551 ], [ 78.50558293065906, 17.386375334302397 ], [ 78.505579438728645, 17.386646773784495 ], [ 78.505603208189598, 17.386815424290191 ], [ 78.505767796771536, 17.387063414507232 ], [ 78.505816601867707, 17.387302142966657 ], [ 78.505771962634569, 17.387557893308713 ], [ 78.505761897332576, 17.387584533307724 ], [ 78.505701237243755, 17.387745074741435 ], [ 78.505607696900469, 17.387992635507665 ], [ 78.505567349162774, 17.388082549677879 ], [ 78.505441813247103, 17.388362303368357 ], [ 78.505278466296787, 17.388660909072154 ], [ 78.505239430423345, 17.388732268518037 ], [ 78.505220775136351, 17.388766371250401 ], [ 78.505071855610581, 17.388995628703192 ], [ 78.504972699966459, 17.389148275481581 ], [ 78.504943342287589, 17.389193471006994 ], [ 78.504873545087378, 17.389300922199215 ], [ 78.504813914715058, 17.389392719648267 ], [ 78.50460160725514, 17.389622347753814 ], [ 78.504535829488177, 17.389693491678905 ], [ 78.504449555733032, 17.389920131336797 ], [ 78.504408646420899, 17.390230363339619 ], [ 78.504465689074877, 17.390488266307383 ], [ 78.504597334215191, 17.390866757093224 ], [ 78.504723279551172, 17.391143352980297 ], [ 78.504833243469037, 17.391457678441114 ], [ 78.504869950838582, 17.391730407089074 ], [ 78.504873304972037, 17.392053441190388 ], [ 78.504827842414343, 17.392565655743219 ], [ 78.504769146581708, 17.392902294695478 ], [ 78.504754707905221, 17.392983074742624 ], [ 78.504695572549991, 17.393313918193574 ], [ 78.504664388350776, 17.393425870732614 ], [ 78.504619950418373, 17.393585404401822 ], [ 78.504611140440275, 17.393598376536506 ], [ 78.504499314484661, 17.393763032955299 ], [ 78.504454007760728, 17.393823355089648 ], [ 78.504325205345225, 17.393994844487338 ], [ 78.504238406859031, 17.394058171151631 ], [ 78.504013723249543, 17.39422209599303 ], [ 78.503978878986672, 17.394247517644516 ], [ 78.503526977461988, 17.394529840004079 ], [ 78.503322205865075, 17.394629201927295 ], [ 78.50306589669087, 17.394733890560932 ], [ 78.502708566608376, 17.394829794978847 ], [ 78.502454528072406, 17.394882839425939 ], [ 78.502402447115983, 17.394893714130777 ], [ 78.502347123409564, 17.39490526537223 ], [ 78.502218390447112, 17.394938904908798 ], [ 78.502180892446873, 17.394948703411444 ], [ 78.501999366725357, 17.394996137296076 ], [ 78.501978504039002, 17.395001588842906 ], [ 78.501823228137553, 17.395059307943381 ], [ 78.501691648789659, 17.395108218440789 ], [ 78.501665370194672, 17.395117986670435 ], [ 78.501480156345551, 17.395206698861365 ] ] ] } },
{ "type": "Feature", "properties": { "FID": 25, "Nala_ID": "KNC", "Nala_Name": "KAPRA CHERUVU TO NAGARAM  CHERUVU DRAIN", "Circle": "Circle-1", "District": "Rangareddy", "Total_Seg": 21, "Length_m": 5295.0, "Govt_Encr": 0, "Pvt_Encr": 0, "Rel_Encr": 0, "Total_Encr": 0, "Court_Case": 0, "Mandal": " ", "Village": " ", "SNO": 26, "ZONE_NAME": "EAST ZONE", "ZONE_ID": "ETZ", "length_m_calc": 5062.7545641554507 }, "geometry": { "type": "LineString", "coordinates": [ [ 78.555547254673954, 17.497447021041797 ], [ 78.556473672817617, 17.497215151431632 ], [ 78.556550481825127, 17.497154009728664 ], [ 78.55657263246195, 17.497136378543939 ], [ 78.55659812928144, 17.497090520968662 ], [ 78.556610121294099, 17.497046089532724 ], [ 78.556607102227986, 17.497001623232894 ], [ 78.556566470045738, 17.496899605936193 ], [ 78.556509150232046, 17.496774265843761 ], [ 78.556480952829503, 17.496718331025974 ], [ 78.556379104488684, 17.496516296544886 ], [ 78.556374209784124, 17.496506586141198 ], [ 78.55630885922497, 17.496376951626118 ], [ 78.556292085188446, 17.496344605364914 ], [ 78.556321698929011, 17.496245468016983 ], [ 78.556364960290765, 17.496115417532938 ], [ 78.556330432489901, 17.495936388046847 ], [ 78.556278617292094, 17.495703363616002 ], [ 78.556273373244551, 17.495651355025782 ], [ 78.556267983834076, 17.495597898569798 ], [ 78.556269628629224, 17.495387938821583 ], [ 78.55627075808269, 17.49524383557452 ], [ 78.556270781447253, 17.495240820870304 ], [ 78.556273246854303, 17.494979969519306 ], [ 78.556263643628455, 17.494900727171959 ], [ 78.556172125738968, 17.494696371210093 ], [ 78.556123465791288, 17.494617254978234 ], [ 78.555977893411864, 17.494380565193687 ], [ 78.555930416353903, 17.494315842060164 ], [ 78.555827939444455, 17.494176140867626 ], [ 78.555708884647856, 17.494031830438946 ], [ 78.555605967123682, 17.493828953446254 ], [ 78.555547859512728, 17.493657399556948 ], [ 78.555460051444314, 17.493427777797152 ], [ 78.555450845156017, 17.493410167905406 ], [ 78.55559996895424, 17.493344791973499 ], [ 78.555635062270753, 17.493331185151803 ], [ 78.555775068386325, 17.493276899599945 ], [ 78.555815544429322, 17.493261204809006 ], [ 78.555923733551737, 17.493225183666318 ], [ 78.556021792896743, 17.49319253416234 ], [ 78.556319895624156, 17.493103470881366 ], [ 78.556503123169463, 17.493046294467145 ], [ 78.556747099553561, 17.492971861406165 ], [ 78.55674227761655, 17.492942625811715 ], [ 78.556722076639815, 17.492820136276126 ], [ 78.556816051385439, 17.492789963312475 ], [ 78.556895158530651, 17.4927739759678 ], [ 78.556956362574226, 17.492761607008717 ], [ 78.557074959266956, 17.492751113091416 ], [ 78.557118644494793, 17.492788337316 ], [ 78.557151439431379, 17.492831544220468 ], [ 78.557181138693394, 17.492889675093942 ], [ 78.557217089040847, 17.492932931658533 ], [ 78.557239786215874, 17.492947961663241 ], [ 78.557306869840104, 17.492925558666439 ], [ 78.557530454580586, 17.492855198352171 ], [ 78.557871275764398, 17.492752574046442 ], [ 78.558130358046967, 17.492704182792718 ], [ 78.558290736734264, 17.492682449187424 ], [ 78.558522223121031, 17.492656040510337 ], [ 78.558660084860648, 17.492664056798287 ], [ 78.558712275670061, 17.492642710284397 ], [ 78.558769006256256, 17.492612475753184 ], [ 78.558815965255505, 17.492542233297147 ], [ 78.55886130886897, 17.492460089812585 ], [ 78.558906622520297, 17.492366018729779 ], [ 78.55895509020371, 17.492280904952921 ], [ 78.559111224158428, 17.492112488195612 ], [ 78.559288863038859, 17.491927759500914 ], [ 78.559382506365665, 17.491811311360884 ], [ 78.559445094240132, 17.491767946013312 ], [ 78.559524991117755, 17.491740986620432 ], [ 78.559623736167453, 17.491712508413489 ], [ 78.559681748632741, 17.491694519131009 ], [ 78.55977897734013, 17.491694454240953 ], [ 78.559832365906828, 17.491680940511287 ], [ 78.559881067299969, 17.491641948501524 ], [ 78.559879430944733, 17.491583522484429 ], [ 78.559884109483875, 17.491543077110766 ], [ 78.559915461360518, 17.491489084977715 ], [ 78.559931116113646, 17.491426123171475 ], [ 78.559937685860234, 17.491290384417688 ], [ 78.559965840973277, 17.491228931997036 ], [ 78.560094340303607, 17.491056315983037 ], [ 78.560232259793636, 17.490933678737807 ], [ 78.560443061812705, 17.490778678908573 ], [ 78.560547139194298, 17.49070626546073 ], [ 78.560611896994345, 17.490689561849045 ], [ 78.560751126556923, 17.49068773812601 ], [ 78.560893244881669, 17.490663404122184 ], [ 78.561087558132172, 17.490610366868712 ], [ 78.561286208062526, 17.490564635667031 ], [ 78.56139593374148, 17.490548373037512 ], [ 78.561470344503178, 17.49053734440421 ], [ 78.561523679489426, 17.490529439507839 ], [ 78.561849119548555, 17.490503738822106 ], [ 78.562117550571884, 17.490479333733187 ], [ 78.562333604965147, 17.490456185609695 ], [ 78.5624036705196, 17.490445535914986 ], [ 78.562486549403189, 17.490409039318308 ], [ 78.562555127574583, 17.490357313770566 ], [ 78.562610833828529, 17.490263036748189 ], [ 78.56271843733704, 17.490047620576611 ], [ 78.562734556524788, 17.490016176253164 ], [ 78.56282194204249, 17.489845716105517 ], [ 78.562871191724824, 17.489763814454303 ], [ 78.562920539376208, 17.48972278908094 ], [ 78.563012984033065, 17.489667979074181 ], [ 78.563046448497474, 17.489599594755159 ], [ 78.563074996523525, 17.489510045946691 ], [ 78.563141265852451, 17.489441612618329 ], [ 78.563285989298763, 17.489333874882689 ], [ 78.563316934253933, 17.489323730130305 ], [ 78.563392803401257, 17.48929885842416 ], [ 78.563483565518396, 17.489274575902567 ], [ 78.56362496807597, 17.489265436992099 ], [ 78.563812072012567, 17.489269846385344 ], [ 78.564048094886601, 17.489300920509397 ], [ 78.5642291185153, 17.48934340949117 ], [ 78.564300702163877, 17.489351034835774 ], [ 78.564348456605302, 17.489341963232381 ], [ 78.564486099124451, 17.489286670894842 ], [ 78.564634162996711, 17.489216894593881 ], [ 78.564670713019538, 17.489202295855467 ], [ 78.564733058626544, 17.489177391416153 ], [ 78.564777309691692, 17.489167613755601 ], [ 78.564822521778709, 17.489157622964921 ], [ 78.564931322521829, 17.489142397366734 ], [ 78.565014667847606, 17.489163741462594 ], [ 78.565035546543243, 17.489203391347996 ], [ 78.565042006929175, 17.489259816389499 ], [ 78.565032448531753, 17.48934519880579 ], [ 78.565010072754276, 17.48944121411466 ], [ 78.564999962101155, 17.489514771782726 ], [ 78.565003174900866, 17.489540685348551 ], [ 78.565131018753533, 17.489554328573814 ], [ 78.565199819881997, 17.489551236883116 ], [ 78.565267076619833, 17.489525229135499 ], [ 78.565268679577756, 17.489525228017488 ], [ 78.565327936465209, 17.489490044601123 ], [ 78.565335941677191, 17.489485456762019 ], [ 78.565403200200734, 17.489462492898845 ], [ 78.565535971932093, 17.489426052994485 ], [ 78.56558737013664, 17.489411946853814 ], [ 78.565850607910889, 17.489352177834078 ], [ 78.566124472693218, 17.489293928797412 ], [ 78.566311333907464, 17.489257130711842 ], [ 78.566388205479868, 17.489238742707357 ], [ 78.566473074163625, 17.489202015769767 ], [ 78.566640113162862, 17.489114962050703 ], [ 78.566649201809156, 17.489110224847746 ], [ 78.566855110453844, 17.489001091592062 ], [ 78.567052633902435, 17.488896441998207 ], [ 78.567148226210975, 17.488864078716549 ], [ 78.567221297494257, 17.488820101987599 ], [ 78.5672655903617, 17.488793446323182 ], [ 78.567436345300109, 17.488682716492402 ], [ 78.567651606409825, 17.4885498630867 ], [ 78.567773848646411, 17.488475904759142 ], [ 78.567872789172256, 17.48841604502439 ], [ 78.568058372599495, 17.488350118972363 ], [ 78.568383119223881, 17.488111297941966 ], [ 78.568469085280228, 17.488044149701345 ], [ 78.568477213299573, 17.488039447607893 ], [ 78.568550492123421, 17.48800954624252 ], [ 78.568690925910232, 17.487954634455271 ], [ 78.568855964627403, 17.487876498911653 ], [ 78.569166640727772, 17.487740415741346 ], [ 78.569361180079071, 17.487651891401189 ], [ 78.569490918358468, 17.487592853030616 ], [ 78.569690606502974, 17.487552377838696 ], [ 78.569942033781871, 17.487496444375068 ], [ 78.569957251014998, 17.487483111789384 ], [ 78.56989677483439, 17.487169679534595 ], [ 78.569875395355865, 17.487002897256335 ], [ 78.569842361577429, 17.486829098688567 ], [ 78.56982712181491, 17.486744901724535 ], [ 78.569821731207085, 17.486691792917131 ], [ 78.569847566688324, 17.486651101938577 ], [ 78.569891626645514, 17.486630715740421 ], [ 78.570040954963943, 17.486613533479424 ], [ 78.57042583666761, 17.486581114172882 ], [ 78.570604668415413, 17.48656262054299 ], [ 78.570754326986346, 17.486547143477914 ], [ 78.57102674872678, 17.486520126938487 ], [ 78.571129074182551, 17.486498009857048 ], [ 78.571190436010554, 17.486464777706225 ], [ 78.571189717832056, 17.486430407792366 ], [ 78.571150155080076, 17.486350104412715 ], [ 78.571052827759615, 17.486137296145767 ], [ 78.571024645460128, 17.486066354050276 ], [ 78.571004717332357, 17.486020673619766 ], [ 78.571022922234263, 17.485984350223482 ], [ 78.571064359659559, 17.485960561657837 ], [ 78.571105836846968, 17.485954117620203 ], [ 78.571173924882373, 17.485958632007989 ], [ 78.57122378430654, 17.485956893386515 ], [ 78.571291865514866, 17.485915642183304 ], [ 78.571430902641509, 17.485867919866184 ], [ 78.571550075173931, 17.485803245449112 ], [ 78.571601270097119, 17.485746577931511 ], [ 78.571616044446145, 17.485672657508029 ], [ 78.571615895611501, 17.48554691804592 ], [ 78.571607456083569, 17.485317711966154 ], [ 78.571605757155268, 17.485257885715239 ], [ 78.571620602257951, 17.485243704786242 ], [ 78.571713042666786, 17.485246786127437 ], [ 78.572056383346336, 17.485248108109516 ], [ 78.572390170123796, 17.485261380934901 ], [ 78.57250843334991, 17.485266082752432 ], [ 78.572676813502355, 17.485280127814299 ], [ 78.572827042869861, 17.48530205750447 ], [ 78.572924436955063, 17.485306709051514 ], [ 78.57293103880528, 17.48530670392746 ], [ 78.572977257565825, 17.485305095577822 ], [ 78.573025120475762, 17.485297188222045 ], [ 78.573035020048607, 17.485292456982165 ], [ 78.573076272046521, 17.485273534161585 ], [ 78.573114193494092, 17.485218402067535 ], [ 78.57313889105771, 17.485142811588435 ], [ 78.573160307669269, 17.485089266207652 ], [ 78.573201338925941, 17.48505938160751 ], [ 78.573282137527286, 17.485032440661946 ], [ 78.573429219834239, 17.484992687781549 ], [ 78.573546861385154, 17.484937046517377 ], [ 78.573661678958217, 17.484890574723668 ], [ 78.573743266539935, 17.484874462263278 ], [ 78.573806580651123, 17.484869524556306 ], [ 78.573851626761936, 17.484896352027945 ], [ 78.573898394765266, 17.484951745731674 ], [ 78.573959812444343, 17.485014774664556 ], [ 78.573984799182796, 17.485033723752984 ], [ 78.574026444403955, 17.485044679399319 ], [ 78.574076441167307, 17.485044493478988 ], [ 78.574118138760866, 17.485052282071198 ], [ 78.574124811451426, 17.485052257900289 ], [ 78.574178252534296, 17.485094976553661 ], [ 78.574247583681071, 17.485158187883936 ], [ 78.574372836710197, 17.485272382077504 ], [ 78.574587721205461, 17.485485313377897 ], [ 78.574761019030603, 17.485685592512485 ], [ 78.574796198705812, 17.485726249012149 ], [ 78.574956205008277, 17.485907495126455 ], [ 78.574989801048062, 17.485941095990544 ], [ 78.575030085857975, 17.485971476268091 ], [ 78.575087105995863, 17.485987433758734 ], [ 78.575239671335581, 17.486004914664043 ], [ 78.575336889365232, 17.486017635217312 ], [ 78.5754374129247, 17.486046337441156 ], [ 78.575532828495753, 17.486091009842685 ], [ 78.575651629517182, 17.486127628043121 ], [ 78.575726910014922, 17.486159611451264 ], [ 78.575810457368306, 17.486189965134425 ], [ 78.575920581981507, 17.486223476691102 ], [ 78.576038860074107, 17.48626171232759 ], [ 78.576178620027207, 17.486347601542665 ], [ 78.576251976118485, 17.486384255445152 ], [ 78.576300332404344, 17.486396949123108 ], [ 78.57635043103889, 17.486393654944496 ], [ 78.57638717977008, 17.486374477750001 ], [ 78.576422241155115, 17.486315505568555 ], [ 78.576464001067663, 17.486285173020896 ], [ 78.576575797976091, 17.486278734247666 ], [ 78.576587459131616, 17.486273962000041 ], [ 78.576837837350396, 17.486281711513431 ], [ 78.577123080527841, 17.486287075199538 ], [ 78.577311106940712, 17.486284143922465 ], [ 78.57740636078961, 17.486264908902005 ], [ 78.577498367382148, 17.486232882201396 ], [ 78.577541718567886, 17.486210735058307 ], [ 78.577620582916211, 17.486170444057798 ], [ 78.57774792528383, 17.486085550452096 ], [ 78.577759668949113, 17.486080728555297 ], [ 78.577877173665016, 17.485978048275062 ], [ 78.577949455453961, 17.485918593964829 ], [ 78.577993793274942, 17.48590608643751 ], [ 78.578059200288308, 17.485912368655281 ], [ 78.57823563108569, 17.485960204682513 ], [ 78.578405471831331, 17.486006590881267 ], [ 78.578505412828875, 17.486000791338768 ], [ 78.578594450603561, 17.485975296296406 ], [ 78.578710163367816, 17.485948279313895 ], [ 78.578803924949881, 17.485937232284918 ], [ 78.578894339071027, 17.485953233656367 ], [ 78.578956340298689, 17.485978748432441 ], [ 78.579009954811156, 17.485991489305103 ], [ 78.57902000543227, 17.485991481766298 ], [ 78.5790688499971, 17.485980101991025 ], [ 78.579077280631225, 17.485975268526516 ], [ 78.579151562439051, 17.485934923711451 ], [ 78.579209081715774, 17.485918614951768 ], [ 78.579290450612319, 17.485903754857546 ], [ 78.579485720688311, 17.485890433912644 ], [ 78.579636035169585, 17.485901029295484 ], [ 78.579730688863407, 17.485887860126393 ], [ 78.579806596087764, 17.485863727359135 ], [ 78.579933185501773, 17.485799945459711 ], [ 78.580056273531198, 17.485701728774234 ], [ 78.580161013683082, 17.485627290407113 ], [ 78.58025232334883, 17.485512510999698 ], [ 78.580321041724972, 17.485392442356329 ], [ 78.580405571618471, 17.485308455941606 ], [ 78.580476688316921, 17.48528413083271 ], [ 78.580525855574066, 17.48529373251322 ], [ 78.58057507194664, 17.485321108878686 ], [ 78.580634521106475, 17.48535818612271 ], [ 78.580692345180239, 17.485429243587003 ], [ 78.580761868399051, 17.485510011657301 ], [ 78.580813114885871, 17.485591055658524 ], [ 78.580850435993383, 17.485647610082676 ], [ 78.580901304171135, 17.485694428128415 ], [ 78.580965746308635, 17.485725065443187 ], [ 78.581048906951736, 17.485737903733792 ], [ 78.581176348048231, 17.485760422201075 ], [ 78.581314166892554, 17.485795921101232 ], [ 78.581368695266917, 17.485798291453655 ], [ 78.581387458386729, 17.485799107082926 ], [ 78.581481398825687, 17.485779582152357 ], [ 78.581642681582395, 17.485735596264192 ], [ 78.581760098912113, 17.485693175233628 ], [ 78.58184704741042, 17.485642570026712 ], [ 78.581893143163498, 17.485585433645003 ], [ 78.581937509085577, 17.485512052047241 ], [ 78.582002342954326, 17.485443591247407 ], [ 78.582043338813932, 17.485402771319659 ], [ 78.582111702455592, 17.485373307829217 ], [ 78.582183479556889, 17.485360176852982 ], [ 78.58223470153834, 17.485374845068218 ], [ 78.582277292520047, 17.485451518244812 ], [ 78.582361058325915, 17.485552438173141 ], [ 78.582431052990628, 17.48560615107084 ], [ 78.582504558157297, 17.485628774426193 ], [ 78.582603829723496, 17.48563658470956 ], [ 78.582665517812018, 17.485644530895534 ], [ 78.5827015166834, 17.4856623792015 ], [ 78.582723875453198, 17.485707977264482 ], [ 78.582747957438571, 17.485778086977053 ], [ 78.582770322767118, 17.485838429743204 ], [ 78.582787528038594, 17.485880842543775 ], [ 78.582821895265383, 17.48590364516232 ], [ 78.582864859128193, 17.485908479314453 ], [ 78.582918149793912, 17.485893693235695 ], [ 78.582993274038259, 17.485841399028608 ], [ 78.583046733883137, 17.485788598144381 ], [ 78.583098019722371, 17.485692259494598 ], [ 78.583127028630159, 17.485613987464166 ], [ 78.583154320284407, 17.485555332958068 ], [ 78.58320213699443, 17.485527625135962 ], [ 78.583210673673619, 17.485522735866748 ], [ 78.583289177611078, 17.485509763127396 ], [ 78.583455949824923, 17.485472635823541 ], [ 78.583646379349233, 17.485436266815199 ], [ 78.583674685982899, 17.485430860247586 ], [ 78.583784013515057, 17.485404347791906 ], [ 78.583923405676785, 17.485392891484025 ], [ 78.584052841865102, 17.485399286808562 ], [ 78.584139754647197, 17.485376487501547 ], [ 78.584224990688512, 17.485340677227363 ], [ 78.584318749588249, 17.485285342075503 ], [ 78.584387203960077, 17.485281979148741 ], [ 78.584452550730546, 17.485286713062752 ], [ 78.584521468386725, 17.485312625519875 ], [ 78.5845610081806, 17.485379375134567 ], [ 78.584590264842177, 17.485451053354026 ], [ 78.584640171963173, 17.485537435627453 ], [ 78.584676642691591, 17.485645290008101 ], [ 78.584709348904113, 17.485733301179746 ], [ 78.584741961657031, 17.485770805116431 ], [ 78.584765968076169, 17.485785476815895 ], [ 78.584801923862287, 17.485787080203188 ], [ 78.584868651766442, 17.485769068007134 ], [ 78.584923596438074, 17.485769006383862 ], [ 78.584976870762787, 17.485777115099435 ], [ 78.585025026529706, 17.485786871407385 ], [ 78.58506459955602, 17.485786831465226 ], [ 78.585112782380591, 17.485762249239876 ], [ 78.58517476356495, 17.485713088457491 ], [ 78.585212683731385, 17.485701574275794 ], [ 78.585267890423026, 17.485701485030333 ], [ 78.58532660724336, 17.485716133420215 ], [ 78.585500839862021, 17.485736954558629 ], [ 78.585666032855173, 17.485734962461756 ], [ 78.585802252030476, 17.48572809723418 ], [ 78.585890315558316, 17.485711462275113 ], [ 78.585942279079433, 17.485671774675239 ], [ 78.585963069236712, 17.485635473770845 ], [ 78.585980365396878, 17.485564597331763 ], [ 78.585980363601237, 17.48556295068493 ], [ 78.585988897992522, 17.485495479573796 ], [ 78.585988858544113, 17.485485632764437 ], [ 78.585990582999287, 17.485483984520091 ], [ 78.585997331275706, 17.485439660965735 ], [ 78.586000785816779, 17.485438005750751 ], [ 78.58603187893732, 17.485398407657449 ], [ 78.586126446774543, 17.485335236697392 ], [ 78.586202471539423, 17.48528409560387 ], [ 78.586259512317639, 17.485211499166621 ], [ 78.586299291583089, 17.485158668294698 ], [ 78.586340844038887, 17.485125598596351 ], [ 78.586344307195347, 17.485122291434074 ], [ 78.586389376450171, 17.485113943072879 ], [ 78.586401644778363, 17.485114422764571 ], [ 78.586469196319925, 17.485117063782329 ], [ 78.586543896023457, 17.485126806289831 ], [ 78.586655206990457, 17.485126563843771 ], [ 78.586813682929701, 17.485100955808676 ], [ 78.58681541864847, 17.485100949802387 ], [ 78.586968079351152, 17.485066015366069 ], [ 78.587099732729357, 17.485061317511754 ], [ 78.58716727851133, 17.485076239721867 ], [ 78.587214165851151, 17.485112509460514 ], [ 78.587290847348143, 17.485196564540257 ], [ 78.587345016965529, 17.485249325762247 ], [ 78.5874288121544, 17.485303792719574 ], [ 78.587511392449727, 17.485399772755869 ], [ 78.587570499899087, 17.485484717132838 ], [ 78.587598421438699, 17.48557100877818 ], [ 78.587614201036729, 17.485700468329707 ], [ 78.587626592618548, 17.48585486884139 ], [ 78.587621560357903, 17.485949657196649 ], [ 78.58762344083722, 17.486021234681662 ], [ 78.587639210898175, 17.486069503593662 ], [ 78.58766542772166, 17.486114425505249 ], [ 78.587708967073567, 17.486134237906253 ], [ 78.587721149165986, 17.486134197107251 ], [ 78.587769868200851, 17.486150654513377 ], [ 78.587853778309935, 17.486198518170504 ], [ 78.58790793041085, 17.486271551640947 ], [ 78.587944605290048, 17.486336255299197 ], [ 78.587965554600615, 17.486419245755737 ], [ 78.587988208962898, 17.486484004925163 ], [ 78.588027208043655, 17.48656275165057 ], [ 78.58806719764813, 17.486592590317183 ], [ 78.588124593624428, 17.486617439468215 ], [ 78.588187239260506, 17.48662235257353 ], [ 78.58827607726721, 17.486627239624696 ], [ 78.588363793174381, 17.486627141513804 ], [ 78.588371999074852, 17.486627131875991 ], [ 78.588451441062332, 17.486639826808407 ] ] } },
{ "type": "Feature", "properties": { "FID": 26, "Nala_ID": "KJM", "Nala_Name": "KHAJAGUDA CHERUVU TO MANIKONDA CHERUVU", "Circle": "Circle-11", "District": "RANGAREDDY", "Total_Seg": 2, "Length_m": 677.0, "Govt_Encr": 0, "Pvt_Encr": 0, "Rel_Encr": 0, "Total_Encr": 0, "Court_Case": 0, "Mandal": " ", "Village": " ", "SNO": 27, "ZONE_NAME": "WEST ZONE", "ZONE_ID": "WTZ", "length_m_calc": 561.40403436520091 }, "geometry": { "type": "LineString", "coordinates": [ [ 78.373995953463947, 17.416436308888223 ], [ 78.373822180321071, 17.416632004023931 ], [ 78.373595867190829, 17.416909385327124 ], [ 78.373298342164716, 17.417271832889867 ], [ 78.373082215042331, 17.417520992014872 ], [ 78.372943717417598, 17.417836805088314 ], [ 78.372916464675868, 17.418166221167326 ], [ 78.372926057528119, 17.418348170008347 ], [ 78.37287486650078, 17.418414728746242 ], [ 78.372823655882925, 17.418459115293864 ], [ 78.372837823531256, 17.418552040319881 ], [ 78.373006424073438, 17.419722812818385 ], [ 78.372991619971856, 17.420050450352228 ], [ 78.373035095559828, 17.420294604918681 ], [ 78.373122254966503, 17.420522668193435 ], [ 78.373269720027352, 17.421080892021386 ] ] } },
{ "type": "Feature", "properties": { "FID": 27, "Nala_ID": "MLD", "Nala_Name": "MADINAGUDA LAKE TO DEEPTHI SRI NAGAR", "Circle": "CIRCLE-12", "District": "RANGAREDDY", "Total_Seg": 1, "Length_m": 1425.0, "Govt_Encr": 0, "Pvt_Encr": 0, "Rel_Encr": 0, "Total_Encr": 0, "Court_Case": 0, "Mandal": " ", "Village": " ", "SNO": 28, "ZONE_NAME": "WEST ZONE", "ZONE_ID": "WTZ", "length_m_calc": 1425.6026150076395 }, "geometry": { "type": "LineString", "coordinates": [ [ 78.34645870919168, 17.488969303224366 ], [ 78.346451244451359, 17.489009168871437 ], [ 78.345353971989397, 17.489176251890314 ], [ 78.342969195901674, 17.489510183035225 ], [ 78.343007959458319, 17.489777416400823 ], [ 78.343144878597684, 17.490270515418459 ], [ 78.343141549188857, 17.49031485420101 ], [ 78.34295476951344, 17.490345090282219 ], [ 78.342662057076879, 17.490398933370635 ], [ 78.342688451937988, 17.490541088462098 ], [ 78.342731313824672, 17.490746286097238 ], [ 78.342747011199748, 17.490894192590993 ], [ 78.342661984701024, 17.49112376823679 ], [ 78.342593928928082, 17.491377315559909 ], [ 78.342398579978394, 17.4914847234595 ], [ 78.341572019370233, 17.491755231584929 ], [ 78.341792227639147, 17.492315894670735 ], [ 78.341430576711474, 17.492525059148367 ], [ 78.34140831998171, 17.492865982645462 ], [ 78.341150576291042, 17.493039465517843 ], [ 78.340893304527029, 17.493047217657864 ], [ 78.340843603201449, 17.494409135553344 ], [ 78.34082583520869, 17.49491425794108 ], [ 78.339767134447783, 17.494909049117542 ], [ 78.339930956688548, 17.495529050004631 ], [ 78.340091152495887, 17.496054589566462 ], [ 78.340102636576731, 17.496127638729831 ], [ 78.340086622147425, 17.496185307881092 ] ] } },
{ "type": "Feature", "properties": { "FID": 28, "Nala_ID": "NGS", "Nala_Name": "NALAGANDLA TO GANGARAM CHERUVU SRUPLUS DRAIN", "Circle": "Circle-11", "District": "RANGAREDDY", "Total_Seg": 7, "Length_m": 3403.0, "Govt_Encr": 0, "Pvt_Encr": 0, "Rel_Encr": 0, "Total_Encr": 0, "Court_Case": 0, "Mandal": " ", "Village": " ", "SNO": 29, "ZONE_NAME": "WEST ZONE", "ZONE_ID": "WTZ", "length_m_calc": 3403.3295733992109 }, "geometry": { "type": "LineString", "coordinates": [ [ 78.315175668801515, 17.472396969606237 ], [ 78.315073448086565, 17.472935158235128 ], [ 78.315074285350377, 17.473114051742122 ], [ 78.315017953297058, 17.47339261209957 ], [ 78.315020707244742, 17.473641606182884 ], [ 78.315030550622708, 17.473769141406507 ], [ 78.315042496340439, 17.473931749609218 ], [ 78.315042479307834, 17.473943364072642 ], [ 78.315042459247536, 17.473957301253265 ], [ 78.315027630613997, 17.474110585312943 ], [ 78.314976341454567, 17.474217365779168 ], [ 78.314969026455813, 17.474224324599142 ], [ 78.314934827702359, 17.474298609696614 ], [ 78.314934810659395, 17.474310224158732 ], [ 78.31493478757028, 17.474326483151753 ], [ 78.314939341824456, 17.474549476173557 ], [ 78.314943656037414, 17.474914963345608 ], [ 78.314982722032255, 17.475014390964223 ], [ 78.315017100120755, 17.475077057996103 ], [ 78.315030160081349, 17.475127173796263 ], [ 78.315016900410967, 17.475217961446067 ], [ 78.314940614300312, 17.475350339969005 ], [ 78.314900506569856, 17.475384676274373 ], [ 78.314896447194982, 17.475422880983047 ], [ 78.314912388946141, 17.475480215335541 ], [ 78.314915056019828, 17.47548276559689 ], [ 78.314915049001982, 17.475487860758061 ], [ 78.314920374384172, 17.475499329780739 ], [ 78.314966876653685, 17.475662416769829 ], [ 78.31500317757552, 17.475804647096663 ], [ 78.315068091953378, 17.475886877862813 ], [ 78.315134731239368, 17.475992582569642 ], [ 78.315139322314621, 17.476076859040887 ], [ 78.315183064942431, 17.476167216870056 ], [ 78.315183056447992, 17.476173823791381 ], [ 78.315180718870636, 17.476193644012611 ], [ 78.315178265786571, 17.476294954267303 ], [ 78.315180563374454, 17.476303767005906 ], [ 78.3152056712904, 17.476508630050464 ], [ 78.315227424054143, 17.476603862705741 ], [ 78.315250257009424, 17.476696987688449 ], [ 78.315294175255701, 17.476766410554028 ], [ 78.315347633411051, 17.476855925237135 ], [ 78.315373295980422, 17.476908721955521 ], [ 78.315423993089112, 17.47695983135765 ], [ 78.315455502884575, 17.476995209641249 ], [ 78.315470546830241, 17.47703056769382 ], [ 78.31547185814415, 17.477073761444323 ], [ 78.31548004968171, 17.477102566156841 ], [ 78.3154855255695, 17.477111735219939 ], [ 78.315488261074293, 17.477118281690593 ], [ 78.31553893310803, 17.477187716322305 ], [ 78.315559068640241, 17.477225921096441 ], [ 78.315589002800209, 17.477285955123858 ], [ 78.31575351242293, 17.477204355679451 ], [ 78.315764946443267, 17.477205733877526 ], [ 78.315806328648691, 17.477257600560137 ], [ 78.315813457219761, 17.477271245106945 ], [ 78.315871953287669, 17.477351767926791 ], [ 78.315903341782274, 17.477394077573805 ], [ 78.315835918214276, 17.477561702897205 ], [ 78.315814033093176, 17.477597521913474 ], [ 78.315814024440755, 17.477603948215897 ], [ 78.31581401486072, 17.47761037360268 ], [ 78.315812316976405, 17.477620011962813 ], [ 78.315803803645508, 17.477684264069318 ], [ 78.315798605360087, 17.477787077040077 ], [ 78.315798593837016, 17.477795109908339 ], [ 78.315811963565736, 17.477869030030323 ], [ 78.315828668536383, 17.477967051847841 ], [ 78.315827105253362, 17.478127601796185 ], [ 78.315821706570489, 17.478150431315136 ], [ 78.315811740802275, 17.478198802744529 ], [ 78.315806787078301, 17.478202337343991 ], [ 78.31579935491061, 17.478208228039016 ], [ 78.315777053107553, 17.478230622330411 ], [ 78.315775809452063, 17.4782353413508 ], [ 78.315768371070234, 17.47824595243414 ], [ 78.315741095038391, 17.478286040656002 ], [ 78.315728707815779, 17.478296646271023 ], [ 78.315700218429626, 17.478320211332022 ], [ 78.315695263772668, 17.47832374501229 ], [ 78.315649462802725, 17.47834020808655 ], [ 78.315645751423205, 17.478340203085327 ], [ 78.315583869173324, 17.478354285004855 ], [ 78.315533137651087, 17.478357759945666 ], [ 78.315530662761972, 17.478357757203508 ], [ 78.315507117272219, 17.478384868669107 ], [ 78.315505872667515, 17.478389587673938 ], [ 78.315486011393986, 17.478436766911088 ], [ 78.315486005556352, 17.478440306960994 ], [ 78.315481330637127, 17.478486531866498 ], [ 78.3154792630598, 17.478528671191611 ], [ 78.315473233238265, 17.478532494676813 ], [ 78.315439064104552, 17.478551605631814 ], [ 78.315422943992587, 17.47858989659596 ], [ 78.315420922338561, 17.478599471871352 ], [ 78.315414842915871, 17.478637775716958 ], [ 78.315408802285148, 17.478649260903143 ], [ 78.31539069740198, 17.478670309356211 ], [ 78.315370560049885, 17.478708594784667 ], [ 78.315390593730868, 17.478743100944246 ], [ 78.315392589303002, 17.478752680844096 ], [ 78.315388509898867, 17.478796733722255 ], [ 78.315378457431208, 17.478804383429079 ], [ 78.315296041325425, 17.478857913000404 ], [ 78.315292014223118, 17.478865570088281 ], [ 78.315285972634712, 17.47887705525569 ], [ 78.31518942006015, 17.478986118205345 ], [ 78.314936688983579, 17.479164830632627 ], [ 78.314854814966793, 17.479218529867676 ], [ 78.314851541230581, 17.479223199759858 ], [ 78.314840020404247, 17.479283951356667 ], [ 78.314838380296152, 17.479288622561956 ], [ 78.314826874646059, 17.479338466797113 ], [ 78.314799056364251, 17.479372709009397 ], [ 78.314769655285829, 17.479371112223781 ], [ 78.314740247687681, 17.479374190661083 ], [ 78.314717327131746, 17.479409997305513 ], [ 78.314715689184112, 17.479413110702055 ], [ 78.314684597125307, 17.479452022782297 ], [ 78.314655156963596, 17.479478472824791 ], [ 78.314674648155147, 17.479556402384116 ], [ 78.314671288143089, 17.479676245329092 ], [ 78.314626118211379, 17.479767835054727 ], [ 78.314670175258215, 17.480143169253321 ], [ 78.31467655274524, 17.480197500786076 ], [ 78.314640702589358, 17.480369805850458 ], [ 78.314559191427179, 17.480580397876647 ], [ 78.314559174150716, 17.480592791696406 ], [ 78.314555906553537, 17.480605181304295 ], [ 78.314542883267606, 17.480626853751897 ], [ 78.314477643609081, 17.480815776548795 ], [ 78.314474355557209, 17.480843659345961 ], [ 78.31446131715974, 17.480874627119359 ], [ 78.314412213889398, 17.481047413977684 ], [ 78.31426396104051, 17.481569090327614 ], [ 78.314072053366544, 17.482068640907556 ], [ 78.314089723662107, 17.482166935015098 ], [ 78.314089714322549, 17.482174043133533 ], [ 78.314182458083636, 17.482462042103005 ], [ 78.314182433321449, 17.482479812832207 ], [ 78.3141824015445, 17.48250113713749 ], [ 78.31424543893516, 17.482718016740993 ], [ 78.31424542445302, 17.482728679364463 ], [ 78.314245397824578, 17.482746449165727 ], [ 78.31424537820989, 17.482760665390792 ], [ 78.314245171262712, 17.482906382068577 ], [ 78.314216033944376, 17.483278254672463 ], [ 78.314264643719852, 17.483613256986871 ], [ 78.31426085261414, 17.483624056375593 ], [ 78.314257045877454, 17.483645660157006 ], [ 78.314257004823006, 17.483674471879677 ], [ 78.314256975443044, 17.48369608069072 ], [ 78.314245381157988, 17.4838833436635 ], [ 78.314245354775451, 17.483901351882995 ], [ 78.31428292953693, 17.484031054747209 ], [ 78.314298007930816, 17.484049082121757 ], [ 78.314512922320517, 17.484272654947876 ], [ 78.31468599607976, 17.484372431115826 ], [ 78.314837695124581, 17.484534787860873 ], [ 78.315022027563515, 17.484641984125105 ], [ 78.315032875237435, 17.48464544786351 ], [ 78.315166590709651, 17.484735327323538 ], [ 78.315170198089064, 17.484742232383695 ], [ 78.315285793012492, 17.484856238557533 ], [ 78.315285772952478, 17.484870040264358 ], [ 78.315292987725044, 17.484883850382094 ], [ 78.315412111917198, 17.485059965711677 ], [ 78.315609057314703, 17.485229743054944 ], [ 78.315675446410992, 17.48537641161877 ], [ 78.315680551128096, 17.485388633559882 ], [ 78.315723915343412, 17.485515728764188 ], [ 78.315713648742289, 17.485530373618623 ], [ 78.315664878187462, 17.485603602718967 ], [ 78.315652068419197, 17.485606028648178 ], [ 78.315585439663238, 17.485627930999353 ], [ 78.315577749140047, 17.485632806686862 ], [ 78.315488023580201, 17.48568643760408 ], [ 78.31548289657384, 17.485688875275404 ], [ 78.315462377850793, 17.485708392771382 ], [ 78.315457251810926, 17.485710828648791 ], [ 78.315387955553376, 17.485808461696703 ], [ 78.315382825615231, 17.485813342193097 ], [ 78.315346814093843, 17.485920790319852 ], [ 78.315339111932303, 17.485932995344839 ], [ 78.315333979074239, 17.485940317764562 ], [ 78.315310696679973, 17.486101530259234 ], [ 78.315341119557033, 17.486143340312161 ], [ 78.315426297303844, 17.48622039698197 ], [ 78.315430904441655, 17.486222602313692 ], [ 78.315440102285152, 17.486238003402594 ], [ 78.31544700073097, 17.486249005139108 ], [ 78.315522964261859, 17.486321652921578 ], [ 78.31552756519541, 17.48632825533009 ], [ 78.315536772357021, 17.486337061249785 ], [ 78.315543677973992, 17.486343665015365 ], [ 78.315603551735606, 17.486383314749482 ], [ 78.315691096370855, 17.486416406415092 ], [ 78.315773669176949, 17.486408031211049 ], [ 78.316020207341921, 17.486427728041722 ], [ 78.316129752429816, 17.486499624843262 ], [ 78.316129637334811, 17.486760907316324 ], [ 78.316019901455107, 17.487120124130975 ], [ 78.315910226010388, 17.487342168929267 ], [ 78.31577319101207, 17.487485818257543 ], [ 78.31567038059984, 17.487668672903251 ], [ 78.31567027008316, 17.487916890278925 ], [ 78.315772876255792, 17.488191277301883 ], [ 78.315848046631928, 17.488557101870693 ], [ 78.315642252748319, 17.489301677119453 ], [ 78.315605214942678, 17.489525362015545 ], [ 78.31561468586716, 17.490029384565442 ], [ 78.315551503188388, 17.490380786243779 ], [ 78.315506557299599, 17.490428484919544 ], [ 78.315338081061824, 17.490607279423372 ], [ 78.315235650777794, 17.490722806759933 ], [ 78.315180640370926, 17.490897428075328 ], [ 78.315121960920976, 17.491082527089812 ], [ 78.315129221432201, 17.491225738432686 ], [ 78.315220661950761, 17.491480755152356 ], [ 78.315263770337879, 17.491681559333369 ], [ 78.315312251332671, 17.491888274674036 ], [ 78.315308448379071, 17.492037949739959 ], [ 78.31530634105097, 17.492220510388012 ], [ 78.315366964569108, 17.492386972032907 ], [ 78.315465537049732, 17.492524504278062 ], [ 78.315651355579078, 17.492680161138896 ], [ 78.316110292377317, 17.49289020256445 ], [ 78.316165587789527, 17.492905370369236 ], [ 78.316317691539865, 17.492947093090326 ], [ 78.316520561830899, 17.493040483030676 ], [ 78.316745167628341, 17.493147703997181 ], [ 78.316875515865533, 17.493365475290229 ], [ 78.316973133896752, 17.493859704430374 ], [ 78.3169753457844, 17.494133426867315 ], [ 78.317176107999586, 17.494452855738508 ], [ 78.317256385553236, 17.49464449820676 ], [ 78.317510760301673, 17.494883047950825 ], [ 78.31760580688848, 17.495137307309751 ], [ 78.317605791592726, 17.495147838987481 ], [ 78.317644732589997, 17.495276615034943 ], [ 78.317679070194046, 17.495390167759243 ], [ 78.317679045941404, 17.495407721776871 ], [ 78.317682696975965, 17.49542878973665 ], [ 78.317682652962816, 17.495460385699165 ], [ 78.317660182359077, 17.495734188245727 ], [ 78.317656462113604, 17.495762269347804 ], [ 78.317519753766447, 17.496127202416869 ], [ 78.317391247975237, 17.496331266079476 ], [ 78.317380089188305, 17.496331251608396 ], [ 78.317036292739004, 17.496815022434944 ], [ 78.317085748357329, 17.497102512716193 ], [ 78.317053315034457, 17.497330696016547 ], [ 78.316846289954412, 17.497540307288354 ], [ 78.316678018373565, 17.497854780306184 ], [ 78.316496681524853, 17.498465287405413 ], [ 78.316344130310569, 17.498801915889924 ] ] } },
{ "type": "Feature", "properties": { "FID": 29, "Nala_ID": "PGC", "Nala_Name": "PATEL CHERUVU TO GANGARAM CHERUVU", "Circle": "Circle-12", "District": "Rangareddy", "Total_Seg": 2, "Length_m": 2115.0, "Govt_Encr": 0, "Pvt_Encr": 0, "Rel_Encr": 0, "Total_Encr": 0, "Court_Case": 0, "Mandal": " ", "Village": " ", "SNO": 30, "ZONE_NAME": "WEST ZONE", "ZONE_ID": "WTZ", "length_m_calc": 2115.4050414985422 }, "geometry": { "type": "MultiLineString", "coordinates": [ [ [ 78.349271957196734, 17.495886503879426 ], [ 78.348970316434702, 17.495953878599341 ], [ 78.348851214515477, 17.496011057704411 ], [ 78.348709197031198, 17.49614370628818 ], [ 78.348591000978161, 17.496249359252172 ], [ 78.348557933106406, 17.496331321093823 ], [ 78.348565909512061, 17.496412846894941 ], [ 78.348609384124387, 17.496571964665076 ], [ 78.348696122805705, 17.496645967662275 ], [ 78.348727919492291, 17.496707604543005 ], [ 78.34872554344669, 17.496772966303148 ], [ 78.348675186299303, 17.496838984819721 ], [ 78.348457047216129, 17.496939992472985 ], [ 78.348346890261112, 17.496976215649184 ], [ 78.34831172350431, 17.496978196808481 ], [ 78.348268235700289, 17.496958925812098 ], [ 78.348204067571743, 17.496958227333774 ], [ 78.348163768606909, 17.496997441146636 ], [ 78.348127656798795, 17.497012726038463 ], [ 78.348077342110273, 17.497000637443584 ], [ 78.348029522322264, 17.4970048336857 ], [ 78.347951029178759, 17.497038029866502 ], [ 78.347671139387828, 17.49714837677546 ], [ 78.347569525865993, 17.497200041288291 ], [ 78.34753237236248, 17.497216282079741 ], [ 78.347482119811147, 17.49722318931962 ], [ 78.34731102982667, 17.497225406249104 ], [ 78.347192838267588, 17.49721752081647 ], [ 78.347138996555771, 17.497214027617005 ], [ 78.347089562326246, 17.497216754352348 ], [ 78.347067673778042, 17.49722855982877 ], [ 78.347049542707779, 17.497264388638296 ], [ 78.347039753794604, 17.497348268853809 ], [ 78.347027986640171, 17.497368291578791 ], [ 78.347007483208799, 17.497389448320408 ], [ 78.346933822450765, 17.49744255453794 ], [ 78.346866189189313, 17.497489153106841 ], [ 78.346820423887138, 17.497519078161126 ], [ 78.346796249019988, 17.497521498602318 ], [ 78.346742310980233, 17.497523273653638 ], [ 78.346679413157631, 17.497519926559033 ], [ 78.346639507173094, 17.497507872000913 ], [ 78.346602970215784, 17.497502061439814 ], [ 78.346541067686701, 17.497503931338997 ], [ 78.346442703447494, 17.497519955817268 ], [ 78.346234942105809, 17.497572264689413 ], [ 78.346121429824365, 17.497573844364322 ], [ 78.345975166618501, 17.497543129621178 ], [ 78.345830882380142, 17.497503821048291 ], [ 78.345736598839309, 17.497478582414871 ], [ 78.345635527446063, 17.497423688706085 ], [ 78.345583431897268, 17.497370223114988 ], [ 78.345547898146776, 17.497353473758547 ], [ 78.345480929472075, 17.497345949139483 ], [ 78.345247234185464, 17.497341867522483 ], [ 78.345143548672041, 17.49733269652921 ], [ 78.345033061600361, 17.497316131031901 ], [ 78.344970431301689, 17.497305265880239 ], [ 78.344887717694078, 17.497303211883633 ], [ 78.344781529752382, 17.497320593894649 ], [ 78.344715626973581, 17.497335319668998 ], [ 78.344674428382433, 17.497354007380959 ], [ 78.34463729929432, 17.497364731721589 ], [ 78.344496240225752, 17.49737754143214 ], [ 78.344392908140136, 17.497387769069707 ], [ 78.344299780488711, 17.497377567585779 ], [ 78.344284793161705, 17.497353634187125 ], [ 78.344274799663069, 17.497308067685626 ], [ 78.34424737509741, 17.49716264402279 ], [ 78.344233251328461, 17.497103254333144 ], [ 78.344214315332522, 17.497080719387537 ], [ 78.34417177820248, 17.497078637417875 ], [ 78.343989590145597, 17.497089434230823 ], [ 78.34345669196837, 17.497151119230786 ], [ 78.34335209458564, 17.497150831648987 ], [ 78.343238141109452, 17.497145502228616 ], [ 78.343041482043233, 17.497144766785595 ], [ 78.342969667423816, 17.497137712001965 ], [ 78.342805304404834, 17.497141805066569 ], [ 78.342659758914237, 17.497164916579514 ], [ 78.342284493277063, 17.497297772509061 ], [ 78.342282462083105, 17.497297850067035 ], [ 78.342280974293089, 17.497296349946254 ], [ 78.342185308736816, 17.497202089145578 ], [ 78.342172375669719, 17.496552218447896 ], [ 78.342035513543976, 17.496491934459204 ], [ 78.342029805586776, 17.496321752030848 ], [ 78.341931014913783, 17.496303010634922 ], [ 78.341391572156809, 17.496288319747208 ], [ 78.341235989495459, 17.496155505996366 ], [ 78.340974986105238, 17.496017420747847 ], [ 78.340781234021648, 17.495946760170799 ], [ 78.340638326541054, 17.495918908922615 ], [ 78.340595440050592, 17.495954766529081 ], [ 78.340500364891355, 17.496032550567882 ], [ 78.340411064697278, 17.496086718904568 ], [ 78.340199666031808, 17.496155104902748 ] ], [ [ 78.340199666031808, 17.496155104902748 ], [ 78.339952458381902, 17.496235074405288 ], [ 78.339839180403629, 17.496307214409814 ], [ 78.339732938941694, 17.496366448427924 ], [ 78.339655075881623, 17.496418177767136 ], [ 78.339596168864588, 17.49642772687648 ], [ 78.339467531204306, 17.496445561891161 ], [ 78.339332634395518, 17.496472222960513 ], [ 78.339211070185385, 17.496514954666484 ], [ 78.33904175768609, 17.496581995308922 ], [ 78.338925167951288, 17.496633408258873 ], [ 78.338806836769209, 17.49669498572916 ], [ 78.338752100329586, 17.496725053995661 ], [ 78.338699276683982, 17.496788763339449 ], [ 78.338573774775284, 17.49691314768042 ], [ 78.338245226131761, 17.497267308898731 ], [ 78.338172219561272, 17.497263153436812 ], [ 78.33813402542026, 17.497355763147873 ], [ 78.338085479363343, 17.497514991617081 ], [ 78.338045707632489, 17.497649794941996 ], [ 78.338030538105045, 17.497730810524054 ], [ 78.338022704882903, 17.497818606598379 ], [ 78.33802209415893, 17.497904845065314 ], [ 78.338009817794486, 17.497930812671299 ], [ 78.337963352710361, 17.497965786202432 ], [ 78.337873739922202, 17.498020238881804 ], [ 78.337778378782758, 17.498059299520499 ], [ 78.337635665575306, 17.498092078598251 ], [ 78.33753812800694, 17.49810539577097 ], [ 78.337491281814536, 17.498118073597649 ], [ 78.337471818075812, 17.498144213849898 ], [ 78.33746949082709, 17.498220153709447 ], [ 78.337475881755296, 17.498276957226285 ], [ 78.337456439458762, 17.498303045381906 ], [ 78.33739899621537, 17.498326158170702 ], [ 78.337339702692361, 17.498345845016839 ], [ 78.337315442484467, 17.498371036747308 ], [ 78.33731784460349, 17.498408927179554 ], [ 78.337371027887613, 17.498592571229146 ], [ 78.337367809034205, 17.498625386644452 ], [ 78.337308307579036, 17.498648678586402 ], [ 78.337214765596627, 17.498685197583203 ], [ 78.337152725334079, 17.498858859546619 ], [ 78.337117636624868, 17.498883173509277 ], [ 78.337022275609641, 17.498922184939911 ], [ 78.33664435760555, 17.499058416383448 ], [ 78.336327196523271, 17.499147781382334 ], [ 78.335802356744011, 17.499274617973796 ], [ 78.335602527354098, 17.499287381573804 ], [ 78.33548270666553, 17.499273048803609 ], [ 78.33518046570623, 17.498990426547138 ], [ 78.335122967325717, 17.498923079307488 ], [ 78.335065939339344, 17.498901755161075 ], [ 78.334946114457992, 17.498907218997751 ], [ 78.334822381169047, 17.498928798544025 ], [ 78.33451187581835, 17.499026862850585 ], [ 78.334232540379361, 17.49906648376691 ], [ 78.333863166264564, 17.499131325659466 ] ] ] } },
{ "type": "Feature", "properties": { "FID": 30, "Nala_ID": "RGS", "Nala_Name": "RAISAMUDRAM CHERUVU TO GANGARAM SURPLUS DRAIN", "Circle": "Circle-13", "District": "Rangareddy", "Total_Seg": 1, "Length_m": 315.0, "Govt_Encr": 0, "Pvt_Encr": 0, "Rel_Encr": 0, "Total_Encr": 0, "Court_Case": 0, "Mandal": " ", "Village": " ", "SNO": 31, "ZONE_NAME": "WEST ZONE", "ZONE_ID": "WTZ", "length_m_calc": 315.34785331154052 }, "geometry": { "type": "LineString", "coordinates": [ [ 78.292827137000074, 17.510701499000049 ], [ 78.29291558400007, 17.51113355300004 ], [ 78.293173186000047, 17.511761033000035 ], [ 78.293559774000073, 17.512125566000069 ], [ 78.293669898000076, 17.512204226000058 ], [ 78.293748662000041, 17.512233157000026 ], [ 78.293777363000061, 17.512253366000039 ], [ 78.29441309200007, 17.513002358000051 ] ] } },
{ "type": "Feature", "properties": { "FID": 31, "Nala_ID": "SGS", "Nala_Name": "SAKI CHERUVU TO GANGARM SURPLUS DRAIN", "Circle": "Circle-13", "District": "MEDAK", "Total_Seg": 3, "Length_m": 1997.0, "Govt_Encr": 0, "Pvt_Encr": 0, "Rel_Encr": 0, "Total_Encr": 0, "Court_Case": 0, "Mandal": " ", "Village": " ", "SNO": 32, "ZONE_NAME": "WEST ZONE", "ZONE_ID": "WTZ", "length_m_calc": 1997.4576356485143 }, "geometry": { "type": "LineString", "coordinates": [ [ 78.262527254426388, 17.529806539968483 ], [ 78.262373791193269, 17.529807764390743 ], [ 78.26213757245938, 17.529838771203735 ], [ 78.26201088339289, 17.529861014652013 ], [ 78.261756521378672, 17.529905577097189 ], [ 78.261433656239589, 17.529957990784769 ], [ 78.261242132336847, 17.530017340851472 ], [ 78.261075815123093, 17.530060675803362 ], [ 78.260084003659117, 17.530236596342593 ], [ 78.259167445923097, 17.53042019295161 ], [ 78.25874496869335, 17.53051255855809 ], [ 78.258392697733541, 17.530603172072595 ], [ 78.258138404567816, 17.530674367982058 ], [ 78.257685976134525, 17.530837713066695 ], [ 78.257292377450241, 17.531000684878052 ], [ 78.256732232129522, 17.531244678050431 ], [ 78.256143737831906, 17.531498068601632 ], [ 78.255509939891795, 17.531762497905245 ], [ 78.254983108819616, 17.531994354876705 ], [ 78.254232078608652, 17.532332774920086 ], [ 78.253584061972347, 17.532603038932358 ], [ 78.253165283189446, 17.532779874605488 ], [ 78.253136289879293, 17.532792112624293 ], [ 78.250981733257689, 17.533701529268058 ], [ 78.252963979971767, 17.53962937368323 ] ] } },
{ "type": "Feature", "properties": { "FID": 32, "Nala_ID": "GSO", "Nala_Name": "GANGARAM SURPLUS TO ORR", "Circle": "Circle-13", "District": "MEDAK", "Total_Seg": 6, "Length_m": 14166.0, "Govt_Encr": 0, "Pvt_Encr": 0, "Rel_Encr": 0, "Total_Encr": 0, "Court_Case": 0, "Mandal": " ", "Village": " ", "SNO": 33, "ZONE_NAME": "WEST ZONE", "ZONE_ID": "WTZ", "length_m_calc": 7737.6077845962745 }, "geometry": { "type": "MultiLineString", "coordinates": [ [ [ 78.316363234862109, 17.498794464559492 ], [ 78.316879098152995, 17.498828261532811 ], [ 78.317067660084646, 17.498829423062656 ], [ 78.31718055223152, 17.498839807860627 ], [ 78.317337855102608, 17.498875257816259 ], [ 78.317492369672564, 17.498941717423765 ], [ 78.31763146284473, 17.498929128357563 ], [ 78.317696159061825, 17.498883419513696 ], [ 78.317822729666887, 17.498845739246736 ], [ 78.318067050457884, 17.498798902675947 ], [ 78.318344366255744, 17.498757486839729 ], [ 78.318510417760052, 17.498753470578812 ], [ 78.318635361443071, 17.498761031777057 ], [ 78.318703982901724, 17.498785932580631 ], [ 78.318746000142482, 17.498847705763737 ], [ 78.318791374841879, 17.498991224570467 ], [ 78.318813150926545, 17.49906319382082 ], [ 78.318855800966929, 17.499124821112893 ], [ 78.318903558299354, 17.499162998112208 ], [ 78.318983115184395, 17.499219387597083 ], [ 78.319094512664023, 17.499284012698642 ], [ 78.319195384172858, 17.499332042052405 ], [ 78.319255606254245, 17.499355206359041 ], [ 78.319303460241102, 17.499366728834779 ], [ 78.319363778571443, 17.49937486781479 ], [ 78.319436625691594, 17.499372921386904 ], [ 78.319516744596697, 17.499370943119025 ], [ 78.319589896011678, 17.499367308344731 ], [ 78.319670361728015, 17.499355226355 ], [ 78.319774474109835, 17.49934607458615 ], [ 78.319899608304709, 17.499331127061843 ], [ 78.319991403827814, 17.499330511041109 ], [ 78.320100851210825, 17.499343905585278 ], [ 78.320214418928529, 17.499362885370438 ], [ 78.320310013956345, 17.49938536661173 ], [ 78.320360304196001, 17.499400451942439 ], [ 78.320404005995798, 17.499398623618404 ], [ 78.320468335123195, 17.499377982394392 ], [ 78.320563285703358, 17.499324724823143 ], [ 78.32083446068296, 17.499171861852478 ], [ 78.320928369092798, 17.499116109202923 ], [ 78.320975696648105, 17.499071562684009 ], [ 78.321022611869964, 17.499007380889338 ], [ 78.321064633752925, 17.498946491630107 ], [ 78.321093252489021, 17.498905388863797 ], [ 78.321137525083628, 17.49885826786592 ], [ 78.321195872075933, 17.498803730079786 ], [ 78.321255652232296, 17.498758447583391 ], [ 78.321315280136304, 17.498720851970802 ], [ 78.321363767038335, 17.498690874379363 ], [ 78.321420999103722, 17.498661792387917 ], [ 78.321522433279071, 17.498619467979584 ], [ 78.321589920628114, 17.498593491031279 ], [ 78.321840741760028, 17.498484977314899 ], [ 78.321959979498004, 17.498428263678523 ], [ 78.322138676821979, 17.49837970718643 ], [ 78.32226938294049, 17.498351910836341 ], [ 78.3223841092437, 17.498324120029807 ], [ 78.322558115271846, 17.498258574889263 ], [ 78.32264473604863, 17.498211324968452 ], [ 78.322822127929257, 17.49812665250013 ], [ 78.322889171682547, 17.498086607854447 ], [ 78.322929003052508, 17.498054985917403 ], [ 78.322963133887058, 17.49803023820748 ], [ 78.323087053734767, 17.497977666264383 ], [ 78.323254093777393, 17.497874734866546 ], [ 78.323570222107676, 17.497614697370874 ], [ 78.32360887545741, 17.497619922924301 ], [ 78.323649835997671, 17.497658273601633 ], [ 78.323694578455644, 17.497683746530623 ], [ 78.323754503910351, 17.49767962921198 ], [ 78.323840767541085, 17.497612645705331 ], [ 78.324007697268726, 17.497502739268231 ], [ 78.32411297349833, 17.497420986255573 ], [ 78.324184609108968, 17.497391637901835 ], [ 78.324305847878804, 17.49734838504132 ], [ 78.324526751912543, 17.497252787529824 ], [ 78.324678307030823, 17.497194653686911 ], [ 78.324975035595173, 17.4970823409597 ], [ 78.325053290759101, 17.497037768546701 ], [ 78.325095085791531, 17.497006334220014 ], [ 78.325140150374281, 17.496951172589633 ], [ 78.325172810705041, 17.496865278380337 ], [ 78.325210179234617, 17.496769759176789 ], [ 78.325262933455534, 17.496645434378394 ], [ 78.325283428001129, 17.496574298969893 ], [ 78.325311731953065, 17.496528570927282 ], [ 78.325357357443124, 17.49649898802528 ], [ 78.325448852999017, 17.49647120726258 ], [ 78.325651245377358, 17.496411094433622 ], [ 78.325922609737972, 17.496324940594061 ], [ 78.32614469177507, 17.49625521713336 ], [ 78.326470704311774, 17.496116857259246 ], [ 78.326591172977103, 17.496069161842307 ], [ 78.32667704619989, 17.496051714753314 ], [ 78.326780897867238, 17.496045273837829 ], [ 78.326869799566182, 17.496030470188092 ], [ 78.326946759542238, 17.496011523887027 ], [ 78.327076752355765, 17.495982423016791 ], [ 78.327174910042487, 17.495969231290868 ], [ 78.32728446923312, 17.495957414955967 ], [ 78.327361328173822, 17.495948590875486 ], [ 78.327429331315386, 17.495951072627278 ], [ 78.327522341334898, 17.495953429616858 ], [ 78.32763013312892, 17.495972564721313 ], [ 78.327907348178726, 17.496012373519928 ], [ 78.328041404654968, 17.496049126610895 ], [ 78.328158549556818, 17.496079337460241 ], [ 78.328228133557701, 17.496091563008502 ], [ 78.328270921442694, 17.49609130457371 ], [ 78.328309091316115, 17.496081251245869 ], [ 78.328349783958458, 17.496050176079752 ], [ 78.328414959846825, 17.495995246354486 ], [ 78.328495689004299, 17.495911018956868 ], [ 78.328579158020773, 17.495823102202831 ], [ 78.328600120595425, 17.495776832232689 ], [ 78.328603470661363, 17.495701274240101 ], [ 78.328602910908401, 17.495625803599722 ], [ 78.328629467452657, 17.495564861281878 ], [ 78.328664019555333, 17.495540638287942 ], [ 78.329299839900386, 17.495449715193601 ] ], [ [ 78.316343823333952, 17.498802596141331 ], [ 78.31632408400003, 17.498846154000042 ], [ 78.315985228000045, 17.499354923000059 ], [ 78.315730517000077, 17.499646109000064 ], [ 78.315573997000058, 17.499856437000076 ], [ 78.315337257000081, 17.500070557000075 ], [ 78.315193200000067, 17.500117882000069 ], [ 78.315001689000056, 17.500130849000069 ], [ 78.314991430000092, 17.500130845000072 ], [ 78.314864880000087, 17.500176454000052 ], [ 78.314635659000018, 17.500394877000105 ], [ 78.314640263000058, 17.500433346000097 ], [ 78.314640230000066, 17.500456845000091 ], [ 78.314634028000071, 17.500486211000084 ], [ 78.314627634000047, 17.500650696000047 ], [ 78.314627584000064, 17.500685944000072 ], [ 78.314682839000071, 17.500815260000106 ], [ 78.314701294000045, 17.50083290800011 ], [ 78.314725908000071, 17.500850565000089 ], [ 78.314756691000071, 17.500862354000088 ], [ 78.314910538000049, 17.500968299000075 ], [ 78.314947464000056, 17.500991846000112 ], [ 78.315101245000051, 17.501144788000122 ], [ 78.315125843000033, 17.501174194000047 ], [ 78.315131994000069, 17.501180077000079 ], [ 78.315218016000088, 17.501332932000082 ], [ 78.315199337000095, 17.501473903000086 ], [ 78.315039046000052, 17.50156769300013 ], [ 78.315020550000042, 17.501579419000056 ], [ 78.31497121200006, 17.501620478000074 ], [ 78.314662957000081, 17.501802198000071 ], [ 78.314465505000044, 17.502036936000103 ], [ 78.314359197000059, 17.50241726800008 ], [ 78.314338065000072, 17.502828746000098 ], [ 78.314332900000068, 17.502848335000078 ], [ 78.31432772900007, 17.502872822000111 ], [ 78.314327701000096, 17.50289241800003 ], [ 78.314286196000069, 17.50318139700007 ], [ 78.314281018000031, 17.503210784000128 ], [ 78.314265552000052, 17.503249955000069 ], [ 78.314172785000039, 17.503465385000126 ], [ 78.314162483000104, 17.503484968000052 ], [ 78.314152182000043, 17.503504550000077 ], [ 78.314121313000058, 17.50353880200004 ], [ 78.313941319000051, 17.503685535000056 ], [ 78.313925902000051, 17.503690414000065 ], [ 78.313910471000057, 17.503705091000089 ], [ 78.313180644000084, 17.503993179000069 ], [ 78.312406741000089, 17.504322702000103 ], [ 78.312382803000062, 17.504322671000065 ], [ 78.312119183000064, 17.50453235900007 ], [ 78.312085637000067, 17.504555145000065 ], [ 78.31186991900006, 17.504746632000099 ], [ 78.311865092000076, 17.504774021000099 ], [ 78.311811508503979, 17.504844993887634 ], [ 78.311730783000044, 17.504951917000106 ], [ 78.311506924000071, 17.505025983000046 ], [ 78.311480314000065, 17.505025948000085 ], [ 78.311225567000065, 17.505065493000085 ], [ 78.311214158000055, 17.505069103000043 ], [ 78.311195141000056, 17.505076329000104 ], [ 78.311164720000093, 17.505083539000054 ], [ 78.310936551000054, 17.505144870000066 ], [ 78.310917544000077, 17.5051448450001 ], [ 78.31086810100004, 17.50516290700007 ], [ 78.310609443000047, 17.505278577000073 ], [ 78.310601830000053, 17.505285817000065 ], [ 78.310578985000078, 17.505311164000091 ], [ 78.310430466000071, 17.505495860000053 ], [ 78.310426648000032, 17.505506731000111 ], [ 78.310407600000076, 17.505535708000085 ], [ 78.310137048000072, 17.505988517000052 ], [ 78.309917943000073, 17.506314056000075 ], [ 78.309902019000049, 17.506321623000066 ], [ 78.309882106000032, 17.506336773000065 ], [ 78.309854214000055, 17.506367088000065 ], [ 78.309634972000083, 17.506670316000054 ], [ 78.309427747000029, 17.506916650000072 ], [ 78.309419763000065, 17.506935610000085 ], [ 78.309192669000083, 17.507166742000077 ], [ 78.308830230000083, 17.507454604000088 ], [ 78.308514135000038, 17.507587084000079 ], [ 78.308389180000049, 17.507587098000069 ], [ 78.308207430000053, 17.507623230000036 ], [ 78.308071121000083, 17.507677412000081 ], [ 78.307976473000053, 17.507796590000094 ], [ 78.307912114000061, 17.507901320000112 ], [ 78.307877244046168, 17.508066362294162 ] ], [ [ 78.293350397007885, 17.514154665973528 ], [ 78.293315949000032, 17.5142274170001 ], [ 78.29319096100005, 17.514256028000105 ], [ 78.293026508000096, 17.514239537000051 ], [ 78.292868493000071, 17.514206056000102 ], [ 78.292856788000051, 17.514203266000045 ], [ 78.29273552456587, 17.514177572103645 ] ], [ [ 78.292164056933686, 17.514022978812044 ], [ 78.292075562820159, 17.513978788727584 ], [ 78.291925727175482, 17.514066783426326 ] ], [ [ 78.291332162571763, 17.514590725493942 ], [ 78.291327615000057, 17.514592886000074 ], [ 78.291324619904003, 17.514598435387629 ] ], [ [ 78.29132229471108, 17.5146027435622 ], [ 78.291300671282769, 17.514642807981424 ] ], [ [ 78.289499192432146, 17.528998350686919 ], [ 78.289403182000058, 17.529100061000062 ], [ 78.289312361000043, 17.529355629000069 ], [ 78.289309215000074, 17.529373464000074 ], [ 78.289274586000047, 17.529584515000103 ], [ 78.289277406000082, 17.529689647000062 ], [ 78.289285989000078, 17.529808823000067 ], [ 78.289314399000048, 17.529867401000065 ], [ 78.289316585000051, 17.529871585000077 ], [ 78.289373555000068, 17.529892572000062 ], [ 78.28937574400004, 17.529894666000079 ], [ 78.289423214445435, 17.529896409491563 ] ], [ [ 78.286622309546132, 17.534302867109389 ], [ 78.286615403000042, 17.534319970000073 ], [ 78.286580257000082, 17.534436886000037 ], [ 78.286611755373073, 17.534524253800864 ] ], [ [ 78.281457507587291, 17.539700976092597 ], [ 78.281281562000061, 17.539604042000089 ], [ 78.28127388200005, 17.539596696000061 ], [ 78.280928057000054, 17.539479179000089 ], [ 78.280550365000082, 17.539373085000086 ], [ 78.280372046000096, 17.539337210000042 ], [ 78.280155389000072, 17.539303385000061 ], [ 78.280108532000057, 17.539303317000112 ], [ 78.280085095000061, 17.539308867000074 ], [ 78.280073381000079, 17.539308850000079 ], [ 78.279877148000097, 17.539322525000053 ], [ 78.279616439000065, 17.539366821000048 ], [ 78.279526658000066, 17.53941155400009 ], [ 78.279313909000081, 17.539522719000061 ], [ 78.279303275000075, 17.539526081000083 ], [ 78.279030289000062, 17.539643913000088 ], [ 78.278994829000055, 17.539664129000069 ], [ 78.278962916000083, 17.539680973000092 ], [ 78.278948712000059, 17.53970122000004 ], [ 78.278704129000076, 17.539781934000089 ], [ 78.278516862000075, 17.539902324000089 ], [ 78.278452192000046, 17.540088746000041 ], [ 78.278395400000093, 17.540168283000085 ], [ 78.278338535000074, 17.540293317000092 ], [ 78.278231100000085, 17.540338656000092 ], [ 78.278026487000034, 17.54042622700009 ], [ 78.278002170000036, 17.54045319400009 ], [ 78.277985962000059, 17.540468600000057 ], [ 78.277977858000042, 17.540476303000055 ], [ 78.277710572000046, 17.540645639000079 ], [ 78.27768626600006, 17.540664891000073 ], [ 78.277637669000072, 17.540695679000088 ], [ 78.277605260000044, 17.540722634000108 ], [ 78.277589052000053, 17.540738040000075 ], [ 78.277431110000066, 17.540838102000084 ], [ 78.277406824000096, 17.540845781000101 ], [ 78.277358258000064, 17.540857281000061 ], [ 78.277325880000035, 17.54086494800012 ], [ 78.277034533000062, 17.540903092000072 ], [ 78.276827528000084, 17.540879497000049 ], [ 78.276459487000082, 17.540979929000073 ], [ 78.276108093000047, 17.541128216000057 ], [ 78.276085771000069, 17.54114412600007 ], [ 78.275762378000081, 17.541212735000052 ], [ 78.275740065000036, 17.541223330000072 ], [ 78.275712170000077, 17.541239233000073 ], [ 78.27557826900005, 17.541318752000034 ], [ 78.275572677000085, 17.541329373000078 ], [ 78.275455541000042, 17.541382344000045 ], [ 78.275438768000072, 17.541414206000095 ], [ 78.275238077000054, 17.541435165000056 ], [ 78.27504762600006, 17.541444481000056 ], [ 78.274829537000102, 17.541401607000108 ], [ 78.274705676000067, 17.541344691000088 ], [ 78.274666011000079, 17.541344631000072 ], [ 78.274636263000062, 17.54134458700009 ], [ 78.274537224000099, 17.541268798000097 ], [ 78.274512472000083, 17.541245123000071 ], [ 78.274487713000042, 17.541226176000055 ], [ 78.27430952400006, 17.541041536000094 ], [ 78.274274841000093, 17.541027301000053 ], [ 78.274215383000083, 17.541003574000062 ], [ 78.274185650000049, 17.540994075000079 ], [ 78.273809132000054, 17.540813865000057 ], [ 78.273784358000071, 17.540804373000075 ], [ 78.273764549000092, 17.5407901610001 ], [ 78.273754656000051, 17.54077596400009 ], [ 78.273393039000041, 17.540581594000052 ], [ 78.273373207000091, 17.540581564000036 ], [ 78.273214854000074, 17.540396954000059 ], [ 78.273185168000055, 17.540359089000052 ], [ 78.273165391000092, 17.540325967000079 ], [ 78.273012239000082, 17.539994811000064 ], [ 78.272992485000032, 17.539947506000082 ], [ 78.272972715000037, 17.539909656000113 ], [ 78.272962838000083, 17.539886003000071 ], [ 78.272952946000046, 17.539871806000097 ], [ 78.272809601000077, 17.539606849000073 ], [ 78.272789831000082, 17.539568999000032 ], [ 78.27277993800007, 17.539554801000083 ], [ 78.272527478000043, 17.53931331600009 ], [ 78.272282073000042, 17.539044238000088 ], [ 78.272114617000057, 17.5385130670001 ], [ 78.272106018000059, 17.538492476000059 ], [ 78.272093096000063, 17.538475994000091 ], [ 78.271976816000077, 17.538319425000065 ], [ 78.27194662900007, 17.538302917000081 ], [ 78.271804355000029, 17.538203927000037 ], [ 78.271756890000063, 17.538195625000078 ], [ 78.271541028000073, 17.538224110000044 ], [ 78.271515109000077, 17.538236418000078 ], [ 78.271502147000035, 17.538244629000072 ], [ 78.271402729000059, 17.538330908000116 ], [ 78.271376810000049, 17.538343216000069 ], [ 78.271359525000037, 17.538355537000129 ], [ 78.271337923000047, 17.5383678510001 ], [ 78.271320637000031, 17.538380172000092 ], [ 78.271299028000044, 17.538396602000105 ], [ 78.271286066000087, 17.538404814000057 ], [ 78.271091615000046, 17.538536221000083 ], [ 78.271070020000096, 17.538544420000079 ], [ 78.271039772000066, 17.538564952000065 ], [ 78.271018170000062, 17.538577266000065 ], [ 78.271005194000068, 17.538593709000054 ], [ 78.270918834000057, 17.538614157000048 ], [ 78.270879981000078, 17.538618214000074 ], [ 78.270849754000039, 17.538626399000094 ], [ 78.270810894000078, 17.53863457200011 ], [ 78.270784989000063, 17.538638648000077 ], [ 78.270767710000044, 17.538646854000092 ], [ 78.270538942000044, 17.538650623000088 ], [ 78.270517361000046, 17.538650590000106 ], [ 78.270469882000057, 17.538650518000072 ], [ 78.270439668000066, 17.538650473000079 ], [ 78.270413770000076, 17.538650434000104 ], [ 78.27040082200007, 17.538650414000074 ], [ 78.270232515000046, 17.53863369600009 ], [ 78.270206611000049, 17.538637773000087 ], [ 78.27017639000006, 17.538641842000061 ], [ 78.270150486000048, 17.538645919000089 ], [ 78.270115942000089, 17.538654098000055 ], [ 78.27010299300008, 17.538654078000032 ], [ 78.269990715000077, 17.538686833000064 ], [ 78.269872494000097, 17.538832959000064 ], [ 78.269863577000081, 17.538858332000078 ], [ 78.269859126000028, 17.538866787000096 ], [ 78.269840903000059, 17.539150236000083 ], [ 78.269840861000048, 17.539175622000087 ], [ 78.269840826000063, 17.539196777000093 ], [ 78.269840805000058, 17.539209470000099 ], [ 78.26984857700009, 17.539869515000081 ], [ 78.269848535000065, 17.539894901000093 ], [ 78.269831437000065, 17.540304729000077 ], [ 78.269815082000036, 17.540812046000063 ], [ 78.269671905000081, 17.541095968000043 ], [ 78.269650846000047, 17.541139958000102 ], [ 78.269634011000051, 17.541167946000069 ], [ 78.269629787000056, 17.541183947000057 ], [ 78.269621366000109, 17.54119994200007 ], [ 78.26948694500004, 17.541267771000062 ], [ 78.269465933000063, 17.541283747000083 ], [ 78.269453322000075, 17.541295734000077 ], [ 78.26944491400009, 17.541303725000105 ], [ 78.269419705000104, 17.541319694000038 ], [ 78.269314644000076, 17.541399574000092 ], [ 78.269314630000054, 17.541407578000097 ], [ 78.269297795000057, 17.541435566000082 ], [ 78.269293578000031, 17.541447565000063 ], [ 78.269247189000069, 17.541579559000088 ], [ 78.269090118000079, 17.541729668000109 ], [ 78.268680415000077, 17.541999196000084 ], [ 78.268639897000085, 17.542024863000073 ], [ 78.268581368000085, 17.542063367000097 ], [ 78.26854988000008, 17.542067607000092 ], [ 78.268108742000038, 17.542311356000116 ], [ 78.26786419900003, 17.542500560000096 ], [ 78.267415390000039, 17.542895013000088 ], [ 78.267102048000112, 17.542968047000059 ], [ 78.267005635000046, 17.542990872000086 ], [ 78.266967046000062, 17.543013786000095 ], [ 78.266918820000072, 17.543036686000068 ], [ 78.266427210000074, 17.543095662000049 ], [ 78.266398298000084, 17.543095617000084 ], [ 78.266364551000038, 17.543104755000087 ], [ 78.266335639000047, 17.543104710000094 ], [ 78.266022422000049, 17.543104229000075 ], [ 78.26595014100009, 17.543104118000088 ], [ 78.265675622000074, 17.543016399000095 ], [ 78.265661181000056, 17.543007187000047 ], [ 78.265641922000043, 17.542997968000094 ], [ 78.265372306000089, 17.54285971500008 ], [ 78.264963274000081, 17.54252827100008 ], [ 78.264625292000062, 17.542376977000071 ], [ 78.26378432000007, 17.542049279000096 ], [ 78.263736792000046, 17.542040139000083 ], [ 78.263656014000048, 17.542012814000103 ], [ 78.263627519000082, 17.541994637000091 ], [ 78.263603770000032, 17.541981 ], [ 78.263594277000053, 17.541971919000058 ], [ 78.263109582000098, 17.541826103000073 ], [ 78.263071570000079, 17.54181244400009 ], [ 78.262981277000051, 17.541789638000076 ], [ 78.26292423200006, 17.541785016000084 ], [ 78.262871950000033, 17.541775868000059 ], [ 78.262848194000071, 17.541766765000087 ], [ 78.26283393900006, 17.541762210000059 ], [ 78.262629720000078, 17.541634961000078 ], [ 78.262605994000083, 17.54160772500008 ], [ 78.262596509000076, 17.54159411100008 ], [ 78.262463729000046, 17.541394441000097 ], [ 78.262463767000042, 17.541371775000091 ], [ 78.26226471300005, 17.54100427100008 ], [ 78.262255914000036, 17.540784975000083 ], [ 78.261941981000078, 17.540183861000067 ], [ 78.261916207000084, 17.540159205000048 ], [ 78.26186980600005, 17.54011974700007 ], [ 78.261828567000052, 17.540080298000088 ], [ 78.261802785000057, 17.5400605650001 ], [ 78.26179247500005, 17.540050703000105 ], [ 78.261498519000057, 17.539848396000107 ], [ 78.261472737000091, 17.539828663000073 ], [ 78.261431456000082, 17.539813829000092 ], [ 78.261415992000096, 17.539799036000112 ], [ 78.261405683000092, 17.53978917400012 ], [ 78.260848416000059, 17.539581532000085 ], [ 78.260827771000052, 17.539576577000044 ], [ 78.260791646000044, 17.539566674000081 ], [ 78.260771011000031, 17.539556796000099 ], [ 78.260033078000063, 17.539324254000089 ], [ 78.260012434000046, 17.539319298000077 ], [ 78.259981472000064, 17.539309404000065 ], [ 78.259340349000098, 17.539175692000086 ], [ 78.258899109000097, 17.53914656900011 ], [ 78.258869302000051, 17.53914083600004 ], [ 78.258845449000034, 17.539140799000066 ], [ 78.25841639700009, 17.538963858000042 ], [ 78.258362777000073, 17.53893534300008 ], [ 78.258315100000075, 17.538918210000087 ], [ 78.258285303000051, 17.538906791000045 ], [ 78.258273397000067, 17.538895401000062 ], [ 78.257874165000047, 17.538718506000087 ], [ 78.257850332000046, 17.538707096000081 ], [ 78.257802646000073, 17.538695649000104 ], [ 78.257772850000052, 17.538684230000069 ], [ 78.25774304400008, 17.538678497000095 ], [ 78.257421129000093, 17.538621129000095 ], [ 78.257367460000054, 17.538621045000063 ], [ 78.257331681000053, 17.538620988000073 ], [ 78.257301855000037, 17.538626627000056 ], [ 78.257277983000066, 17.538637961000084 ], [ 78.256937932000099, 17.538722714000077 ], [ 78.256872288000068, 17.538751040000097 ], [ 78.256842442000035, 17.538768051000094 ], [ 78.256812587000084, 17.538790748000064 ], [ 78.256788714000052, 17.538802082000107 ], [ 78.256770805000045, 17.538813426000051 ], [ 78.256335056000069, 17.539062919000092 ], [ 78.255972377000035, 17.539313109000112 ], [ 78.255739734000031, 17.539538144000058 ], [ 78.255718963000064, 17.539557883000032 ], [ 78.255532225000081, 17.539620857000045 ], [ 78.255503187000045, 17.539624765000077 ], [ 78.255482443000091, 17.539628687000103 ], [ 78.25544510400006, 17.539636536000089 ], [ 78.255428515000062, 17.539636510000072 ], [ 78.255279214000041, 17.539636273000088 ], [ 78.255250183000058, 17.539636226000091 ], [ 78.255217005000091, 17.539636174000094 ], [ 78.255204563000078, 17.53963615400006 ], [ 78.254972469000066, 17.539548787000069 ], [ 78.254943453000081, 17.539540832000089 ], [ 78.254922730000047, 17.539532890000107 ], [ 78.254632688000086, 17.539382160000063 ], [ 78.254620267000064, 17.539370277000057 ], [ 78.254591264000055, 17.539354413000101 ], [ 78.254553960000081, 17.539342491000099 ], [ 78.254541525000022, 17.53933851700009 ], [ 78.254359173000068, 17.53926704600012 ], [ 78.254330142000072, 17.539267 ], [ 78.254301112000093, 17.539266954000112 ], [ 78.254284523000081, 17.539266927000106 ], [ 78.254085492000073, 17.539246838000057 ], [ 78.254073050000045, 17.539246818000041 ], [ 78.253890427000044, 17.539329569000117 ], [ 78.253742380000062, 17.539497194000099 ], [ 78.253531734000049, 17.53961066500008 ], [ 78.253519160000053, 17.539616635000073 ], [ 78.253098133000066, 17.539693830000115 ], [ 78.252963009000041, 17.539729553000093 ], [ 78.252714794000056, 17.539774079000043 ], [ 78.252692797000094, 17.539780033000081 ], [ 78.252454063000073, 17.539791630000078 ], [ 78.252256315000068, 17.539716439000099 ], [ 78.252077739000086, 17.539647086000066 ], [ 78.250804644000084, 17.539612809000076 ], [ 78.249801969000032, 17.539578961000085 ], [ 78.249702601901262, 17.539564604386506 ] ], [ [ 78.243302911465179, 17.539907655715723 ], [ 78.24312625500005, 17.539880188000062 ], [ 78.243032554000095, 17.539880033000117 ], [ 78.242761934000072, 17.539839876000116 ], [ 78.242522331000032, 17.539918897000064 ], [ 78.242233418901421, 17.54019341948052 ] ] ] } },
{ "type": "Feature", "properties": { "FID": 33, "Nala_ID": "BKJ", "Nala_Name": "BARLAKUNTA TO KHAJAGUDA CHERUVU", "Circle": "Circle-11", "District": "RANGAREDDY", "Total_Seg": 4, "Length_m": 3309.0, "Govt_Encr": 0, "Pvt_Encr": 0, "Rel_Encr": 0, "Total_Encr": 0, "Court_Case": 0, "Mandal": " ", "Village": " ", "SNO": 34, "ZONE_NAME": "WEST ZONE", "ZONE_ID": "WTZ", "length_m_calc": 3309.6432728157356 }, "geometry": { "type": "LineString", "coordinates": [ [ 78.372619195129985, 17.429800054050954 ], [ 78.372406559938312, 17.430070905340905 ], [ 78.372783829360017, 17.430406561659979 ], [ 78.372664474854076, 17.430536081841211 ], [ 78.373192792541445, 17.4315762771996 ], [ 78.373886537099679, 17.432979963815473 ], [ 78.373877529803707, 17.433019441947192 ], [ 78.373856578256451, 17.433050657813258 ], [ 78.373835403589965, 17.433131766094693 ], [ 78.37383596369412, 17.433213700244913 ], [ 78.373853802327929, 17.433305166386294 ], [ 78.373886869419309, 17.43343383384013 ], [ 78.373896479421091, 17.43355744139733 ], [ 78.373880874937356, 17.433625636105965 ], [ 78.373867128208474, 17.433661458148951 ], [ 78.373856816500904, 17.43368913047809 ], [ 78.373866807944808, 17.43373141146969 ], [ 78.3739123976911, 17.433775234961121 ], [ 78.37413432204869, 17.434067406710597 ], [ 78.374152715082616, 17.434107995861314 ], [ 78.374157503868886, 17.434159862712608 ], [ 78.374148649582438, 17.434235906195124 ], [ 78.374148321485777, 17.434297276050387 ], [ 78.374141363422993, 17.434337600359854 ], [ 78.374078968257933, 17.434394124458922 ], [ 78.373820524739102, 17.434596605992965 ], [ 78.373076185962276, 17.43510999312895 ], [ 78.372510507230416, 17.435500245072802 ], [ 78.372477500294551, 17.435501620185661 ], [ 78.372456899414175, 17.43548848225571 ], [ 78.372066806831128, 17.434952027966069 ], [ 78.37202634186707, 17.434930813883192 ], [ 78.371994260795546, 17.434928251757153 ], [ 78.371914821756263, 17.434948301086781 ], [ 78.371847941754012, 17.434981573659503 ], [ 78.371723957911556, 17.43508667241721 ], [ 78.371521018996731, 17.435288855565673 ], [ 78.370897624143154, 17.435880679509957 ], [ 78.370856089101295, 17.435888695318223 ], [ 78.370817405047191, 17.43592177000361 ], [ 78.370763688425782, 17.435970568316858 ], [ 78.370766029524233, 17.435990766142009 ], [ 78.370787252815262, 17.436018498920372 ], [ 78.370904832123244, 17.436182082541652 ], [ 78.370918299019053, 17.436200299536946 ], [ 78.370917184819859, 17.43621311469354 ], [ 78.370908221720583, 17.43622588398485 ], [ 78.370888072172576, 17.436241781182066 ], [ 78.370865710357933, 17.436248051589455 ], [ 78.370832227574454, 17.43625531034283 ], [ 78.370789946309657, 17.436277374398966 ], [ 78.370758513368344, 17.436301388898993 ], [ 78.370709223076204, 17.436342657544117 ], [ 78.370667835638827, 17.436370953235148 ], [ 78.370633250507737, 17.436381993247213 ], [ 78.370592879854328, 17.436393965626266 ], [ 78.370544795934535, 17.436405027805613 ], [ 78.370490883912183, 17.436425308000789 ], [ 78.370452341804182, 17.436440068985533 ], [ 78.370426305681875, 17.436451146028638 ], [ 78.370399319505694, 17.436457614487647 ], [ 78.370365595881879, 17.436462243671073 ], [ 78.370341244506491, 17.436462515330696 ], [ 78.370327003410736, 17.436466604420023 ], [ 78.37031560735609, 17.43647818191743 ], [ 78.370208550557734, 17.436611161466267 ], [ 78.370001470522354, 17.436754346044648 ], [ 78.369557061005438, 17.43705743621814 ], [ 78.369481564141722, 17.437108045143699 ], [ 78.369428348829629, 17.437148737720655 ], [ 78.3693989181875, 17.437185182910337 ], [ 78.369355120368269, 17.437230106453196 ], [ 78.369302480652237, 17.437283534399533 ], [ 78.369233611567367, 17.437348340397371 ], [ 78.369149552235712, 17.437422525988119 ], [ 78.368996643826762, 17.437514197330827 ], [ 78.368875714509997, 17.437578828008213 ], [ 78.368715610199217, 17.437633050558446 ], [ 78.36852389972708, 17.437689286339886 ], [ 78.368323481118935, 17.437815179813409 ], [ 78.368194289477003, 17.437669955435556 ], [ 78.368098072994769, 17.437561402351577 ], [ 78.368010068451014, 17.43747468077601 ], [ 78.367705743515188, 17.437179887872656 ], [ 78.367206295443509, 17.437324344984553 ], [ 78.367062047846517, 17.437167108855387 ], [ 78.366983527248436, 17.437197280498449 ], [ 78.366732611020183, 17.437341690360782 ], [ 78.366355982396612, 17.43751853683974 ], [ 78.366231371300216, 17.437555614130481 ], [ 78.366335886042208, 17.43773275292676 ], [ 78.365889462481462, 17.437908142904153 ], [ 78.366138412894884, 17.438304454996562 ], [ 78.366274712466378, 17.438662910924833 ], [ 78.366398090403536, 17.438970411159108 ], [ 78.366255772825568, 17.439056768013504 ], [ 78.366381532998204, 17.439357008852177 ], [ 78.366486331748703, 17.439673636800872 ], [ 78.366489358807627, 17.439858170479404 ], [ 78.366378084438594, 17.440096389891529 ], [ 78.366319859852979, 17.440149425926311 ], [ 78.366251051352037, 17.440182285992343 ], [ 78.366182290231137, 17.440199989470841 ], [ 78.366055205682201, 17.44021530985815 ], [ 78.365996983149003, 17.440230531868341 ], [ 78.365951959141555, 17.440316298418434 ], [ 78.365893788735434, 17.44038939076751 ], [ 78.365843614457745, 17.440429691618476 ], [ 78.365772382192731, 17.440454881667314 ], [ 78.365680126157557, 17.44046749190759 ], [ 78.365651167565261, 17.440510217551996 ], [ 78.365659093174031, 17.440562959418951 ], [ 78.365803948080128, 17.440919196167865 ], [ 78.365814215137689, 17.440951796778926 ], [ 78.365803091634461, 17.440968725871144 ], [ 78.365727633848181, 17.441023766999283 ], [ 78.365398156468089, 17.441268420123325 ], [ 78.365176402832788, 17.441410894892279 ], [ 78.364548369328276, 17.441769610222277 ], [ 78.364298628633975, 17.441914462319598 ], [ 78.364494038424581, 17.442252465146129 ], [ 78.364064092541696, 17.4425127555626 ], [ 78.363750898045424, 17.442707149831381 ], [ 78.363688098819566, 17.442746141188643 ], [ 78.36343815717035, 17.442848300344195 ], [ 78.363332272437418, 17.442887253544974 ], [ 78.363313400395711, 17.442881283991746 ], [ 78.363218680537514, 17.442665263860576 ], [ 78.363139523627538, 17.442478644364133 ], [ 78.363121108421694, 17.442432736517052 ], [ 78.363092591110743, 17.442392445005233 ], [ 78.363070822851341, 17.442371642057402 ], [ 78.363050366802511, 17.442369048151047 ], [ 78.362924811824072, 17.442401618215495 ], [ 78.362498501766638, 17.442480766350446 ], [ 78.362463350835284, 17.442539010804428 ], [ 78.362414706471725, 17.442597138714827 ], [ 78.362386347038424, 17.442622926349667 ], [ 78.362362040359301, 17.442639662392548 ], [ 78.362335034738166, 17.442652508119984 ], [ 78.362310715862833, 17.442659169635224 ], [ 78.362277040672254, 17.442647269831017 ], [ 78.362166226858221, 17.442583207146519 ], [ 78.362108994567038, 17.442548828749917 ], [ 78.362069194702812, 17.442525127874344 ], [ 78.362020677180837, 17.442507339783951 ], [ 78.361944847537316, 17.442480084306471 ], [ 78.361851703667512, 17.442451661818971 ], [ 78.361746275392051, 17.442419728543442 ], [ 78.361653374913274, 17.442396104788397 ], [ 78.361575309578768, 17.442375471955316 ], [ 78.361495300167604, 17.442365185701405 ], [ 78.360915087282876, 17.442633887466645 ], [ 78.360705503403281, 17.442273394852599 ], [ 78.3603815862174, 17.442428045548418 ], [ 78.36044752609557, 17.442583905293148 ], [ 78.360191011535733, 17.442702976087666 ], [ 78.360035162613769, 17.442790619427448 ], [ 78.359963997462742, 17.442772363310883 ], [ 78.359916651301702, 17.442761453099024 ], [ 78.359739629136655, 17.442687942804969 ], [ 78.359546790467633, 17.442471323109427 ], [ 78.359470165154534, 17.442441663801272 ], [ 78.359326592509802, 17.442443947319529 ], [ 78.35921652228788, 17.442483169635317 ], [ 78.3591363719502, 17.442622991359283 ], [ 78.359027176443973, 17.442839235452883 ], [ 78.358930826880197, 17.44294370244938 ], [ 78.358410456892258, 17.443387806490033 ], [ 78.358264499908373, 17.443544217786865 ], [ 78.358202381045672, 17.443691241439684 ] ] } },
{ "type": "Feature", "properties": { "FID": 34, "Nala_ID": "BGB", "Nala_Name": "BATHUKAMMAKUNTA NALA", "Circle": "Circle-9B", "District": "HYDERABAD", "Total_Seg": 7, "Length_m": 3928.0, "Govt_Encr": 0, "Pvt_Encr": 0, "Rel_Encr": 0, "Total_Encr": 0, "Court_Case": 0, "Mandal": " ", "Village": " ", "SNO": 35, "ZONE_NAME": "CENTRAL ZONE", "ZONE_ID": "CRZ", "length_m_calc": 3928.2970829047667 }, "geometry": { "type": "MultiLineString", "coordinates": [ [ [ 78.515377275109373, 17.405281750629772 ], [ 78.51540779248478, 17.405141409747078 ], [ 78.51541522715074, 17.405026221327123 ], [ 78.515333772953284, 17.404811620014552 ], [ 78.51514472355997, 17.404382165121248 ], [ 78.514844697205078, 17.403696401555866 ], [ 78.514582605789286, 17.403094232497903 ], [ 78.514352667553212, 17.40257120937034 ], [ 78.51408062937567, 17.401966956955608 ], [ 78.513876529862159, 17.401518442119666 ], [ 78.51360428888853, 17.400855412014241 ], [ 78.513367084989639, 17.400330982650129 ], [ 78.513152084811864, 17.399819987109623 ], [ 78.512966451802939, 17.399418946084442 ], [ 78.512751857364805, 17.398930949498542 ], [ 78.512548481987565, 17.398485810313446 ], [ 78.512299513365889, 17.397906667927987 ], [ 78.512293324111511, 17.397892270651731 ], [ 78.511963092873913, 17.397136705555702 ], [ 78.511776843913765, 17.396691894072347 ], [ 78.511552056229476, 17.396190046593592 ], [ 78.511353854018736, 17.395704313920746 ], [ 78.51132686923647, 17.395643383142769 ], [ 78.511167822391371, 17.395284259686573 ], [ 78.511062510110293, 17.395035533017285 ], [ 78.510994349036977, 17.394857771417044 ], [ 78.510941515795267, 17.394689550195508 ], [ 78.510908469081983, 17.394549062496729 ], [ 78.51088712114958, 17.39434547688936 ], [ 78.510865470057269, 17.394098143708323 ], [ 78.510863634627455, 17.393905729776812 ], [ 78.510861822881836, 17.393715801206223 ], [ 78.510877435705524, 17.393123037960848 ], [ 78.510886701035176, 17.392703686085383 ], [ 78.510885930126619, 17.392517743661944 ], [ 78.51088856549363, 17.392262547211168 ], [ 78.510893440274984, 17.392100872183832 ], [ 78.510905461111008, 17.391904476400612 ], [ 78.510922631420897, 17.3916766819118 ], [ 78.510937721748434, 17.391436437280483 ] ], [ [ 78.515285190046598, 17.405263293789275 ], [ 78.515314321647722, 17.40512932600156 ], [ 78.515320123209264, 17.405039440676855 ], [ 78.515246200270184, 17.404844681135909 ], [ 78.515058034065973, 17.404417232051141 ], [ 78.514757934339372, 17.403731299994693 ], [ 78.514495874708814, 17.403129203270975 ], [ 78.514266159283082, 17.402606686357444 ], [ 78.513994354739651, 17.402002952219593 ], [ 78.513789643868975, 17.401553093409373 ], [ 78.513517365001022, 17.400889970209363 ], [ 78.513280318870045, 17.400365889064584 ], [ 78.513065468857363, 17.399855249820124 ], [ 78.512880133752432, 17.399454851949248 ], [ 78.512665451429811, 17.398966654956755 ], [ 78.512461924083141, 17.398521182656584 ], [ 78.512212562108928, 17.397941124592343 ], [ 78.512206478242774, 17.39792697245079 ], [ 78.51187607990947, 17.397171024170454 ], [ 78.511689986111435, 17.39672658272427 ], [ 78.511465034283276, 17.396224368220267 ], [ 78.511266762074897, 17.39573846341035 ], [ 78.51124069992396, 17.395679615837764 ], [ 78.511080964792384, 17.395318937841527 ], [ 78.510974779384128, 17.39506814872065 ], [ 78.510905103009392, 17.394886435028564 ], [ 78.510850495450839, 17.394712564092952 ], [ 78.510815452054814, 17.394563587798604 ], [ 78.510793452077053, 17.394353782897433 ], [ 78.510771441804138, 17.39410234510212 ], [ 78.510769556854868, 17.393904729257432 ], [ 78.510767747803101, 17.393715072917423 ], [ 78.510783397043099, 17.39312093860293 ], [ 78.510792633394175, 17.392702907973717 ], [ 78.510791864695406, 17.392517475663073 ], [ 78.510794515545825, 17.392260792578632 ], [ 78.51079945681046, 17.392096915363066 ], [ 78.510811597237137, 17.391898567358954 ], [ 78.510828772876664, 17.391670703694427 ], [ 78.510843829320692, 17.391431000436253 ] ], [ [ 78.510741198000062, 17.391131642000065 ], [ 78.509997402000067, 17.391003648000041 ], [ 78.509790774000066, 17.390993430000034 ], [ 78.509549648000075, 17.390972976000061 ], [ 78.509285080000041, 17.390930770000065 ], [ 78.508877914000038, 17.390874468000057 ], [ 78.508509213000082, 17.390828788000025 ], [ 78.508158431000084, 17.390768617000052 ], [ 78.507451734000085, 17.390640348000037 ], [ 78.506963992000067, 17.390567609000076 ], [ 78.506660761000035, 17.390513158000036 ], [ 78.506471911000062, 17.39045492200006 ], [ 78.506375880000078, 17.390390657000072 ], [ 78.506303502000037, 17.390369221000075 ], [ 78.506187542000077, 17.390351395000042 ], [ 78.506083061000083, 17.390339579000059 ], [ 78.505831953000055, 17.390230075000037 ], [ 78.505697092000048, 17.390160374000065 ], [ 78.505507359000035, 17.390033562000045 ], [ 78.505407135000056, 17.389952321000063 ], [ 78.505392691000054, 17.389921444000041 ], [ 78.505375658000062, 17.389878867000046 ], [ 78.505358351000041, 17.389853004000027 ], [ 78.505336992000082, 17.389821899000022 ], [ 78.505308768000077, 17.389790721000061 ], [ 78.505262982000048, 17.389733351000086 ], [ 78.505210059000049, 17.389684897000055 ], [ 78.505174595000099, 17.389661246000063 ], [ 78.505125289000034, 17.38964280000005 ], [ 78.50503322600008, 17.389621642000069 ], [ 78.504940889000082, 17.389599099000069 ], [ 78.50482598800005, 17.389515580000026 ] ] ] } },
{ "type": "Feature", "properties": { "FID": 35, "Nala_ID": "NPN", "Nala_Name": "Nacharam to Nallacheruvu via Peddacheruvu", "Circle": "Circle-2", "District": "Rangareddy", "Total_Seg": 68, "Length_m": 4372.0, "Govt_Encr": 0, "Pvt_Encr": 0, "Rel_Encr": 0, "Total_Encr": 0, "Court_Case": 0, "Mandal": " ", "Village": " ", "SNO": 36, "ZONE_NAME": "EAST ZONE", "ZONE_ID": "ETZ", "length_m_calc": 4372.8927025917719 }, "geometry": { "type": "MultiLineString", "coordinates": [ [ [ 78.575777730000084, 17.404617380000065 ], [ 78.575564717000091, 17.404583552000123 ], [ 78.575542359772882, 17.404582089712392 ], [ 78.57540298305868, 17.404572973638949 ], [ 78.575358682856148, 17.404570076119445 ], [ 78.575357198000077, 17.404569979000097 ], [ 78.575192177000076, 17.404550992000082 ], [ 78.575016609000059, 17.404542238000108 ], [ 78.57486240100009, 17.404543463000063 ], [ 78.574655194000059, 17.404565407000064 ], [ 78.574609628608997, 17.404586230785647 ], [ 78.574485696000082, 17.404642869000064 ], [ 78.574396227000079, 17.404750142000072 ], [ 78.574333743000082, 17.404902870000065 ], [ 78.574324611000065, 17.405075472000103 ], [ 78.574309897000049, 17.405217671000106 ], [ 78.574279274000062, 17.405365072000084 ], [ 78.574278080313817, 17.405368757579154 ], [ 78.574243024000069, 17.405476996000086 ], [ 78.574116200000063, 17.405569341000067 ], [ 78.574018397000032, 17.405633062000042 ], [ 78.573903085000055, 17.405717593000091 ], [ 78.573801904000064, 17.405792972000082 ], [ 78.573721977000048, 17.405861402000092 ], [ 78.573655368000075, 17.405917189000057 ], [ 78.573598281893737, 17.405966326150157 ], [ 78.573567207000067, 17.405993074000037 ], [ 78.573504677000102, 17.406050984000043 ], [ 78.573420623000061, 17.406104964000072 ], [ 78.573290636000081, 17.406176957000074 ], [ 78.573130695000032, 17.406235640000084 ], [ 78.573022170000058, 17.406276144000095 ], [ 78.572952251000075, 17.406308139000092 ], [ 78.572852487000034, 17.40636771100009 ], [ 78.57278215876029, 17.406400836898303 ], [ 78.572766881000064, 17.406408033000041 ], [ 78.572624141000077, 17.406467946000102 ], [ 78.572490044000077, 17.406533259000096 ], [ 78.57235898100005, 17.406597336000093 ], [ 78.572228931000055, 17.40663390900006 ], [ 78.572013061000078, 17.406686199000106 ], [ 78.571904131228393, 17.406712610931184 ], [ 78.571785756000068, 17.406741313000062 ], [ 78.571509697000067, 17.406791345000048 ], [ 78.571274895000059, 17.406822584000071 ], [ 78.57118751200008, 17.406823277000086 ], [ 78.571128636000097, 17.406807339000107 ], [ 78.571040907000054, 17.406768390000114 ], [ 78.570997530149924, 17.406735208754981 ], [ 78.570947164000074, 17.406696681000117 ], [ 78.570867710000073, 17.406620758000116 ], [ 78.570807223000031, 17.406584328000072 ], [ 78.57067098000006, 17.406567635000062 ], [ 78.57055335900003, 17.406550795000062 ], [ 78.570470178000065, 17.406540518000035 ], [ 78.570388239000096, 17.406552342000069 ], [ 78.570291053000062, 17.406579085000093 ], [ 78.570206690000091, 17.406597524000055 ], [ 78.570133786000042, 17.406615872000096 ], [ 78.570126960518422, 17.406616508042749 ], [ 78.570053624000082, 17.406623342000056 ], [ 78.569990629000074, 17.406627941000096 ], [ 78.569908846000047, 17.406613552000078 ], [ 78.569838522000069, 17.40659907100007 ], [ 78.569760988000056, 17.406579179000094 ], [ 78.569684934000065, 17.406564744000047 ], [ 78.569595208000067, 17.406547931000095 ], [ 78.569523618000062, 17.406552599000079 ], [ 78.56939195700005, 17.406568677000099 ], [ 78.569301863000092, 17.4065871610001 ], [ 78.569201300890555, 17.406608613689574 ], [ 78.56913977159418, 17.406621739568202 ], [ 78.569128838000069, 17.406624072000049 ], [ 78.568934420000062, 17.406672088000075 ], [ 78.568834298000084, 17.406690651000098 ], [ 78.568760009000087, 17.40671447800009 ], [ 78.568705787000056, 17.406739513000051 ], [ 78.568690338000096, 17.406775177000068 ], [ 78.568692400000032, 17.406847612000128 ], [ 78.568710587000069, 17.406962297000042 ], [ 78.568713088000038, 17.407085247000044 ], [ 78.568693899000053, 17.407185190000078 ], [ 78.568677587000096, 17.407286477000081 ], [ 78.568664022000064, 17.407374073000124 ], [ 78.568627039000035, 17.407443618000062 ], [ 78.568591122433219, 17.407475353124259 ], [ 78.568547423000041, 17.407513965000078 ], [ 78.568460740000049, 17.407595304000065 ], [ 78.568421258000072, 17.407668068000103 ], [ 78.56838865400006, 17.407707969000079 ], [ 78.568320119000077, 17.407734484000105 ], [ 78.568228675000057, 17.407762547000068 ], [ 78.568117223000058, 17.407796236000088 ], [ 78.567968490000055, 17.407826119000067 ], [ 78.567892685000061, 17.407840388000061 ], [ 78.567816761000088, 17.407840988000117 ], [ 78.567787082354002, 17.407836785449561 ], [ 78.567745480857297, 17.40783089459395 ], [ 78.567707038000066, 17.40782545100009 ], [ 78.567600651000078, 17.407782548000061 ], [ 78.567491329000063, 17.40773146500004 ], [ 78.567347661000042, 17.407684755000059 ], [ 78.567259924457375, 17.407661139295929 ], [ 78.567155241000094, 17.407632962000058 ], [ 78.567037537000061, 17.407606552000079 ], [ 78.566954083000056, 17.407564834000098 ], [ 78.56683687900005, 17.407495513000068 ], [ 78.566705891000083, 17.40742409700006 ], [ 78.56661958400008, 17.407383768000059 ], [ 78.566519213000049, 17.407373625000076 ], [ 78.56641471000006, 17.407382652000084 ], [ 78.566388224660159, 17.407387327762724 ], [ 78.566317441000095, 17.407399824000059 ], [ 78.566211612000089, 17.407421165000105 ], [ 78.566101628000084, 17.407458942000062 ], [ 78.566000251000077, 17.407498019000066 ], [ 78.565833166000075, 17.407559486000093 ], [ 78.565600504000045, 17.407658381000097 ], [ 78.565506018062038, 17.407693202470853 ], [ 78.565421965000056, 17.40772417900012 ], [ 78.565237620000076, 17.407777580000108 ], [ 78.565110303000054, 17.407799090000083 ], [ 78.565004592000037, 17.407834099000077 ], [ 78.564931829000059, 17.407868849000081 ], [ 78.564844895000093, 17.407921481000095 ], [ 78.56474963700002, 17.408005621000108 ], [ 78.564676777627994, 17.4080763017108 ], [ 78.564670078000063, 17.408082801000113 ], [ 78.564640754000038, 17.408153418000051 ], [ 78.564597056000082, 17.408235783000087 ], [ 78.564560379000056, 17.408301689000055 ], [ 78.564509399000016, 17.408370441000041 ], [ 78.564466932000073, 17.40842955800008 ], [ 78.564428514000042, 17.408459935000053 ], [ 78.564405937000075, 17.408499756000094 ], [ 78.564394891000077, 17.408547689000063 ], [ 78.564380372000088, 17.408605720000114 ], [ 78.564347933000079, 17.408664757000057 ], [ 78.564318288000052, 17.408715570000112 ], [ 78.56425570600004, 17.40876801000007 ], [ 78.564210221000053, 17.408809379000058 ], [ 78.564194256124452, 17.408832643215877 ], [ 78.564170607000065, 17.408867105000091 ], [ 78.564156827310171, 17.408892909501667 ], [ 78.564133953000081, 17.408935745000068 ], [ 78.564105724000072, 17.408984634000081 ], [ 78.564071769000094, 17.409034114000075 ], [ 78.564040952000084, 17.409115011000043 ], [ 78.564021535000066, 17.40918898200006 ], [ 78.564013937950193, 17.409215171944812 ], [ 78.563996496000087, 17.409275301000054 ], [ 78.563986977000056, 17.409334157000053 ], [ 78.563967584000082, 17.409410863000083 ], [ 78.563947943000088, 17.409458863000086 ], [ 78.563924039000099, 17.409510998000084 ], [ 78.563892819000046, 17.40954541900004 ], [ 78.563847333000069, 17.409586788000098 ], [ 78.563803196000038, 17.40961857700006 ], [ 78.563745825000069, 17.409650877000058 ], [ 78.563688855000066, 17.409689602000093 ], [ 78.563619086000088, 17.409739364000117 ], [ 78.563542108000036, 17.409783715000078 ], [ 78.563477999000042, 17.409825231000077 ], [ 78.563425687098515, 17.409858459548296 ], [ 78.563403909000058, 17.40987229300011 ], [ 78.563354161000063, 17.409917796000087 ], [ 78.563294444000078, 17.409970213000065 ], [ 78.563263354000085, 17.410019670000079 ], [ 78.563249537000047, 17.410078560000059 ], [ 78.563241249000043, 17.410114168000085 ], [ 78.563231470000062, 17.410142952000051 ], [ 78.563207318000082, 17.410166382000064 ], [ 78.56316739600004, 17.410188568000077 ], [ 78.563126053000076, 17.410212133000083 ], [ 78.563070338000074, 17.410230343000091 ], [ 78.563018920000061, 17.410248520000081 ], [ 78.562961819000066, 17.410272209000084 ], [ 78.562916106000046, 17.410287607000075 ], [ 78.562882904000062, 17.410307505000048 ], [ 78.562841668000047, 17.410343372000092 ], [ 78.562810436000078, 17.41037642700007 ], [ 78.562786402000043, 17.410413525000084 ], [ 78.562769676836666, 17.410440628169731 ], [ 78.562769448000054, 17.410440999000091 ], [ 78.56276262800003, 17.410480696000057 ], [ 78.562761586000093, 17.410525815000121 ], [ 78.562760697000044, 17.410588705000077 ], [ 78.562769942000045, 17.410663718000109 ], [ 78.562776985000099, 17.410815401000015 ], [ 78.562771336000068, 17.410990422000065 ], [ 78.56277022200004, 17.411192748000115 ], [ 78.562767974617415, 17.411342400584989 ], [ 78.562763669000049, 17.411428841000099 ], [ 78.562759892000031, 17.411489019000047 ], [ 78.562745992000032, 17.411538340000043 ], [ 78.562716180000052, 17.411570016000073 ], [ 78.562687801000052, 17.41160168100005 ], [ 78.562637863000091, 17.411625313000059 ], [ 78.562600959000065, 17.411665247000087 ], [ 78.562585461000083, 17.411695444000085 ], [ 78.562574391000055, 17.411740642000069 ], [ 78.562566186000083, 17.411785818000059 ], [ 78.56256649400008, 17.411821358000079 ], [ 78.562579787000075, 17.411867733000093 ], [ 78.562608404000059, 17.411906027000057 ], [ 78.562631680000038, 17.411946854000078 ], [ 78.562642098000083, 17.411991883000045 ], [ 78.562628139000111, 17.412034370000065 ], [ 78.562594042000086, 17.412067447000087 ], [ 78.562551337000059, 17.412099224000116 ], [ 78.562531140074938, 17.412108746218397 ], [ 78.562507105000066, 17.412120078000061 ], [ 78.562447150000096, 17.412145156000083 ], [ 78.562368478000067, 17.4121594460001 ], [ 78.562305540000082, 17.412170877000062 ], [ 78.56221541900004, 17.412186624000107 ], [ 78.562132508000076, 17.412207782000067 ], [ 78.562059613000045, 17.412227494000081 ], [ 78.561988292000095, 17.412263598000056 ], [ 78.561894169000084, 17.412313552000072 ], [ 78.561827181000083, 17.412353723000088 ], [ 78.561748603000098, 17.412378948000121 ], [ 78.561688658000037, 17.412410505000132 ], [ 78.561665970618336, 17.412433470205006 ], [ 78.561623327000078, 17.4124766360001 ], [ 78.561617829712347, 17.412484109104874 ], [ 78.561580847000087, 17.412534384000093 ], [ 78.561531322000064, 17.41260585800007 ], [ 78.561507453000061, 17.412662094000044 ], [ 78.561483796000047, 17.412742933000079 ], [ 78.56145031300008, 17.41284708900012 ], [ 78.561419612000066, 17.412941654000086 ], [ 78.561411808000045, 17.413033305000102 ], [ 78.561408510000049, 17.4131489520001 ], [ 78.561419740091708, 17.413223252272545 ], [ 78.56142522600004, 17.413259548000049 ], [ 78.561440438000048, 17.413361954000045 ], [ 78.561448333000072, 17.413446646000079 ], [ 78.56143764100004, 17.413535585000087 ], [ 78.561424249000083, 17.413643684000096 ], [ 78.561413520000045, 17.413728525000092 ], [ 78.561414171000081, 17.413803704000117 ], [ 78.561405675000074, 17.413981005000068 ], [ 78.561404330557721, 17.413990186274315 ], [ 78.561399235982179, 17.414024977411476 ], [ 78.561389442000063, 17.41409186100012 ], [ 78.561383224000068, 17.414201270000099 ], [ 78.561389817000091, 17.414301010000088 ], [ 78.561410795000043, 17.414407471000082 ], [ 78.561434437000074, 17.414490673000063 ], [ 78.561435881000094, 17.414492028000041 ], [ 78.561444985000051, 17.414550738000056 ], [ 78.561444060000056, 17.414609458000104 ], [ 78.561423139000055, 17.414675239000072 ], [ 78.56139625100009, 17.414713727000063 ], [ 78.561332328000049, 17.414777112000085 ], [ 78.561272707009806, 17.4148176373658 ], [ 78.561261113000072, 17.414825518000047 ], [ 78.561192680000048, 17.414864333000089 ], [ 78.56112695800006, 17.414885355000077 ], [ 78.56105698600004, 17.414911879000087 ], [ 78.560991370000067, 17.414945204000031 ], [ 78.560945823000068, 17.414979737000085 ], [ 78.560904620000059, 17.415019705000091 ], [ 78.56087780200005, 17.415066395000053 ], [ 78.560855377000053, 17.415123986000097 ], [ 78.560827985000074, 17.415200928000093 ], [ 78.560795733000077, 17.415281835000098 ], [ 78.560764984000059, 17.415370933000084 ], [ 78.560736982000051, 17.415446338000077 ], [ 78.560722611162817, 17.415478097629858 ], [ 78.560698471836446, 17.415531445643072 ], [ 78.560689183000093, 17.415551974000049 ], [ 78.56066682900007, 17.415617766000079 ], [ 78.560647198000098, 17.415667133000071 ], [ 78.56063191200009, 17.415721933000082 ], [ 78.56060382200009, 17.415790567000052 ], [ 78.560574186000068, 17.415842747000074 ], [ 78.560496704513184, 17.415933384353735 ], [ 78.560439307000067, 17.41598460900008 ], [ 78.560346779000042, 17.416053687000041 ], [ 78.560216599000071, 17.41607392600012 ], [ 78.560063948000064, 17.416081462000086 ], [ 78.559920277000074, 17.416103710000101 ], [ 78.559898744122592, 17.416112501596508 ], [ 78.559798975000049, 17.416153236000081 ], [ 78.559711051000093, 17.416223617000078 ], [ 78.559594502000039, 17.416311118000042 ], [ 78.559464693000066, 17.416400835000047 ], [ 78.55927777800008, 17.416541685000112 ], [ 78.55913459751072, 17.416633813447191 ], [ 78.559078877160019, 17.416669666245998 ], [ 78.559022602000084, 17.416705876000023 ], [ 78.558899432000032, 17.416795541000056 ], [ 78.558775915000069, 17.416845083000052 ], [ 78.558654175000072, 17.416843928000048 ], [ 78.558503317000046, 17.41680287700007 ], [ 78.558410824379877, 17.416770312645767 ], [ 78.558339034000085, 17.416745037000048 ], [ 78.558214771000053, 17.41670800000011 ], [ 78.558031007000068, 17.416700997000088 ], [ 78.557849474000093, 17.416696088000052 ], [ 78.557501236000078, 17.416675591000068 ], [ 78.557481434756397, 17.416675255852034 ], [ 78.557445125915592, 17.416674641297789 ], [ 78.557330788000073, 17.416672706000039 ], [ 78.557180422000059, 17.416688669000052 ], [ 78.557052115000033, 17.416696011000077 ], [ 78.55693913600004, 17.416684227000108 ], [ 78.556839272000047, 17.416653334000049 ], [ 78.556762079895663, 17.416605102519654 ], [ 78.556719107000063, 17.416578252000104 ], [ 78.556614417000063, 17.416500936000094 ], [ 78.556509271000053, 17.41637082900009 ], [ 78.556437978000076, 17.416316481000077 ], [ 78.556392277000043, 17.416285163000058 ], [ 78.556339034000075, 17.416270798000134 ], [ 78.556248495000062, 17.416294738000087 ], [ 78.556196384015109, 17.416309387531925 ], [ 78.556118014700203, 17.416331418820533 ], [ 78.556109395000078, 17.416333842000071 ], [ 78.555943756000048, 17.416375266000053 ], [ 78.555760485000064, 17.416425275000073 ], [ 78.555614400000096, 17.416424309000124 ], [ 78.555488306000044, 17.416431633000059 ], [ 78.55547512707615, 17.416436800484181 ], [ 78.555424746000043, 17.416456555000121 ], [ 78.555363051000043, 17.416488716000071 ], [ 78.555303369000086, 17.416497631000087 ], [ 78.55524575500003, 17.41648963600003 ], [ 78.555190281000094, 17.416473176000068 ], [ 78.555086027000087, 17.416446540000063 ], [ 78.554995161000093, 17.416432469000103 ], [ 78.554928713000038, 17.416426655000095 ], [ 78.554869086000068, 17.416441905000038 ], [ 78.554831626000066, 17.416461205000083 ], [ 78.554796525000057, 17.41649738100006 ], [ 78.554778831254879, 17.416521635143781 ], [ 78.554759338000068, 17.416548356000121 ], [ 78.554717943000071, 17.416624705000078 ], [ 78.554663415000064, 17.416718052000103 ], [ 78.554632867000066, 17.416768975000075 ], [ 78.554593812000064, 17.416860089000082 ], [ 78.554578829000036, 17.416919337000117 ], [ 78.554579829000048, 17.41703547900007 ], [ 78.55459387100008, 17.417124066000049 ], [ 78.554614426000072, 17.417197818000108 ], [ 78.554634835000073, 17.417254677000095 ], [ 78.554624442000062, 17.417332896000083 ], [ 78.554611472000033, 17.417368899000053 ] ], [ [ 78.551717414000052, 17.424529359000115 ], [ 78.551684027000093, 17.424561240000074 ], [ 78.551637535000069, 17.424596727000061 ], [ 78.551530250000056, 17.424687222000045 ], [ 78.55134791200004, 17.424791751000061 ], [ 78.551175471000093, 17.424954479000068 ], [ 78.551058943000044, 17.425062977000032 ], [ 78.5510403050001, 17.42508105400011 ], [ 78.550961362000066, 17.425189257000074 ], [ 78.550966907000046, 17.425287835000063 ], [ 78.550996173000058, 17.425413124000077 ], [ 78.551053628000048, 17.425538192000108 ], [ 78.551068954000073, 17.425681521000069 ], [ 78.551037440000101, 17.425841540000118 ], [ 78.551044840328927, 17.425921543423943 ], [ 78.55104779900006, 17.425953529000093 ], [ 78.551058196000056, 17.426069999000074 ], [ 78.551077643000056, 17.426146054000078 ], [ 78.551115153480922, 17.426275975435598 ], [ 78.551116383000078, 17.426280234000053 ], [ 78.551126549000074, 17.426369810000047 ], [ 78.551079992000055, 17.426419485000057 ], [ 78.55090716400008, 17.426537388000042 ], [ 78.550749234220334, 17.426627059940518 ], [ 78.550695812777604, 17.42665739238533 ], [ 78.550604525054581, 17.426709225066457 ], [ 78.55042453352155, 17.426811423074678 ], [ 78.55037881800007, 17.426837380000048 ], [ 78.550361191808108, 17.4268508942606 ], [ 78.550328404711024, 17.426876032599775 ], [ 78.550288950163122, 17.426906282951858 ], [ 78.550220780635968, 17.426958549433664 ], [ 78.550179686445901, 17.426990056867229 ], [ 78.550066423980468, 17.427076896519296 ], [ 78.550033636804926, 17.427102034799244 ], [ 78.549977348000098, 17.427145192000086 ], [ 78.549923030161764, 17.427166650116224 ], [ 78.549916591825635, 17.427169193562229 ], [ 78.549867956281417, 17.427188406883499 ], [ 78.549767553001104, 17.427228070835849 ], [ 78.549737308000047, 17.427240019000067 ], [ 78.54953482100008, 17.427295823000087 ], [ 78.549502714663248, 17.427320943108889 ], [ 78.549470188357134, 17.427346391789822 ], [ 78.549451488000045, 17.427361023000071 ], [ 78.549416753000074, 17.427412934000099 ], [ 78.549406626194184, 17.427453581989486 ], [ 78.549405276045974, 17.427459001347991 ], [ 78.54939820097718, 17.427487399952447 ], [ 78.549393043066388, 17.427508103272984 ], [ 78.549380127000092, 17.427559947000095 ], [ 78.549354861000054, 17.427769286000085 ], [ 78.549353893807449, 17.427811311384499 ], [ 78.549353093750014, 17.427846074539417 ], [ 78.549350335406714, 17.427904087293193 ], [ 78.549341394000066, 17.428092140000064 ], [ 78.549341593000065, 17.428115376000054 ], [ 78.549335282661389, 17.428265935832449 ], [ 78.549332608000057, 17.42832975100011 ], [ 78.549330079000072, 17.428350427000051 ], [ 78.54932544128603, 17.428411168523013 ], [ 78.549322793514804, 17.428445847137287 ], [ 78.549319141650642, 17.42849367660229 ], [ 78.549315482000054, 17.428541608000071 ], [ 78.549313937252577, 17.428546807754426 ], [ 78.54926550700003, 17.428709828000088 ], [ 78.549205800582712, 17.428836659034658 ], [ 78.549201461212931, 17.428845876908657 ], [ 78.549191089000033, 17.428867910000079 ], [ 78.549179790261945, 17.428883720616582 ], [ 78.549100168000066, 17.428995138000058 ], [ 78.549011395000051, 17.429057153000098 ], [ 78.548969892705358, 17.429106710980456 ], [ 78.54895108808654, 17.429129165603804 ], [ 78.548941746000096, 17.429140321000087 ], [ 78.548896363000054, 17.429212971000105 ], [ 78.54887797400005, 17.429277664000075 ], [ 78.548876647577913, 17.429325794383249 ], [ 78.548875910000049, 17.429352558000073 ], [ 78.548869348904219, 17.429378498379403 ], [ 78.548853210481226, 17.429442304266832 ], [ 78.548846129105499, 17.429470301622285 ], [ 78.548839266000087, 17.429497436000087 ], [ 78.548791265000034, 17.429580434000062 ], [ 78.548760365060801, 17.42964160575784 ], [ 78.548708772000069, 17.429743743000078 ], [ 78.548655603000043, 17.429855184000075 ], [ 78.548566556459392, 17.429947866911856 ], [ 78.548553288933689, 17.429961676227578 ], [ 78.548545628000056, 17.429969650000132 ], [ 78.548533144561389, 17.429983032395363 ], [ 78.548443727000063, 17.430078889000107 ], [ 78.548403204000067, 17.430162295000063 ], [ 78.548323063000083, 17.430284274000083 ], [ 78.548256263768437, 17.43039561023604 ], [ 78.548248355000055, 17.430408792000044 ], [ 78.548228622789296, 17.430448945294977 ], [ 78.548157920000065, 17.430592819000104 ], [ 78.548115575000068, 17.430704175000084 ], [ 78.548103826922159, 17.43072641575133 ], [ 78.548061374000042, 17.43080678500008 ], [ 78.548021336000048, 17.430871647000078 ], [ 78.54799797700008, 17.43098801900004 ], [ 78.547985465000082, 17.431106888000077 ], [ 78.547961034350067, 17.431236220969488 ], [ 78.547959577000043, 17.431243936000065 ], [ 78.547932122769112, 17.43129540746423 ], [ 78.54788766300004, 17.431378761000087 ], [ 78.547840016000066, 17.431503068000051 ], [ 78.547796968275378, 17.431567398878755 ], [ 78.54777054300007, 17.431606889000083 ], [ 78.54771187200005, 17.431708045000072 ], [ 78.547666532000065, 17.431785858000072 ], [ 78.547648519000063, 17.431894443000107 ], [ 78.547627623000039, 17.431982393000066 ], [ 78.547582644000059, 17.432057408000052 ], [ 78.547580430204391, 17.432058536483002 ], [ 78.547555168845335, 17.432071413465021 ], [ 78.547540959329439, 17.432078656765722 ], [ 78.547527311000081, 17.432085614000062 ], [ 78.547525392395642, 17.432085962300775 ], [ 78.547481479805924, 17.432093934123753 ], [ 78.547411049000061, 17.432106720000036 ], [ 78.54738283100005, 17.432094107000093 ], [ 78.547378202403962, 17.432091631251254 ], [ 78.547344716000069, 17.432073720000094 ], [ 78.547301256000083, 17.432061993000072 ], [ 78.547259617000066, 17.432051976000093 ], [ 78.547218082000029, 17.43205402400012 ], [ 78.547190999000065, 17.432055959000081 ], [ 78.547158525000057, 17.432061383000086 ], [ 78.547149563290262, 17.432078838846735 ], [ 78.547146086000055, 17.432085612000058 ], [ 78.547142695000048, 17.432111493000068 ], [ 78.547139910456181, 17.432137327611454 ], [ 78.54713934800003, 17.43214254600009 ], [ 78.547137748000097, 17.432166689000052 ], [ 78.547149604038239, 17.432194630465023 ], [ 78.547169094000111, 17.432240563000093 ], [ 78.547191141000056, 17.43228348300007 ] ] ] } },
{ "type": "Feature", "properties": { "FID": 36, "Nala_ID": "ICK", "Nala_Name": "IDL CHERUVU TO KUKATPALLY NALA", "Circle": "Circle- 14A", "District": "RANGAREDDY", "Total_Seg": 6, "Length_m": 1693.0, "Govt_Encr": 0, "Pvt_Encr": 0, "Rel_Encr": 0, "Total_Encr": 0, "Court_Case": 0, "Mandal": " ", "Village": " ", "SNO": 37, "ZONE_NAME": "WEST ZONE", "ZONE_ID": "WTZ", "length_m_calc": 1693.5173416287826 }, "geometry": { "type": "MultiLineString", "coordinates": [ [ [ 78.42242029482108, 17.474183276352292 ], [ 78.422438938000099, 17.474171422000044 ], [ 78.422474893000071, 17.474100693000032 ], [ 78.422488372000032, 17.474044979000048 ], [ 78.422477142000048, 17.473995672000058 ], [ 78.422461416000033, 17.47394422200006 ], [ 78.422440290000054, 17.473866218000072 ], [ 78.422438045000035, 17.473814776000044 ], [ 78.422474009000041, 17.473784776000063 ], [ 78.42252568400005, 17.473739759000068 ], [ 78.42264253500008, 17.473651883000059 ], [ 78.422723432000055, 17.473609018000051 ], [ 78.422732420000045, 17.473606874000041 ], [ 78.422831294000048, 17.473536145000033 ], [ 78.42283803600003, 17.473527571000041 ], [ 78.422851518000073, 17.473518998000038 ], [ 78.422963890000062, 17.473473710000064 ], [ 78.422968388000072, 17.473471544000066 ], [ 78.422977384000049, 17.473467213000056 ], [ 78.423119255000074, 17.473380601000031 ], [ 78.423121514000059, 17.47337412700006 ], [ 78.423198182000078, 17.473315783000036 ], [ 78.423335728000055, 17.473238109000025 ], [ 78.423440741000036, 17.47320427600005 ], [ 78.423517273000087, 17.473187051000032 ], [ 78.423625421000054, 17.473180593000055 ], [ 78.423735845000067, 17.473178442000062 ], [ 78.423882151000058, 17.473156832000033 ], [ 78.423974453000085, 17.473124474000034 ], [ 78.424089460000062, 17.47306855100004 ], [ 78.424152652000032, 17.473038514000059 ], [ 78.424227094000059, 17.473010632000072 ], [ 78.424346486000061, 17.47300193500007 ], [ 78.424483898000076, 17.473001938000042 ], [ 78.424602880000066, 17.473004095000025 ], [ 78.424617899610666, 17.473004352740993 ] ], [ [ 78.416921280000068, 17.480268972000033 ], [ 78.417148596000061, 17.48006897700003 ], [ 78.417089761000057, 17.479977976000043 ], [ 78.417061383000032, 17.479922057000071 ], [ 78.417024243000071, 17.479853645000052 ], [ 78.416991341000085, 17.47973738200006 ], [ 78.416956132000067, 17.47962714300008 ], [ 78.416953726000031, 17.47951678000004 ], [ 78.416953496000076, 17.479397947000059 ], [ 78.416962117000082, 17.479312442000044 ], [ 78.416977193000037, 17.479199631000032 ], [ 78.417007493000085, 17.479082302000059 ], [ 78.41703351600006, 17.478983668000073 ], [ 78.417070632000048, 17.478912389000079 ], [ 78.417140677000077, 17.47883315800005 ], [ 78.417188850000059, 17.478785125000066 ], [ 78.417234764000057, 17.478718729000036 ], [ 78.41724784400003, 17.478658576000047 ], [ 78.417243355000039, 17.47857964300005 ], [ 78.417223426000078, 17.478481762000062 ], [ 78.41711471900004, 17.478234617000059 ], [ 78.41703211500004, 17.478074262000067 ], [ 78.416964753000059, 17.477938494000064 ], [ 78.416908956477812, 17.477840254666514 ] ], [ [ 78.416908956477812, 17.477840254666514 ], [ 78.416901898000049, 17.477827827000063 ], [ 78.41684594700007, 17.477749034000063 ], [ 78.416765331000079, 17.47766730200005 ], [ 78.416704572000071, 17.477571689000062 ], [ 78.416661526000041, 17.47747375900008 ], [ 78.41667669900005, 17.477405519000062 ], [ 78.416736337000032, 17.477292286000022 ], [ 78.416720321000071, 17.477234497000044 ], [ 78.416720034000036, 17.47716600300004 ], [ 78.416737952000076, 17.477097657000062 ], [ 78.416751392000037, 17.47702290400003 ], [ 78.416767070000049, 17.476954558000049 ], [ 78.416814097000056, 17.476905436000042 ], [ 78.416870079000034, 17.476873401000038 ], [ 78.416943974000063, 17.476854183000061 ], [ 78.417022348000046, 17.476828557000037 ], [ 78.417127593000032, 17.476781575000079 ], [ 78.417222796000033, 17.476709643000056 ], [ 78.41726488300003, 17.476647645000075 ], [ 78.417269326000053, 17.476643366000083 ], [ 78.417302624000058, 17.476602704000072 ], [ 78.417349348000073, 17.476561999000076 ], [ 78.417396195000038, 17.476542682000066 ], [ 78.417463217000034, 17.476527616000059 ], [ 78.417590738000058, 17.47649960900003 ], [ 78.417646752000053, 17.476499544000038 ], [ 78.41772762800008, 17.476493111000032 ], [ 78.417801867000037, 17.47646746800007 ], [ 78.41783784200004, 17.476456787000078 ], [ 78.417893506000055, 17.476476019000074 ], [ 78.417951715000072, 17.476508113000026 ], [ 78.418008053000051, 17.476546733000081 ], [ 78.418066581000076, 17.476576762000043 ], [ 78.418138484000053, 17.476583198000075 ], [ 78.418145223000082, 17.476583199000061 ], [ 78.418286791000085, 17.476604646000059 ], [ 78.418366502651523, 17.476611011991452 ] ], [ [ 78.418366502651523, 17.476611011991452 ], [ 78.418610862000037, 17.476630527000061 ], [ 78.418858758000056, 17.476673419000072 ], [ 78.419022803000075, 17.476684155000051 ], [ 78.41909909900005, 17.476686313000076 ], [ 78.419228966000048, 17.47667141200003 ], [ 78.419403035000073, 17.476654263000061 ], [ 78.419548405000072, 17.476641368000063 ], [ 78.419707513000048, 17.476622012000067 ], [ 78.419830924000067, 17.476604857000044 ], [ 78.419904993000046, 17.476596281000077 ], [ 78.419909481000047, 17.476596281000077 ], [ 78.419949966000047, 17.476574826000054 ], [ 78.419961507000039, 17.476506069000042 ], [ 78.41996811000007, 17.47642421400008 ], [ 78.419981596000085, 17.476342765000027 ], [ 78.420004070000061, 17.476284894000063 ], [ 78.420010812000044, 17.476278464000078 ], [ 78.420049014000085, 17.476267748000058 ], [ 78.420055756000068, 17.47626346200008 ], [ 78.420075980000036, 17.476259176000045 ], [ 78.42012991200005, 17.476259178000081 ], [ 78.420177102000096, 17.476239889000059 ], [ 78.420165871000052, 17.476147722000064 ], [ 78.420141155000081, 17.476083419000076 ], [ 78.420138908000069, 17.476081276000059 ], [ 78.420118686000094, 17.476012686000047 ], [ 78.42011868700007, 17.476004112000059 ], [ 78.420129925000083, 17.475933380000079 ], [ 78.420152399000074, 17.475886226000057 ], [ 78.420154646000071, 17.475881940000026 ], [ 78.420195096000043, 17.475845503000073 ], [ 78.420246782000049, 17.475794064000073 ], [ 78.420251277000034, 17.475787634000032 ], [ 78.420323187000065, 17.47574262500007 ], [ 78.420325434000063, 17.475740482000056 ], [ 78.420345658000031, 17.475731909000046 ], [ 78.420354647000067, 17.475727622000022 ], [ 78.42041536000005, 17.475706219000074 ], [ 78.420426679000059, 17.475704137000037 ], [ 78.420433208211122, 17.475700051194799 ] ], [ [ 78.420433208211122, 17.475700051194799 ], [ 78.420433469000045, 17.475699888000065 ], [ 78.420494537000081, 17.475678805000033 ], [ 78.420501318000049, 17.475676702000047 ], [ 78.420517135000068, 17.475674651000084 ], [ 78.420523913000068, 17.475672549000031 ], [ 78.420609680000041, 17.475636677000072 ], [ 78.420623208000052, 17.475634621000044 ], [ 78.420636732000062, 17.475634704000079 ], [ 78.420747040000037, 17.475618292000039 ], [ 78.420827922000058, 17.475614534000044 ], [ 78.420890676000056, 17.475584915000073 ], [ 78.420899611000038, 17.475580620000077 ], [ 78.420910784000057, 17.47557632500008 ], [ 78.420930896000073, 17.475567733000052 ], [ 78.420920181000042, 17.475487255000075 ], [ 78.420926411000039, 17.475403975000066 ], [ 78.42096863900008, 17.475339818000069 ], [ 78.421008871000083, 17.475314132000054 ], [ 78.42106928700008, 17.47528200600005 ], [ 78.421076008000057, 17.475279864000075 ], [ 78.421174674000042, 17.475224196000056 ], [ 78.421234942000069, 17.475138260000055 ], [ 78.421273105000068, 17.475056772000077 ], [ 78.42130187600003, 17.47488728500003 ], [ 78.421322105000058, 17.474775828000084 ], [ 78.421346825000057, 17.474715814000035 ], [ 78.421423531000073, 17.474709236000027 ], [ 78.421527316000038, 17.474715418000073 ], [ 78.421626552000077, 17.474706582000071 ], [ 78.421682976000056, 17.474678557000065 ], [ 78.421773212000076, 17.474616199000032 ], [ 78.421919029000037, 17.474513510000069 ], [ 78.422017419000042, 17.474449510000056 ], [ 78.422129230000053, 17.474364120000079 ], [ 78.422272680000049, 17.474282861000066 ], [ 78.422346806000064, 17.474233577000067 ], [ 78.422351300000059, 17.474227147000025 ], [ 78.42242029482108, 17.474183276352292 ] ], [ [ 78.424617899610666, 17.473004352740993 ], [ 78.424728754000071, 17.473006255000037 ], [ 78.424821015000077, 17.473012723000068 ], [ 78.424929138000039, 17.473012734000072 ], [ 78.425037381000038, 17.47301274400008 ], [ 78.425106745000051, 17.473020363000046 ], [ 78.425176759000067, 17.472981597000064 ], [ 78.425244805000034, 17.472905968000084 ], [ 78.425360286000057, 17.472746277000056 ], [ 78.425412473000051, 17.472634075000034 ], [ 78.425498060000066, 17.472543592000029 ], [ 78.425615187000076, 17.472342868000059 ], [ 78.425678370000071, 17.472267170000066 ], [ 78.425916064000035, 17.472327462000067 ], [ 78.426015962000065, 17.472346900000048 ] ] ] } },
{ "type": "Feature", "properties": { "FID": 37, "Nala_ID": "KCM", "Nala_Name": "KAMUNI CHERUVU TO MYSAMMA CHERUVU", "Circle": "Circle-14A", "District": "RANGAREDDY", "Total_Seg": 5, "Length_m": 1122.0, "Govt_Encr": 0, "Pvt_Encr": 0, "Rel_Encr": 0, "Total_Encr": 0, "Court_Case": 0, "Mandal": " ", "Village": " ", "SNO": 38, "ZONE_NAME": "WEST ZONE", "ZONE_ID": "WTZ", "length_m_calc": 1122.7236599042374 }, "geometry": { "type": "MultiLineString", "coordinates": [ [ [ 78.409981219621486, 17.462095217476193 ], [ 78.410007247061458, 17.462084148184605 ], [ 78.410126794660414, 17.46208140432482 ], [ 78.410192715117034, 17.462067925515864 ], [ 78.41022147839827, 17.462041058849735 ], [ 78.410367768612389, 17.462048699498339 ], [ 78.410446502932402, 17.462079833948824 ], [ 78.410598072052437, 17.462242388851273 ], [ 78.410644630411895, 17.462330454389026 ], [ 78.410705056749904, 17.462388591665174 ], [ 78.410775208587069, 17.46249847081808 ], [ 78.410837318799409, 17.462754488360012 ], [ 78.41090091492083, 17.462799763075235 ], [ 78.410982758453443, 17.462822335315575 ], [ 78.411020720367389, 17.462884481229803 ], [ 78.411018957140058, 17.46300919507356 ], [ 78.411032291979367, 17.463122635492283 ], [ 78.411098003995434, 17.463229589246982 ], [ 78.411205319937622, 17.463246758121723 ], [ 78.411345717929962, 17.46324858640914 ], [ 78.411615010975936, 17.463220550260825 ], [ 78.411655662261751, 17.463198139443229 ], [ 78.411671868930483, 17.463214121783864 ], [ 78.411750867420935, 17.463226620397325 ], [ 78.411822924732348, 17.463201750925634 ], [ 78.411861981095058, 17.463186488083029 ], [ 78.411965241812695, 17.463173494853717 ], [ 78.41196605450898, 17.463173357219404 ] ], [ [ 78.405577, 17.465633 ], [ 78.405669822274092, 17.465722370828196 ], [ 78.405719934694673, 17.46577033867764 ], [ 78.405757010884628, 17.465789461350401 ], [ 78.40580165668996, 17.465801514055507 ], [ 78.405868767587251, 17.465809558692523 ], [ 78.405898578858498, 17.465814249013441 ], [ 78.405943366855311, 17.465816267284875 ], [ 78.406020170580092, 17.465772823319664 ], [ 78.406130738343748, 17.465771398727689 ], [ 78.406227486947699, 17.465690937406542 ], [ 78.406224082434989, 17.465614904145131 ], [ 78.406210831895748, 17.465495729852872 ], [ 78.406255385276822, 17.465408852380477 ], [ 78.40637426248837, 17.465242654599496 ], [ 78.4063778273119, 17.465096458429517 ], [ 78.406532399599129, 17.465046860165906 ], [ 78.406754317329003, 17.465094201773283 ], [ 78.406911551936858, 17.46506757797156 ], [ 78.40696079738278, 17.464860326294747 ], [ 78.407022348280805, 17.464733525245997 ], [ 78.407057797351797, 17.464656565025809 ], [ 78.40713107361448, 17.464545688151802 ], [ 78.407151079108729, 17.464504370274881 ], [ 78.407218096665474, 17.464413484254081 ], [ 78.407245996386024, 17.46434216052311 ], [ 78.407250805610076, 17.464334158238206 ] ], [ [ 78.407250805610076, 17.464334158238206 ], [ 78.407304133425001, 17.464245423618252 ], [ 78.407317920874917, 17.464221229647663 ], [ 78.407352862269633, 17.464180106544248 ], [ 78.407401408407182, 17.464127690846787 ], [ 78.407482111616986, 17.46401977815767 ], [ 78.407536713243189, 17.463961706378942 ], [ 78.407579244290659, 17.463912079684427 ], [ 78.407693658752194, 17.463744388880045 ], [ 78.407732804770689, 17.463617295322752 ], [ 78.407756730683786, 17.463510075825518 ], [ 78.407765850474576, 17.463287962985355 ], [ 78.407835984184885, 17.463082417019017 ], [ 78.407822326685618, 17.462991912468716 ], [ 78.407801404170911, 17.462886975652758 ], [ 78.407776824854693, 17.462829305015546 ], [ 78.407758422824955, 17.462757377392403 ], [ 78.407762201395727, 17.462701510281473 ], [ 78.407742366667804, 17.462625262716596 ], [ 78.407735946306985, 17.462553857464865 ] ], [ [ 78.407735946306985, 17.462553857464865 ], [ 78.40773462268352, 17.462539136535959 ], [ 78.407723790070008, 17.462460138847799 ], [ 78.407722466852803, 17.462342553816388 ], [ 78.407772120377501, 17.46231739370468 ], [ 78.407810048423642, 17.462276309402391 ], [ 78.407900475066199, 17.462220138312251 ], [ 78.407975275972262, 17.462212511068579 ], [ 78.40803687809877, 17.462187506668787 ], [ 78.408241661314889, 17.462178706454811 ], [ 78.40831220461699, 17.462155252281281 ], [ 78.408391364531681, 17.462156284225212 ], [ 78.408448587280589, 17.462124053828322 ], [ 78.408532187369303, 17.462128011103506 ], [ 78.408621173542258, 17.46217361742378 ], [ 78.408699623537117, 17.462224821393164 ], [ 78.408724000265551, 17.462296826846448 ], [ 78.408767091106185, 17.462313159803479 ], [ 78.40880434959945, 17.462319380452413 ], [ 78.408855172062502, 17.462317175357985 ], [ 78.408892998481065, 17.462283258267302 ], [ 78.408952721599348, 17.462285470417079 ], [ 78.409006794891496, 17.462264668841584 ], [ 78.409101032715867, 17.462255860734679 ], [ 78.409325881661715, 17.462201440751919 ], [ 78.409543161197021, 17.462154090642745 ], [ 78.409613379956852, 17.462153571839032 ], [ 78.409686869759383, 17.462133023056893 ], [ 78.40976913857503, 17.462125492425624 ], [ 78.409832011062193, 17.462116275295742 ], [ 78.40987843383904, 17.462108277586744 ], [ 78.40995163976693, 17.462107797579176 ], [ 78.409981219621486, 17.46209521747619 ] ], [ [ 78.41196605450898, 17.463173357219404 ], [ 78.412153921109308, 17.463141540936171 ], [ 78.412170934000073, 17.463120500000059 ] ] ] } },
{ "type": "Feature", "properties": { "FID": 38, "Nala_ID": "SCM", "Nala_Name": "SURAM CHERUVU TO MYSAMMA CHERUVU", "Circle": "Circle-14A", "District": "RANGAREDDY", "Total_Seg": 5, "Length_m": 1457.0, "Govt_Encr": 0, "Pvt_Encr": 0, "Rel_Encr": 0, "Total_Encr": 0, "Court_Case": 0, "Mandal": " ", "Village": " ", "SNO": 39, "ZONE_NAME": "WEST ZONE", "ZONE_ID": "WTZ", "length_m_calc": 1457.848607564039 }, "geometry": { "type": "MultiLineString", "coordinates": [ [ [ 78.405829503729962, 17.458971432354318 ], [ 78.405910595166162, 17.459130474557266 ], [ 78.405991477831122, 17.459352566563705 ], [ 78.406034598715522, 17.459604035749109 ], [ 78.406112539257435, 17.45981414142198 ], [ 78.406154113639644, 17.459955072031317 ], [ 78.406237238390574, 17.460018883106994 ], [ 78.406258705363669, 17.460261108847924 ], [ 78.40625182960548, 17.460526860710409 ], [ 78.406286377389208, 17.460724452340926 ], [ 78.406308901738214, 17.460892017279562 ], [ 78.406356107502944, 17.461074839121412 ], [ 78.406318435659088, 17.46153733014738 ], [ 78.406314995797047, 17.46157705148498 ] ], [ [ 78.403832193000085, 17.453129494000056 ], [ 78.404077151102285, 17.453228168242692 ], [ 78.404195090795241, 17.453250616415918 ], [ 78.40435612575061, 17.453306483743074 ], [ 78.404560129196241, 17.453404729426225 ], [ 78.404727175880154, 17.453475609844059 ], [ 78.404785997816646, 17.453497286268902 ], [ 78.404853477413141, 17.453566867368512 ], [ 78.404896022931922, 17.453639110094247 ], [ 78.40494419926786, 17.453753244044641 ], [ 78.405035767228171, 17.453879892078252 ], [ 78.405142977327728, 17.454000770201365 ], [ 78.405221930408004, 17.454139201522647 ], [ 78.405285495320243, 17.454265484130403 ], [ 78.405321860455828, 17.454334659184319 ], [ 78.405363645032992, 17.454460657624363 ], [ 78.405393744945286, 17.454532737917809 ], [ 78.405460125534077, 17.454679966115513 ], [ 78.405487325470517, 17.454737073651021 ], [ 78.405554636593408, 17.454818600328924 ], [ 78.405696750690041, 17.454892141845278 ], [ 78.405733204539601, 17.454906691898024 ] ], [ [ 78.405733204539601, 17.454906691898024 ], [ 78.405836007128244, 17.454947724091358 ], [ 78.40599977514124, 17.455030508826319 ], [ 78.406141593639532, 17.455124955102068 ], [ 78.40626180085097, 17.455207171495214 ], [ 78.406301489427221, 17.455261454850049 ], [ 78.406272513387847, 17.455329777598401 ], [ 78.406234287350813, 17.455392005727106 ], [ 78.4061800808973, 17.455483895265402 ], [ 78.406157200947376, 17.455561258450597 ], [ 78.406143909221981, 17.455620824782002 ], [ 78.406102613837604, 17.455680025852896 ], [ 78.405908980951438, 17.455728278878755 ], [ 78.405740282415564, 17.45577386999415 ], [ 78.405684021361552, 17.45579105795299 ], [ 78.405624098979729, 17.455847028917596 ], [ 78.405600245993355, 17.45599307993173 ], [ 78.40560272311447, 17.456037917002345 ], [ 78.405595781082184, 17.456088605156921 ], [ 78.405720544127661, 17.456508410518602 ], [ 78.405709898458511, 17.456600868131545 ], [ 78.405665448854052, 17.456663014897416 ], [ 78.405546110949885, 17.456739119528518 ], [ 78.40544883460241, 17.456783471196307 ] ], [ [ 78.40544883460241, 17.456783471196307 ], [ 78.405355038475619, 17.456826236041234 ], [ 78.405248569506014, 17.456872638548727 ], [ 78.405226365748035, 17.456902218650988 ], [ 78.40507688516783, 17.456909229042701 ], [ 78.405014358339159, 17.456929321979096 ], [ 78.404968596931283, 17.457084047876585 ], [ 78.404985870050737, 17.457182843699169 ], [ 78.405037477944816, 17.457494163317868 ], [ 78.405199409558577, 17.45792640190237 ], [ 78.405361637932288, 17.458337735425403 ], [ 78.405608852138286, 17.458681477176448 ], [ 78.405789473736277, 17.458892922630483 ], [ 78.405829503729962, 17.458971432354318 ] ], [ [ 78.406314995797047, 17.46157705148498 ], [ 78.406299832235206, 17.461752150266236 ], [ 78.40629331844039, 17.462212060748477 ], [ 78.406292961606894, 17.46245698873523 ], [ 78.406338113356611, 17.462565109219678 ], [ 78.406683969982154, 17.462536764347217 ], [ 78.407354620507789, 17.462429019313046 ], [ 78.407706974000064, 17.462357252000064 ] ] ] } },
{ "type": "Feature", "properties": { "FID": 39, "Nala_ID": "BTR", "Nala_Name": "BHEL TOWNSHIP TO RAMACHANDRAPURAM", "Circle": "Circle-13", "District": "MEDAK", "Total_Seg": 12, "Length_m": 2662.0, "Govt_Encr": 0, "Pvt_Encr": 0, "Rel_Encr": 0, "Total_Encr": 0, "Court_Case": 0, "Mandal": " ", "Village": " ", "SNO": 40, "ZONE_NAME": "WEST ZONE", "ZONE_ID": "WTZ", "length_m_calc": 356.87302494922818 }, "geometry": { "type": "MultiLineString", "coordinates": [ [ [ 78.302291938000053, 17.481991170000075 ], [ 78.302251512000055, 17.482474959000058 ], [ 78.302218701000072, 17.48278929300006 ], [ 78.302189183000053, 17.483104118000035 ], [ 78.302131083000063, 17.483556282000055 ], [ 78.302095592000057, 17.483818204000045 ], [ 78.301660524000056, 17.483786325000043 ], [ 78.301598642052085, 17.484390114169141 ] ], [ [ 78.301598642052085, 17.484390114169141 ], [ 78.301561917522676, 17.484748436255078 ] ] ] } },
{ "type": "Feature", "properties": { "FID": 41, "Nala_ID": "NCSC", "Nala_Name": "Nuramma cheruvu to Shivarampally cheruvu", "Circle": "Circle-6", "District": "Rangareddy", "Total_Seg": 15, "Length_m": 748.0, "Govt_Encr": 0, "Pvt_Encr": 0, "Rel_Encr": 0, "Total_Encr": 0, "Court_Case": 0, "Mandal": "Rajendranagar", "Village": " ", "SNO": 42, "ZONE_NAME": "SOUTH ZONE", "ZONE_ID": "STZ", "length_m_calc": 748.62379703144245 }, "geometry": { "type": "LineString", "coordinates": [ [ 78.427213005246756, 17.316862816502013 ], [ 78.42712318884972, 17.316869725455632 ], [ 78.426964282916515, 17.316883543362863 ], [ 78.426747287948146, 17.316920815660012 ], [ 78.42669393400007, 17.316929980000054 ], [ 78.426395741000078, 17.317396011000088 ], [ 78.426390907003764, 17.317428771784328 ], [ 78.426351325995498, 17.317697018091824 ], [ 78.426303190000056, 17.317981057000058 ], [ 78.426270488945903, 17.318141784262362 ], [ 78.426217045000044, 17.318404463000032 ], [ 78.426135157000033, 17.318503506000074 ], [ 78.426095008271005, 17.318546050067308 ], [ 78.42592813400006, 17.31872288000006 ], [ 78.425780811056129, 17.318881919616445 ], [ 78.42574839100007, 17.318916918000074 ], [ 78.425582228000053, 17.319115347000039 ], [ 78.425491694078872, 17.319237625152905 ], [ 78.425470744000052, 17.319265921000071 ], [ 78.425334999000029, 17.319401767000041 ], [ 78.425185733000035, 17.319553654000064 ], [ 78.425171024908906, 17.319567328326311 ], [ 78.425038820000054, 17.319690241000046 ], [ 78.424967243000083, 17.319754923000065 ], [ 78.424905552000041, 17.319787411000057 ], [ 78.424798376000069, 17.319805201000062 ], [ 78.424789745276414, 17.319806376122806 ], [ 78.424641019000035, 17.319826626000069 ], [ 78.424526788000051, 17.319849001000076 ], [ 78.424328801220057, 17.319893389042853 ], [ 78.424312976000067, 17.319896937000074 ], [ 78.424127028000044, 17.319940753000086 ], [ 78.423929049000037, 17.319985546000058 ], [ 78.423943318255652, 17.320040528652029 ], [ 78.423949284000059, 17.320063516000058 ], [ 78.424010686000031, 17.320306768000087 ], [ 78.42405246800007, 17.320464977000089 ], [ 78.424055935045729, 17.320478918927037 ], [ 78.42408331200005, 17.320589009000056 ], [ 78.424172590536287, 17.320916319283128 ], [ 78.424215540000034, 17.321073779000077 ], [ 78.424297079202688, 17.321351725585753 ], [ 78.424306195000042, 17.321382799000052 ], [ 78.424407486860275, 17.321777826893971 ] ] } },
{ "type": "Feature", "properties": { "FID": 42, "Nala_ID": "MTC", "Nala_Name": "MALLAKATHUVA CHERUVU", "Circle": "Circle-14A", "District": "RANGAREDDY", "Total_Seg": 6, "Length_m": 1621.0, "Govt_Encr": 0, "Pvt_Encr": 0, "Rel_Encr": 0, "Total_Encr": 0, "Court_Case": 0, "Mandal": " ", "Village": " ", "SNO": 43, "ZONE_NAME": "WEST ZONE", "ZONE_ID": "WTZ", "length_m_calc": 1621.264555822291 }, "geometry": { "type": "MultiLineString", "coordinates": [ [ [ 78.398645419168346, 17.463747674961262 ], [ 78.398756973000047, 17.463608957000083 ], [ 78.398846295000055, 17.463527021000065 ], [ 78.398910554000054, 17.463471297000073 ], [ 78.399065200000052, 17.463408800000085 ], [ 78.399220005000075, 17.463369177000065 ], [ 78.399454239000079, 17.463309661000046 ], [ 78.39966812800003, 17.463276378000053 ], [ 78.399861582000085, 17.46323980600005 ], [ 78.400024138000063, 17.463199971000055 ], [ 78.400134915000081, 17.463133900000066 ], [ 78.40022151200003, 17.463018477000055 ], [ 78.40042078700003, 17.462800384000055 ], [ 78.400479610000048, 17.462645580000075 ], [ 78.400579695000033, 17.462553373000052 ], [ 78.400717665000059, 17.462494059000054 ], [ 78.400728014000038, 17.462490762000073 ], [ 78.400881789000039, 17.462437989000087 ], [ 78.400937859275672, 17.462413921177589 ] ], [ [ 78.388925392000033, 17.465799393000054 ], [ 78.389053703000073, 17.465835885000047 ], [ 78.389119048000069, 17.465876790000038 ], [ 78.389193460000058, 17.465911246000079 ], [ 78.389261156000032, 17.465932782000042 ], [ 78.389301796000041, 17.465950029000059 ], [ 78.389346972000055, 17.46600829900007 ], [ 78.389407992000031, 17.466027727000043 ], [ 78.38946452600004, 17.466003963000052 ], [ 78.389469050000059, 17.466001802000051 ], [ 78.389512038000078, 17.465975867000058 ], [ 78.389564071000052, 17.465986645000044 ], [ 78.389568598000039, 17.465988805000052 ], [ 78.389629756000048, 17.466023390000089 ], [ 78.389715959000057, 17.466023381000074 ], [ 78.389720500000067, 17.466023380000085 ], [ 78.389868318000083, 17.465999511000064 ], [ 78.389961786000072, 17.46597994300004 ], [ 78.390105431000066, 17.465958184000048 ], [ 78.390123684000059, 17.465956006000056 ], [ 78.390180736000048, 17.465947295000095 ], [ 78.390183015000048, 17.465945122000054 ], [ 78.390233201000058, 17.465886436000069 ], [ 78.390240062000032, 17.465882082000068 ], [ 78.390317558000049, 17.465738632000068 ], [ 78.390317537000044, 17.46573212200008 ], [ 78.390356228000044, 17.465643041000082 ], [ 78.390468557000091, 17.465594838000076 ], [ 78.390475443000071, 17.465592638000093 ], [ 78.390634116000072, 17.465552808000041 ], [ 78.390647930000057, 17.465548394000056 ], [ 78.390827921000053, 17.465512690000086 ], [ 78.390965975000043, 17.465477427000057 ], [ 78.391245457000082, 17.46541296800007 ], [ 78.391389372295322, 17.46537085473723 ] ], [ [ 78.391389372295322, 17.46537085473723 ], [ 78.391612451000086, 17.465305576000056 ], [ 78.39182525700005, 17.465246809000067 ], [ 78.391979373000083, 17.465181594000061 ], [ 78.39215686600005, 17.465070686000054 ], [ 78.392447426000047, 17.464904291000046 ], [ 78.392683495000043, 17.464751592000088 ], [ 78.392953111000054, 17.464644649000036 ], [ 78.392997601000062, 17.464489430000079 ], [ 78.393015209000055, 17.464356192000089 ], [ 78.393032693000066, 17.464249039000041 ], [ 78.393071073000044, 17.464148249000065 ], [ 78.393133, 17.46405097600007 ], [ 78.393248283000062, 17.464050744000076 ], [ 78.393477186000055, 17.464092412000074 ], [ 78.393578288063452, 17.464104045345064 ] ], [ [ 78.393578288063452, 17.464104045345064 ], [ 78.393616168000065, 17.464108404000065 ], [ 78.393814210000073, 17.464101924000097 ], [ 78.393994904000081, 17.464114872000046 ], [ 78.394196090000037, 17.464131061000053 ], [ 78.394514154000035, 17.46412167900008 ], [ 78.394736238000064, 17.464131765000051 ], [ 78.39498201400005, 17.46410306800005 ], [ 78.39527139300003, 17.464050231000044 ], [ 78.395503526000084, 17.464007126000077 ], [ 78.395613061000063, 17.463996774000069 ], [ 78.395746806000048, 17.464018935000077 ], [ 78.395908003000045, 17.464057696000058 ], [ 78.39608322600003, 17.464122582000076 ], [ 78.396234513000081, 17.464177870000075 ], [ 78.396244830000057, 17.464177854000074 ], [ 78.396356721261398, 17.464186541701334 ] ], [ [ 78.396356721261398, 17.464186541701334 ], [ 78.396368690000031, 17.464187471000063 ], [ 78.396598619000045, 17.464043444000087 ], [ 78.396639168000036, 17.463955412000075 ], [ 78.39664596700004, 17.463945630000072 ], [ 78.396767866000062, 17.463887593000038 ], [ 78.39689088800003, 17.463864688000065 ], [ 78.397000350000042, 17.463838503000098 ], [ 78.397117177000041, 17.463782894000079 ], [ 78.397120693000033, 17.463773088000043 ], [ 78.397271706000083, 17.463756741000058 ], [ 78.39737109500004, 17.463763272000058 ], [ 78.397487283000032, 17.463773030000088 ], [ 78.397541821000075, 17.463835178000071 ], [ 78.397586022000041, 17.463936679000092 ], [ 78.397592834000079, 17.463949783000093 ], [ 78.397657534000075, 17.464071095000065 ], [ 78.397726008000078, 17.464123616000059 ], [ 78.397890737000068, 17.464107316000085 ], [ 78.398120934000076, 17.464074622000055 ], [ 78.398368665000078, 17.464022152000044 ], [ 78.39848915400006, 17.463992569000084 ], [ 78.398592346000044, 17.463926878000056 ], [ 78.398636835000048, 17.463756364000066 ], [ 78.398643699000061, 17.463749814000046 ], [ 78.398645419168346, 17.463747674961262 ] ], [ [ 78.400937859275672, 17.462413921177589 ], [ 78.401150850000079, 17.462322496000073 ], [ 78.401413490000039, 17.462053787000066 ], [ 78.401669136000066, 17.461931737000043 ], [ 78.401886993000076, 17.461839124000058 ] ] ] } },
{ "type": "Feature", "properties": { "FID": 43, "Nala_ID": "MSC", "Nala_Name": "MYISAMMA CHERUVU", "Circle": " ", "District": " ", "Total_Seg": 11, "Length_m": 3123.0, "Govt_Encr": 0, "Pvt_Encr": 0, "Rel_Encr": 0, "Total_Encr": 0, "Court_Case": 0, "Mandal": " ", "Village": " ", "SNO": 44, "ZONE_NAME": "WEST ZONE", "ZONE_ID": "WTZ", "length_m_calc": 3123.8272948267195 }, "geometry": { "type": "MultiLineString", "coordinates": [ [ [ 78.437120508891454, 17.46507551011436 ], [ 78.43718350100005, 17.465108530000066 ], [ 78.437321880000084, 17.465151629000054 ], [ 78.437486817000035, 17.465182039000073 ], [ 78.437500114000059, 17.46518710700008 ], [ 78.43765714400007, 17.465215089000026 ], [ 78.437787781000054, 17.465248231000036 ], [ 78.43791277300005, 17.465299142000049 ], [ 78.438019224000072, 17.465352585000065 ], [ 78.438147044000061, 17.465436524000044 ], [ 78.438229622000051, 17.465495029000067 ], [ 78.438290900000084, 17.465538253000037 ], [ 78.438354828000058, 17.465545714000033 ], [ 78.438434677000032, 17.465530200000046 ], [ 78.438559652000038, 17.465484116000027 ], [ 78.438652671000057, 17.465395069000071 ], [ 78.438772621000055, 17.465328849000059 ], [ 78.438892654000099, 17.465295394000069 ], [ 78.438988301000066, 17.465315550000071 ], [ 78.439115643000036, 17.465336088000075 ], [ 78.439192658000096, 17.465354013000031 ], [ 78.439235176000068, 17.46536680000003 ], [ 78.439288359000045, 17.465407576000075 ], [ 78.439373558000057, 17.465496810000051 ], [ 78.439416186000074, 17.465537594000068 ], [ 78.439507659000085, 17.465573409000061 ], [ 78.439603393000084, 17.465566064000029 ], [ 78.439666421917536, 17.465552987143518 ] ], [ [ 78.417223662000083, 17.462971620000079 ], [ 78.417546472000083, 17.463163209000076 ], [ 78.417798253000058, 17.463273382000075 ], [ 78.417945427000063, 17.463329844000047 ], [ 78.41813382600003, 17.463413256000027 ], [ 78.418322035000088, 17.463491818000026 ], [ 78.418512692000036, 17.463580766000071 ], [ 78.41878313400008, 17.463702496000057 ], [ 78.419040887000051, 17.463855245000051 ], [ 78.419177765000029, 17.463936444000069 ], [ 78.41946160100008, 17.463973006000067 ], [ 78.419742708000058, 17.464012465000053 ], [ 78.419790816996269, 17.464026636011479 ] ], [ [ 78.419790816996269, 17.464026636011479 ], [ 78.420082174000086, 17.464112458000049 ], [ 78.420316589000038, 17.46420325400004 ], [ 78.420528149000063, 17.464296675000078 ], [ 78.420610816000078, 17.464353346000056 ], [ 78.420716821000042, 17.464464367000062 ], [ 78.420771153000032, 17.464553260000063 ], [ 78.420817744000033, 17.464644663000058 ], [ 78.420853990000069, 17.464857127000073 ], [ 78.420913514000063, 17.465076634000074 ], [ 78.420934202000083, 17.465143171000022 ], [ 78.421041369000079, 17.465183483000036 ], [ 78.421131888000048, 17.46521068300007 ], [ 78.421194013000047, 17.465210686000038 ], [ 78.421261303000051, 17.465203291000023 ], [ 78.421341537000046, 17.46519342900007 ], [ 78.421442506000062, 17.465200832000054 ], [ 78.421530532000091, 17.465218096000058 ], [ 78.421540887000049, 17.465220562000074 ], [ 78.421652191000078, 17.465230429000034 ], [ 78.421773839000096, 17.465240294000072 ], [ 78.421864424000034, 17.465242763000056 ], [ 78.421944976425848, 17.465242766041616 ] ], [ [ 78.421944976425848, 17.465242766041616 ], [ 78.421970541000064, 17.465242767000071 ], [ 78.422120691000032, 17.465225515000046 ], [ 78.422343585000078, 17.465168336000033 ], [ 78.422346173000065, 17.465165865000081 ], [ 78.422462688000053, 17.465151041000073 ], [ 78.422483404000047, 17.465146099000041 ], [ 78.422605124000029, 17.465123857000041 ], [ 78.422739827000058, 17.465096665000036 ], [ 78.422864556000036, 17.465061884000026 ], [ 78.422942710000029, 17.46502213500003 ], [ 78.423002891000067, 17.464957522000081 ], [ 78.423086912000031, 17.464847964000061 ], [ 78.42315717200006, 17.464738807000067 ], [ 78.423177585000076, 17.464627535000034 ], [ 78.423182360000055, 17.464506495000027 ], [ 78.423180967000064, 17.464365736000051 ], [ 78.423199155000077, 17.464274034000027 ], [ 78.423219925000069, 17.464162604000023 ], [ 78.423225110000047, 17.464031496000079 ], [ 78.423243275000061, 17.463927507000054 ], [ 78.423269245000085, 17.463833340000065 ], [ 78.423297820000073, 17.463786227000075 ], [ 78.423357585000076, 17.463729170000022 ], [ 78.423362782000083, 17.463726689000062 ], [ 78.423479752000048, 17.463662155000073 ], [ 78.423656794352326, 17.463592101657259 ] ], [ [ 78.423656794352326, 17.463592101657259 ], [ 78.423768528000053, 17.463547890000033 ], [ 78.423981710000078, 17.463478282000043 ], [ 78.424270410000076, 17.463369067000031 ], [ 78.424553969000044, 17.46329208200007 ], [ 78.42474971300004, 17.463234315000026 ], [ 78.424919197000065, 17.46318536300004 ], [ 78.42515056600007, 17.463103139000058 ], [ 78.425354089000052, 17.463011188000053 ], [ 78.425359311000079, 17.463011195000039 ], [ 78.425594016000048, 17.462887293000055 ], [ 78.425596621000068, 17.462884814000063 ], [ 78.425890595000055, 17.462751427000061 ], [ 78.425893196000061, 17.462751427000061 ], [ 78.42609644900007, 17.462673971000076 ], [ 78.426284402000078, 17.462641133000037 ], [ 78.426288474418683, 17.462640998043085 ] ], [ [ 78.426288474418683, 17.462640998043085 ], [ 78.42652474700003, 17.462633168000028 ], [ 78.426730293000048, 17.46261290200005 ], [ 78.426743317000046, 17.462612862000071 ], [ 78.426884082000086, 17.462597536000033 ], [ 78.426894514000082, 17.46259750300004 ], [ 78.42705111500004, 17.462594527000029 ], [ 78.427064174000066, 17.462592002000068 ], [ 78.427231556000038, 17.462581070000063 ], [ 78.427239414000042, 17.46258101900003 ], [ 78.42726037400007, 17.462580884000037 ], [ 78.427409554000079, 17.462603246000075 ], [ 78.427592725000068, 17.462613231000041 ], [ 78.427783747000035, 17.462635698000046 ], [ 78.427917200000081, 17.462650675000081 ], [ 78.428078929000037, 17.462668478000072 ], [ 78.428224166000064, 17.462692922000034 ], [ 78.42839946600003, 17.462713367000053 ], [ 78.428514441000061, 17.462713693000072 ], [ 78.428522276000095, 17.462713716000057 ], [ 78.428660606000051, 17.462716567000033 ], [ 78.428754523000066, 17.462721544000036 ], [ 78.428811916000029, 17.462746430000042 ], [ 78.428864092000083, 17.46279122500005 ], [ 78.428918877000058, 17.46287583600003 ], [ 78.428981227806176, 17.462960477345007 ] ], [ [ 78.428981227806176, 17.462960477345007 ], [ 78.42898670600006, 17.462967914000053 ], [ 78.429088449000062, 17.463079899000039 ], [ 78.429169322000064, 17.46314957900006 ], [ 78.429319328000076, 17.463378886000047 ], [ 78.429436752000072, 17.463548120000045 ], [ 78.429535777000069, 17.463712352000076 ], [ 78.42966879100004, 17.46392899000006 ], [ 78.429767960000049, 17.464100931000075 ], [ 78.429838479000068, 17.464205215000053 ], [ 78.429915282000096, 17.464271911000029 ], [ 78.430123854000044, 17.464371372000073 ], [ 78.430285321000056, 17.464429721000048 ], [ 78.430428984000059, 17.464500300000058 ], [ 78.430502252000053, 17.464500803000078 ], [ 78.430570384000077, 17.464483852000061 ], [ 78.430646526000032, 17.464429565000049 ], [ 78.430680813000038, 17.464320073000067 ], [ 78.430747375925932, 17.464104895936785 ] ], [ [ 78.430747375925932, 17.464104895936785 ], [ 78.430751900000075, 17.464090271000035 ], [ 78.430796193000049, 17.463914902000059 ], [ 78.430877941000062, 17.463717311000046 ], [ 78.430898906000039, 17.463707315000022 ], [ 78.430972298000029, 17.463589933000041 ], [ 78.431035141000052, 17.463540021000032 ], [ 78.431121518000054, 17.463512577000081 ], [ 78.431194799000082, 17.463502599000041 ], [ 78.431286414000056, 17.463512576000035 ], [ 78.431380666000052, 17.463530037000059 ], [ 78.431388526000035, 17.463535027000034 ], [ 78.431506401000036, 17.463574952000048 ], [ 78.431514255000081, 17.463574952000048 ], [ 78.431621668000048, 17.463602409000035 ], [ 78.431629536000059, 17.463607402000036 ], [ 78.43174224600007, 17.463644855000044 ], [ 78.431800415000055, 17.463689816000059 ], [ 78.431923487000077, 17.463747291000061 ], [ 78.432020398000077, 17.463852324000076 ], [ 78.432023018000052, 17.463857328000078 ], [ 78.432093796000061, 17.463974996000054 ], [ 78.432154170000047, 17.464090372000047 ], [ 78.432227729000033, 17.464163186000068 ], [ 78.432232984000066, 17.464163196000076 ], [ 78.432317036000029, 17.464233370000048 ], [ 78.432409016000065, 17.46428357700006 ], [ 78.43252472100005, 17.464333866000064 ], [ 78.432677604000048, 17.464371122000049 ], [ 78.43280111100006, 17.464421277000049 ], [ 78.432809038000073, 17.464421275000067 ], [ 78.432827991078696, 17.464427040942073 ] ], [ [ 78.432827991078696, 17.464427040942073 ], [ 78.432957088000094, 17.464466315000042 ], [ 78.433104961000083, 17.464531291000075 ], [ 78.433107595000081, 17.464531289000043 ], [ 78.43323412500007, 17.464588669000026 ], [ 78.43338148600003, 17.464655912000076 ], [ 78.433549274000029, 17.464750730000048 ], [ 78.433659193000054, 17.464803300000032 ], [ 78.433661812000082, 17.464805799000036 ], [ 78.433787460000076, 17.464856059000059 ], [ 78.433892274000073, 17.46487885300008 ], [ 78.433894896000083, 17.464881367000036 ], [ 78.433991967000054, 17.464936791000078 ], [ 78.434062914000037, 17.465024872000075 ], [ 78.434131366000031, 17.465153318000038 ], [ 78.434134001000089, 17.465158359000046 ], [ 78.434181511000077, 17.465289470000076 ], [ 78.434244890000073, 17.465405095000058 ], [ 78.434305719000065, 17.465516052000055 ], [ 78.434358387000032, 17.465581352000079 ], [ 78.434421636000081, 17.465634156000025 ], [ 78.434474374000047, 17.465666892000066 ], [ 78.434566824000058, 17.465674721000031 ], [ 78.434669563000057, 17.465655015000042 ], [ 78.434769652000057, 17.465600153000029 ], [ 78.434848766000073, 17.465540079000057 ], [ 78.434943812000029, 17.465462482000081 ], [ 78.434966425533133, 17.465386025049046 ] ], [ [ 78.434966425533133, 17.465386025049046 ], [ 78.434967603000075, 17.46538204400003 ], [ 78.434988784000041, 17.465205790000034 ], [ 78.435002042000065, 17.465089800000044 ], [ 78.435002072000032, 17.464955992000064 ], [ 78.435002090000069, 17.464870071000071 ], [ 78.435007399000085, 17.464819503000061 ], [ 78.435052462000058, 17.464789157000048 ], [ 78.435137319000049, 17.464751200000027 ], [ 78.435224885000096, 17.46472839200004 ], [ 78.435355022000067, 17.464708064000042 ], [ 78.435439956000039, 17.464695394000049 ], [ 78.435516878000044, 17.464700446000059 ], [ 78.435593808000078, 17.464713080000028 ], [ 78.435713217000057, 17.464730771000067 ], [ 78.435816744000078, 17.464773766000064 ], [ 78.435867210000097, 17.464796540000066 ], [ 78.435944262000092, 17.464821855000032 ], [ 78.436021301000039, 17.464834520000068 ], [ 78.436098331000039, 17.464824383000067 ], [ 78.436175311000071, 17.464809187000071 ], [ 78.436289730000055, 17.464799012000075 ], [ 78.436401644000057, 17.464804034000057 ], [ 78.436502647000054, 17.464801457000029 ], [ 78.436606410000081, 17.464826788000043 ], [ 78.436704897000084, 17.464859779000054 ], [ 78.436720867000091, 17.46486739400007 ], [ 78.436819358000037, 17.464910551000067 ], [ 78.43696575000007, 17.464984174000055 ], [ 78.437072158000035, 17.46505016500004 ], [ 78.437120508891454, 17.46507551011436 ] ], [ [ 78.439666421917536, 17.465552987143518 ], [ 78.439712544000031, 17.465543418000042 ], [ 78.439829746000044, 17.465518379000059 ], [ 78.439843074000066, 17.46551587700003 ], [ 78.43998977900003, 17.465495805000053 ], [ 78.44016347700007, 17.465467662000044 ], [ 78.440334159000031, 17.465439789000076 ], [ 78.440441070000077, 17.465411653000054 ], [ 78.440523840000083, 17.465373379000027 ], [ 78.440582526000071, 17.465337702000056 ], [ 78.440723724000065, 17.465268972000047 ], [ 78.440763656000058, 17.465230842000043 ] ] ] } },
{ "type": "Feature", "properties": { "FID": 44, "Nala_ID": "GNC", "Nala_Name": "GAMERUKUNTA TO NALLAGANDLA CHERUVU", "Circle": "Circle-11", "District": "RANGAREDDY", "Total_Seg": 1, "Length_m": 768.0, "Govt_Encr": 0, "Pvt_Encr": 0, "Rel_Encr": 0, "Total_Encr": 0, "Court_Case": 0, "Mandal": " ", "Village": " ", "SNO": 45, "ZONE_NAME": "WEST ZONE", "ZONE_ID": "WTZ", "length_m_calc": 768.56866795257065 }, "geometry": { "type": "LineString", "coordinates": [ [ 78.31828792338375, 17.457856883442989 ], [ 78.31794170356288, 17.458038590211132 ], [ 78.317708436072706, 17.458157305572758 ], [ 78.317225076333344, 17.458523538185315 ], [ 78.316900101581879, 17.4587843814958 ], [ 78.316659259895843, 17.458910161073042 ], [ 78.316538104362962, 17.459023219968856 ], [ 78.316438194778485, 17.459215416602905 ], [ 78.316204714933804, 17.459348462746476 ], [ 78.315971549846324, 17.459460009222131 ], [ 78.315812321624406, 17.459622731361058 ], [ 78.315644680942839, 17.459849854145872 ], [ 78.31541940288048, 17.459932832172179 ], [ 78.314947703954331, 17.460012482090061 ], [ 78.314738095555057, 17.460045493171478 ], [ 78.314495254214961, 17.460307441054546 ], [ 78.314140092239569, 17.461098326866605 ], [ 78.31381763547995, 17.461696109725018 ], [ 78.313497698937809, 17.462121885623567 ], [ 78.313343620614091, 17.462442377458046 ] ] } },
{ "type": "Feature", "properties": { "FID": 45, "Nala_ID": "BKP", "Nala_Name": "BALKAPUR NALA", "Circle": " ", "District": "HYDERABAD", "Total_Seg": 28, "Length_m": 11222.0, "Govt_Encr": 0, "Pvt_Encr": 0, "Rel_Encr": 0, "Total_Encr": 0, "Court_Case": 0, "Mandal": " ", "Village": " ", "SNO": 46, "ZONE_NAME": "CENTRAL ZONE", "ZONE_ID": "CRZ", "length_m_calc": 10885.314715812341 }, "geometry": { "type": "MultiLineString", "coordinates": [ [ [ 78.387777488169348, 17.410698271980248 ], [ 78.387863, 17.410595 ], [ 78.387962, 17.410521 ], [ 78.388233, 17.410382 ], [ 78.388343153549144, 17.410334482782844 ] ], [ [ 78.38870613886796, 17.410230693360404 ], [ 78.388769, 17.410231 ], [ 78.388956, 17.410271 ], [ 78.389152, 17.410258 ], [ 78.38971, 17.410073 ], [ 78.38981, 17.410048 ], [ 78.389825, 17.410047 ], [ 78.389893, 17.410045 ], [ 78.390200421250171, 17.409910597234944 ] ], [ [ 78.390549368033405, 17.409757355076721 ], [ 78.391378, 17.409382 ], [ 78.391608, 17.409314 ], [ 78.392098, 17.409277 ], [ 78.392696, 17.40929 ], [ 78.3948, 17.40908 ], [ 78.395181, 17.408936 ], [ 78.396896, 17.407968 ], [ 78.397608, 17.407481 ], [ 78.398254, 17.407309 ], [ 78.398529, 17.407287 ], [ 78.398755, 17.407386 ], [ 78.399021176000076, 17.407527244000054 ], [ 78.399175274000086, 17.407683291000065 ], [ 78.399495846000036, 17.407751160000092 ], [ 78.399724061000029, 17.407633968000084 ], [ 78.399891098000069, 17.407503991000059 ], [ 78.400035690000053, 17.407437174000055 ], [ 78.400220559000047, 17.40737832200006 ], [ 78.400383899000076, 17.407327647000049 ], [ 78.40052739700009, 17.407149864000075 ], [ 78.400543042581276, 17.407142190316424 ], [ 78.400678293000055, 17.407075854000087 ], [ 78.40088382600004, 17.40698 ], [ 78.401074466000068, 17.406893682000096 ], [ 78.401315429000078, 17.406786080000078 ], [ 78.401606221000065, 17.406717318000066 ], [ 78.402169556000047, 17.406696442000051 ], [ 78.402741608000042, 17.406671694000071 ], [ 78.402867019000041, 17.406667151000082 ], [ 78.403129809000063, 17.406740177000078 ], [ 78.403663, 17.407201 ], [ 78.403886, 17.40741 ], [ 78.404111185000033, 17.407628161000051 ], [ 78.404485949440172, 17.408130432524999 ], [ 78.404501912000057, 17.408151826000047 ], [ 78.404681291000031, 17.408382274000079 ], [ 78.404732554000091, 17.40855920600006 ], [ 78.404673927000033, 17.40865549900008 ], [ 78.404209974000082, 17.408817958000046 ], [ 78.403759, 17.409134 ], [ 78.403313948000061, 17.409463554000073 ], [ 78.403227120000054, 17.409540990000043 ], [ 78.403000556000052, 17.409822334000072 ], [ 78.402966620000029, 17.409986363000083 ], [ 78.40296468300005, 17.410107648000068 ], [ 78.402987238000037, 17.410288389000076 ], [ 78.40301178043741, 17.410345558125549 ], [ 78.403079965000074, 17.410504387000064 ], [ 78.403153557000053, 17.41059569000004 ], [ 78.403212441000051, 17.410665951000059 ], [ 78.403285990000029, 17.410757236000062 ], [ 78.40336678500006, 17.410820333000064 ], [ 78.403454793000037, 17.410890337000072 ], [ 78.403574900000081, 17.410912508000084 ], [ 78.403764765000076, 17.410956297000045 ], [ 78.404055763000031, 17.410951633000089 ], [ 78.40449273400003, 17.410871444000069 ], [ 78.404860866000035, 17.410787050000071 ], [ 78.405332950000059, 17.410650831000059 ], [ 78.405582364000068, 17.410530575000053 ], [ 78.405732863000082, 17.410424895000062 ], [ 78.405919581000049, 17.410278658000042 ], [ 78.406057111000067, 17.410166500000063 ], [ 78.406149472000038, 17.410093013000054 ], [ 78.406249588000037, 17.410018740000051 ], [ 78.406394314000067, 17.409916132000095 ], [ 78.406539514000045, 17.409774648000056 ], [ 78.406623008000068, 17.409639052000056 ], [ 78.407558, 17.409443 ], [ 78.407905, 17.409371 ], [ 78.408179, 17.409298 ], [ 78.408369, 17.409237 ], [ 78.409123, 17.409027 ], [ 78.409316, 17.408999 ], [ 78.409521, 17.408963 ], [ 78.40979, 17.408917 ], [ 78.409913, 17.408886 ], [ 78.410068, 17.408817 ], [ 78.410196, 17.408718 ], [ 78.410269, 17.408681 ], [ 78.410342, 17.408646 ], [ 78.410433, 17.408593 ], [ 78.410544, 17.408526 ], [ 78.410738, 17.40841 ], [ 78.410978, 17.408226 ], [ 78.411061, 17.408144 ], [ 78.411107, 17.408066 ], [ 78.411133, 17.407974 ], [ 78.411157, 17.407887 ], [ 78.411172, 17.407809 ], [ 78.411149, 17.407684 ], [ 78.411089, 17.407618 ], [ 78.411069, 17.407521 ], [ 78.411033, 17.407384 ], [ 78.410981, 17.407188 ], [ 78.410917, 17.407079 ], [ 78.410822, 17.40697 ], [ 78.410724, 17.406836 ], [ 78.41068, 17.406622 ], [ 78.410676, 17.406497 ], [ 78.410723, 17.406281 ], [ 78.410803, 17.406063 ], [ 78.4109, 17.405801 ], [ 78.410976, 17.405708 ], [ 78.411183, 17.405483 ], [ 78.411288, 17.405377 ], [ 78.411489, 17.405381 ], [ 78.411635, 17.405374 ], [ 78.411748, 17.405371 ], [ 78.411791, 17.405337 ], [ 78.411852, 17.405281 ], [ 78.411934, 17.405201 ], [ 78.41204, 17.405115 ], [ 78.412109, 17.405044 ], [ 78.412167, 17.404931 ], [ 78.412219, 17.404733 ], [ 78.412292, 17.404482 ], [ 78.412376, 17.404318 ], [ 78.41253, 17.404079 ], [ 78.412689, 17.403896 ], [ 78.412912, 17.403701 ], [ 78.413214, 17.403488 ], [ 78.413570023000048, 17.403287861000084 ], [ 78.413810861000059, 17.403233057000076 ], [ 78.414055700000077, 17.40331465700007 ], [ 78.414477470000065, 17.403468042000053 ], [ 78.415324349000073, 17.403644383000088 ], [ 78.415529731000049, 17.40356332000005 ], [ 78.416248, 17.403182 ], [ 78.416504, 17.403045 ], [ 78.41712, 17.402896 ], [ 78.417355, 17.402911 ], [ 78.417589, 17.403055 ], [ 78.417836, 17.403097 ], [ 78.418069, 17.403255 ], [ 78.4182, 17.403311 ], [ 78.418389, 17.403301 ], [ 78.419111, 17.403017 ], [ 78.420241, 17.403267 ], [ 78.420346, 17.403292 ], [ 78.420458, 17.403331 ], [ 78.420502, 17.403353 ], [ 78.42061, 17.403406 ], [ 78.420768, 17.403487 ], [ 78.420983, 17.403593 ], [ 78.421047, 17.403639 ], [ 78.42124, 17.403689 ], [ 78.421316, 17.403716 ], [ 78.421402, 17.403752 ], [ 78.421463, 17.40381 ], [ 78.421491, 17.403867 ], [ 78.421497, 17.403931 ], [ 78.421475, 17.403982 ], [ 78.421435, 17.404039 ], [ 78.421328, 17.404154 ], [ 78.421119, 17.404396 ], [ 78.420965, 17.4046 ], [ 78.420931, 17.404649 ], [ 78.420919, 17.404753 ], [ 78.42094, 17.404876 ], [ 78.420976, 17.404943 ], [ 78.421036, 17.405014 ], [ 78.421102, 17.405082 ], [ 78.421161, 17.405129 ], [ 78.421231, 17.405252 ], [ 78.421285, 17.40536 ], [ 78.421323, 17.405419 ], [ 78.421341, 17.405445 ], [ 78.421384, 17.405504 ], [ 78.421462, 17.405563 ], [ 78.421498, 17.405585 ], [ 78.42161, 17.405597 ], [ 78.421726, 17.405605 ], [ 78.422044, 17.405585 ], [ 78.422345, 17.405564 ], [ 78.422463, 17.405536 ], [ 78.422646, 17.405494 ], [ 78.422724, 17.405469 ], [ 78.423259, 17.40533 ], [ 78.423574, 17.405245 ], [ 78.42371, 17.405187 ], [ 78.423818, 17.40501 ], [ 78.423989, 17.404758 ], [ 78.424058, 17.404677 ], [ 78.424101, 17.404647 ], [ 78.424158, 17.404628 ], [ 78.424246, 17.404632 ], [ 78.424274, 17.404639 ], [ 78.424512, 17.404686 ], [ 78.424688, 17.404769 ], [ 78.424773, 17.404823 ], [ 78.424853, 17.40486 ], [ 78.424994, 17.404886 ], [ 78.425052, 17.404891 ], [ 78.425123, 17.404857 ], [ 78.425203, 17.404788 ], [ 78.42528, 17.404729 ], [ 78.425428, 17.404626 ], [ 78.42557, 17.404524 ], [ 78.425832, 17.404395 ], [ 78.426205, 17.404275 ], [ 78.426399, 17.404186 ], [ 78.426514, 17.40406 ], [ 78.426617, 17.403945 ], [ 78.426781, 17.403878 ], [ 78.426977, 17.403752 ], [ 78.427057, 17.403637 ], [ 78.427096, 17.403534 ], [ 78.427145, 17.403426 ], [ 78.427226, 17.403303 ], [ 78.427349, 17.403259 ], [ 78.427522, 17.40325 ], [ 78.427711728108079, 17.403233344514582 ], [ 78.427784, 17.403227 ], [ 78.428142, 17.40321 ], [ 78.428326048000031, 17.403195966000052 ], [ 78.428348, 17.403194 ], [ 78.428356932000042, 17.403191893000052 ], [ 78.428362661000051, 17.403190271000096 ], [ 78.428373270000066, 17.403189446000066 ], [ 78.428382, 17.403187 ], [ 78.428473, 17.403169 ], [ 78.428549, 17.403075 ], [ 78.428604, 17.402943 ], [ 78.428671, 17.402821 ], [ 78.428753, 17.402763 ], [ 78.428861, 17.40267 ], [ 78.429392, 17.402284 ], [ 78.430512, 17.402233 ], [ 78.430877, 17.402309 ], [ 78.431156, 17.402258 ], [ 78.431702, 17.40186 ], [ 78.434052, 17.401207 ], [ 78.436955372000057, 17.40034794800005 ], [ 78.436841, 17.400955 ], [ 78.437119, 17.401921 ], [ 78.437355, 17.402392 ], [ 78.437394, 17.40312 ], [ 78.43755, 17.403458 ], [ 78.438197, 17.403878 ], [ 78.438327, 17.403911 ], [ 78.438583, 17.403768 ], [ 78.438622, 17.403761 ], [ 78.438725, 17.403765 ], [ 78.438795, 17.403764 ], [ 78.438838, 17.403754 ], [ 78.438891, 17.40373 ], [ 78.438956, 17.403707 ], [ 78.439053, 17.403696 ], [ 78.439126, 17.403692 ], [ 78.439204, 17.403696 ], [ 78.439287, 17.40371 ], [ 78.439377, 17.403723 ], [ 78.439437, 17.403742 ], [ 78.439527, 17.403732 ], [ 78.439568, 17.403732 ], [ 78.439632, 17.403734 ], [ 78.439767, 17.403717 ], [ 78.439888, 17.40373 ], [ 78.439977, 17.403762 ], [ 78.440087, 17.40379 ], [ 78.440101392614025, 17.403791397344449 ], [ 78.44019, 17.4038 ], [ 78.440297, 17.403851 ], [ 78.44039, 17.403902 ], [ 78.440504, 17.403991 ], [ 78.440622, 17.40407 ], [ 78.440782, 17.40411 ], [ 78.440864, 17.404128 ], [ 78.440982, 17.40414 ], [ 78.441068, 17.404175 ], [ 78.441153, 17.404235 ], [ 78.441216, 17.404282 ], [ 78.441297, 17.404312 ], [ 78.441367109962158, 17.404322364089531 ], [ 78.441412, 17.404329 ], [ 78.441539, 17.404361 ], [ 78.442137, 17.404468 ], [ 78.442414, 17.404517 ], [ 78.442565985733111, 17.404551461889636 ], [ 78.442586, 17.404556 ], [ 78.442714, 17.404586 ], [ 78.442812, 17.404619 ], [ 78.442931, 17.404653 ], [ 78.443071, 17.404713 ], [ 78.443341, 17.404883 ], [ 78.443428, 17.404974 ], [ 78.443524, 17.405059 ], [ 78.443613, 17.405123 ], [ 78.44367, 17.405171 ], [ 78.443738, 17.405216 ], [ 78.443795, 17.40524 ], [ 78.443888, 17.405261 ], [ 78.443936, 17.405302 ], [ 78.443984, 17.405326 ], [ 78.444044, 17.405378 ], [ 78.444136, 17.405418 ], [ 78.44422, 17.405432 ], [ 78.444374, 17.405389 ], [ 78.444464, 17.405374 ], [ 78.444532, 17.405359 ], [ 78.444613, 17.405349 ], [ 78.444745, 17.405316 ], [ 78.444824, 17.405308 ], [ 78.444992, 17.405326 ], [ 78.445114, 17.405339 ], [ 78.445213, 17.405351 ], [ 78.445276, 17.405367 ], [ 78.445406, 17.405394 ], [ 78.445747, 17.405446 ], [ 78.445932, 17.405464 ], [ 78.446052, 17.40548 ], [ 78.446227, 17.405504 ], [ 78.446382, 17.405527 ], [ 78.44655, 17.405535 ], [ 78.44677, 17.405558 ], [ 78.446905, 17.405575 ], [ 78.447202, 17.405568 ], [ 78.447563, 17.405571 ], [ 78.447787, 17.405583 ], [ 78.448036, 17.405631 ], [ 78.448281, 17.405672 ], [ 78.44846, 17.40572 ], [ 78.448717, 17.405856 ], [ 78.449035, 17.406062 ], [ 78.449371, 17.406322 ], [ 78.44954, 17.406412 ], [ 78.449798, 17.406541 ], [ 78.449986, 17.40664 ], [ 78.45022, 17.406788 ], [ 78.450337, 17.406843 ], [ 78.450446, 17.406883 ], [ 78.450648, 17.406949 ], [ 78.450917, 17.407014 ], [ 78.451167, 17.407079 ], [ 78.451332, 17.407152 ], [ 78.451419, 17.40728 ], [ 78.451515, 17.407463 ], [ 78.451612, 17.407605 ], [ 78.451672, 17.407692 ], [ 78.451973, 17.407988 ], [ 78.452012097147289, 17.408024582160518 ], [ 78.452144, 17.408148 ], [ 78.452269, 17.408282 ], [ 78.452372, 17.408352 ], [ 78.452503, 17.408422 ], [ 78.452663, 17.408477 ], [ 78.452751, 17.4085 ], [ 78.45284, 17.408503 ], [ 78.452921, 17.408517 ], [ 78.452961, 17.408528 ], [ 78.453016, 17.408547 ], [ 78.453064, 17.408573 ], [ 78.453122, 17.408598 ], [ 78.453194, 17.408625 ], [ 78.45324, 17.408652 ], [ 78.453278, 17.408685 ], [ 78.453296, 17.408773 ], [ 78.453305, 17.408813 ], [ 78.453332, 17.408835 ], [ 78.453368, 17.408836 ], [ 78.453407, 17.408839 ], [ 78.453433, 17.408844 ], [ 78.453462, 17.408846 ], [ 78.453488, 17.408844 ], [ 78.45352, 17.408832 ], [ 78.453614, 17.408828 ], [ 78.453691, 17.40878 ], [ 78.453783, 17.408763 ], [ 78.453876, 17.408752 ], [ 78.45394, 17.408741 ], [ 78.454065, 17.408769 ], [ 78.454161, 17.40885 ], [ 78.454386, 17.408973 ], [ 78.454633, 17.409111 ], [ 78.455113, 17.409412 ], [ 78.455352212952803, 17.409576684700298 ], [ 78.45571, 17.409823 ], [ 78.45577, 17.409854 ], [ 78.455917, 17.409875 ], [ 78.456256, 17.410012 ], [ 78.456563, 17.410182 ], [ 78.456711, 17.410186 ], [ 78.456975, 17.410083 ], [ 78.457049, 17.410031 ], [ 78.457112689208159, 17.409999863060648 ], [ 78.457139, 17.409987 ], [ 78.45723, 17.409972 ], [ 78.457336, 17.409953 ], [ 78.457434, 17.409977 ], [ 78.457504, 17.410034 ], [ 78.457557, 17.410065 ], [ 78.457637, 17.410117 ], [ 78.457703, 17.410202 ], [ 78.457745, 17.41029 ], [ 78.457847, 17.410495 ], [ 78.457913, 17.410704 ], [ 78.457967, 17.410884 ], [ 78.458061, 17.411114 ], [ 78.458125, 17.411253 ], [ 78.458191, 17.411382 ], [ 78.458264, 17.411532 ], [ 78.458342, 17.41165 ], [ 78.458408, 17.411751 ], [ 78.458474, 17.411818 ], [ 78.458569, 17.411907 ], [ 78.45875, 17.412021 ], [ 78.458851, 17.412058 ], [ 78.458973, 17.412107 ], [ 78.459153, 17.412179 ], [ 78.460171, 17.412696 ], [ 78.460515, 17.412856 ], [ 78.460574, 17.412898 ], [ 78.460584, 17.412928 ], [ 78.460598, 17.412979 ], [ 78.460603, 17.413036 ], [ 78.460613, 17.413092 ], [ 78.460635, 17.413152 ], [ 78.460655, 17.413218 ], [ 78.460648, 17.413313 ], [ 78.460575, 17.41364 ], [ 78.460513416400829, 17.413887259395466 ], [ 78.460492851278843, 17.414024403921307 ], [ 78.460465733869, 17.41418536173963 ], [ 78.460538331929897, 17.414335641830604 ], [ 78.460603056487628, 17.414605305565004 ], [ 78.460637745213731, 17.414796921969266 ], [ 78.460642067658455, 17.414934383632861 ], [ 78.46064016817202, 17.415071766010985 ], [ 78.460676260924444, 17.415161838919762 ], [ 78.460711693023484, 17.415299697002201 ], [ 78.460771269646173, 17.41549163053838 ], [ 78.460831507035735, 17.415635778890682 ], [ 78.460890670935967, 17.41585757815335 ], [ 78.460992728011789, 17.416127717546374 ], [ 78.461336174430286, 17.41604248031566 ], [ 78.461772286000041, 17.415984080000044 ], [ 78.46261021545719, 17.415858213041069 ], [ 78.46275253486958, 17.416006990687023 ], [ 78.46293957018257, 17.41616231178805 ], [ 78.463077424099822, 17.416273992312576 ], [ 78.463166228447619, 17.416332475287145 ], [ 78.463264063931135, 17.416457984335047 ], [ 78.463307608097452, 17.416549346640906 ], [ 78.463377915618608, 17.41686567989473 ], [ 78.463430953082508, 17.41699061861031 ], [ 78.463469783837823, 17.417062803430305 ], [ 78.463519361864655, 17.417077772646373 ], [ 78.463674129587048, 17.417046287141442 ], [ 78.463904155257069, 17.41697274506107 ], [ 78.463909330835747, 17.416958472827783 ] ] ] } },
{ "type": "Feature", "properties": { "FID": 46, "Nala_ID": "RRC", "Nala_Name": "RAVINDRANAGAR TO RAMANTHAPUR CHERUVU", "Circle": "Circle-2", "District": "RANGAREDDY", "Total_Seg": 21, "Length_m": 847.0, "Govt_Encr": 0, "Pvt_Encr": 0, "Rel_Encr": 0, "Total_Encr": 0, "Court_Case": 0, "Mandal": " ", "Village": " ", "SNO": 47, "ZONE_NAME": "EAST ZONE", "ZONE_ID": "ETZ", "length_m_calc": 847.49095127701537 }, "geometry": { "type": "LineString", "coordinates": [ [ 78.540777763000079, 17.402526267000045 ], [ 78.540779563000044, 17.402529731000101 ], [ 78.540823607000064, 17.402771165000068 ], [ 78.54083375600004, 17.402826312000087 ], [ 78.540844739000079, 17.402869920000096 ], [ 78.540845534000084, 17.402878353000059 ], [ 78.540842696000084, 17.40288590000009 ], [ 78.540834137000061, 17.402890249000045 ], [ 78.540811003000059, 17.402896620000078 ], [ 78.540733322000065, 17.402912797000052 ], [ 78.540591621000033, 17.402936459000067 ], [ 78.540399038000047, 17.402973984000031 ], [ 78.540277648000085, 17.402997467000056 ], [ 78.540105169000071, 17.403026023000059 ], [ 78.539933838000096, 17.403045758000093 ], [ 78.53971585697785, 17.403056043950279 ], [ 78.539703967000037, 17.403056605000074 ], [ 78.539655290618924, 17.40305631846033 ], [ 78.539505394000059, 17.40305543600007 ], [ 78.539412777759892, 17.403059422111117 ], [ 78.539324157965993, 17.403063236178419 ], [ 78.539323163000063, 17.403063279000079 ], [ 78.539265292000039, 17.403061165000057 ], [ 78.539231201000064, 17.403061307000055 ], [ 78.539201489000064, 17.403065387000034 ], [ 78.539187207000083, 17.403082274000063 ], [ 78.539168810244078, 17.403105316976269 ], [ 78.539142120000093, 17.403138748000067 ], [ 78.539127333000081, 17.403166015000092 ], [ 78.539118238000071, 17.403213915000062 ], [ 78.53909778600007, 17.403322714000087 ], [ 78.539075081000078, 17.403522720000066 ], [ 78.53906373100007, 17.403583225000055 ], [ 78.539057887000084, 17.403663626000068 ], [ 78.539071436000043, 17.403751756000098 ], [ 78.539098760000059, 17.403871503000101 ], [ 78.539118767675603, 17.40398601164113 ], [ 78.539127239000038, 17.404034495000072 ], [ 78.539161434000064, 17.404167383000111 ], [ 78.539176260000033, 17.404230192000096 ], [ 78.539180822000063, 17.404277028000056 ], [ 78.539178541000069, 17.404316243000018 ], [ 78.539168277000059, 17.404368526000049 ], [ 78.53915241600005, 17.404450100000062 ], [ 78.539147217000064, 17.404522017000033 ], [ 78.539141681000061, 17.404583376000069 ], [ 78.539137611000058, 17.404607191000036 ], [ 78.539132991000045, 17.404619071000102 ], [ 78.539126815000031, 17.404628464000062 ], [ 78.539121178000073, 17.404640805000049 ], [ 78.539121254000079, 17.404657557000078 ], [ 78.539142726000094, 17.404749539000019 ], [ 78.539180373499605, 17.404868273097879 ], [ 78.539198070994232, 17.404924088077731 ], [ 78.539205949000063, 17.404948934000089 ], [ 78.53924633600009, 17.405064162000031 ], [ 78.539280020000035, 17.405162893000096 ], [ 78.539285201000041, 17.405172301000047 ], [ 78.539295570000036, 17.405175760000077 ], [ 78.539314746000073, 17.405175254000035 ], [ 78.539331831000084, 17.405177223000056 ], [ 78.539345263000058, 17.405188089000056 ], [ 78.539352462000096, 17.405205863000063 ], [ 78.539352915667905, 17.405208970402203 ], [ 78.53935932716702, 17.405252886020651 ], [ 78.53936920700005, 17.405320558000046 ], [ 78.539389340000056, 17.405455675000063 ], [ 78.539428709000049, 17.405618972000077 ], [ 78.539454204000037, 17.4057207980001 ], [ 78.539459830074293, 17.40576086696715 ], [ 78.539467194635279, 17.405813317443513 ], [ 78.539469883000038, 17.405832464000095 ], [ 78.539491586000054, 17.405954740000031 ], [ 78.539523945000056, 17.406101940000063 ], [ 78.53953683518121, 17.406181632003321 ], [ 78.539542234065323, 17.406215009946415 ], [ 78.539542401000077, 17.406216042000054 ], [ 78.539549434000051, 17.406307562000052 ], [ 78.539562593000099, 17.406418509000076 ], [ 78.539582266607965, 17.40657406107 ], [ 78.539586110686244, 17.406604454786081 ], [ 78.539587292000064, 17.406613795000094 ], [ 78.539587961406838, 17.406621338170225 ], [ 78.539590580807044, 17.406650854723001 ], [ 78.539604648000079, 17.406809370000094 ], [ 78.53960685900006, 17.406839350000038 ], [ 78.53961273300007, 17.406866939000068 ], [ 78.539619464000069, 17.406887999000066 ], [ 78.539634710000044, 17.40689851900002 ], [ 78.539679735000064, 17.406898523000077 ], [ 78.539761426000041, 17.406898530000063 ], [ 78.539865525000039, 17.406896105000069 ], [ 78.53994500400006, 17.406890421000067 ], [ 78.539997179000082, 17.406890420000039 ], [ 78.540018609000057, 17.406889604000071 ], [ 78.540034880000093, 17.406893679000081 ], [ 78.540042935000031, 17.406900465000035 ], [ 78.540045864000064, 17.406910391000082 ], [ 78.54004762100007, 17.406929135000087 ], [ 78.540048668000054, 17.406941127000042 ], [ 78.540052718000098, 17.406948534000033 ], [ 78.54006273400006, 17.406954199000019 ], [ 78.540095131000044, 17.406961364000043 ], [ 78.54016092600007, 17.406976107000077 ], [ 78.540272091000105, 17.407007493000062 ], [ 78.54033583646202, 17.407022871366813 ], [ 78.540379721238892, 17.407033458400747 ], [ 78.540383330000054, 17.407034329000069 ], [ 78.540465568000059, 17.407050284000075 ], [ 78.540534454000067, 17.407062806000081 ], [ 78.540600674000075, 17.40707100400007 ], [ 78.54063418100003, 17.407076727000099 ], [ 78.540682578000045, 17.407087398000055 ], [ 78.540730857000099, 17.407100555000071 ], [ 78.540787762000051, 17.407120320000061 ], [ 78.540817215000061, 17.407135376000067 ], [ 78.540867608000042, 17.40716923000004 ], [ 78.540901826000038, 17.407208184000098 ], [ 78.54090953900004, 17.40721816700006 ], [ 78.540938697000072, 17.407262238000055 ], [ 78.540942543000085, 17.407268002000038 ], [ 78.540975459000052, 17.407327131000049 ], [ 78.541014296000085, 17.407388156000046 ], [ 78.541029034000076, 17.407404254000074 ], [ 78.541055190000094, 17.407435672000087 ], [ 78.541082920000093, 17.407468589000075 ], [ 78.541084549000075, 17.407471719000071 ], [ 78.541116547000044, 17.407508200000066 ], [ 78.541132785000059, 17.407531609000035 ], [ 78.541136480000048, 17.407537507000033 ] ] } },
{ "type": "Feature", "properties": { "FID": 47, "Nala_ID": "PIC", "Nala_Name": "PRAGATHI_NAGAR_TO_INDRA_NAGAR_CHERUVU", "Circle": "CIRCLR-2", "District": "RANGAREDDY", "Total_Seg": 22, "Length_m": 762.0, "Govt_Encr": 0, "Pvt_Encr": 0, "Rel_Encr": 0, "Total_Encr": 0, "Court_Case": 0, "Mandal": " ", "Village": " ", "SNO": 48, "ZONE_NAME": "EAST ZONE", "ZONE_ID": "ETZ", "length_m_calc": 762.56072071181461 }, "geometry": { "type": "LineString", "coordinates": [ [ 78.541779610000049, 17.400203895000065 ], [ 78.541509881000081, 17.400156805000055 ], [ 78.541294750000077, 17.400122659000097 ], [ 78.541035411000067, 17.400080808000045 ], [ 78.541002886000058, 17.400071555000071 ], [ 78.540970307000066, 17.400047414000088 ], [ 78.540909407000086, 17.399993312000053 ], [ 78.540891720000047, 17.399965710000064 ], [ 78.540881099000046, 17.399933012000076 ], [ 78.54087663100006, 17.39989357800005 ], [ 78.540910466000071, 17.399615367000084 ], [ 78.54094585100006, 17.399311064000074 ], [ 78.541003501000034, 17.399041407000087 ], [ 78.541048810000063, 17.398806253000089 ], [ 78.54107983800003, 17.398612129000075 ], [ 78.541102844000093, 17.398471881000095 ], [ 78.541174087000059, 17.39804639800008 ], [ 78.541220290000069, 17.397868245000044 ], [ 78.541262035000045, 17.397647256000088 ], [ 78.541291246000085, 17.39748922300004 ], [ 78.54131258600006, 17.39735371300009 ], [ 78.541342134000047, 17.397213213000047 ], [ 78.541381532000059, 17.397048721000093 ], [ 78.541414435000036, 17.396815700000047 ], [ 78.541422830000045, 17.396732352000075 ], [ 78.541443842000035, 17.396583990000071 ], [ 78.541465720000076, 17.396421418000049 ], [ 78.541513638000083, 17.396256718000078 ], [ 78.541551663000064, 17.396118742000059 ], [ 78.54156794000005, 17.396058186000062 ], [ 78.541575450000053, 17.396016383000074 ], [ 78.541585457000053, 17.395968224000061 ], [ 78.541590177000046, 17.395924913000048 ], [ 78.541594477000046, 17.395884336000055 ], [ 78.541599377000082, 17.395844279000073 ], [ 78.541601162000063, 17.395812810000056 ], [ 78.541600919000075, 17.395772757000092 ], [ 78.541601494000076, 17.395724690000069 ], [ 78.541601720000088, 17.395664466000085 ], [ 78.541598735000036, 17.395616964000055 ], [ 78.541593976000058, 17.395600677000061 ], [ 78.541578035000043, 17.395554035000092 ], [ 78.541550521000048, 17.395483875000082 ], [ 78.541530515000034, 17.39543031400007 ], [ 78.541476863000071, 17.395293277000064 ], [ 78.541457917000074, 17.395254080000093 ], [ 78.541408638000064, 17.395144374000044 ], [ 78.541377812000064, 17.395048311000046 ], [ 78.541341823000039, 17.394957402000045 ], [ 78.541291391000073, 17.394834766000091 ], [ 78.541264560000059, 17.394768415000048 ], [ 78.541230326000061, 17.394685848000055 ], [ 78.541201193000063, 17.394608998000088 ], [ 78.541176139000072, 17.394533959000061 ], [ 78.54116764500003, 17.394513477000089 ], [ 78.541158354000061, 17.394492104000054 ], [ 78.541149673000064, 17.394472491000048 ], [ 78.541138490000037, 17.394461181000061 ], [ 78.541121074000046, 17.394456397000059 ], [ 78.541101152000067, 17.39444862900007 ], [ 78.541084329000057, 17.39444443300005 ], [ 78.541063128000076, 17.39444260900007 ], [ 78.541038798000045, 17.394448527000069 ], [ 78.541025490000038, 17.394450164000091 ], [ 78.541014878000055, 17.394450144000082 ], [ 78.541003731000046, 17.394446568000095 ], [ 78.540987918000042, 17.394438263000044 ], [ 78.540976215000057, 17.394423855000074 ], [ 78.540965873000061, 17.394395646000081 ], [ 78.540921608000076, 17.394277841000076 ] ] } },
{ "type": "Feature", "properties": { "FID": 48, "Nala_ID": "KID", "Nala_Name": "KUKATPALLY TO IDLCHERUVU", "Circle": "Circle-14A", "District": "RANGAREDDY", "Total_Seg": 13, "Length_m": 3857.0, "Govt_Encr": 0, "Pvt_Encr": 0, "Rel_Encr": 0, "Total_Encr": 0, "Court_Case": 0, "Mandal": " ", "Village": " ", "SNO": 49, "ZONE_NAME": "WEST ZONE", "ZONE_ID": "WTZ", "length_m_calc": 3857.2347895342446 }, "geometry": { "type": "MultiLineString", "coordinates": [ [ [ 78.406536885796228, 17.481508580636078 ], [ 78.406517622681505, 17.481435425042068 ], [ 78.406544315821506, 17.481208986846216 ], [ 78.406713427436685, 17.481030952836846 ], [ 78.407037991532007, 17.480788468295962 ], [ 78.407237015679044, 17.48065290281426 ], [ 78.407522540299638, 17.480523316054224 ], [ 78.407528753661865, 17.480523303225514 ], [ 78.407862837917335, 17.480276702867769 ], [ 78.408158377458491, 17.480090080952074 ], [ 78.408430733088963, 17.480107476352494 ], [ 78.408639806467363, 17.480200115427984 ] ], [ [ 78.381757903805948, 17.48969666558633 ], [ 78.382619026582347, 17.489279838685135 ], [ 78.383113786195509, 17.489039268906538 ], [ 78.383474440674789, 17.488881552223287 ], [ 78.38362941564273, 17.488821094117192 ], [ 78.384093694549833, 17.488574851910339 ], [ 78.384278676822603, 17.488479625932463 ] ], [ [ 78.384278676822603, 17.488479625932463 ], [ 78.384595893978968, 17.488316326833495 ], [ 78.385333240130876, 17.487964884861078 ], [ 78.38539615678944, 17.488084584019514 ], [ 78.385477069542134, 17.488030028159361 ], [ 78.386290838844516, 17.487668098015781 ], [ 78.386419714061958, 17.487615377870227 ], [ 78.38659598105734, 17.487921269606424 ] ], [ [ 78.38659598105734, 17.487921269606424 ], [ 78.386660977653449, 17.488034063701122 ], [ 78.386700914793281, 17.488077704160155 ], [ 78.386726780822187, 17.488085806161774 ], [ 78.386761520252094, 17.488063656111066 ], [ 78.386814255219278, 17.487997968819624 ], [ 78.387279647204792, 17.487254491589731 ], [ 78.387338556571052, 17.487135117143538 ], [ 78.38774699953602, 17.486938334954555 ], [ 78.387587780326015, 17.486615583436713 ], [ 78.388004830028194, 17.486409465157521 ], [ 78.388124347508665, 17.486352871194633 ] ], [ [ 78.388124347508665, 17.486352871194633 ], [ 78.388196328308439, 17.486318786764127 ], [ 78.388562663725025, 17.486144146322641 ], [ 78.388676766207396, 17.48610013965455 ], [ 78.388855728352965, 17.485823586309369 ], [ 78.389118786638193, 17.485474585173318 ], [ 78.389268265834872, 17.485505029153504 ], [ 78.389353802239242, 17.48551664096718 ], [ 78.389419500005886, 17.485516638589147 ], [ 78.38949586171745, 17.485509376977465 ], [ 78.389546027012116, 17.485468779339442 ], [ 78.389645198257952, 17.485324740203282 ], [ 78.389734632130512, 17.485212046443319 ], [ 78.389804036111116, 17.48515447065115 ], [ 78.389907441995732, 17.485069907141444 ], [ 78.389999531058876, 17.485007484264028 ], [ 78.390084861175765, 17.484935615993759 ], [ 78.390175600038461, 17.484882263549746 ], [ 78.390252660966112, 17.484842141952022 ] ], [ [ 78.390252660966112, 17.484842141952022 ], [ 78.39039335022872, 17.484768892274989 ], [ 78.390559035028986, 17.484692174104893 ], [ 78.390697894867145, 17.48462885900441 ], [ 78.390867929321203, 17.484558074419311 ], [ 78.391038241922303, 17.484481374156665 ], [ 78.391192406439771, 17.484407992861797 ], [ 78.391344083925134, 17.484336493415015 ], [ 78.391488480985075, 17.484270327874931 ], [ 78.391585081043914, 17.484225114003792 ], [ 78.391657259924742, 17.484190137912666 ], [ 78.391746678938006, 17.484161307401166 ], [ 78.391877353613523, 17.484130362552317 ], [ 78.392007960039066, 17.484121887719152 ], [ 78.39212354797435, 17.484148205891671 ], [ 78.392204656620379, 17.484201364090126 ], [ 78.392273479063405, 17.484320917768724 ], [ 78.392369636920364, 17.484481152843383 ], [ 78.392459538341313, 17.484544892904687 ], [ 78.392543306820912, 17.484565842942917 ], [ 78.392662532313764, 17.484584719773395 ], [ 78.392693890387591, 17.484583526226007 ] ], [ [ 78.392693890387591, 17.484583526226007 ], [ 78.392772973108549, 17.4845805161664 ], [ 78.392836983262342, 17.484559521362627 ], [ 78.392887563193568, 17.484513407306054 ], [ 78.392935709653628, 17.484448590680458 ], [ 78.392986555558778, 17.484304791080028 ], [ 78.393018851589588, 17.484222351094182 ], [ 78.393088002589849, 17.484184411235542 ], [ 78.393174319377394, 17.484140142600491 ], [ 78.393316005138701, 17.484078945238316 ], [ 78.393473362181197, 17.48403875186639 ], [ 78.393570985789964, 17.484030179036203 ], [ 78.393715186722602, 17.483996602593948 ], [ 78.393896325574246, 17.483955025787832 ], [ 78.39405659097801, 17.483903239450001 ], [ 78.394234727187865, 17.483874171144702 ], [ 78.394380723337406, 17.483855077926542 ], [ 78.394527455739336, 17.48384203987985 ], [ 78.394653654977063, 17.483831902364564 ], [ 78.394745424131912, 17.483778779672608 ], [ 78.394832760232973, 17.483723964092171 ], [ 78.395031497681757, 17.483565955626855 ], [ 78.395117254953718, 17.483508809338723 ] ], [ [ 78.395117254953718, 17.483508809338723 ], [ 78.395213469693246, 17.483444694388414 ], [ 78.395412799289957, 17.483285043188896 ], [ 78.395532208123925, 17.483147351165165 ], [ 78.395612087388443, 17.483053468640723 ], [ 78.395672831557661, 17.482983402956812 ], [ 78.395800316067593, 17.482925987582625 ], [ 78.395924687312856, 17.48289606898166 ], [ 78.396010385413817, 17.48288737190548 ], [ 78.396111422248993, 17.482914532837668 ], [ 78.396216832592884, 17.482984190592283 ], [ 78.396323055194728, 17.483015836682757 ], [ 78.39650000263272, 17.483094472846034 ], [ 78.396595398583841, 17.483117870268831 ], [ 78.396742649804025, 17.483147685958183 ], [ 78.396749407090027, 17.483151976854749 ], [ 78.396856052896851, 17.483184122247739 ], [ 78.396867404615023, 17.483188419175281 ], [ 78.397006503949811, 17.48321414135755 ], [ 78.397120721708632, 17.483250807648012 ], [ 78.397132173563719, 17.483252962717632 ], [ 78.397200815741868, 17.483296330820664 ], [ 78.397281228270145, 17.483322386392473 ], [ 78.39737101206866, 17.483300521189655 ], [ 78.397460625872029, 17.48323954403838 ], [ 78.397494668355094, 17.483135605861008 ], [ 78.3975006744609, 17.48313446430846 ] ], [ [ 78.3975006744609, 17.48313446430846 ], [ 78.397506128226539, 17.483133427736462 ], [ 78.397662394603458, 17.483082154842183 ], [ 78.397762224818194, 17.483033819022548 ], [ 78.397903517259863, 17.482948264205596 ], [ 78.398066970741326, 17.48285292867115 ], [ 78.398177919651985, 17.482689702272133 ], [ 78.398278571828342, 17.48257151881344 ], [ 78.398371951235717, 17.482462314796354 ], [ 78.398466226535987, 17.482388503987831 ], [ 78.398561772313414, 17.482356242607782 ], [ 78.398716821408101, 17.48232419338084 ], [ 78.39872606428213, 17.48232205929429 ], [ 78.398886626146307, 17.482295980561435 ], [ 78.398900347935921, 17.482295951649434 ], [ 78.398970992006738, 17.482328203288684 ], [ 78.399052879709544, 17.482419078882469 ], [ 78.399059730657015, 17.482425588147304 ], [ 78.399116779456705, 17.482508274755684 ], [ 78.399123659116398, 17.482514816908104 ], [ 78.399135163279453, 17.48252136724021 ], [ 78.399199601090345, 17.482576038451707 ], [ 78.399206532381214, 17.482576038003703 ], [ 78.399220382558354, 17.482580417190309 ], [ 78.399301243874802, 17.482600134137034 ], [ 78.399315112674884, 17.482606711812682 ], [ 78.399407602259245, 17.482608898343312 ], [ 78.39951621586718, 17.482595732086221 ], [ 78.399626828283644, 17.482549740989963 ], [ 78.399751425978423, 17.482482736147425 ], [ 78.399838582809053, 17.482448999236212 ] ], [ [ 78.399838582809053, 17.482448999236212 ], [ 78.399875194982044, 17.482434827277377 ], [ 78.399976394135663, 17.482425983666541 ], [ 78.400095784578397, 17.482460532172002 ], [ 78.400154964390424, 17.482440146223588 ], [ 78.40025440498485, 17.482388107355028 ], [ 78.400259144665171, 17.482383587748302 ], [ 78.400419765611673, 17.482273231625907 ], [ 78.400426831235819, 17.482270996707101 ], [ 78.40059887894752, 17.482167527437571 ], [ 78.400601237407571, 17.482160770273179 ], [ 78.400735106574601, 17.482035075125616 ], [ 78.401006330176898, 17.481858066120854 ], [ 78.401227983798776, 17.481583515093764 ], [ 78.40131336524307, 17.481362837072826 ], [ 78.401325562656368, 17.481339671144994 ], [ 78.401410623002079, 17.481148995836865 ], [ 78.401422796256242, 17.481131701831316 ], [ 78.401434963772601, 17.481114414071648 ], [ 78.401697607000202, 17.48100505999442 ], [ 78.401959022781696, 17.480972990827283 ] ], [ [ 78.401959022781696, 17.480972990827283 ], [ 78.401978803098388, 17.480970564263249 ], [ 78.40231009959939, 17.481027996160552 ], [ 78.402353050024601, 17.481033742859562 ], [ 78.402390065268861, 17.48105099476648 ], [ 78.402636475067439, 17.481114144617749 ], [ 78.402679520619884, 17.481114056366618 ], [ 78.402968980326889, 17.481124994371822 ], [ 78.402987062291757, 17.481107659200404 ], [ 78.403255923718532, 17.481020642282175 ], [ 78.40328020998318, 17.481003267173634 ], [ 78.403347626808511, 17.480979946967878 ], [ 78.403566991309134, 17.480881469104602 ], [ 78.403578799783432, 17.480870035202212 ], [ 78.403795724250202, 17.48078438686337 ], [ 78.403825829218377, 17.480772984377765 ], [ 78.403862040053554, 17.480761583122877 ], [ 78.40408711798716, 17.480715593402184 ], [ 78.404105567192886, 17.480715541908754 ], [ 78.404130165820575, 17.480715473244096 ], [ 78.40438448841013, 17.480754647370041 ], [ 78.404540925061539, 17.480913130229403 ], [ 78.404583247598907, 17.480954874380224 ] ], [ [ 78.404583247598907, 17.480954874380224 ], [ 78.404678652119173, 17.481048974993055 ], [ 78.40481017779193, 17.481043046651699 ], [ 78.40491512224223, 17.480895469064453 ], [ 78.405098394975994, 17.480777792877408 ], [ 78.405123828455444, 17.480754301040179 ], [ 78.40527462998709, 17.480672185429231 ], [ 78.405374093262779, 17.480648715955461 ], [ 78.405392596553028, 17.480648700270535 ], [ 78.405539588704457, 17.480707223348421 ], [ 78.405722784232722, 17.480836425369052 ], [ 78.405741062314959, 17.480854082210669 ], [ 78.405856037623749, 17.481031105226528 ], [ 78.405874303054659, 17.481054766018737 ], [ 78.405892663557992, 17.48107251966054 ], [ 78.405976404883262, 17.481304010835018 ], [ 78.405982312416498, 17.481327820902113 ], [ 78.405994306334051, 17.481363559756716 ], [ 78.406073057531572, 17.48154273142891 ], [ 78.406079302670591, 17.481542736224633 ], [ 78.406203689960734, 17.481590731929856 ], [ 78.406234945738817, 17.481590758989203 ], [ 78.406441016310538, 17.481626910785909 ], [ 78.406560089814718, 17.481609028122929 ], [ 78.406560177952727, 17.481597037276526 ], [ 78.406536885796228, 17.481508580636078 ] ], [ [ 78.408639806467363, 17.480200115427984 ], [ 78.408680193666157, 17.48021801070286 ], [ 78.408717579628615, 17.480229663178257 ], [ 78.409009407599171, 17.480258782751786 ], [ 78.409409176883528, 17.480206888341801 ], [ 78.409427482376501, 17.480201103084166 ], [ 78.409868042607769, 17.48004407299544 ], [ 78.410203516307149, 17.479786288158927 ], [ 78.410761840958983, 17.479348464634775 ] ] ] } },
{ "type": "Feature", "properties": { "FID": 49, "Nala_ID": "KIC", "Nala_Name": "KPHB CHERUVU TO IDL CHERUVU", "Circle": "Circle-14A", "District": "RANGAREDDY", "Total_Seg": 1, "Length_m": 366.0, "Govt_Encr": 0, "Pvt_Encr": 0, "Rel_Encr": 0, "Total_Encr": 0, "Court_Case": 0, "Mandal": " ", "Village": " ", "SNO": 50, "ZONE_NAME": "WEST ZONE", "ZONE_ID": "WTZ", "length_m_calc": 366.08345824973355 }, "geometry": { "type": "LineString", "coordinates": [ [ 78.402647086458032, 17.481126641127368 ], [ 78.402396174704236, 17.481345115341178 ], [ 78.402184275401197, 17.481457145367443 ], [ 78.40187021720736, 17.481561654934755 ], [ 78.401697956713051, 17.481643683828558 ], [ 78.401655559452152, 17.48183881087429 ], [ 78.40156818017276, 17.481975088413893 ], [ 78.401400505572965, 17.482061329642004 ], [ 78.401378469629293, 17.482074236263369 ], [ 78.40115830763321, 17.482207477432635 ], [ 78.400990346807134, 17.482563916391644 ], [ 78.400875186886367, 17.48293211238208 ], [ 78.400733192620052, 17.483287708580278 ], [ 78.40047431040712, 17.483399017568804 ] ] } },
{ "type": "Feature", "properties": { "FID": 50, "Nala_ID": "BSL", "Nala_Name": "BAIRAMALGUDA TO SAROORNAGAR LAKE", "Circle": "CIRCLE-3B", "District": "RANAGA REDDY", "Total_Seg": 42, "Length_m": 1911.0, "Govt_Encr": 0, "Pvt_Encr": 0, "Rel_Encr": 0, "Total_Encr": 0, "Court_Case": 0, "Mandal": " ", "Village": " ", "SNO": 51, "ZONE_NAME": "EAST ZONE", "ZONE_ID": "ETZ", "length_m_calc": 1911.2989566554641 }, "geometry": { "type": "LineString", "coordinates": [ [ 78.542950701000052, 17.342865787000058 ], [ 78.542742451000038, 17.342898332000061 ], [ 78.542637769000066, 17.342917710000052 ], [ 78.542477581000071, 17.342932763000022 ], [ 78.542280682000069, 17.342945705000034 ], [ 78.542219777000071, 17.34295150600007 ], [ 78.542156649000049, 17.342946263000051 ], [ 78.542056711000043, 17.342935603000058 ], [ 78.541983217000052, 17.342915179000045 ], [ 78.541937325000049, 17.342914230000076 ], [ 78.541873245000033, 17.342909634000023 ], [ 78.541810727000041, 17.342905010000045 ], [ 78.541765264000048, 17.342897267000069 ], [ 78.54172464700008, 17.342899621000072 ], [ 78.541678337000064, 17.342909745000043 ], [ 78.541628787000036, 17.342926079000051 ], [ 78.541592248000029, 17.342942399000037 ], [ 78.54157439100004, 17.342958701000036 ], [ 78.541569235000054, 17.343005049000048 ], [ 78.54155378300004, 17.343164706000039 ], [ 78.541556172000071, 17.343206183000063 ], [ 78.541575842000043, 17.343361949000041 ], [ 78.541591535000066, 17.34342288900006 ], [ 78.541589913000053, 17.343463562000061 ], [ 78.541546140000037, 17.343576927000065 ], [ 78.541494417000081, 17.343686808000029 ], [ 78.541394876000084, 17.343844821000062 ], [ 78.541352454000048, 17.343914948000076 ], [ 78.541325051000058, 17.343952659000017 ], [ 78.541297425000039, 17.343970843000022 ], [ 78.541241117000084, 17.343988135000075 ], [ 78.541162747000044, 17.344004487000063 ], [ 78.541125763000082, 17.344014105000042 ], [ 78.54110842700004, 17.344020057000023 ], [ 78.541096633000052, 17.344028002000073 ], [ 78.541095253000037, 17.344040589000031 ], [ 78.541103027000077, 17.344206661000051 ], [ 78.541091933000075, 17.344223856000042 ], [ 78.541068298000084, 17.344242635000057 ], [ 78.541041732000053, 17.344262551000046 ], [ 78.541009320000057, 17.344283062000045 ], [ 78.540921598000068, 17.344305899000062 ], [ 78.540759965000063, 17.34433508800004 ], [ 78.540723319000051, 17.344339380000058 ], [ 78.540713554000035, 17.344345212000057 ], [ 78.540713596000046, 17.344367980000072 ], [ 78.540714239000067, 17.34438550700002 ], [ 78.540698340000063, 17.34438902200003 ], [ 78.540661597000053, 17.344387287000082 ], [ 78.540541795000081, 17.344387346000079 ], [ 78.540447131000064, 17.344371501000062 ], [ 78.540268869000045, 17.344381546000022 ], [ 78.539867485000059, 17.344402064000057 ], [ 78.539617762000034, 17.344402619000043 ], [ 78.539597752000077, 17.344404450000063 ], [ 78.539583468000046, 17.344412649000041 ], [ 78.53951573900008, 17.344602869000028 ], [ 78.539395582000054, 17.344902234000074 ], [ 78.53928000500008, 17.345227001000062 ], [ 78.539230403000033, 17.345375667000042 ], [ 78.539208701000064, 17.345441243000039 ], [ 78.539205874000061, 17.345510667000042 ], [ 78.539213658000051, 17.345707702000027 ], [ 78.539222281000036, 17.34585798300003 ], [ 78.539202110000076, 17.345869434000065 ], [ 78.539162762000046, 17.345879232000073 ], [ 78.539073751000046, 17.345886803000042 ], [ 78.539041459000032, 17.345889834000047 ], [ 78.539031241000032, 17.34590038500005 ], [ 78.539034464000054, 17.345936574000064 ], [ 78.539040084000078, 17.345983420000039 ], [ 78.53903616100007, 17.345995540000047 ], [ 78.539017199000057, 17.345996343000024 ], [ 78.538881743000047, 17.346019450000028 ], [ 78.538754255000072, 17.346046069000067 ], [ 78.538678831000084, 17.346058458000073 ], [ 78.538653663000048, 17.34606543600006 ], [ 78.538635796000051, 17.346071641000037 ], [ 78.538619555000082, 17.346082501000069 ], [ 78.538610643000084, 17.346102663000064 ], [ 78.538609919000066, 17.346160756000074 ], [ 78.538612471000079, 17.346238837000044 ], [ 78.538631285000065, 17.346369811000038 ], [ 78.538634567000031, 17.346407454000023 ], [ 78.53863541000004, 17.34643598100007 ], [ 78.538634628000068, 17.34645832700005 ], [ 78.538626565000072, 17.346475284000064 ], [ 78.538609602000065, 17.346485327000039 ], [ 78.538574850000032, 17.346502341000075 ], [ 78.538527118000047, 17.346517856000052 ], [ 78.538488318000077, 17.346530227000073 ], [ 78.538464847000057, 17.346537097000066 ], [ 78.538450308000051, 17.346542370000066 ], [ 78.538438459000076, 17.346551273000046 ], [ 78.538427037000076, 17.346562595000023 ], [ 78.538421539000069, 17.346575926000071 ], [ 78.538414355000043, 17.346590056000021 ], [ 78.538413934000062, 17.346605784000076 ], [ 78.538415202000067, 17.346639614000019 ], [ 78.538407204000066, 17.346713515000033 ], [ 78.538406415000054, 17.346749168000038 ], [ 78.538400937000063, 17.346773732000035 ], [ 78.538395038000033, 17.346789019000028 ], [ 78.538384090000079, 17.346809518000043 ], [ 78.538370213000064, 17.346836013000029 ], [ 78.53834648600008, 17.34688304600008 ], [ 78.538329648000058, 17.346913319000063 ], [ 78.538321230000065, 17.346925012000042 ], [ 78.538300595000067, 17.346942745000035 ], [ 78.538252503000081, 17.346971678000045 ], [ 78.538204780000058, 17.346998693000046 ], [ 78.538148898000031, 17.347027835000063 ], [ 78.538007038000046, 17.347091024000065 ], [ 78.537940974000037, 17.34712506500005 ], [ 78.537892929000066, 17.347145588000046 ], [ 78.53779167700003, 17.34719218400005 ], [ 78.537772554000071, 17.347193255000036 ], [ 78.537700476000055, 17.34720255600007 ], [ 78.537650002000078, 17.347213147000048 ], [ 78.53761611200008, 17.347219107000058 ], [ 78.537583520000055, 17.347219136000035 ], [ 78.537556065000047, 17.347219197000072 ], [ 78.537524807000068, 17.347215248000055 ], [ 78.537501864000035, 17.347215267000024 ], [ 78.537476212000058, 17.347218604000027 ], [ 78.537424826000063, 17.347223959000075 ], [ 78.537323183000069, 17.347217406000027 ], [ 78.537283415000047, 17.347216109000044 ], [ 78.537247087000083, 17.347218135000048 ], [ 78.537191805000077, 17.347222847000069 ], [ 78.537158140000031, 17.347233547000037 ], [ 78.537084092000043, 17.347252282000049 ], [ 78.537012789000073, 17.347273021000035 ], [ 78.536946054000055, 17.347301259000069 ], [ 78.536699097000053, 17.347413177000078 ], [ 78.53650822700007, 17.347495921000075 ], [ 78.53636279300008, 17.347554316000071 ], [ 78.536211239000068, 17.347619545000047 ], [ 78.536067424000066, 17.34767320900005 ], [ 78.535951917000034, 17.347723215000027 ], [ 78.535739241000044, 17.347821846000045 ], [ 78.535574803000031, 17.347890784000072 ], [ 78.535477421000053, 17.347926385000058 ], [ 78.535408304000043, 17.347939697000079 ], [ 78.535313519000056, 17.347982525000084 ], [ 78.535259341000085, 17.348010208000062 ], [ 78.53520939100008, 17.348056939000067 ], [ 78.535162577000051, 17.348091514000032 ], [ 78.535063513000068, 17.348149543000034 ], [ 78.534921967000059, 17.348220740000052 ], [ 78.534800955000037, 17.348275405000038 ], [ 78.534716831000082, 17.348305971000059 ], [ 78.534652979000043, 17.348323291000035 ], [ 78.534565753000038, 17.348343666000062 ], [ 78.534494515000063, 17.348367071000048 ], [ 78.534436502000062, 17.348401901000045 ], [ 78.534395072000052, 17.348436469000035 ], [ 78.53436746400007, 17.34845476300007 ], [ 78.534327159000043, 17.34850045200006 ], [ 78.534292211000036, 17.34855318700005 ], [ 78.534268945000065, 17.348593711000042 ], [ 78.534240414000067, 17.348669629000028 ], [ 78.534201820000078, 17.348749228000031 ], [ 78.53415198600004, 17.348822148000068 ], [ 78.534089523000034, 17.348919379000044 ], [ 78.534049333000041, 17.348987190000059 ], [ 78.534021813000038, 17.349023623000051 ], [ 78.534000079000066, 17.349067998000066 ], [ 78.533951560000048, 17.34911352000006 ], [ 78.533928652000043, 17.34914246400006 ], [ 78.533887335000031, 17.349164385000044 ], [ 78.533853300000033, 17.349179311000057 ], [ 78.533798907000062, 17.349194253000057 ], [ 78.533761947000073, 17.349200413000062 ], [ 78.533705454000085, 17.349205698000048 ], [ 78.533664610000073, 17.349210114000073 ], [ 78.533628344000078, 17.349218963000055 ], [ 78.533593882000048, 17.349233142000067 ], [ 78.533556561000069, 17.349245573000083 ], [ 78.533506745000068, 17.349254032000033 ], [ 78.533452271000044, 17.349268314000021 ], [ 78.533366948000037, 17.349283423000038 ], [ 78.533050389000039, 17.349376813000056 ], [ 78.532979853000029, 17.349431655000046 ], [ 78.532880960000057, 17.349491237000052 ], [ 78.532827398000052, 17.34953867300004 ], [ 78.532742366000036, 17.349584879000069 ], [ 78.532580955000071, 17.349661278000042 ], [ 78.532440658000041, 17.349731683000073 ], [ 78.532316273000049, 17.349777108000072 ], [ 78.532224995000036, 17.349807192000071 ], [ 78.532131261000075, 17.349840971000049 ], [ 78.532041691000074, 17.349858411000071 ], [ 78.531910264000032, 17.349870766000038 ], [ 78.531738573000041, 17.34988428500003 ], [ 78.531648340000061, 17.349884164000059 ], [ 78.531543647000035, 17.349890450000032 ], [ 78.531498603000045, 17.349897869000074 ], [ 78.531462731000033, 17.349918414000054 ], [ 78.531431184000041, 17.349930742000026 ], [ 78.531382861000054, 17.349967702000072 ], [ 78.531338732000052, 17.349999281000066 ], [ 78.531302974000084, 17.350003452000067 ], [ 78.531188118000046, 17.35001602300003 ], [ 78.531010249000076, 17.350030179000036 ], [ 78.53082738300003, 17.350039974000026 ], [ 78.530789690000063, 17.350041643000061 ], [ 78.530748813000059, 17.350046507000059 ], [ 78.530731791000051, 17.350050569000075 ], [ 78.530717321000054, 17.35006196300003 ], [ 78.530719852000061, 17.350116635000063 ], [ 78.530713220000052, 17.350367262000077 ], [ 78.530693498000062, 17.350559586000031 ], [ 78.530681332000029, 17.350677950000026 ], [ 78.530674468000029, 17.350815052000033 ], [ 78.53065867600003, 17.351061060000067 ], [ 78.530645381000056, 17.351205561000029 ], [ 78.530624235000062, 17.351331194000061 ], [ 78.530615767000029, 17.351390225000046 ], [ 78.53060559100004, 17.351442011000067 ], [ 78.530594546000032, 17.351472796000056 ], [ 78.530576676000067, 17.351495543000055 ] ] } },
{ "type": "Feature", "properties": { "FID": 51, "Nala_ID": "BIC", "Nala_Name": "BALAJI NAGAR TO IDL CHERUVU", "Circle": "Circle-14A", "District": "RANGAREDDY", "Total_Seg": 1, "Length_m": 321.0, "Govt_Encr": 0, "Pvt_Encr": 0, "Rel_Encr": 0, "Total_Encr": 0, "Court_Case": 0, "Mandal": " ", "Village": " ", "SNO": 52, "ZONE_NAME": "WEST ZONE", "ZONE_ID": "WTZ", "length_m_calc": 321.41610175726072 }, "geometry": { "type": "LineString", "coordinates": [ [ 78.403733235942511, 17.482294820844352 ], [ 78.403852636717119, 17.482248943930067 ], [ 78.403983071706747, 17.482275426745833 ], [ 78.404093000970633, 17.482222793165633 ], [ 78.404215952116729, 17.482097563205144 ], [ 78.404449918733306, 17.482064564695118 ], [ 78.404632734142965, 17.481995010933385 ], [ 78.40464315305762, 17.481985071581342 ], [ 78.404903663386435, 17.481879054947999 ], [ 78.404914084204478, 17.481872429249798 ], [ 78.404931451314596, 17.481862490352547 ], [ 78.405077336232353, 17.481832673432098 ], [ 78.405080809882804, 17.481832672756568 ], [ 78.405244067340263, 17.481839366620648 ], [ 78.405268373167786, 17.481839384321944 ], [ 78.40542106411003, 17.481839492426847 ], [ 78.405642787202609, 17.481763647946366 ], [ 78.405649707845981, 17.48176035064234 ], [ 78.405840174630342, 17.481717483376688 ], [ 78.405847105747668, 17.481714177170449 ], [ 78.406023932640693, 17.481697610037983 ], [ 78.406048258888731, 17.481697580944331 ], [ 78.406204729047218, 17.481704011052891 ], [ 78.406229083527364, 17.48170398230581 ], [ 78.406260402336358, 17.481703946063146 ], [ 78.406284766226833, 17.481703917432124 ], [ 78.406309132940535, 17.481703888834957 ], [ 78.406389225641377, 17.481703795897015 ], [ 78.406532104710749, 17.481673825714633 ], [ 78.406559998895247, 17.481614179394253 ] ] } },
{ "type": "Feature", "properties": { "FID": 52, "Nala_ID": "VMC", "Nala_Name": "VANASTHALIPURAM TO MANSOORABAD CHERUVU", "Circle": "CIRCLE-3A", "District": "RANGAREDDY", "Total_Seg": 98, "Length_m": 4559.0, "Govt_Encr": 0, "Pvt_Encr": 0, "Rel_Encr": 0, "Total_Encr": 0, "Court_Case": 0, "Mandal": " ", "Village": " ", "SNO": 53, "ZONE_NAME": "EAST ZONE", "ZONE_ID": "ETZ", "length_m_calc": 4559.8763801840214 }, "geometry": { "type": "LineString", "coordinates": [ [ 78.572366249000098, 17.33734892800004 ], [ 78.572004176113751, 17.337460933368298 ], [ 78.571738315618063, 17.33754317540842 ], [ 78.571736720000061, 17.337543669000073 ], [ 78.571716107619906, 17.337550583549234 ], [ 78.571348805000085, 17.337673797000047 ], [ 78.571035642000098, 17.337764347000064 ], [ 78.57099823343998, 17.337771773334826 ], [ 78.570961485684052, 17.337779068479357 ], [ 78.570737343000076, 17.337823565000058 ], [ 78.570523587000082, 17.337883295000069 ], [ 78.570522953899228, 17.337883407532228 ], [ 78.570488185465763, 17.337889587536072 ], [ 78.570277580000052, 17.337927022000049 ], [ 78.569975778000071, 17.338060774000052 ], [ 78.569768159197807, 17.338141804583529 ], [ 78.569739235027271, 17.338153093240582 ], [ 78.569543660000079, 17.338229423000016 ], [ 78.569152853000048, 17.338373929000056 ], [ 78.568875651764102, 17.338468460433926 ], [ 78.568851275026319, 17.338476773388624 ], [ 78.568685875000099, 17.338533178000048 ], [ 78.56836312300004, 17.338641317000075 ], [ 78.568061225991897, 17.338773346304801 ], [ 78.568033043031036, 17.338785671588468 ], [ 78.567936527000043, 17.338827881000068 ], [ 78.567485085000044, 17.339036890000081 ], [ 78.567194550202032, 17.33919378927288 ], [ 78.567013601000042, 17.339291508000031 ], [ 78.56655859100006, 17.339561954000043 ], [ 78.566382611141492, 17.339648335524579 ], [ 78.565986408000072, 17.339842815000072 ], [ 78.565598110000067, 17.340050179000055 ], [ 78.565551936070918, 17.340072495565586 ], [ 78.565157359000068, 17.340263200000066 ], [ 78.564883051504864, 17.340387840783546 ], [ 78.564739062000072, 17.340453267000065 ], [ 78.564596466441543, 17.340512152468222 ], [ 78.564570817479066, 17.340522744305453 ], [ 78.56443226500005, 17.340579960000081 ], [ 78.56428613362894, 17.340631201272732 ], [ 78.564246909661634, 17.340644955215275 ], [ 78.564215811000082, 17.34065586000002 ], [ 78.563908426000083, 17.340712423000088 ], [ 78.56390381892318, 17.340945205482388 ], [ 78.563903122954599, 17.340980370565941 ], [ 78.563899310000068, 17.341173026000039 ], [ 78.563908453514188, 17.34153832676639 ], [ 78.563910609616073, 17.34162446749497 ], [ 78.563911623072755, 17.341664957232762 ], [ 78.563915918000092, 17.34183654900006 ], [ 78.563919226413731, 17.342054787379027 ], [ 78.563919758741164, 17.342089902346636 ], [ 78.563923317000061, 17.342324624000078 ], [ 78.563938620000059, 17.342480006000088 ], [ 78.563928397000055, 17.342497022000053 ], [ 78.563916894000073, 17.342505514000042 ], [ 78.563901551000072, 17.342506691000043 ], [ 78.563837511938644, 17.342484340723342 ], [ 78.563815150227413, 17.34247653625528 ], [ 78.563788901000081, 17.342467375000066 ], [ 78.56353029800006, 17.342363357000078 ], [ 78.563309463000053, 17.342271247000053 ], [ 78.563074748000076, 17.342192391000026 ], [ 78.56296492077594, 17.342146628071763 ], [ 78.562931473000049, 17.342132691000096 ], [ 78.562905909000051, 17.342132740000078 ], [ 78.562889246000054, 17.342148653000034 ], [ 78.562876360000089, 17.342181669000098 ], [ 78.56280093800008, 17.342504404000046 ], [ 78.562722899677652, 17.34283146535947 ], [ 78.562678669000036, 17.343016837000057 ], [ 78.562586529000072, 17.343422292000092 ], [ 78.562539096923544, 17.34363519872943 ], [ 78.562533773000069, 17.34365909600006 ], [ 78.562520102000065, 17.34374947400007 ], [ 78.562515241000085, 17.343765738000055 ], [ 78.562509127000069, 17.343769782000024 ], [ 78.562501785000066, 17.343769748000071 ], [ 78.56240504200008, 17.343747919000077 ], [ 78.56221973600006, 17.343713636000086 ], [ 78.561927552000043, 17.34365063700006 ], [ 78.561825284000079, 17.343627117000057 ], [ 78.561720708700165, 17.343609689224959 ], [ 78.561703996000077, 17.343606904000062 ], [ 78.561692716000053, 17.343604666000033 ], [ 78.561682027000074, 17.343604130000099 ], [ 78.561670129000049, 17.343607004000045 ], [ 78.561662351000066, 17.343613839000056 ], [ 78.561655625000071, 17.343633748000055 ], [ 78.561570088000067, 17.344017742000059 ], [ 78.561555047000084, 17.344081340000088 ], [ 78.561542089000056, 17.344171122000045 ], [ 78.561527248000061, 17.344256922000074 ], [ 78.561525057000054, 17.344271069000051 ], [ 78.561521153000044, 17.344275171000071 ], [ 78.561514469000045, 17.34427666200007 ], [ 78.561504242000069, 17.344277032000061 ], [ 78.561479906000059, 17.344274795000043 ], [ 78.561428069000044, 17.344267398000085 ], [ 78.561368663000067, 17.344268534000026 ], [ 78.561347555903652, 17.344270156034455 ], [ 78.561306397000081, 17.344273319000067 ], [ 78.561284817000058, 17.344273331000075 ], [ 78.561265798000093, 17.344270375000058 ], [ 78.561244539000043, 17.344263379000047 ], [ 78.561226464000072, 17.34425347500007 ], [ 78.561191719000092, 17.344233805000055 ], [ 78.561160974000089, 17.34421970600005 ], [ 78.561143960000038, 17.344206682000053 ], [ 78.561131560000035, 17.34419332800006 ], [ 78.56109822500008, 17.344181118000051 ], [ 78.561072238000065, 17.344175750000048 ], [ 78.561022660000049, 17.344172637000067 ], [ 78.560934998000079, 17.344173360000067 ], [ 78.560876669000038, 17.344169427000075 ], [ 78.560837007000032, 17.344163066000036 ], [ 78.56076960500009, 17.344159163000032 ], [ 78.560720827000068, 17.344156039000072 ], [ 78.56069560400006, 17.34415768100007 ], [ 78.560666085000051, 17.344165742000069 ], [ 78.560638207000068, 17.344177843000079 ], [ 78.560629813000062, 17.344190692000073 ], [ 78.560625697000035, 17.34421236400005 ], [ 78.560633581000047, 17.344259784000052 ], [ 78.560659497520888, 17.344362663685818 ], [ 78.560666899000083, 17.344392045000081 ], [ 78.560721021764039, 17.344634777369933 ], [ 78.560721908000076, 17.344638752000037 ], [ 78.560726850189937, 17.344663142219922 ], [ 78.560784372000072, 17.344947018000031 ], [ 78.560845324000084, 17.345235019000043 ], [ 78.560879634000074, 17.345423150000059 ], [ 78.560913689468336, 17.345548005242055 ], [ 78.560914128000022, 17.345549613000074 ], [ 78.560919498000032, 17.345578055000061 ], [ 78.560915667000089, 17.345594089000031 ], [ 78.560902639000076, 17.345607187000063 ], [ 78.560888849000037, 17.345612991000078 ], [ 78.560858990000042, 17.34562094400011 ], [ 78.560727698000051, 17.34564492300008 ], [ 78.560597510337814, 17.345666172723945 ], [ 78.560571921450517, 17.345670349428325 ], [ 78.560537701000058, 17.345675935000031 ], [ 78.560513934000099, 17.345680341000072 ], [ 78.560500900000093, 17.345686950000093 ], [ 78.560495542000069, 17.345695763000037 ], [ 78.560500968000056, 17.345719277000054 ], [ 78.560545645448769, 17.345899388677793 ], [ 78.560556178049978, 17.345941849534846 ], [ 78.560563371000057, 17.345970847000039 ], [ 78.560597893000079, 17.346122587000039 ], [ 78.560607272000084, 17.346155891000045 ], [ 78.560618973000032, 17.346186258000046 ], [ 78.560632182000077, 17.346200343000099 ], [ 78.560641519000058, 17.346214425000056 ], [ 78.560644670000045, 17.346231472000074 ], [ 78.560654890000094, 17.346277457000056 ], [ 78.560663554000044, 17.346319032000068 ], [ 78.560697340000047, 17.34651061600005 ], [ 78.56069661700009, 17.346532231000037 ], [ 78.560688095000046, 17.346547163000029 ], [ 78.56066553200003, 17.346553179000082 ], [ 78.560656346728848, 17.34655607140245 ], [ 78.560635973000061, 17.346562487000046 ], [ 78.560602319141964, 17.346567701891903 ], [ 78.560558874000037, 17.346574434000072 ], [ 78.560382177000093, 17.346599874000045 ], [ 78.560350874000051, 17.34660958500011 ], [ 78.560329767000056, 17.346619283000059 ], [ 78.560320391000076, 17.346632718000031 ], [ 78.56031336100007, 17.346646899000046 ], [ 78.56031336500007, 17.346675274000077 ], [ 78.560390060000046, 17.347090595000047 ], [ 78.56040181300007, 17.347148206000043 ], [ 78.560404167000073, 17.347187084000041 ], [ 78.560397904000084, 17.347201284000072 ], [ 78.560380681000083, 17.34721098700005 ], [ 78.560360023489793, 17.347217716030592 ], [ 78.560350952000078, 17.34722067100008 ], [ 78.560318123000059, 17.347228850000054 ], [ 78.560297799000068, 17.347234065000073 ], [ 78.560286829000077, 17.347246031000054 ], [ 78.560282881000035, 17.347267728000102 ], [ 78.560287477000045, 17.347330367000058 ], [ 78.560288244000063, 17.347340818000095 ], [ 78.560305209000035, 17.347542235000077 ], [ 78.560305969000069, 17.347561764000048 ], [ 78.560290146000071, 17.347630202000072 ], [ 78.560265476000055, 17.347758542000097 ], [ 78.560251459000099, 17.347807611000064 ], [ 78.560244050000065, 17.347843266000048 ], [ 78.560241583000064, 17.34785223300004 ], [ 78.560234717000071, 17.347856088000068 ], [ 78.560227027000053, 17.347856089000064 ], [ 78.560201107000083, 17.347850310000087 ], [ 78.560046150000076, 17.347824910000064 ], [ 78.560025712780856, 17.3478216062462 ], [ 78.559984308000111, 17.347814913000061 ], [ 78.55996478200008, 17.347811069000041 ], [ 78.559951041000048, 17.347809148000067 ], [ 78.559940529000073, 17.34781030300007 ], [ 78.559935263000057, 17.347814534000069 ], [ 78.559916309000087, 17.347933779000094 ], [ 78.559897966000051, 17.348016053000034 ], [ 78.559891015000062, 17.348035452000065 ], [ 78.559880795000083, 17.348057203000071 ], [ 78.559858289000061, 17.348100392000052 ], [ 78.559833980000079, 17.348145848000083 ], [ 78.559815995000079, 17.348173352000092 ], [ 78.559804367000083, 17.348195393000065 ], [ 78.559800837000068, 17.348220223000052 ], [ 78.559801855000075, 17.348287666000061 ], [ 78.559790066000076, 17.348381919000087 ], [ 78.559758849000048, 17.348573380000087 ], [ 78.55975545381645, 17.348600214204478 ], [ 78.559743973000081, 17.348690954000059 ], [ 78.559729533000052, 17.348834193000073 ], [ 78.559707934000087, 17.349000121000099 ], [ 78.559693126917807, 17.349110242326137 ], [ 78.559687321611733, 17.349153416745871 ], [ 78.559675044000073, 17.349244726000059 ], [ 78.559647240000061, 17.349461146000088 ], [ 78.559618467000064, 17.349685204000039 ], [ 78.559598849000068, 17.349860773000067 ], [ 78.559593914000075, 17.349928526000049 ], [ 78.559584074000057, 17.34997576200006 ], [ 78.559569560000057, 17.350015020000075 ], [ 78.559552748000044, 17.35005416800005 ], [ 78.559552295575259, 17.350055734502853 ], [ 78.559531425000074, 17.350127998000087 ], [ 78.559527826000092, 17.350153538000047 ], [ 78.559533762000072, 17.350168840000052 ], [ 78.559548637000049, 17.350178470000063 ], [ 78.559649646000096, 17.350195500000069 ], [ 78.55973769200007, 17.350207512000061 ], [ 78.559835797000062, 17.350218393000031 ], [ 78.559907547000094, 17.350224047000033 ], [ 78.559989228000077, 17.350224549000075 ], [ 78.560072464000044, 17.350219930000055 ], [ 78.560086082000069, 17.350220902000064 ], [ 78.560097760000076, 17.350225056000077 ], [ 78.560103375000054, 17.35023002800008 ], [ 78.560104658879283, 17.350234086013646 ], [ 78.560104727750854, 17.350234303699089 ], [ 78.560106386000058, 17.350239545000036 ], [ 78.560118149624415, 17.35035509622665 ], [ 78.560119641789797, 17.35036975340136 ], [ 78.560122065000044, 17.350393556000043 ], [ 78.560149067000054, 17.350525914000091 ], [ 78.560171531000051, 17.35063605000007 ], [ 78.560205486000029, 17.350827732000049 ], [ 78.560227062000081, 17.350942573000093 ], [ 78.560247342000096, 17.351009361000042 ], [ 78.560286453000046, 17.351182706000067 ], [ 78.560301803992687, 17.351255305486614 ], [ 78.560317288000078, 17.351328534000071 ], [ 78.56032548400006, 17.351366808000037 ], [ 78.560334256000047, 17.351392678000028 ], [ 78.560343573000083, 17.351407608000063 ], [ 78.560359825000035, 17.351422545000052 ], [ 78.560412833023094, 17.351454545156344 ], [ 78.560445035000058, 17.351473985000048 ], [ 78.560529143998821, 17.351527816049089 ], [ 78.560582813000053, 17.351562165000072 ], [ 78.560613335000099, 17.351589436000058 ], [ 78.560630922000044, 17.351612914000054 ], [ 78.560647373000052, 17.351642570000049 ], [ 78.560655721000046, 17.351685212000064 ], [ 78.560657192814503, 17.351695436041844 ], [ 78.560659931000046, 17.351714457000085 ], [ 78.560667536000039, 17.351732734000048 ], [ 78.560681524000074, 17.351753253000048 ], [ 78.560699053000093, 17.351784882000064 ], [ 78.560714691000058, 17.351825315000053 ], [ 78.560724329919452, 17.35185914154815 ], [ 78.560730591000038, 17.351881114000037 ], [ 78.560746052000084, 17.35196683800006 ], [ 78.560746814000083, 17.352020903000035 ], [ 78.560746605000091, 17.352137168000095 ], [ 78.56075178800009, 17.352326064000071 ], [ 78.560754979000095, 17.352452255000085 ], [ 78.56075969300008, 17.3524774360001 ], [ 78.560755630691176, 17.352489585450094 ], [ 78.56074972100005, 17.352507260000063 ], [ 78.560741678048089, 17.352512689589844 ], [ 78.560719708000079, 17.352527521000081 ], [ 78.560695918000093, 17.352545426000088 ], [ 78.560677118000058, 17.352565749000107 ], [ 78.560675870000082, 17.352589693000052 ], [ 78.560710997000058, 17.35262561900004 ], [ 78.56076849401073, 17.352650871204524 ], [ 78.560806108188885, 17.352667391023779 ], [ 78.560842360819677, 17.352683312854253 ], [ 78.560878862880301, 17.352699344223069 ], [ 78.560914783000044, 17.352715120000038 ], [ 78.561002084000066, 17.352842477000028 ], [ 78.561132257000054, 17.353037125000096 ], [ 78.56121880819363, 17.353155052419435 ], [ 78.561234029000047, 17.353175791000062 ], [ 78.561241129223177, 17.353185723390158 ], [ 78.561368284000096, 17.353363598000055 ], [ 78.561412441000087, 17.353429490000053 ], [ 78.561430285973572, 17.353461051023586 ], [ 78.56144942758992, 17.353494905306967 ], [ 78.561475351000084, 17.353540754000061 ], [ 78.561507061000057, 17.353606901000056 ], [ 78.561506867000062, 17.353653084000026 ], [ 78.561512904000054, 17.353708271000073 ], [ 78.561595729754316, 17.353832580705593 ], [ 78.561612458861333, 17.3538576886999 ], [ 78.561661050000055, 17.353930617000088 ], [ 78.561820458000057, 17.354162739000071 ], [ 78.561998868000046, 17.354431590000072 ], [ 78.562046727981951, 17.35450608500366 ], [ 78.562071764910115, 17.354545055449659 ], [ 78.562094588000036, 17.354580580000071 ], [ 78.562223035000073, 17.354762886000085 ], [ 78.562277660000063, 17.354809081000067 ], [ 78.562308940961657, 17.354845768723624 ], [ 78.562332368000057, 17.354873245000039 ], [ 78.562343287120399, 17.354890868266963 ], [ 78.562429099000056, 17.355029367000043 ], [ 78.562604598000064, 17.355268966000047 ], [ 78.562723211659446, 17.355427476032332 ], [ 78.562766240188452, 17.355484977373457 ], [ 78.56277536100005, 17.355497166000092 ], [ 78.562914868000078, 17.355697896000052 ], [ 78.563034351000056, 17.355867130000085 ], [ 78.563154318955952, 17.356033253456097 ], [ 78.563160522000032, 17.356041843000057 ], [ 78.563188896359605, 17.356082012981826 ], [ 78.563293152000099, 17.356229609000042 ], [ 78.563419873000043, 17.356407724000075 ], [ 78.563422292182281, 17.356410732591744 ], [ 78.563449660792827, 17.356444769281048 ], [ 78.563546027000044, 17.356564614000039 ], [ 78.563736395000063, 17.356841047000049 ], [ 78.563798638000037, 17.356926993000069 ], [ 78.563855998000065, 17.35700666800005 ], [ 78.563899789000061, 17.357079082000038 ], [ 78.563967191000089, 17.357169420000051 ], [ 78.563986649983576, 17.357184356419289 ], [ 78.564032888000042, 17.357219848000053 ], [ 78.56412113100005, 17.357264176000076 ], [ 78.564275451000086, 17.357339256000046 ], [ 78.56439290100009, 17.357394493000076 ], [ 78.564522318000073, 17.357444028000053 ], [ 78.564553647000082, 17.357461487000023 ], [ 78.564575814000094, 17.357469491000113 ], [ 78.564592637000047, 17.357480410000072 ], [ 78.564604879000058, 17.357493518000119 ], [ 78.564604126000063, 17.357509549000035 ], [ 78.564577373000077, 17.35755476900006 ], [ 78.564506993000066, 17.357685522000079 ], [ 78.564500170992304, 17.357699350025758 ], [ 78.564499986000044, 17.357699725000035 ], [ 78.564497212000049, 17.357708513000059 ], [ 78.564499224000045, 17.357718057000074 ], [ 78.56450721300007, 17.35772645800008 ], [ 78.564552003000088, 17.357749814000069 ], [ 78.564706131000051, 17.357821935000064 ], [ 78.564867899000035, 17.357900654000048 ], [ 78.564907107000082, 17.357918334000033 ], [ 78.564973639000087, 17.357950054000099 ], [ 78.565016292000067, 17.357968437000082 ], [ 78.565130990000071, 17.358022560000084 ], [ 78.565230709000062, 17.358065629000073 ], [ 78.565277954000067, 17.35808814900005 ], [ 78.56532354111846, 17.358108925248324 ], [ 78.56539974500005, 17.358143655000045 ], [ 78.565527752000037, 17.358200991000057 ], [ 78.565634782000075, 17.358249079000085 ], [ 78.565689322830039, 17.358273191383045 ], [ 78.565740080000069, 17.358295631000054 ], [ 78.565783230000079, 17.358311089000058 ], [ 78.565831784000096, 17.358334964000065 ], [ 78.565875580000082, 17.358353813000047 ], [ 78.565895324000067, 17.358367143000063 ], [ 78.565925202000088, 17.358381412000043 ], [ 78.56595365400004, 17.358394770000086 ], [ 78.565967194000066, 17.358402628000039 ], [ 78.565979558000024, 17.358415582000099 ], [ 78.565992576000042, 17.358433041000094 ], [ 78.566003201000058, 17.358457439000077 ], [ 78.566015789000062, 17.358489285000104 ], [ 78.566050858000054, 17.358584275000098 ], [ 78.566073443000079, 17.35865124000005 ], [ 78.56610054600003, 17.358713773000062 ], [ 78.566117825000077, 17.358744568000105 ], [ 78.566134671000043, 17.358776855000048 ], [ 78.566152548000048, 17.35880923700006 ], [ 78.566179853000051, 17.358878487000034 ], [ 78.566201199475586, 17.358935200478662 ], [ 78.56621339100009, 17.358967591000077 ], [ 78.566235241000072, 17.359028773000066 ], [ 78.566255194000064, 17.359078402 ], [ 78.566271659000066, 17.359110661000052 ], [ 78.56629111400008, 17.359136315000036 ], [ 78.56632004800008, 17.359159141000092 ], [ 78.566358500000035, 17.359182832000055 ], [ 78.566407928000046, 17.359199050000033 ], [ 78.566466630000036, 17.359206418000042 ], [ 78.566514540000085, 17.359228545000079 ], [ 78.566574864000088, 17.3592757800001 ], [ 78.566683296000079, 17.359385137000071 ], [ 78.566844874299193, 17.359540218857827 ], [ 78.566914626000084, 17.359607166000032 ], [ 78.567023818000067, 17.35976701600006 ], [ 78.56710991944054, 17.359888114841922 ], [ 78.567134793011661, 17.359923098668254 ], [ 78.567204549000067, 17.360021208000063 ], [ 78.567344167000059, 17.36018106800006 ], [ 78.567438799000058, 17.360293561000059 ], [ 78.567497609000057, 17.360353785000036 ], [ 78.567570519000071, 17.360420390000076 ], [ 78.567694685000063, 17.360515122000066 ], [ 78.567750627624136, 17.360560911275876 ], [ 78.567848611000045, 17.360641111000092 ], [ 78.567909327000052, 17.360691570000057 ], [ 78.567937427000089, 17.36073464100005 ], [ 78.567954642000089, 17.360771794000094 ], [ 78.567954776000093, 17.360813431000064 ], [ 78.567945588000072, 17.360858071000049 ], [ 78.567945791000056, 17.360922103000075 ], [ 78.567929320000076, 17.361047387000049 ], [ 78.567920004000044, 17.361130630000059 ], [ 78.567913796000099, 17.361191569000038 ], [ 78.56791501000005, 17.36125746800009 ], [ 78.567909384000089, 17.361310174000042 ], [ 78.567896250000061, 17.361372699000086 ], [ 78.567893704396596, 17.361377985454773 ], [ 78.567875611000048, 17.361415560000079 ], [ 78.567853104000079, 17.36145036700005 ], [ 78.567828732000066, 17.361469984000074 ], [ 78.567794072000083, 17.361492255000051 ], [ 78.567761313000062, 17.361517185000039 ], [ 78.567720165000097, 17.361544755000093 ], [ 78.567653793000034, 17.361603547000072 ], [ 78.567607061000061, 17.361628549000049 ], [ 78.567576486726651, 17.361644644136849 ], [ 78.567561313000056, 17.361652632000094 ], [ 78.56755154639383, 17.361659385209698 ], [ 78.567480212000092, 17.361708710000066 ], [ 78.567372318000082, 17.361764676000092 ], [ 78.567278887000057, 17.361815191000087 ], [ 78.567236088000072, 17.361846240000062 ], [ 78.567209131000098, 17.361876451000072 ], [ 78.567165479000039, 17.361927937000079 ], [ 78.567103703423783, 17.362007804031176 ], [ 78.567102404000082, 17.362009484000076 ], [ 78.567080848887585, 17.362040092216269 ], [ 78.567035725000039, 17.362104168000052 ], [ 78.567002415000047, 17.362175759000024 ], [ 78.566981873000046, 17.362242735000077 ], [ 78.566974344000087, 17.362284156000065 ], [ 78.566977036000083, 17.362325682000069 ], [ 78.566980670000092, 17.362365517000079 ], [ 78.566973166000068, 17.362386785000112 ], [ 78.566970304000051, 17.362413408000087 ], [ 78.566983304000104, 17.362439179000056 ], [ 78.567011848542492, 17.362463953631611 ], [ 78.567014045000079, 17.362465860000039 ], [ 78.567034544000094, 17.362487217000066 ], [ 78.567045719000077, 17.362515724000048 ], [ 78.567042875000084, 17.362553247000076 ], [ 78.567028769000061, 17.362602562000085 ], [ 78.567022082000065, 17.362670083000079 ], [ 78.567025740000091, 17.362724312000086 ], [ 78.567027535000079, 17.362774125000044 ], [ 78.567033121000051, 17.362818027000067 ], [ 78.567044384000042, 17.362870164000075 ], [ 78.567053816000055, 17.36289359300002 ], [ 78.567078407000068, 17.362983037000056 ], [ 78.567106857000056, 17.363053695000101 ], [ 78.567125867000073, 17.363110168000084 ], [ 78.567130642000066, 17.363148127000063 ], [ 78.567126858000051, 17.363170751000052 ], [ 78.567113576000068, 17.363202453000071 ], [ 78.567112629000079, 17.36320607400009 ], [ 78.567088890000051, 17.363233249000107 ], [ 78.567070838000063, 17.363251378000037 ], [ 78.567052777000072, 17.363271328000064 ], [ 78.567044212000056, 17.363289470000058 ], [ 78.567040393000099, 17.363311256000028 ], [ 78.567047990000077, 17.363329428000046 ], [ 78.567067971000085, 17.363357636000057 ], [ 78.567103250000073, 17.363386818000016 ], [ 78.567110905000064, 17.36341294600005 ], [ 78.56711283900006, 17.36344105000008 ], [ 78.567119562000087, 17.363473726000077 ], [ 78.56713499600005, 17.363566609000035 ], [ 78.567224429000092, 17.363854684000064 ], [ 78.567315093000047, 17.364138797000084 ] ] } },
{ "type": "Feature", "properties": { "FID": 53, "Nala_ID": "UPC", "Nala_Name": "UMDASAGAR TO PALLECHERUVU", "Circle": "Circle-6", "District": "RANGAREDDY", "Total_Seg": 21, "Length_m": 1049.0, "Govt_Encr": 0, "Pvt_Encr": 0, "Rel_Encr": 0, "Total_Encr": 0, "Court_Case": 0, "Mandal": " ", "Village": " ", "SNO": 54, "ZONE_NAME": "SOUTH ZONE", "ZONE_ID": "STZ", "length_m_calc": 968.44634935785052 }, "geometry": { "type": "LineString", "coordinates": [ [ 78.455175846498307, 17.302842097889496 ], [ 78.455156560401861, 17.303007655660192 ], [ 78.455155078000075, 17.303020381000092 ], [ 78.455140941973895, 17.30345892115924 ], [ 78.455119363986384, 17.30391 ], [ 78.455113623000045, 17.304030012000091 ], [ 78.455111599540444, 17.30436142272324 ], [ 78.455110860000062, 17.304482544000049 ], [ 78.455116178648566, 17.304812936186696 ], [ 78.455119814000057, 17.305038765000045 ], [ 78.455087719000062, 17.30509313900011 ], [ 78.45491788487287, 17.305089089562166 ], [ 78.454789780000056, 17.305086035000059 ], [ 78.454787031146324, 17.30541448392999 ], [ 78.45478325196477, 17.30586602423644 ], [ 78.454782844000079, 17.305914767000043 ], [ 78.454786067496869, 17.306317565640278 ], [ 78.45478874700008, 17.306652399000079 ], [ 78.454668246635535, 17.306667337852677 ], [ 78.454587010000068, 17.306677409000102 ], [ 78.454576125622808, 17.307050134781381 ], [ 78.454574809000079, 17.307095221000054 ], [ 78.454548780067427, 17.307500902039166 ], [ 78.454547725000069, 17.30751734600004 ], [ 78.454578005000045, 17.30781742100006 ], [ 78.454592358454363, 17.307950305816316 ], [ 78.454640872417698, 17.308399449409752 ], [ 78.454642893000084, 17.308418156000094 ], [ 78.454696044971953, 17.308847881264764 ], [ 78.454700330000037, 17.308882525000065 ], [ 78.454772477830886, 17.309293388334471 ], [ 78.454850666792495, 17.309738653103977 ], [ 78.454902583000049, 17.310034301000115 ], [ 78.454927665767158, 17.310184106235809 ], [ 78.455002313053441, 17.310629931577115 ], [ 78.455076960550969, 17.311075756920069 ] ] } },
{ "type": "Feature", "properties": { "FID": 54, "Nala_ID": "SUC", "Nala_Name": "SHIVARAMPALLY TO URACHERUVU", "Circle": "Circle-6", "District": "RANGAREDDY", "Total_Seg": 15, "Length_m": 706.0, "Govt_Encr": 0, "Pvt_Encr": 0, "Rel_Encr": 0, "Total_Encr": 0, "Court_Case": 0, "Mandal": " ", "Village": " ", "SNO": 55, "ZONE_NAME": "SOUTH ZONE", "ZONE_ID": "STZ", "length_m_calc": 706.55512522149581 }, "geometry": { "type": "LineString", "coordinates": [ [ 78.426618401000056, 17.323474002000093 ], [ 78.426875778000081, 17.323525399000076 ], [ 78.426987278391948, 17.323544225938424 ], [ 78.42713526200005, 17.323569213000066 ], [ 78.42732214800003, 17.323625169000078 ], [ 78.427497333000062, 17.323712528000051 ], [ 78.42751535196156, 17.323722393234405 ], [ 78.427586233000056, 17.323761200000092 ], [ 78.427741547000039, 17.323841218000076 ], [ 78.427875790000058, 17.323977375000101 ], [ 78.427887111206587, 17.323989617438553 ], [ 78.428090585000064, 17.324209648000075 ], [ 78.428193424915833, 17.324332004499645 ], [ 78.428206374000084, 17.32434741100008 ], [ 78.428511022000052, 17.324582191000061 ], [ 78.428559824155471, 17.324613889643246 ], [ 78.428668686000037, 17.324684599000104 ], [ 78.428852952000071, 17.324766018000062 ], [ 78.428977456964518, 17.324818271036644 ], [ 78.429189735000094, 17.324907361000058 ], [ 78.429409432014069, 17.324996415642964 ], [ 78.42952103000006, 17.325041652000049 ], [ 78.429716573000064, 17.325138032000059 ], [ 78.429830475345653, 17.325196612299283 ], [ 78.429899547000048, 17.325232136000068 ], [ 78.430046702000098, 17.325362020000082 ], [ 78.43016837700003, 17.325466 ], [ 78.430190671238293, 17.325483894714644 ], [ 78.430307609000096, 17.325577756000094 ], [ 78.43043840100006, 17.325673654000081 ], [ 78.430484724000053, 17.325698883000086 ], [ 78.430527265000094, 17.325706930000123 ], [ 78.430583813341471, 17.325705404743552 ], [ 78.43061980300007, 17.325704434000048 ], [ 78.430683209000065, 17.325710131000051 ], [ 78.430724714000064, 17.325718202000079 ], [ 78.430763824000067, 17.32574841400012 ], [ 78.430809134000071, 17.325807821000094 ], [ 78.430839845000037, 17.325884884000068 ], [ 78.430872120000075, 17.325977649000055 ], [ 78.430880546214624, 17.325987761486065 ], [ 78.430924728000051, 17.32604078500011 ], [ 78.430970104000053, 17.326067712000068 ], [ 78.430971332000084, 17.326067712000064 ], [ 78.431022918000068, 17.326094677000075 ], [ 78.431115959000081, 17.32619911400008 ], [ 78.431184744509835, 17.326319541876384 ], [ 78.431241772000092, 17.326419384000083 ], [ 78.431306278000108, 17.326508765000096 ], [ 78.431370877000077, 17.326651475000059 ], [ 78.431405169887512, 17.326716954241558 ], [ 78.431427341000074, 17.326759288000062 ], [ 78.431474915000095, 17.326872106000057 ], [ 78.431523840000082, 17.326973419000083 ], [ 78.431616079894511, 17.327119395368751 ], [ 78.431648058000064, 17.327170003000049 ] ] } },
{ "type": "Feature", "properties": { "FID": 55, "Nala_ID": "KGK", "Nala_Name": "KUMMARONI KUNTA TO GUNDLA KUNTA", "Circle": "Circle-11", "District": "RANGAREDDY", "Total_Seg": 1, "Length_m": 378.0, "Govt_Encr": 0, "Pvt_Encr": 0, "Rel_Encr": 0, "Total_Encr": 0, "Court_Case": 0, "Mandal": " ", "Village": " ", "SNO": 56, "ZONE_NAME": "WEST ZONE", "ZONE_ID": "WTZ", "length_m_calc": 378.25647741853805 }, "geometry": { "type": "LineString", "coordinates": [ [ 78.331698900466364, 17.448756780975646 ], [ 78.331006257893648, 17.449309014611078 ], [ 78.330477309116205, 17.449732021360234 ], [ 78.329735227743086, 17.450259691427334 ], [ 78.328843802778309, 17.450785352678395 ] ] } },
{ "type": "Feature", "properties": { "FID": 56, "Nala_ID": "IMR", "Nala_Name": "INDIRA NAGAR CHERUVU TO MUSI RIVER", "Circle": "2", "District": "RANGA REDDY", "Total_Seg": 17, "Length_m": 464.0, "Govt_Encr": 0, "Pvt_Encr": 0, "Rel_Encr": 0, "Total_Encr": 0, "Court_Case": 0, "Mandal": " ", "Village": " ", "SNO": 57, "ZONE_NAME": "EAST ZONE", "ZONE_ID": "ETZ", "length_m_calc": 464.01639500058462 }, "geometry": { "type": "MultiLineString", "coordinates": [ [ [ 78.539493831969239, 17.389632859930295 ], [ 78.539553552000058, 17.389612662000069 ], [ 78.539687948000065, 17.389566844000075 ], [ 78.539760348000073, 17.389550728000081 ], [ 78.539817223000085, 17.389543287000073 ], [ 78.539954923000039, 17.389515433000053 ], [ 78.540000057000043, 17.389505587000052 ], [ 78.540022073000046, 17.38948215900006 ], [ 78.540031254000041, 17.389452533000075 ], [ 78.540043090000054, 17.389425323000093 ], [ 78.540047374000054, 17.389379458000057 ], [ 78.540069069000097, 17.389262539000118 ] ], [ [ 78.539458343676202, 17.389644862425911 ], [ 78.539493831969239, 17.389632859930295 ] ], [ [ 78.539069210000051, 17.392676247000075 ], [ 78.539054366000087, 17.392637492000063 ], [ 78.539037782000051, 17.392588687000064 ], [ 78.539020306000054, 17.392537769000057 ], [ 78.539005153000076, 17.39250487200011 ], [ 78.53900235392905, 17.392494418961949 ] ], [ [ 78.53900235392905, 17.392494418961949 ], [ 78.539000566000098, 17.392487742000078 ], [ 78.538996897000075, 17.392437690000065 ], [ 78.538991855000077, 17.392381956000079 ], [ 78.538991396000085, 17.392324460000086 ], [ 78.538992771000039, 17.392308183000083 ], [ 78.538996438000098, 17.392233113000049 ], [ 78.538996896000086, 17.392168573000049 ], [ 78.539003316000048, 17.392101143000076 ], [ 78.53900993473475, 17.392029915504153 ] ], [ [ 78.53900993473475, 17.392029915504153 ], [ 78.539011534000068, 17.392012705000091 ], [ 78.539012881000076, 17.391989331000087 ], [ 78.539012526629818, 17.391979539111869 ] ], [ [ 78.539012526629818, 17.391979539111869 ], [ 78.539012403000086, 17.39197612300007 ], [ 78.539011693000077, 17.391954002000052 ], [ 78.53901266700008, 17.391941223000092 ], [ 78.539014311000074, 17.391930027000075 ], [ 78.539022298000106, 17.391923584000068 ], [ 78.539033638000049, 17.391918713000052 ], [ 78.53903697100003, 17.391910999000086 ], [ 78.539038961000074, 17.391895262000048 ], [ 78.53904430900009, 17.391823171000095 ], [ 78.539044309000431, 17.391783536242162 ] ], [ [ 78.539044309000431, 17.391783536242162 ], [ 78.539044309000076, 17.39175980400006 ], [ 78.539045381116637, 17.391738312765241 ] ], [ [ 78.539045381116637, 17.391738312765241 ], [ 78.539046764000034, 17.391710592000063 ], [ 78.539052109000082, 17.391675343000056 ], [ 78.539057942000056, 17.391612708000046 ], [ 78.53906134500005, 17.391539850000072 ], [ 78.539061402708029, 17.39153736516263 ] ], [ [ 78.539061402708029, 17.39153736516263 ], [ 78.539061566000058, 17.391530334000045 ], [ 78.539061566000044, 17.391521060000059 ], [ 78.53906095800005, 17.391515281000057 ], [ 78.539061638000106, 17.391509220000042 ], [ 78.539064360000069, 17.391505108000054 ], [ 78.539069806000043, 17.391501429000083 ], [ 78.539073438000059, 17.391495798000083 ], [ 78.539073701345941, 17.391494140729321 ] ], [ [ 78.539073701345941, 17.391494140729321 ], [ 78.539074574000054, 17.391488649000074 ], [ 78.539072984000029, 17.39146482100006 ], [ 78.539072211000089, 17.391450996000096 ], [ 78.539072211000075, 17.391393076000043 ], [ 78.539076846000071, 17.391341454000081 ], [ 78.539075309000069, 17.391315276000068 ], [ 78.539075953722133, 17.3912779343847 ] ], [ [ 78.539075953722133, 17.3912779343847 ], [ 78.539076358000059, 17.391254519000036 ], [ 78.539076497954895, 17.391233593070915 ] ], [ [ 78.539076497954895, 17.391233593070915 ], [ 78.539076891000036, 17.391174825000061 ], [ 78.539076381000029, 17.391123912000079 ], [ 78.539073276000067, 17.391067919000037 ], [ 78.539073280000096, 17.391018753000061 ], [ 78.539074324000069, 17.390974538000066 ], [ 78.539071205000084, 17.390923335000032 ], [ 78.539072771000065, 17.39086714600009 ], [ 78.539073297000073, 17.390819861000079 ], [ 78.539075285764625, 17.390797473890771 ] ], [ [ 78.539075285764625, 17.390797473890771 ], [ 78.539075910000079, 17.390790447000022 ], [ 78.539075914074928, 17.390759928112114 ] ], [ [ 78.539075914074928, 17.390759928112114 ], [ 78.539075916000058, 17.390745508000073 ], [ 78.539073062000057, 17.3907271960001 ], [ 78.539066493000078, 17.390656365000059 ], [ 78.539061228000037, 17.3906098890001 ], [ 78.539059876578705, 17.39060010054029 ] ], [ [ 78.539059876578705, 17.39060010054029 ], [ 78.539050018000097, 17.390528694000068 ], [ 78.539049410392991, 17.390524904728959 ] ], [ [ 78.539049410392991, 17.390524904728959 ], [ 78.539047374000091, 17.390512205000061 ], [ 78.539044042000057, 17.390466214000082 ], [ 78.539043354000071, 17.390434 ], [ 78.539043294000081, 17.390364913000049 ], [ 78.539041939000086, 17.390330572000028 ], [ 78.53903861100008, 17.390315991000012 ], [ 78.539032595000052, 17.390274725000058 ], [ 78.539025879000064, 17.390219960000039 ], [ 78.539021127000098, 17.390157955000042 ], [ 78.539015051000035, 17.390112418000079 ], [ 78.539008960000032, 17.39006763900009 ], [ 78.53900621400004, 17.390031721000074 ], [ 78.539003434000065, 17.389982838000051 ], [ 78.538991942000081, 17.389938999000048 ], [ 78.538978399000044, 17.389892051000075 ], [ 78.538968924000073, 17.389866924000049 ], [ 78.538964165000053, 17.389849687000059 ], [ 78.538964775000068, 17.389831664000052 ], [ 78.538978864000072, 17.38982262500005 ], [ 78.539063718000094, 17.389795370000058 ], [ 78.539171346968928, 17.389752674400135 ] ], [ [ 78.539171346968928, 17.389752674400135 ], [ 78.539313488000076, 17.389696288000039 ], [ 78.539400032000074, 17.389664584000077 ], [ 78.539423653866024, 17.389656594858693 ] ], [ [ 78.539423653866024, 17.389656594858693 ], [ 78.539458343676202, 17.389644862425911 ] ] ] } },
{ "type": "Feature", "properties": { "FID": 57, "Nala_ID": "GGK", "Nala_Name": "GUNDLAKUNTA TO GAMERUKUNTA", "Circle": "Circle-11", "District": "RANGAREDDY", "Total_Seg": 2, "Length_m": 1149.0, "Govt_Encr": 0, "Pvt_Encr": 0, "Rel_Encr": 0, "Total_Encr": 0, "Court_Case": 0, "Mandal": " ", "Village": " ", "SNO": 58, "ZONE_NAME": "WEST ZONE", "ZONE_ID": "WTZ", "length_m_calc": 1149.7082702214484 }, "geometry": { "type": "MultiLineString", "coordinates": [ [ [ 78.323632759139031, 17.454371885334233 ], [ 78.323258586154893, 17.454488817998921 ], [ 78.322810473507175, 17.454488759677826 ], [ 78.322257886708002, 17.454397689088847 ], [ 78.321784447813215, 17.454427155644176 ], [ 78.321551418741706, 17.454615173605273 ], [ 78.321398933407693, 17.454828170648387 ], [ 78.321362358099719, 17.455059454998278 ], [ 78.321460522302573, 17.4551563553566 ], [ 78.321671391826371, 17.455206984567361 ], [ 78.321926430824035, 17.455216392946959 ], [ 78.322100139644547, 17.455254574008499 ], [ 78.322223893176528, 17.455304029537498 ], [ 78.322332869676487, 17.455342533478365 ], [ 78.321890817332644, 17.455608978578855 ], [ 78.321619485901294, 17.455777364960916 ], [ 78.321274326866856, 17.456000510323786 ], [ 78.320903611310982, 17.45624043507399 ], [ 78.320463484921973, 17.456545133625706 ], [ 78.320256041216325, 17.456685705271582 ], [ 78.319922921082707, 17.456908213606216 ], [ 78.319633795676765, 17.457101446188872 ] ], [ [ 78.319633795676765, 17.457101446188872 ], [ 78.319263250792076, 17.457329422361635 ] ], [ [ 78.326127288647612, 17.452388841099218 ], [ 78.325643708940248, 17.452686995613721 ], [ 78.325354682856798, 17.452874265856266 ], [ 78.325065045851019, 17.453103342933041 ], [ 78.324905994377673, 17.453340149640834 ], [ 78.324664566701557, 17.453677400071875 ], [ 78.324522786360149, 17.454010017024203 ], [ 78.32432744454826, 17.45417465109011 ], [ 78.323790035291807, 17.454322734754104 ], [ 78.323632759139031, 17.454371885334233 ] ] ] } },
{ "type": "Feature", "properties": { "FID": 58, "Nala_ID": "RPS", "Nala_Name": "RK PURAM CHERVU TO SAFILGUDA CHERVU", "Circle": "Circle-17", "District": "RANGA REDDY", "Total_Seg": 5, "Length_m": 1063.0, "Govt_Encr": 0, "Pvt_Encr": 0, "Rel_Encr": 0, "Total_Encr": 0, "Court_Case": 0, "Mandal": " ", "Village": " ", "SNO": 59, "ZONE_NAME": "NORTH ZONE", "ZONE_ID": "NRZ", "length_m_calc": 1063.5334218658888 }, "geometry": { "type": "LineString", "coordinates": [ [ 78.534469151000053, 17.466369459000095 ], [ 78.53454626100006, 17.466645892000059 ], [ 78.534682083000064, 17.466978301000058 ], [ 78.534777520000048, 17.467188242000084 ], [ 78.534781192000082, 17.467198739000036 ], [ 78.534800052645423, 17.467430071493325 ], [ 78.534817996000086, 17.467650153000026 ], [ 78.534747641000095, 17.468192294000094 ], [ 78.534754785000075, 17.468337397000028 ], [ 78.534778130000078, 17.468424359000046 ], [ 78.534613744902046, 17.468410271233086 ], [ 78.534542774000045, 17.468404189000086 ], [ 78.533941710000093, 17.468384747000073 ], [ 78.533931800000062, 17.468634503000057 ], [ 78.533897015000051, 17.46912688300009 ], [ 78.533882195000061, 17.469536234000032 ], [ 78.533893058000061, 17.469531050000061 ], [ 78.533900545000051, 17.469937637000061 ], [ 78.53448864800005, 17.469899642000026 ], [ 78.534492338000064, 17.470212829000094 ], [ 78.53449186012196, 17.470345764973903 ], [ 78.534491506000052, 17.470444272000073 ], [ 78.534573932000072, 17.470761341000081 ], [ 78.534355437000045, 17.470825120000036 ], [ 78.534452275000035, 17.471069719000091 ], [ 78.534544851000078, 17.47130936600011 ], [ 78.53454485400006, 17.471320430000059 ], [ 78.534626151000055, 17.471702133000058 ], [ 78.534643619000093, 17.471950867000047 ], [ 78.534635100000074, 17.47220748900002 ], [ 78.534577900000045, 17.472363112000039 ], [ 78.534545729000087, 17.472606743000028 ], [ 78.53458329200005, 17.472899295000072 ], [ 78.534563590054404, 17.473308653966161 ], [ 78.534562201000099, 17.473337515000043 ], [ 78.534588699000054, 17.473826596000031 ], [ 78.534546463073653, 17.474222890480974 ] ] } },
{ "type": "Feature", "properties": { "FID": 59, "Nala_ID": "NBC", "Nala_Name": "NADIMI CHERVU TO BANDA CHERVU", "Circle": "Circle-17", "District": "RANGA REDDY", "Total_Seg": 3, "Length_m": 913.0, "Govt_Encr": 0, "Pvt_Encr": 0, "Rel_Encr": 0, "Total_Encr": 0, "Court_Case": 0, "Mandal": " ", "Village": " ", "SNO": 60, "ZONE_NAME": "NORTH ZONE", "ZONE_ID": "NRZ", "length_m_calc": 913.48482591694301 }, "geometry": { "type": "LineString", "coordinates": [ [ 78.538483880384248, 17.46490111239715 ], [ 78.538619645000054, 17.464898883000057 ], [ 78.538493771000049, 17.46454420300007 ], [ 78.538206540000033, 17.464053940000063 ], [ 78.538111654000048, 17.463852551000041 ], [ 78.537845448000041, 17.463412260000062 ], [ 78.537701127000062, 17.46319517500007 ], [ 78.537942808652488, 17.463095408279248 ], [ 78.538056929000078, 17.463048299000036 ], [ 78.538594056243895, 17.46284646473686 ], [ 78.53897353300006, 17.462703869000077 ], [ 78.539776763000091, 17.462395745000062 ], [ 78.539620936000077, 17.461964214000034 ], [ 78.539973602000046, 17.461846928000082 ], [ 78.540612335000048, 17.461629508000048 ], [ 78.541443551000057, 17.461524058000084 ], [ 78.541443885000064, 17.460948196000082 ], [ 78.541669679000051, 17.461008589000102 ], [ 78.541915267000036, 17.461031193000057 ], [ 78.542164816000081, 17.461050016000087 ], [ 78.542438078000046, 17.460891244000081 ], [ 78.542607664621869, 17.460785926098922 ] ] } },
{ "type": "Feature", "properties": { "FID": 60, "Nala_ID": "ASB", "Nala_Name": "ANANTHA SARASWATH NAGAR TO BANDA CHERVU DRAIN", "Circle": "Circle-17", "District": "RANGA REDDY", "Total_Seg": 8, "Length_m": 506.0, "Govt_Encr": 0, "Pvt_Encr": 0, "Rel_Encr": 0, "Total_Encr": 0, "Court_Case": 0, "Mandal": " ", "Village": " ", "SNO": 61, "ZONE_NAME": "NORTH ZONE", "ZONE_ID": "NRZ", "length_m_calc": 506.12575055386117 }, "geometry": { "type": "LineString", "coordinates": [ [ 78.547717799000068, 17.456888897000095 ], [ 78.546984582404576, 17.457052595608893 ], [ 78.546604225916042, 17.457137513130441 ], [ 78.5462161489057, 17.457224153461617 ], [ 78.546293343335137, 17.457457971323983 ], [ 78.546305563000047, 17.457494984000068 ], [ 78.546491899000046, 17.458025406000068 ], [ 78.54659009900007, 17.458305779000064 ], [ 78.546595813543135, 17.458322721666526 ], [ 78.546703045270519, 17.458640645354386 ], [ 78.546749198000057, 17.458777480000041 ], [ 78.546818218781169, 17.458960731059573 ], [ 78.546924423000064, 17.459242704000108 ], [ 78.546938009453342, 17.459284064398684 ], [ 78.54705864400006, 17.459651304000058 ], [ 78.547253207000054, 17.460150286000061 ] ] } },
{ "type": "Feature", "properties": { "FID": 61, "Nala_ID": "AXB", "Nala_Name": "ANAND BAGH X ROAD TO BANDA CHERVU DRAIN", "Circle": "Circle-17", "District": "RANGAREDDY", "Total_Seg": 13, "Length_m": 1753.0, "Govt_Encr": 0, "Pvt_Encr": 0, "Rel_Encr": 0, "Total_Encr": 0, "Court_Case": 0, "Mandal": " ", "Village": " ", "SNO": 62, "ZONE_NAME": "NORTH ZONE", "ZONE_ID": "NRZ", "length_m_calc": 1753.9642661699429 }, "geometry": { "type": "LineString", "coordinates": [ [ 78.532657666000048, 17.459071245000093 ], [ 78.533235569000084, 17.458966812000025 ], [ 78.533625787939513, 17.45898278927838 ], [ 78.533778359000067, 17.458989036000091 ], [ 78.534563255000094, 17.459003750000058 ], [ 78.534801022966988, 17.458986019061747 ], [ 78.535164609000034, 17.458958905000049 ], [ 78.535652029000076, 17.45888827000006 ], [ 78.535683510049864, 17.458885518310503 ], [ 78.536175495053527, 17.458842514312828 ], [ 78.536307416000056, 17.458830983000038 ], [ 78.536420237000087, 17.458725811000065 ], [ 78.536506213000067, 17.458493243000103 ], [ 78.536507322356783, 17.458489932997185 ], [ 78.536620838000047, 17.458151234000084 ], [ 78.536620329272282, 17.458145787288021 ], [ 78.536599980000076, 17.45792791700006 ], [ 78.53649316300006, 17.457505827000034 ], [ 78.536891693000044, 17.457385978000058 ], [ 78.537343555000078, 17.457197259000054 ], [ 78.537461513000039, 17.457203960000079 ], [ 78.537867281902805, 17.457005934390821 ], [ 78.538385311000084, 17.456753121000112 ], [ 78.538646710000094, 17.45663686000006 ], [ 78.538530753000046, 17.456299644000111 ], [ 78.538404868000057, 17.455884113000046 ], [ 78.538475720000065, 17.455828537000073 ], [ 78.538770088281552, 17.455729062452772 ], [ 78.538923463000074, 17.455677233000063 ], [ 78.539169978000075, 17.455534155000077 ], [ 78.539500313000104, 17.455364546000069 ], [ 78.539448820000104, 17.455298332000073 ], [ 78.539262724000082, 17.454997496000047 ], [ 78.539229257000045, 17.45490386700007 ], [ 78.539175897000064, 17.454838457000051 ], [ 78.539150190008726, 17.454777842003253 ], [ 78.539127604000058, 17.454724586000058 ], [ 78.539088081945266, 17.454464215282783 ], [ 78.539078159000027, 17.454398843000067 ], [ 78.538999355000044, 17.454274757000086 ], [ 78.538959047855641, 17.454065200857446 ], [ 78.538942255000066, 17.45397789500004 ], [ 78.538909146000051, 17.453830715000063 ], [ 78.538784281000076, 17.453367179000097 ], [ 78.538885517000054, 17.453354395000073 ], [ 78.539002961000065, 17.453299358000034 ], [ 78.539615811000033, 17.453032309000037 ], [ 78.539984514000096, 17.452854472000066 ], [ 78.540250124340588, 17.452720951166338 ], [ 78.540530966000063, 17.452579773000043 ], [ 78.540832499000047, 17.452435632000078 ], [ 78.541550076000107, 17.452133201000038 ], [ 78.541734498000068, 17.452066411000065 ], [ 78.542182860000096, 17.451990445000067 ], [ 78.542516751000051, 17.451944847000064 ], [ 78.542819726000062, 17.451941216000058 ], [ 78.543135533000068, 17.451926782000069 ], [ 78.54319031616221, 17.451907318998309 ] ] } },
{ "type": "Feature", "properties": { "FID": 62, "Nala_ID": "VRP", "Nala_Name": "VAJPAYEE NAGAR TO RK PURAM CHERVU", "Circle": "Circle-17", "District": "RANGAREDDY", "Total_Seg": 1, "Length_m": 300.0, "Govt_Encr": 0, "Pvt_Encr": 0, "Rel_Encr": 0, "Total_Encr": 0, "Court_Case": 0, "Mandal": " ", "Village": " ", "SNO": 63, "ZONE_NAME": "NORTH ZONE", "ZONE_ID": "NRZ", "length_m_calc": 300.57755963129694 }, "geometry": { "type": "LineString", "coordinates": [ [ 78.537415468000063, 17.478182289000074 ], [ 78.537225653000064, 17.478146186000064 ], [ 78.536965314000042, 17.478060122000048 ], [ 78.536695852000037, 17.477830961000059 ], [ 78.536619907000045, 17.477784451000051 ], [ 78.536466854000082, 17.477651895000069 ], [ 78.536270907000073, 17.477380594000071 ], [ 78.536202983000067, 17.477293481000064 ], [ 78.535946759000069, 17.477439128000075 ], [ 78.535851671000046, 17.477291059000038 ], [ 78.535441578000075, 17.476668834000069 ] ] } },
{ "type": "Feature", "properties": { "FID": 63, "Nala_ID": "SCB", "Nala_Name": "SECUNDERABAD CONTONMENT AREA TO BABDA CHERVU", "Circle": "CONTONMENT", "District": "RANGAREDDY", "Total_Seg": 7, "Length_m": 1728.0, "Govt_Encr": 0, "Pvt_Encr": 0, "Rel_Encr": 0, "Total_Encr": 0, "Court_Case": 0, "Mandal": " ", "Village": " ", "SNO": 64, "ZONE_NAME": "NORTH ZONE", "ZONE_ID": "NRZ", "length_m_calc": 377.96159952405429 }, "geometry": { "type": "LineString", "coordinates": [ [ 78.535056576000045, 17.465555386000098 ], [ 78.534990351795059, 17.46566988444081 ], [ 78.534686747000094, 17.466194800000057 ], [ 78.534415075000084, 17.466405036000047 ], [ 78.53425108900008, 17.46645429300003 ], [ 78.534142284000055, 17.46645791900006 ], [ 78.533864577000045, 17.46639894300009 ], [ 78.53385714000008, 17.466398946000027 ], [ 78.533529810000076, 17.466273778000101 ], [ 78.533539727000061, 17.466273773000076 ], [ 78.533270842735561, 17.466162921834481 ], [ 78.533049015000088, 17.466071470000063 ], [ 78.532475071000079, 17.465857116000088 ], [ 78.532261464122428, 17.465776340447523 ], [ 78.532139228063457, 17.465730116607634 ] ] } },
{ "type": "Feature", "properties": { "FID": 64, "Nala_ID": "NCK", "Nala_Name": "NALLA CHERUVU TO KUKATPALLY NALA", "Circle": "Circle-14B", "District": "RANGAREDDY", "Total_Seg": 6, "Length_m": 1794.0, "Govt_Encr": 0, "Pvt_Encr": 0, "Rel_Encr": 0, "Total_Encr": 0, "Court_Case": 0, "Mandal": " ", "Village": " ", "SNO": 65, "ZONE_NAME": "WEST ZONE", "ZONE_ID": "WTZ", "length_m_calc": 1794.7842919122954 }, "geometry": { "type": "MultiLineString", "coordinates": [ [ [ 78.424618412623857, 17.482069050824659 ], [ 78.424569466943581, 17.481937589184874 ], [ 78.424492748792062, 17.481755698947495 ], [ 78.424378872922944, 17.481545170876583 ], [ 78.424354101465525, 17.481448207183625 ], [ 78.424666034318662, 17.48142513206087 ], [ 78.424946589274725, 17.481428861794452 ], [ 78.425335686667211, 17.481400964269124 ], [ 78.425685717364132, 17.481368370761803 ], [ 78.425934570904204, 17.481349084827077 ], [ 78.426115860166377, 17.481323059701701 ], [ 78.426192582420342, 17.481396486418763 ], [ 78.426251367410856, 17.481472288094761 ], [ 78.426327995553237, 17.48155782943693 ], [ 78.426417327306595, 17.481562751362993 ], [ 78.426562653657939, 17.481521340551893 ], [ 78.42699488376509, 17.481408090059134 ], [ 78.427088267201384, 17.481398079838272 ], [ 78.427158731537205, 17.481665266769873 ], [ 78.42746640870287, 17.481754819472442 ] ], [ [ 78.417748131250534, 17.486476532039912 ], [ 78.417683716863678, 17.486392928177132 ], [ 78.417590900965607, 17.486252012201369 ], [ 78.417563505866738, 17.486208453547409 ], [ 78.41762669136223, 17.486048635796454 ], [ 78.417686569157254, 17.485752688639256 ], [ 78.417686589625092, 17.485746040788111 ], [ 78.417725562694258, 17.485453820000178 ], [ 78.417718654729541, 17.484882968349527 ], [ 78.417671348408561, 17.484416630898981 ], [ 78.417678616437883, 17.484317610559213 ], [ 78.417776230851985, 17.484237742480023 ] ], [ [ 78.417776230851985, 17.484237742480023 ], [ 78.417831792421197, 17.484192281966457 ], [ 78.417936087256052, 17.484136248015741 ], [ 78.418026304358804, 17.484156025090741 ], [ 78.418133897973902, 17.484172508450072 ], [ 78.418266964870085, 17.484361017116033 ], [ 78.418362725802183, 17.484561438340688 ], [ 78.418415476164583, 17.484650053430116 ], [ 78.418477985743479, 17.484786899201396 ], [ 78.418540745706622, 17.484983818840039 ], [ 78.418613250941974, 17.485022745347678 ], [ 78.418688337925232, 17.485047924154273 ], [ 78.418858539380167, 17.48507994243964 ], [ 78.418924426751389, 17.485093723890401 ], [ 78.419102474555004, 17.485024114390807 ], [ 78.419350786857748, 17.484917398635215 ], [ 78.419511515593896, 17.484824578355806 ], [ 78.419674951016646, 17.484724678038216 ], [ 78.419786969944781, 17.484656316831838 ] ], [ [ 78.419786969944781, 17.484656316831838 ], [ 78.419911378148285, 17.484580394743393 ], [ 78.420072799767539, 17.484438086400161 ], [ 78.420307126358125, 17.484241710136821 ], [ 78.420511826880798, 17.483988126666901 ], [ 78.420696243254866, 17.483767530958364 ], [ 78.420897632064182, 17.483530944691015 ], [ 78.421052641941657, 17.483369014089277 ], [ 78.421114197340714, 17.483322031049077 ], [ 78.421200256603981, 17.483350223383241 ], [ 78.42135550903734, 17.483237410191673 ], [ 78.421589850687326, 17.483089159648944 ], [ 78.421797471920499, 17.482954765847079 ], [ 78.421861122697777, 17.482919430566351 ] ], [ [ 78.421861122697777, 17.482919430566351 ], [ 78.422030020179449, 17.48282566814262 ], [ 78.422152529947581, 17.482843728333886 ], [ 78.422295129349692, 17.482985637208134 ], [ 78.422423879613234, 17.48323831187799 ], [ 78.422503106846619, 17.483370658287672 ], [ 78.422562474780491, 17.483479474383724 ], [ 78.422646481461584, 17.483625964814173 ], [ 78.422732893138303, 17.483732164078283 ], [ 78.42276985195339, 17.483812332889979 ], [ 78.422819203717481, 17.483847681683304 ], [ 78.422827948730614, 17.483847681657913 ] ], [ [ 78.422827948730614, 17.483847681657913 ], [ 78.42285378468452, 17.483847681580649 ], [ 78.422935414389926, 17.483793473078752 ], [ 78.423024481322599, 17.483746312646982 ], [ 78.423247437684779, 17.483595258850912 ], [ 78.423391553942423, 17.483519513154111 ], [ 78.42351383738287, 17.483425888771059 ], [ 78.423657692372956, 17.483329723579683 ], [ 78.423843973592824, 17.48321142490035 ], [ 78.423950586665981, 17.483163915376988 ], [ 78.424104124187181, 17.483147159130201 ], [ 78.424272266849897, 17.48313750314998 ], [ 78.424410541053845, 17.483142070057688 ], [ 78.424548719986532, 17.483139569323573 ], [ 78.424622987960618, 17.483113593925822 ], [ 78.424628901993046, 17.48298961368857 ], [ 78.424658606193972, 17.482836133205399 ], [ 78.424698211882941, 17.482668485912534 ], [ 78.424710587083865, 17.482557508221159 ], [ 78.424703158378492, 17.482415833678662 ], [ 78.424683350310133, 17.482243464632745 ], [ 78.424618412623857, 17.482069050824659 ] ] ] } },
{ "type": "Feature", "properties": { "FID": 65, "Nala_ID": "MBD", "Nala_Name": "MIRJALGUDA TO BANDA CHERVU DRAIN", "Circle": "Circle-17", "District": "RANGA REDDY", "Total_Seg": 24, "Length_m": 2618.0, "Govt_Encr": 0, "Pvt_Encr": 0, "Rel_Encr": 0, "Total_Encr": 0, "Court_Case": 0, "Mandal": " ", "Village": " ", "SNO": 66, "ZONE_NAME": "NORTH ZONE", "ZONE_ID": "NRZ", "length_m_calc": 2618.9164703668484 }, "geometry": { "type": "LineString", "coordinates": [ [ 78.520745350000098, 17.445507913000142 ], [ 78.520945001000058, 17.445454723000186 ], [ 78.521104411000081, 17.445408923000127 ], [ 78.521208106000202, 17.445388233000212 ], [ 78.52130251, 17.445339490000162 ], [ 78.521392272000199, 17.445296655000075 ], [ 78.521458824000163, 17.445289260000099 ], [ 78.52153311700016, 17.445292200000186 ], [ 78.521573369000137, 17.445346826000062 ], [ 78.521576465000024, 17.445349779000043 ], [ 78.521627546000104, 17.445379301000177 ], [ 78.521674951000207, 17.445379466000105 ], [ 78.521680399000104, 17.445379464999967 ], [ 78.521790702000104, 17.445350863000115 ], [ 78.521796149000082, 17.44535086200003 ], [ 78.521823380000129, 17.445317079000176 ], [ 78.521845162000162, 17.445278099000141 ], [ 78.521879201000061, 17.44524431400011 ], [ 78.521937757000103, 17.445227414000101 ], [ 78.52194184200016, 17.445227413000026 ], [ 78.521943293787359, 17.445227622585751 ], [ 78.521986784000163, 17.445233901000055 ], [ 78.522146120000187, 17.44523777100018 ], [ 78.522230838999974, 17.445248703000178 ], [ 78.522332562000159, 17.445264637000097 ], [ 78.522358498000202, 17.445256614000034 ], [ 78.522483075000082, 17.445222634000086 ], [ 78.522497804774048, 17.445228311665154 ], [ 78.522587645000058, 17.445262941000124 ], [ 78.522754489000135, 17.445213035000052 ], [ 78.522866029679292, 17.445173484622966 ], [ 78.523001991000072, 17.445125275000155 ], [ 78.523241666000061, 17.445058998000036 ], [ 78.52341919200019, 17.445037368000072 ], [ 78.523570654000096, 17.445065859000195 ], [ 78.523718090000031, 17.444890922000212 ], [ 78.523759929000079, 17.444835780000087 ], [ 78.523854652000139, 17.444814169000107 ], [ 78.524340518000017, 17.444634978000153 ], [ 78.524430673074846, 17.444608159632924 ], [ 78.524620190000064, 17.444551784000172 ], [ 78.525384748000079, 17.444317909000073 ], [ 78.525476556752452, 17.444279831783987 ], [ 78.525592637000173, 17.44423168800018 ], [ 78.525822984000115, 17.44415436200013 ], [ 78.526121680000145, 17.444072192000096 ], [ 78.526425436000082, 17.443973115000205 ], [ 78.526729191000086, 17.443864376000143 ], [ 78.526851196000123, 17.443823218000091 ], [ 78.527137331000063, 17.443742115000109 ], [ 78.527276017000204, 17.44369668000013 ], [ 78.527424200000112, 17.443841914000092 ], [ 78.527757529000041, 17.443765351000032 ], [ 78.5279795000002, 17.443737684000158 ], [ 78.528309567773022, 17.443702189808725 ], [ 78.528494218000176, 17.44368233300008 ], [ 78.528671142000064, 17.443614776000057 ], [ 78.528910996873094, 17.443604776442125 ], [ 78.528967111000114, 17.443602437000052 ], [ 78.529081819, 17.443603081000127 ], [ 78.529379702392916, 17.443633621946198 ], [ 78.529402624000184, 17.443635972000052 ], [ 78.529410027000168, 17.443635970000077 ], [ 78.529614849000055, 17.443654760000211 ], [ 78.529624719000196, 17.443654758000061 ], [ 78.529641992999984, 17.443654755000125 ], [ 78.529787590000083, 17.443671203000076 ], [ 78.529797461000101, 17.443671201000072 ], [ 78.529891236000097, 17.443685306000102 ], [ 78.529898642000049, 17.443694721000078 ], [ 78.529989964000109, 17.443772390000156 ], [ 78.530088684000063, 17.443821807000095 ], [ 78.530249039000125, 17.443870116000085 ], [ 78.530419703000064, 17.443929841000113 ], [ 78.530519086000211, 17.444004008000167 ], [ 78.530523407000089, 17.444008128000121 ], [ 78.530542852, 17.444022549000209 ], [ 78.530640072000111, 17.444082291000164 ], [ 78.53072832700019, 17.444074973000074 ], [ 78.530804694000054, 17.444104952000185 ], [ 78.53080918600007, 17.44410709400012 ], [ 78.53082940100019, 17.444113517000083 ], [ 78.530912507000153, 17.444147780000176 ], [ 78.531094438000196, 17.444209875000016 ], [ 78.531101177000096, 17.44421415900003 ], [ 78.531116898999983, 17.444220583000028 ], [ 78.53127862100007, 17.444291253000213 ], [ 78.531482539000095, 17.444349693000046 ], [ 78.531541809000146, 17.444402173000142 ], [ 78.531582037000135, 17.444478885000112 ], [ 78.531582039000128, 17.444484942000166 ], [ 78.531590464335352, 17.444589116094761 ], [ 78.531590530000187, 17.444589928000138 ], [ 78.53177308900014, 17.444595476000096 ], [ 78.532149168000046, 17.44461007900011 ], [ 78.532470262000189, 17.444605810000066 ], [ 78.532721439000056, 17.444625787000206 ], [ 78.533151721000152, 17.44467609800018 ], [ 78.533448645000206, 17.444721638000047 ], [ 78.533608028000188, 17.444731123000182 ], [ 78.533742079000149, 17.44482503200005 ], [ 78.533938481000078, 17.444956046000012 ], [ 78.534005356564265, 17.444989731410775 ], [ 78.534131601, 17.445053321000024 ], [ 78.534251872000141, 17.445216652000141 ], [ 78.534325595000112, 17.445416275000202 ], [ 78.534421961667263, 17.445552710621879 ], [ 78.534448179000094, 17.44558982900001 ], [ 78.534782330000169, 17.445409082000033 ], [ 78.534718621463753, 17.445306001767424 ], [ 78.534659739000062, 17.445210730000156 ], [ 78.535183254000131, 17.444969713000056 ], [ 78.535535980000134, 17.4448172980001 ], [ 78.535725189000075, 17.444742547000047 ], [ 78.53590518600015, 17.444670324000036 ], [ 78.536173890000171, 17.44461301200009 ], [ 78.536348679000199, 17.444575635000096 ], [ 78.536462837351422, 17.444581609305814 ], [ 78.53668001900003, 17.444592975000123 ], [ 78.53723926066192, 17.444659025110759 ], [ 78.5372862010001, 17.444664569000185 ], [ 78.537345742000142, 17.444161956000091 ], [ 78.537476929000093, 17.444129334000031 ], [ 78.53760345514128, 17.444092213899701 ], [ 78.537842302, 17.444022141000143 ], [ 78.537933040869063, 17.443958308802628 ], [ 78.537989809000067, 17.443918374000148 ], [ 78.538126975940287, 17.443839041353414 ], [ 78.538426402000198, 17.44366586300016 ], [ 78.53861783800005, 17.443509446000068 ], [ 78.538465272835765, 17.443253730570994 ], [ 78.538321251000127, 17.44301233400018 ], [ 78.538772196785871, 17.442675924596273 ], [ 78.53892743500019, 17.442560115000109 ], [ 78.539254759000087, 17.442510061000064 ], [ 78.539450591000104, 17.44248250800019 ], [ 78.539943072957172, 17.442485614726269 ], [ 78.53995247100012, 17.442485674000167 ], [ 78.540061474000154, 17.442506860999973 ], [ 78.540157269917728, 17.442506864307589 ], [ 78.540206813000182, 17.442506866000109 ], [ 78.540212869000129, 17.44250686600007 ], [ 78.540220943000122, 17.442506866000102 ], [ 78.540395034936765, 17.442480415884024 ], [ 78.540449045000116, 17.442472210000059 ], [ 78.540463176000173, 17.442472210000076 ], [ 78.540610566030495, 17.442479694207524 ], [ 78.540652923000167, 17.442481845000056 ], [ 78.540786152000067, 17.442458740000205 ], [ 78.540790189000134, 17.442458740000184 ], [ 78.540806338000152, 17.442458741000106 ], [ 78.540917360000108, 17.442485705000035 ], [ 78.540923416000055, 17.442487631000201 ], [ 78.540982140000111, 17.442515380000103 ], [ 78.541095236000061, 17.442591101000033 ], [ 78.54132738800007, 17.442521069000126 ], [ 78.541654781000105, 17.442435895000131 ] ] } },
{ "type": "Feature", "properties": { "FID": 67, "Nala_ID": "DRB", "Nala_Name": "DAYANAND NAGAR RAILWAY STATION T BANDA CHERVU", "Circle": "Circle-17", "District": "RANGAREDDY", "Total_Seg": 6, "Length_m": 1377.0, "Govt_Encr": 0, "Pvt_Encr": 0, "Rel_Encr": 0, "Total_Encr": 0, "Court_Case": 0, "Mandal": " ", "Village": " ", "SNO": 68, "ZONE_NAME": "NORTH ZONE", "ZONE_ID": "NRZ", "length_m_calc": 1377.3845275825934 }, "geometry": { "type": "LineString", "coordinates": [ [ 78.543069199489835, 17.451643501743366 ], [ 78.543042035000056, 17.451641304000098 ], [ 78.542817576000076, 17.451623144000074 ], [ 78.542612868000063, 17.451612649000047 ], [ 78.542268679000074, 17.451634347000063 ], [ 78.542002339000092, 17.451654211000076 ], [ 78.541336663000052, 17.45181380800005 ], [ 78.541144065000083, 17.451854205000092 ], [ 78.54080935138488, 17.45198629177106 ], [ 78.540406306000079, 17.452145343000041 ], [ 78.539988798000095, 17.452330119000077 ], [ 78.539572452000073, 17.452532096000049 ], [ 78.539064353000086, 17.452772523000036 ], [ 78.538750092843429, 17.452832288946432 ], [ 78.53867208700008, 17.452847124000083 ], [ 78.538330239000089, 17.45302705800005 ], [ 78.537490971000068, 17.453443140000051 ], [ 78.536800956899157, 17.453748016700864 ], [ 78.536780537000084, 17.453757039000056 ], [ 78.536155982000082, 17.454039614000077 ], [ 78.535254107000085, 17.45449864300004 ], [ 78.534910563532847, 17.454651570196287 ], [ 78.534453125000084, 17.45485519600004 ], [ 78.533558395000085, 17.455284289000097 ], [ 78.533538761000045, 17.455284293000034 ], [ 78.533201084000069, 17.455415484000071 ], [ 78.533189304000075, 17.455415487000057 ], [ 78.533046276805578, 17.455485547839473 ], [ 78.532852279000068, 17.455580576000063 ], [ 78.532805715000066, 17.455732482000041 ], [ 78.532638736000081, 17.455799206000062 ], [ 78.532328053000072, 17.455821507000049 ], [ 78.532003003000057, 17.455714980000067 ], [ 78.531985564000095, 17.455714984000057 ], [ 78.531580075000093, 17.45562357700004 ], [ 78.531183323000064, 17.455598711000054 ] ] } },
{ "type": "Feature", "properties": { "FID": 68, "Nala_ID": "BNC", "Nala_Name": "BANDA CHERVU TO NACHARAM CHERVU", "Circle": "Circle-17", "District": "RANGAREDDY", "Total_Seg": 37, "Length_m": 3488.0, "Govt_Encr": 0, "Pvt_Encr": 0, "Rel_Encr": 0, "Total_Encr": 0, "Court_Case": 0, "Mandal": " ", "Village": " ", "SNO": 69, "ZONE_NAME": "NORTH ZONE", "ZONE_ID": "NRZ", "length_m_calc": 3488.7476487186354 }, "geometry": { "type": "LineString", "coordinates": [ [ 78.549231020000036, 17.435310006000051 ], [ 78.549261539195172, 17.435414350546779 ], [ 78.549298410000077, 17.435540411000012 ], [ 78.549235065000062, 17.435559318000053 ], [ 78.549215270000062, 17.435563102000078 ], [ 78.549187556000064, 17.435570666000032 ], [ 78.549163804000045, 17.435582006000086 ], [ 78.54914797000005, 17.435593343000054 ], [ 78.548914389000075, 17.435665188000034 ], [ 78.548898554000061, 17.43567274800008 ], [ 78.548882719000076, 17.435680308000052 ], [ 78.548874803000061, 17.435687866000031 ], [ 78.548740222000049, 17.435801232000106 ], [ 78.548724392000054, 17.435823902000035 ], [ 78.548724396000068, 17.435835234000024 ], [ 78.548585858000081, 17.43595615600006 ], [ 78.548550231000036, 17.435978832000085 ], [ 78.548542312000052, 17.43597883400005 ], [ 78.548284968000104, 17.436028021000023 ], [ 78.548237459000063, 17.436039368000042 ], [ 78.548225581000082, 17.436039372000039 ], [ 78.547908846000041, 17.436088577000096 ], [ 78.547837583000046, 17.436107486000058 ], [ 78.547797991000053, 17.43611127600008 ], [ 78.547667313000048, 17.436058431000088 ], [ 78.547439188000055, 17.436051492000029 ], [ 78.547232445000091, 17.436220668000058 ], [ 78.547029824000063, 17.436407810000052 ], [ 78.546968292749924, 17.436550381446619 ], [ 78.54680384800011, 17.436931408000106 ], [ 78.546793875000049, 17.436944103000037 ], [ 78.546793878000074, 17.436953621000068 ], [ 78.546644331000039, 17.437286820000047 ], [ 78.546631037000054, 17.437312207000051 ], [ 78.546594468000094, 17.437356639000026 ], [ 78.546581173000064, 17.437378853000052 ], [ 78.54637502500006, 17.437521695000072 ], [ 78.546132089000096, 17.437633506000058 ], [ 78.545897548000084, 17.437770656000055 ], [ 78.545868228000089, 17.437781855000043 ], [ 78.545815455000081, 17.437807049000078 ], [ 78.545794933000082, 17.43782104300006 ], [ 78.545451902000096, 17.437975010000077 ], [ 78.545416719000059, 17.437991806000092 ], [ 78.545404995000069, 17.438005797000081 ], [ 78.545260738000096, 17.438073832000079 ], [ 78.545084182000039, 17.438201697000068 ], [ 78.545078096000054, 17.438213318000063 ], [ 78.54506592000007, 17.438224941000037 ], [ 78.545059832000049, 17.438227847000068 ], [ 78.544992996002392, 17.438260495369196 ], [ 78.54479802200008, 17.438355737000048 ], [ 78.544586196000068, 17.438467393000057 ], [ 78.544379991000099, 17.438599352000054 ], [ 78.544124308000065, 17.438799141000068 ], [ 78.543848119000089, 17.439054219000095 ], [ 78.543848117000067, 17.439046433000041 ], [ 78.543698551000034, 17.439207382000067 ], [ 78.543636016000065, 17.43930602000006 ], [ 78.543597969000075, 17.439425412000073 ], [ 78.543597993000049, 17.439500675000076 ], [ 78.543617464000079, 17.439623579000074 ], [ 78.54361994900006, 17.4397495740001 ], [ 78.54356373800006, 17.439873252000062 ], [ 78.543495301000078, 17.440008600000073 ], [ 78.543390916000092, 17.440175620000069 ], [ 78.543336525103172, 17.440274530553847 ], [ 78.543299268000055, 17.440342283000081 ], [ 78.543216358000052, 17.440521441000058 ], [ 78.543148399000074, 17.440664917000088 ], [ 78.543086236000079, 17.440804172000067 ], [ 78.543064740000062, 17.440922872000062 ], [ 78.54305449900005, 17.441049380000052 ], [ 78.543017588000055, 17.441171004000072 ], [ 78.542967737000097, 17.441267956000083 ], [ 78.542904953000061, 17.441361387000054 ], [ 78.542820304000045, 17.441465137000023 ], [ 78.542601232000052, 17.441629847000073 ], [ 78.542554185000085, 17.44167568100006 ], [ 78.542428997000073, 17.441724188000066 ], [ 78.542301994000084, 17.441769232000091 ], [ 78.542298365000093, 17.44177096400006 ], [ 78.542167729000099, 17.441802160000094 ], [ 78.542055239000049, 17.441836814000066 ], [ 78.541959707000046, 17.441871269000057 ], [ 78.541786855000055, 17.441933163000048 ], [ 78.541708527000111, 17.441943493000064 ], [ 78.541646420000092, 17.442002779000102 ], [ 78.54164645388741, 17.442114771413987 ], [ 78.541646519000039, 17.442330045000062 ], [ 78.541647387000069, 17.44242634600009 ], [ 78.541647455342513, 17.442435943064677 ], [ 78.541649343000074, 17.442701023000051 ], [ 78.541615248000099, 17.442992209000078 ], [ 78.541612849000046, 17.443134303000051 ], [ 78.541693275000071, 17.443318106000092 ], [ 78.541771644000065, 17.443576626000041 ], [ 78.541832348000071, 17.443718694000051 ], [ 78.54185514068152, 17.443834245407345 ], [ 78.541901448000047, 17.444069008000042 ], [ 78.541888116000067, 17.444162674000051 ], [ 78.541956671000023, 17.444417434000069 ], [ 78.541977763000048, 17.44454366700009 ], [ 78.541997213000059, 17.444743022000093 ], [ 78.542036157000055, 17.444851444000069 ], [ 78.542123887000074, 17.445106802000058 ], [ 78.542197399000031, 17.445346344000047 ], [ 78.542251378000088, 17.44542120500007 ], [ 78.542320994000093, 17.445689179000063 ], [ 78.54236279800007, 17.445962468000086 ], [ 78.542408302000069, 17.446163755000065 ], [ 78.542426913204849, 17.446265603663996 ], [ 78.54247622700008, 17.446535470000082 ], [ 78.542512313000046, 17.446810223000067 ], [ 78.542552642000032, 17.447109219000048 ], [ 78.542543412000043, 17.447212112000056 ], [ 78.542536010000049, 17.447496501000042 ], [ 78.542514009000072, 17.447634116000089 ], [ 78.542476830000055, 17.447854805000105 ], [ 78.542441648000079, 17.447926631000037 ], [ 78.542369113000092, 17.448201287000071 ], [ 78.542323283000044, 17.448445519000096 ], [ 78.542276975000064, 17.44864671400007 ], [ 78.542257945453031, 17.448953837673116 ], [ 78.542254476000039, 17.44900983200008 ], [ 78.542223868000093, 17.449414956000062 ], [ 78.542183586000093, 17.449573293000078 ], [ 78.542128525000066, 17.44990340100005 ], [ 78.542111838000039, 17.450017247000087 ], [ 78.542100865000066, 17.450200334000041 ], [ 78.542100867000073, 17.450206647000094 ], [ 78.542109712000084, 17.450278195000074 ], [ 78.542113655000037, 17.450354798000038 ], [ 78.542208585000097, 17.450503623000053 ], [ 78.542212804000044, 17.450511668000086 ], [ 78.542217024000081, 17.450519713000109 ], [ 78.542360453000086, 17.450678581000066 ], [ 78.542449605000058, 17.450773684000101 ], [ 78.542621712000098, 17.450977742000113 ], [ 78.542699150000033, 17.451091872000074 ], [ 78.542818466000114, 17.451217170000088 ], [ 78.54294504761765, 17.451188151136115 ], [ 78.54294810600004, 17.451187450000084 ], [ 78.542986150000061, 17.451230315000053 ], [ 78.543036320000056, 17.451355632000059 ], [ 78.543058037000051, 17.451458247000097 ], [ 78.543068237000057, 17.451582322000014 ], [ 78.543069199489835, 17.451643501743366 ], [ 78.543070311000065, 17.451714154000083 ], [ 78.543104384000088, 17.45182271300007 ], [ 78.543189154000075, 17.451906765000054 ], [ 78.54319044278347, 17.451907379358214 ], [ 78.543195934000039, 17.451909997000026 ], [ 78.543324760000104, 17.451958466000086 ], [ 78.543473919000064, 17.451990759000083 ], [ 78.543633248000049, 17.452026284000059 ], [ 78.543656976000094, 17.452026277000119 ], [ 78.543667145000029, 17.452026274000055 ], [ 78.543826485000068, 17.452094136000028 ], [ 78.543955339000036, 17.452229914000071 ], [ 78.544203404000058, 17.452487132000059 ], [ 78.544251750000072, 17.452520931000048 ], [ 78.544362930000034, 17.45255163800007 ], [ 78.544495054000038, 17.452580802000071 ], [ 78.544501498000045, 17.452577726000115 ], [ 78.544617451000079, 17.4524239940001 ], [ 78.544662571000075, 17.452448572000055 ], [ 78.54488337700009, 17.452686739000082 ], [ 78.544943024000091, 17.452791237000049 ], [ 78.545104204000054, 17.452987923000052 ], [ 78.545297248000054, 17.453193690000035 ], [ 78.545489314000065, 17.453384766000067 ], [ 78.545556528044301, 17.453449638786935 ], [ 78.545752446000051, 17.453638732000105 ], [ 78.545561305000049, 17.453819417000037 ], [ 78.545628145000094, 17.453858356000097 ], [ 78.545772965000097, 17.453938001000058 ], [ 78.545886378000048, 17.454003024000045 ], [ 78.546043003000094, 17.454123496000022 ], [ 78.546016338000072, 17.454199889000076 ], [ 78.546048395000085, 17.454284752000042 ], [ 78.546048397000064, 17.454289845000087 ], [ 78.546050178000044, 17.454296634000062 ], [ 78.546055520000039, 17.454306817000042 ], [ 78.546151681000097, 17.454529154000074 ], [ 78.546235600000045, 17.454618313000054 ], [ 78.546344388000094, 17.454764382000089 ], [ 78.546474603000036, 17.454865153000107 ], [ 78.54652210200004, 17.454927963000067 ], [ 78.546537216115155, 17.454948895902916 ], [ 78.546603312000059, 17.455040438000044 ], [ 78.546652436000045, 17.455096241000049 ], [ 78.546840967000051, 17.455027537000039 ], [ 78.54694564800009, 17.455303189000077 ], [ 78.547032133000059, 17.455436866000102 ], [ 78.547070017000067, 17.455426735000085 ], [ 78.547130692000067, 17.455591526000035 ], [ 78.54712917500008, 17.455587189000028 ], [ 78.547186538000062, 17.455735404000066 ], [ 78.547301290000078, 17.456017444000075 ], [ 78.547435430000093, 17.456338722000076 ], [ 78.5475330169606, 17.456610685404932 ], [ 78.547561299000066, 17.456689504000053 ], [ 78.547717799000068, 17.456888897000095 ], [ 78.548025187000079, 17.456821305000062 ], [ 78.548048395335385, 17.456919200525981 ], [ 78.548072423000079, 17.457020552000117 ], [ 78.548135417000083, 17.457238599000029 ], [ 78.548162962000049, 17.457388972000043 ], [ 78.548174730000099, 17.457595728000062 ], [ 78.548131341000072, 17.457757361000066 ], [ 78.548091876000058, 17.457982901000054 ], [ 78.54798930000004, 17.458433975000048 ], [ 78.547936804147255, 17.458733980558421 ], [ 78.54792220800006, 17.458817395000029 ], [ 78.548036461000052, 17.458922679000093 ] ] } },
{ "type": "Feature", "properties": { "FID": 69, "Nala_ID": "ABC", "Nala_Name": "AS RAO NAGAR TO BANDA CHERVU", "Circle": "Circle-17", "District": "RANGA REDDY", "Total_Seg": 21, "Length_m": 3166.0, "Govt_Encr": 0, "Pvt_Encr": 0, "Rel_Encr": 0, "Total_Encr": 0, "Court_Case": 0, "Mandal": " ", "Village": " ", "SNO": 70, "ZONE_NAME": "NORTH ZONE", "ZONE_ID": "NRZ", "length_m_calc": 3166.0082692410842 }, "geometry": { "type": "LineString", "coordinates": [ [ 78.547337012000128, 17.463956251000152 ], [ 78.547388358000092, 17.464055958000149 ], [ 78.546591443000139, 17.464337093000037 ], [ 78.546550779000157, 17.464265332000043 ], [ 78.545888387000048, 17.464488739000156 ], [ 78.546004374000177, 17.464909120000176 ], [ 78.546014657586895, 17.464939383566463 ], [ 78.546343, 17.465905658000032 ], [ 78.546351835479157, 17.465903630915907 ], [ 78.546783341000051, 17.465804632000033 ], [ 78.546856116000143, 17.466061894000212 ], [ 78.546568712695461, 17.466143117886009 ], [ 78.545915342000058, 17.466327767000053 ], [ 78.545973874000154, 17.466462953000104 ], [ 78.546366498000111, 17.467371634000205 ], [ 78.546723612388078, 17.467355151750986 ], [ 78.546965095000132, 17.467344006000044 ], [ 78.54729014100009, 17.467316377000181 ], [ 78.547618199, 17.467306431000079 ], [ 78.547955910000155, 17.467221780000042 ], [ 78.548535903000086, 17.467133637000138 ], [ 78.548969365000062, 17.467001218000132 ], [ 78.549161562964969, 17.466942795086904 ], [ 78.549320452000089, 17.466894497000069 ], [ 78.549451627, 17.466854016000227 ], [ 78.549574485000051, 17.466869228000029 ], [ 78.549843793306607, 17.466774408818825 ], [ 78.550003379000032, 17.466718221000075 ], [ 78.550171466000165, 17.466658317000075 ], [ 78.550315541000103, 17.46658607800002 ], [ 78.550419971000011, 17.466538851000124 ], [ 78.550648710000189, 17.4664783210001 ], [ 78.550760508000067, 17.466449484000147 ], [ 78.550824102000163, 17.466413087000038 ], [ 78.550877804000166, 17.466394214000161 ], [ 78.550997927000097, 17.466364558000187 ], [ 78.551139248000155, 17.46634299 ], [ 78.551178817000121, 17.466348382000106 ], [ 78.551197189000064, 17.466365907000043 ], [ 78.551198602000056, 17.46636860300011 ], [ 78.551201429000017, 17.466372647000096 ], [ 78.551229693000039, 17.46642791700005 ], [ 78.551251083000082, 17.466471545000054 ], [ 78.55128155500006, 17.466557424000179 ], [ 78.551310641000171, 17.46660630900006 ], [ 78.551330032000067, 17.466615558000207 ], [ 78.551332802000175, 17.466615558000186 ], [ 78.551379895000039, 17.46661952200018 ], [ 78.551407596000118, 17.466643304000197 ], [ 78.551482390000103, 17.46670275800011 ], [ 78.551486546000092, 17.466704079000113 ], [ 78.551577961000078, 17.466756928000162 ], [ 78.551641650000136, 17.466789124000126 ], [ 78.551675869000192, 17.466834588 ], [ 78.551679535000133, 17.466839251000142 ], [ 78.551683642882821, 17.466847244520132 ], [ 78.551710088000121, 17.46689870400013 ], [ 78.55174919500007, 17.466981472000072 ], [ 78.551761817000013, 17.467015916000101 ], [ 78.551818899000139, 17.467098724 ], [ 78.551843872000177, 17.467169055000056 ], [ 78.551897386000135, 17.467291566000139 ], [ 78.551927456000172, 17.467332411000072 ], [ 78.551984125000104, 17.467405049000071 ], [ 78.552041680000187, 17.467454882 ], [ 78.552041680000187, 17.467455727000161 ], [ 78.552107204000094, 17.467490356000141 ], [ 78.552132882000095, 17.467494579000199 ], [ 78.552179811000144, 17.467473464000062 ], [ 78.552296691000038, 17.467408427000134 ], [ 78.55237284100015, 17.467478531000111 ], [ 78.552378897000125, 17.467638198000031 ], [ 78.552349487000143, 17.46805215700013 ], [ 78.552360199815539, 17.468433792480159 ], [ 78.552361382000186, 17.468475906999966 ], [ 78.552634243000128, 17.468609062999981 ], [ 78.552796063000144, 17.468899596000153 ], [ 78.552980105000145, 17.469281588000133 ], [ 78.553278557000127, 17.469754965000135 ], [ 78.553295324000146, 17.46976775900016 ], [ 78.553298677000157, 17.46977095700003 ], [ 78.55332766139081, 17.46980871691326 ], [ 78.553436166000111, 17.469950073000142 ], [ 78.553553159999979, 17.470308139000057 ], [ 78.55355316100011, 17.47032833100014 ], [ 78.553671325340417, 17.470688178916433 ], [ 78.553753354655981, 17.470937983522468 ], [ 78.553794509000184, 17.471063311000044 ], [ 78.553949383000045, 17.471471574000144 ], [ 78.553961853000146, 17.471483467000184 ], [ 78.554141484895837, 17.47198266889658 ], [ 78.55420295700003, 17.472153500999983 ], [ 78.554202958000147, 17.47217332500006 ], [ 78.554340829478676, 17.472512336357276 ], [ 78.554469002000133, 17.472827498000086 ], [ 78.554635705000138, 17.473066233 ], [ 78.554905208156399, 17.473554930750065 ], [ 78.554954547000023, 17.473644398000147 ], [ 78.555116779000187, 17.473978484000092 ], [ 78.555417693165239, 17.474630742248046 ], [ 78.555441503000011, 17.47468235200007 ], [ 78.555515302000174, 17.474784412000151 ], [ 78.555746327026824, 17.474613501733284 ], [ 78.555876878000049, 17.474516921000184 ], [ 78.556042929000057, 17.474801987000124 ], [ 78.55636394300015, 17.474960347000057 ], [ 78.556931827000028, 17.474414781000075 ], [ 78.557148347000194, 17.474197441000154 ], [ 78.557198087784897, 17.474175996329407 ], [ 78.557490555000086, 17.474049905000086 ], [ 78.557713804978576, 17.473944654707715 ], [ 78.558056508000121, 17.473783088000115 ], [ 78.558428322000168, 17.473550805000102 ], [ 78.559010727000114, 17.473280844000108 ], [ 78.559592972000075, 17.473022586000106 ], [ 78.559951664000053, 17.472882851000133 ], [ 78.560011459000108, 17.472863598000071 ], [ 78.560180949566941, 17.473275773098905 ], [ 78.560197854000208, 17.473316882000073 ], [ 78.560286390000059, 17.473510194000117 ], [ 78.560842027161939, 17.473381921436488 ], [ 78.561978840000108, 17.473119475000146 ], [ 78.561892989000015, 17.47277799400009 ] ] } },
{ "type": "Feature", "properties": { "FID": 70, "Nala_ID": "RBD", "Nala_Name": "RUDRA NAGAR TO BON CHERVU DRAIN", "Circle": "Circle-16", "District": "RANGAREDDY", "Total_Seg": 7, "Length_m": 2188.0, "Govt_Encr": 0, "Pvt_Encr": 0, "Rel_Encr": 0, "Total_Encr": 0, "Court_Case": 0, "Mandal": " ", "Village": " ", "SNO": 71, "ZONE_NAME": "NORTH ZONE", "ZONE_ID": "NRZ", "length_m_calc": 1752.6681035984295 }, "geometry": { "type": "LineString", "coordinates": [ [ 78.499671197000055, 17.488833436000075 ], [ 78.499904331000053, 17.48873840000007 ], [ 78.500327377000076, 17.488568331000078 ], [ 78.500405960000094, 17.488533320000059 ], [ 78.500434780000049, 17.488535808000051 ], [ 78.500450513000033, 17.488569536000057 ], [ 78.500453134000068, 17.488573283000076 ], [ 78.500455757000054, 17.488582028000049 ], [ 78.500479366000036, 17.488656984000055 ], [ 78.500510827000099, 17.488714445000049 ], [ 78.500563513000031, 17.488768578000066 ], [ 78.500616693000055, 17.48877130100005 ], [ 78.501006561000068, 17.488657523000054 ], [ 78.501179922000063, 17.488650029000052 ], [ 78.501320314000068, 17.489006690000068 ], [ 78.501352900000029, 17.489151188000076 ], [ 78.501568655001051, 17.489154204061101 ], [ 78.501602703000074, 17.48915468000008 ], [ 78.501839346000068, 17.489124140000065 ], [ 78.50206098200006, 17.489141974000084 ], [ 78.502112632000049, 17.489601743000041 ], [ 78.502798199000054, 17.489681608000083 ], [ 78.50283376839117, 17.489684653958957 ], [ 78.502940549000087, 17.489693798000065 ], [ 78.503143382000076, 17.48969212400003 ], [ 78.503326415139441, 17.489673604806807 ], [ 78.503555736000081, 17.48965040200007 ], [ 78.503567520000033, 17.489771907000065 ], [ 78.503601205000066, 17.490158807000086 ], [ 78.503972634000021, 17.490445887000085 ], [ 78.504111525000056, 17.490469678000064 ], [ 78.504553150000049, 17.490427124000053 ], [ 78.505097551000091, 17.490389829000033 ], [ 78.505231442000095, 17.490411504000058 ], [ 78.505453844000044, 17.490413439000086 ], [ 78.505665777000047, 17.490702243000069 ], [ 78.505932929000053, 17.491093795000058 ], [ 78.50603829798365, 17.49125087540677 ], [ 78.506369710000072, 17.491744931000021 ], [ 78.506508059000069, 17.491870200000072 ], [ 78.50656529700008, 17.492237652000032 ], [ 78.507016655000044, 17.492170188000063 ], [ 78.507417448000083, 17.492115788000067 ], [ 78.507755958000089, 17.492074327000093 ], [ 78.507941907528618, 17.492064857609851 ], [ 78.508164892000096, 17.492053502000065 ], [ 78.508432751000058, 17.492008856000048 ], [ 78.509093091000068, 17.491911262000052 ], [ 78.50955080600005, 17.492869517000038 ], [ 78.509647523147621, 17.49284334756501 ], [ 78.510179991000044, 17.492699273000046 ], [ 78.510916189000056, 17.492527152000036 ], [ 78.511209894000046, 17.492417375000088 ], [ 78.51126602100004, 17.492419493000053 ], [ 78.511405231000083, 17.492455837000044 ], [ 78.511470357000078, 17.492498634000082 ], [ 78.51167463600008, 17.492451443000054 ], [ 78.512073008000073, 17.492361694000092 ], [ 78.512279903000049, 17.492330952000053 ], [ 78.512406449000082, 17.492309824000074 ], [ 78.512512923000031, 17.492321275000091 ], [ 78.512611637698456, 17.492336171728457 ] ] } },
{ "type": "Feature", "properties": { "FID": 71, "Nala_ID": "BPN", "Nala_Name": "BAHADURPURA NALA", "Circle": "Circle-5", "District": "HYDERABAD", "Total_Seg": 13, "Length_m": 980.0, "Govt_Encr": 0, "Pvt_Encr": 0, "Rel_Encr": 0, "Total_Encr": 0, "Court_Case": 0, "Mandal": " ", "Village": " ", "SNO": 72, "ZONE_NAME": "SOUTH ZONE", "ZONE_ID": "STZ", "length_m_calc": 980.3442005287111 }, "geometry": { "type": "MultiLineString", "coordinates": [ [ [ 78.455965530065043, 17.361709167796242 ], [ 78.455970058000048, 17.361754370000032 ], [ 78.455799110000058, 17.361810268000056 ], [ 78.455653313000084, 17.361864994000037 ], [ 78.455579979000049, 17.361848076000058 ], [ 78.455466648000083, 17.361845387000077 ], [ 78.455419159398787, 17.361844834682405 ] ], [ [ 78.460939692000068, 17.358005469000034 ], [ 78.460911358000033, 17.358053997000074 ], [ 78.460891937000056, 17.358102028000079 ], [ 78.460876504000055, 17.358142154000067 ], [ 78.460869627000079, 17.358161317000054 ], [ 78.460859133000056, 17.358179828000061 ], [ 78.460833070000035, 17.358192377000023 ], [ 78.460825725000063, 17.358203883000048 ], [ 78.460827006503763, 17.35824201993297 ] ], [ [ 78.460827006503763, 17.35824201993297 ], [ 78.460827563000066, 17.358258581000033 ], [ 78.460848492000096, 17.358409135000045 ], [ 78.460854609000094, 17.358461233000074 ], [ 78.460832173000085, 17.358502976000072 ], [ 78.460768440000052, 17.358528524000068 ], [ 78.460677401000055, 17.358562924000072 ], [ 78.460544822000031, 17.358593224000064 ], [ 78.460414268000079, 17.358625244000056 ], [ 78.460310740000068, 17.358643843000042 ], [ 78.46022539500008, 17.358661430000044 ], [ 78.460194959746531, 17.358666897703902 ] ], [ [ 78.460194959746531, 17.358666897703902 ], [ 78.460121866000065, 17.35868002900003 ], [ 78.459954272000076, 17.358717804000037 ], [ 78.459745741000077, 17.358777997000068 ], [ 78.459685466000053, 17.358796730000055 ], [ 78.459532873000057, 17.358782081000076 ], [ 78.459320803806264, 17.35884463512885 ] ], [ [ 78.459320803806264, 17.35884463512885 ], [ 78.459204582000041, 17.35887891700003 ], [ 78.458981248000043, 17.35896188900006 ], [ 78.458860598000072, 17.359003089000058 ], [ 78.458969769000078, 17.359150436000053 ], [ 78.458774536000078, 17.359193178000055 ], [ 78.458766429994654, 17.359289276857666 ] ], [ [ 78.458766429994654, 17.359289276857666 ], [ 78.458765934000041, 17.35929515700008 ], [ 78.458781959000078, 17.359435891000032 ], [ 78.458811197000045, 17.359630903000046 ], [ 78.458821799000077, 17.359743614000028 ], [ 78.458869356996189, 17.360004467477562 ] ], [ [ 78.458869356996189, 17.360004467477562 ], [ 78.458901809000054, 17.36018246500004 ], [ 78.458895153000071, 17.360247757000028 ], [ 78.458777033103033, 17.360266281367327 ] ], [ [ 78.458777033103033, 17.360266281367327 ], [ 78.458620601000078, 17.360290814000056 ], [ 78.458395100000075, 17.360324606000066 ], [ 78.457962030000033, 17.360368328000057 ], [ 78.457971047000058, 17.360599723000071 ], [ 78.457905877262732, 17.36060176885432 ] ], [ [ 78.457905877262732, 17.36060176885432 ], [ 78.457769533000032, 17.360606049000072 ], [ 78.457648263000067, 17.360609538000066 ], [ 78.457633238000085, 17.360677331000034 ], [ 78.457769960000064, 17.360870583000068 ], [ 78.457831474000045, 17.361009143000054 ], [ 78.457654404000039, 17.361079430000078 ], [ 78.457461099479985, 17.361150165754427 ] ], [ [ 78.457461099479985, 17.361150165754427 ], [ 78.457364875000053, 17.361185377000027 ], [ 78.457202511256355, 17.361258104870867 ] ], [ [ 78.457202511256355, 17.361258104870867 ], [ 78.457106735000082, 17.36130100600008 ], [ 78.45686704600007, 17.36139274500005 ], [ 78.456683596950597, 17.361470577844639 ] ], [ [ 78.456683596950597, 17.361470577844639 ], [ 78.456570184000043, 17.361518696000079 ], [ 78.456416785000044, 17.361584398000051 ], [ 78.456249716000059, 17.361645055000057 ], [ 78.456146241000056, 17.361649498000077 ], [ 78.456029140000055, 17.361657340000022 ], [ 78.455962956000064, 17.361683471000049 ], [ 78.455965530065043, 17.361709167796242 ] ], [ [ 78.455419159398787, 17.361844834682405 ], [ 78.455199261000075, 17.361842277000054 ], [ 78.454948347000084, 17.36187725200006 ] ] ] } },
{ "type": "Feature", "properties": { "FID": 72, "Nala_ID": "TNN", "Nala_Name": "TO NTR NAGAR DRAIN", "Circle": " ", "District": " ", "Total_Seg": 2, "Length_m": 585.0, "Govt_Encr": 0, "Pvt_Encr": 0, "Rel_Encr": 0, "Total_Encr": 0, "Court_Case": 0, "Mandal": " ", "Village": " ", "SNO": 73, "ZONE_NAME": "NORTH ZONE", "ZONE_ID": "NRZ", "length_m_calc": 585.03336422873758 }, "geometry": { "type": "LineString", "coordinates": [ [ 78.430530470119933, 17.508146227284328 ], [ 78.430434562000073, 17.508076061000086 ], [ 78.430431127000077, 17.508069504000062 ], [ 78.430427691000048, 17.508066225000078 ], [ 78.430345230000071, 17.507966224000047 ], [ 78.430336640000078, 17.507958027000036 ], [ 78.430211191000055, 17.507931768000063 ], [ 78.430207754000037, 17.507931767000084 ], [ 78.430125264000068, 17.50792518700009 ], [ 78.430118392000054, 17.507916990000052 ], [ 78.430089180000053, 17.50790387000011 ], [ 78.429908716000057, 17.507944793000068 ], [ 78.429683576000073, 17.50795947800006 ], [ 78.429667604000045, 17.507848863000049 ], [ 78.429559887000053, 17.507649131000072 ], [ 78.429553733000034, 17.507634446000065 ], [ 78.42955065600006, 17.507628571000055 ], [ 78.429430597000092, 17.507505192000064 ], [ 78.429421364000078, 17.507490506000064 ], [ 78.429322853000045, 17.507393563000051 ], [ 78.429014881000057, 17.507490387000104 ], [ 78.428920426000076, 17.507507292000078 ], [ 78.428640076000079, 17.507720392000085 ], [ 78.428473239000098, 17.507858091000088 ], [ 78.428347988602198, 17.507776219920888 ], [ 78.428336573000095, 17.507768758000076 ], [ 78.428083466000047, 17.507898881000084 ], [ 78.428083465000043, 17.507902056000063 ], [ 78.428078468000095, 17.507909994000045 ], [ 78.427838676000093, 17.50804964700006 ], [ 78.427521929000093, 17.508136458000067 ], [ 78.42751940100004, 17.508141276000075 ], [ 78.427355120000087, 17.508280986000063 ], [ 78.426902814000073, 17.508362777000098 ], [ 78.426895233000039, 17.508365185000091 ], [ 78.426885125000084, 17.50837000100007 ], [ 78.426847207000037, 17.508420592000071 ], [ 78.426795619000075, 17.508409594000085 ], [ 78.426781171000073, 17.508409590000085 ], [ 78.42671976400004, 17.508409571000072 ], [ 78.426636669000061, 17.508457773000053 ], [ 78.426625831000081, 17.508461215000082 ], [ 78.426614992000054, 17.508468101000066 ], [ 78.426605959000085, 17.508476710000053 ], [ 78.426595120000073, 17.50848359700009 ], [ 78.42647949600007, 17.508588628000052 ], [ 78.426477689000095, 17.508592073000074 ], [ 78.426470462000069, 17.508598960000047 ], [ 78.426251869000041, 17.508769411000074 ], [ 78.426017031000086, 17.508908855000094 ] ] } },
{ "type": "Feature", "properties": { "FID": 73, "Nala_ID": "NNC", "Nala_Name": "NTR NAGAR TO CHEMICAL NALA", "Circle": "Circle-15", "District": "RANGAREDDY", "Total_Seg": 6, "Length_m": 1736.0, "Govt_Encr": 0, "Pvt_Encr": 0, "Rel_Encr": 0, "Total_Encr": 0, "Court_Case": 0, "Mandal": " ", "Village": " ", "SNO": 74, "ZONE_NAME": "NORTH ZONE", "ZONE_ID": "NRZ", "length_m_calc": 1736.6905886213417 }, "geometry": { "type": "LineString", "coordinates": [ [ 78.438071988000047, 17.502024774000091 ], [ 78.437970705000055, 17.502099812000058 ], [ 78.437828766000067, 17.502434439000091 ], [ 78.437772381000059, 17.502663983000094 ], [ 78.437591761000078, 17.503017232000055 ], [ 78.43759174700007, 17.503039794000085 ], [ 78.437591739000098, 17.50305268600005 ], [ 78.437574755000071, 17.503191272000052 ], [ 78.437571369000096, 17.503200940000056 ], [ 78.437561220000077, 17.503217050000035 ], [ 78.43755107000004, 17.503236383000054 ], [ 78.437469904000054, 17.503323362000089 ], [ 78.437456386000065, 17.503323355000081 ], [ 78.43743948000008, 17.503336238000024 ], [ 78.437425957000073, 17.503342677000067 ], [ 78.437331297000085, 17.503390971000069 ], [ 78.437327911000096, 17.503400638000116 ], [ 78.437280540000089, 17.503490860000078 ], [ 78.437243951767087, 17.503561712187249 ], [ 78.43697809600009, 17.504076533000049 ], [ 78.437100679124995, 17.50439293210205 ], [ 78.437103037000057, 17.504399018000093 ], [ 78.437103005000054, 17.504451494000026 ], [ 78.437122868000074, 17.504685263000042 ], [ 78.437122862000095, 17.504694804000092 ], [ 78.437112843000094, 17.504718652000069 ], [ 78.437102832000051, 17.504728187000104 ], [ 78.437087814000066, 17.504747261000041 ], [ 78.437072798000031, 17.504761564000042 ], [ 78.437057780000032, 17.504780638000053 ], [ 78.436912644000088, 17.504895050000069 ], [ 78.436887621000039, 17.504914118000048 ], [ 78.436867606000092, 17.504923648000062 ], [ 78.436832575000068, 17.504947481000052 ], [ 78.436487280000051, 17.505171503000071 ], [ 78.436472270000095, 17.50517626500006 ], [ 78.436332120000046, 17.505314534000046 ], [ 78.436211915000086, 17.505400548000065 ], [ 78.436151908000056, 17.505468424000085 ], [ 78.436125666000066, 17.50547913200008 ], [ 78.435975731000042, 17.505514788000053 ], [ 78.435960733000073, 17.505525503000083 ], [ 78.435949488000077, 17.505529070000037 ], [ 78.435837002000099, 17.505611214000055 ], [ 78.435810762000074, 17.505618347000063 ], [ 78.435694546000036, 17.50567189400007 ], [ 78.435675803000038, 17.50567903200006 ], [ 78.435555857000068, 17.505703983000071 ], [ 78.435544611000083, 17.505707551000071 ], [ 78.435518374000097, 17.505711110000082 ], [ 78.435457925919806, 17.505724480084808 ], [ 78.435357195000066, 17.505746760000033 ], [ 78.435345951000045, 17.505746753000057 ], [ 78.435323457000038, 17.505757463000055 ], [ 78.435139800000073, 17.505778803000048 ], [ 78.435128554000073, 17.50578237100007 ], [ 78.434727454000054, 17.505907239000067 ], [ 78.434511105000084, 17.506026710000089 ], [ 78.434307143000069, 17.506113352000064 ], [ 78.434291454000061, 17.506119326000046 ], [ 78.434137676000063, 17.506217964000033 ], [ 78.43398079400005, 17.506265741000067 ], [ 78.433867882000087, 17.506232766000068 ], [ 78.433852197000078, 17.50623275700011 ], [ 78.433748661000052, 17.506253639000025 ], [ 78.433742385000087, 17.506256627000027 ], [ 78.433729836000069, 17.506256620000087 ], [ 78.433717282000032, 17.506265588000083 ], [ 78.433645113000082, 17.506292471000052 ], [ 78.43363569800006, 17.506298449000049 ], [ 78.433623140000066, 17.506313401000067 ], [ 78.433582324000042, 17.506367228000087 ], [ 78.433572905000062, 17.506379190000075 ], [ 78.433563480000046, 17.506400126000088 ], [ 78.433488149000084, 17.506465901000077 ], [ 78.43347245700005, 17.506474867000069 ], [ 78.433456766000063, 17.506483833000054 ], [ 78.433343801000049, 17.506531635000059 ], [ 78.43333752500007, 17.506534623000082 ], [ 78.433262198000094, 17.506591423000071 ], [ 78.433262196000044, 17.506594415000059 ], [ 78.433262182000078, 17.50661535700004 ], [ 78.433274684000096, 17.506687166000049 ], [ 78.433258960000046, 17.506746992000057 ], [ 78.433252682000045, 17.506752972000083 ], [ 78.433164808000086, 17.506806773000093 ], [ 78.433089493000082, 17.506845622000089 ], [ 78.433085061456353, 17.506842386917928 ], [ 78.433013882000068, 17.506790425000077 ], [ 78.432871034000101, 17.506795791000087 ], [ 78.43286532000009, 17.506795787000062 ], [ 78.432845322000063, 17.506795776000061 ], [ 78.432725315000098, 17.506822951000085 ], [ 78.432625325000075, 17.506820167000068 ], [ 78.432622469000094, 17.506820166000111 ], [ 78.432542490000074, 17.506798322000094 ], [ 78.432533919000051, 17.506798317000076 ], [ 78.432511066000089, 17.506795579000041 ], [ 78.432502497000044, 17.506792849000089 ], [ 78.432396792000091, 17.506792787000073 ], [ 78.432379650000044, 17.506792777000065 ], [ 78.432333921000065, 17.506822720000081 ], [ 78.43233106200006, 17.506825443000029 ], [ 78.432293873000049, 17.506901709000072 ], [ 78.432282436000051, 17.506915325000044 ], [ 78.43227100200005, 17.506926216000089 ], [ 78.432196687000044, 17.506980664000054 ], [ 78.432185254000046, 17.506988831000065 ], [ 78.432168106000063, 17.506999719000106 ], [ 78.43210236300007, 17.50705144700007 ], [ 78.432099505000068, 17.507054170000075 ], [ 78.432082353000069, 17.50707050700003 ], [ 78.431988039000046, 17.507124942000114 ], [ 78.431979462000072, 17.507135836000046 ], [ 78.43197088900007, 17.507138555000079 ], [ 78.43195659900006, 17.507146720000041 ], [ 78.43193373700008, 17.507157605000039 ], [ 78.431842302000078, 17.507179347000061 ], [ 78.431825153000034, 17.507190236000046 ], [ 78.431770841000059, 17.507236521000042 ], [ 78.431765119000033, 17.507250140000082 ], [ 78.431759400000047, 17.507258311000061 ], [ 78.43172790000007, 17.507369999000048 ], [ 78.431727895000051, 17.507378173000085 ], [ 78.431725029000077, 17.507391794000071 ], [ 78.431725019000083, 17.507408142000038 ], [ 78.43171357500006, 17.507432656000052 ], [ 78.431661970000064, 17.507707808000074 ], [ 78.431609065000032, 17.507764977000015 ], [ 78.43134858600007, 17.507895332000029 ], [ 78.43131938398804, 17.507908795467337 ], [ 78.431167966000046, 17.507978606000055 ], [ 78.431164164000066, 17.50797860400009 ], [ 78.431103316000076, 17.508018446000086 ], [ 78.430920839000066, 17.508032838000087 ], [ 78.430816297000064, 17.508038214000088 ], [ 78.430745947000048, 17.508043011000083 ], [ 78.430530470119933, 17.508146227284328 ], [ 78.430506392000041, 17.50815776100006 ], [ 78.43034622600004, 17.508230433000051 ], [ 78.430208695000033, 17.508298119000081 ], [ 78.430077328000053, 17.508387906000053 ], [ 78.42999747600004, 17.508423375000064 ], [ 78.42990076100007, 17.508509966000105 ], [ 78.429821454000034, 17.508581818000067 ], [ 78.429757620000032, 17.508640775000067 ], [ 78.429726669000047, 17.508672097000069 ], [ 78.42969761800002, 17.508753198000033 ], [ 78.429695682000045, 17.508756884000075 ], [ 78.429672442000083, 17.508819553000027 ], [ 78.429672435000057, 17.508830614000061 ], [ 78.429662733000058, 17.508884073000072 ], [ 78.429632397000034, 17.508913873000047 ], [ 78.429565409000091, 17.508991347000087 ], [ 78.429563813000087, 17.508994386000037 ], [ 78.429533318388764, 17.509020142404871 ], [ 78.429479297000071, 17.50906577000006 ], [ 78.429476107000099, 17.509070328000078 ], [ 78.429391608000074, 17.509117393000086 ], [ 78.429302328000077, 17.50916293600006 ], [ 78.429252052000052, 17.509204448000069 ], [ 78.429206924000098, 17.509248966000051 ], [ 78.429180980000069, 17.50926708500004 ], [ 78.429142393000078, 17.509295355000067 ], [ 78.429139425000088, 17.509297239000077 ], [ 78.429136457000098, 17.509299124000055 ], [ 78.429098868000054, 17.509314191000076 ], [ 78.42909392100006, 17.509317017000072 ], [ 78.429066219000077, 17.509334919000054 ], [ 78.428964284000074, 17.50944708800008 ], [ 78.428939132000039, 17.509482467000105 ], [ 78.428906124000051, 17.509518492000044 ], [ 78.428873098371156, 17.509549581564087 ], [ 78.428802224000037, 17.509616301000076 ], [ 78.428825099000051, 17.509671456000049 ], [ 78.428900309000099, 17.509776563000077 ], [ 78.42896081400005, 17.509904424000084 ], [ 78.429058022000063, 17.510062075000057 ], [ 78.429122218000046, 17.510163673000047 ], [ 78.429194151000061, 17.510186784000066 ], [ 78.429244106000084, 17.510232840000096 ], [ 78.429292311000054, 17.510319990000042 ], [ 78.429292310000051, 17.510321633000093 ], [ 78.429319831000043, 17.510407127000096 ], [ 78.429490831000081, 17.510689990000081 ], [ 78.429506373000052, 17.510752700000069 ], [ 78.429198636000095, 17.510905426000047 ], [ 78.429213516000075, 17.510958777000024 ], [ 78.429219106000076, 17.510964115000061 ], [ 78.429332782000074, 17.511047752000046 ], [ 78.429285264000058, 17.511149310000096 ], [ 78.429294061000064, 17.511237138000087 ], [ 78.429295828000093, 17.511242206000109 ], [ 78.429295824000064, 17.511248961000053 ], [ 78.429299303000064, 17.511343542000056 ], [ 78.429299299000036, 17.511348609000081 ], [ 78.429299293000057, 17.511358742000034 ], [ 78.429299287000049, 17.511367187000108 ], [ 78.429309848000074, 17.511465149000092 ], [ 78.429311613000039, 17.511473595000052 ], [ 78.429300929000092, 17.511561411000059 ], [ 78.429212268000072, 17.511728559000083 ] ] } },
{ "type": "Feature", "properties": { "FID": 74, "Nala_ID": "MCN", "Nala_Name": "MARKANDAYA NAGAR TO CHEMICAL NALA", "Circle": "Circle-15", "District": "RANGAREDDY", "Total_Seg": 15, "Length_m": 4351.0, "Govt_Encr": 0, "Pvt_Encr": 0, "Rel_Encr": 0, "Total_Encr": 0, "Court_Case": 0, "Mandal": " ", "Village": " ", "SNO": 75, "ZONE_NAME": "NORTH ZONE", "ZONE_ID": "NRZ", "length_m_calc": 4351.751713951975 }, "geometry": { "type": "LineString", "coordinates": [ [ 78.435702688000049, 17.519503159000116 ], [ 78.435838977000074, 17.519425270000074 ], [ 78.435999654000057, 17.519339760000037 ], [ 78.43606305100009, 17.51931034500009 ], [ 78.43609718600004, 17.519298738000057 ], [ 78.436102062000046, 17.519297966000074 ], [ 78.43612562800007, 17.519296428000118 ], [ 78.43612969100009, 17.519296430000054 ], [ 78.436137004000059, 17.519297208000101 ], [ 78.436154877000035, 17.519304191000103 ], [ 78.436159750000058, 17.519308068000068 ], [ 78.436197104000044, 17.519353805000083 ], [ 78.436226841000078, 17.519416969000105 ], [ 78.436230154000043, 17.51941697000008 ], [ 78.436268783000074, 17.519441205000113 ], [ 78.436348275000071, 17.519441244000056 ], [ 78.436358212000101, 17.519441249000092 ], [ 78.436560269000069, 17.51941818500007 ], [ 78.436629070000052, 17.519389445000069 ], [ 78.436643630000049, 17.519357382000067 ], [ 78.436660926000059, 17.519307986000065 ], [ 78.437092159000031, 17.519068950000115 ], [ 78.437145725000065, 17.519032523000089 ], [ 78.437141408000059, 17.518997377000083 ], [ 78.437139243000061, 17.518992207000093 ], [ 78.437107838000045, 17.51893740900006 ], [ 78.437144697000079, 17.518927090000055 ], [ 78.437147950000067, 17.518925025000065 ], [ 78.437190233000095, 17.518907473000077 ], [ 78.437192400000086, 17.518908508000035 ], [ 78.437233564000053, 17.518956076000077 ], [ 78.437269340000071, 17.518942656000053 ], [ 78.437272593000046, 17.518941624000057 ], [ 78.437276929000078, 17.518939558000067 ], [ 78.437285603000078, 17.518936462000095 ], [ 78.437309454000072, 17.518926137000051 ], [ 78.437310538000091, 17.518926137000054 ], [ 78.437317041000085, 17.518927174000058 ], [ 78.437348470000074, 17.518936492000051 ], [ 78.437354974000073, 17.518936495000059 ], [ 78.437408094000034, 17.518922050000061 ], [ 78.437457968000047, 17.518870141000043 ], [ 78.437493599000064, 17.518833683000015 ], [ 78.437389511000077, 17.518631133000042 ], [ 78.437431737000068, 17.518594678000085 ], [ 78.437437012000046, 17.518594681000028 ], [ 78.437442288000071, 17.518594683000089 ], [ 78.437524085000078, 17.518551959000042 ], [ 78.437532001000108, 17.518548189000057 ], [ 78.43753727800005, 17.518544419000047 ], [ 78.437576848000049, 17.518541922000072 ], [ 78.437578166000051, 17.518543181000041 ], [ 78.437623056178467, 17.5186049419586 ], [ 78.437667788000056, 17.51866648500004 ], [ 78.437733381000058, 17.518684513000082 ], [ 78.437789139000074, 17.51877612500008 ], [ 78.438029289000042, 17.518679705000082 ], [ 78.438236779000079, 17.518570713000035 ], [ 78.438505260000056, 17.518417272000029 ], [ 78.438552912000034, 17.518408718000053 ], [ 78.438555644000076, 17.518410023000069 ], [ 78.438617095000041, 17.518467379000093 ], [ 78.438619825000032, 17.518471289000043 ], [ 78.438684002000073, 17.518541675000098 ], [ 78.438764588000097, 17.518583406000069 ], [ 78.438858845000098, 17.518610812000102 ], [ 78.438949001000097, 17.518540185000084 ], [ 78.438966386000061, 17.518531153000033 ], [ 78.439181907652085, 17.518409168470914 ], [ 78.43918448800008, 17.518407708000044 ], [ 78.439351190000082, 17.518299907000038 ], [ 78.439418971000066, 17.518261813000077 ], [ 78.439447037000065, 17.518244800000058 ], [ 78.439478924000099, 17.518235086000107 ], [ 78.439484026000073, 17.51823387200006 ], [ 78.439528660000079, 17.518236326000046 ], [ 78.439533761000078, 17.518237544000058 ], [ 78.439537585000039, 17.518239978000054 ], [ 78.43956053000008, 17.518259448000059 ], [ 78.439625552000052, 17.518294747000049 ], [ 78.439695693000033, 17.518295996000063 ], [ 78.439774675000095, 17.518277052000045 ], [ 78.439901696000049, 17.51822535900007 ], [ 78.439901697000039, 17.51822225300004 ], [ 78.440002667000059, 17.518172618000072 ], [ 78.440017788565797, 17.518159161944659 ], [ 78.440101486000074, 17.518084683000058 ], [ 78.440102573000061, 17.518081578000043 ], [ 78.440148363000063, 17.518038038000057 ], [ 78.440193805000064, 17.51802400700009 ], [ 78.440296966000076, 17.51800180600004 ], [ 78.440483632000053, 17.517974961000075 ], [ 78.44056148100006, 17.517970818000052 ], [ 78.44079554300005, 17.517964324000054 ], [ 78.440903577000029, 17.517951168000028 ], [ 78.440964524000051, 17.517934027000027 ], [ 78.440968681000086, 17.517931387000033 ], [ 78.441028241000097, 17.517918208000044 ], [ 78.441033782000048, 17.517916890000059 ], [ 78.441111341000081, 17.517914284000049 ], [ 78.441171767000071, 17.517920498000063 ], [ 78.441256702000047, 17.517936288000069 ], [ 78.441361198000038, 17.517951058000097 ], [ 78.441433895000046, 17.51796594900004 ], [ 78.44150763800009, 17.517967964000043 ], [ 78.441564524000086, 17.517968046000103 ], [ 78.441660705000075, 17.517965353000044 ], [ 78.441789892000031, 17.517981840000086 ], [ 78.441977929000089, 17.518010675000038 ], [ 78.442153044000065, 17.518046348000048 ], [ 78.442275855000062, 17.518067376000044 ], [ 78.442383615000054, 17.518078493000083 ], [ 78.442390247000034, 17.518078496000062 ], [ 78.442498017000048, 17.518069059000037 ], [ 78.442506307000016, 17.518069063000066 ], [ 78.442600813000098, 17.51806120100003 ], [ 78.442607444000018, 17.518061204000091 ], [ 78.442760417152556, 17.518045589818307 ], [ 78.442761640000072, 17.518045465000089 ], [ 78.442898941000081, 17.518038800000081 ], [ 78.442996917000073, 17.51805716600008 ], [ 78.443087222000017, 17.518044383000095 ], [ 78.443091066000079, 17.518042552000047 ], [ 78.443098752000083, 17.518040723000077 ], [ 78.443240949000099, 17.517993152000052 ], [ 78.443250557000056, 17.517989492000019 ], [ 78.443352405000056, 17.517949231000046 ], [ 78.44336777500007, 17.517949238000025 ], [ 78.443425427000093, 17.51792178200003 ], [ 78.443429269000035, 17.517921784000098 ], [ 78.443515729000083, 17.517916327000034 ], [ 78.443632910000076, 17.517949359000077 ], [ 78.443723426000076, 17.517958759000074 ], [ 78.444003619000071, 17.518003423000078 ], [ 78.444192451000049, 17.518022872000092 ], [ 78.444317601000094, 17.518054277000044 ], [ 78.444398827000043, 17.518074061000085 ], [ 78.444478464000056, 17.518086248000056 ], [ 78.444524737000066, 17.518096977000027 ], [ 78.444613196000049, 17.518101235000078 ], [ 78.444617619000056, 17.518101237000071 ], [ 78.444626465000056, 17.518101241000103 ], [ 78.444697237000071, 17.518095648000045 ], [ 78.444703135000069, 17.518094245000068 ], [ 78.444769485000066, 17.518085839000062 ], [ 78.444778333000059, 17.518081625000057 ], [ 78.44486385600004, 17.518060574000064 ], [ 78.444871228000082, 17.518060577000028 ], [ 78.444884498000093, 17.518059177000055 ], [ 78.444913997000072, 17.518035289000096 ], [ 78.444916967000054, 17.517993111000084 ], [ 78.444913708000058, 17.517941294000021 ], [ 78.444926743000053, 17.517907875000059 ], [ 78.44494078200006, 17.517871591000098 ], [ 78.44495781600007, 17.517851544000063 ], [ 78.444979857000092, 17.517832453000068 ], [ 78.445037957000082, 17.517800009000062 ], [ 78.44523562500008, 17.517718703000071 ], [ 78.445321426352351, 17.517682206990255 ], [ 78.445375306000074, 17.517659289000086 ], [ 78.445470073000081, 17.517625405000068 ], [ 78.445549289000041, 17.517609539000045 ], [ 78.445736901000018, 17.517583118000058 ], [ 78.445914787000049, 17.517552718000069 ], [ 78.446079605000094, 17.517512078000081 ], [ 78.446179768000036, 17.517495143000087 ], [ 78.446331117000085, 17.517487781000082 ], [ 78.446431274000076, 17.517485703000055 ], [ 78.446456494000088, 17.517481856000085 ], [ 78.446474742000078, 17.517474035000074 ], [ 78.446478392000088, 17.517470557000067 ], [ 78.446481131000041, 17.517467079000042 ], [ 78.446487529000095, 17.517440985000075 ], [ 78.446487530000084, 17.517438375000044 ], [ 78.44648935700009, 17.517433157000053 ], [ 78.44650581400002, 17.517356613000072 ], [ 78.446561065000083, 17.517010452 ], [ 78.44667170000011, 17.517041383000056 ], [ 78.446882232000092, 17.517043387000065 ], [ 78.446938529000079, 17.517024894000045 ], [ 78.447026841000081, 17.516999128000094 ], [ 78.44703253800003, 17.516999131000063 ], [ 78.447116584000099, 17.516958424000073 ], [ 78.447212020000066, 17.516927228000064 ], [ 78.447321698000067, 17.516896039000098 ], [ 78.447475074000081, 17.516860782000066 ], [ 78.447637194000038, 17.516833656000102 ], [ 78.44767223982852, 17.516826578118575 ], [ 78.447806281000055, 17.516799507000034 ], [ 78.447848626000081, 17.51679040700007 ], [ 78.447866393000098, 17.516768273000018 ], [ 78.447889686000039, 17.516613285000076 ], [ 78.447932598000094, 17.516310195000074 ], [ 78.44794857200003, 17.516278718 ], [ 78.447985062000058, 17.51624540100007 ], [ 78.447991142000035, 17.516242505000083 ], [ 78.448001782000063, 17.516239611000067 ], [ 78.44805801900003, 17.516225143000053 ], [ 78.448065617000054, 17.516225146000092 ], [ 78.448193279000094, 17.516216505000074 ], [ 78.448332350000044, 17.516206262000029 ], [ 78.448514848000087, 17.516198968000023 ], [ 78.448758297000055, 17.516206660000023 ], [ 78.448751993000045, 17.516079195000039 ], [ 78.448742451000044, 17.515760470000039 ], [ 78.448761077000043, 17.515661974000054 ], [ 78.448799508000036, 17.515585946000076 ], [ 78.448852690000095, 17.515543721000022 ], [ 78.448852698000053, 17.515526822000027 ], [ 78.448861563000051, 17.515515560000047 ], [ 78.448891125000074, 17.515456426000075 ], [ 78.448897091000049, 17.515332503000039 ], [ 78.448903003000069, 17.515321239000091 ], [ 78.448923750000077, 17.515166340000075 ], [ 78.448947029854594, 17.515038415178097 ], [ 78.448977051000043, 17.514873446000038 ], [ 78.449148605000076, 17.514759937000068 ], [ 78.449438178000037, 17.514553019000047 ], [ 78.44951568700003, 17.514501849000069 ], [ 78.449622323000085, 17.514418721000048 ], [ 78.449624747000044, 17.514416412000077 ], [ 78.449653886000092, 17.514273181000053 ], [ 78.449656309000048, 17.514273182000075 ], [ 78.449668419000048, 17.51428011900008 ], [ 78.449673623000095, 17.51406783100003 ], [ 78.450008057000062, 17.514098148000091 ], [ 78.450184570000033, 17.514120883000054 ], [ 78.450334100000063, 17.513768081000027 ], [ 78.450498185000086, 17.513334773000075 ], [ 78.450517367435296, 17.513276786622367 ], [ 78.450684516000081, 17.512771513000079 ], [ 78.450810731000047, 17.512779590000051 ], [ 78.451152917000073, 17.512801131000085 ], [ 78.451386262000071, 17.512812552000071 ], [ 78.451381023000067, 17.51264783400006 ], [ 78.451365144000093, 17.512508452000105 ], [ 78.451457977000103, 17.512394857000064 ], [ 78.45180814500003, 17.512083452000109 ], [ 78.452189139000041, 17.511724860000083 ], [ 78.452251394776155, 17.511664352389246 ], [ 78.452533715000072, 17.511389959000038 ], [ 78.452739119000071, 17.511220932000075 ], [ 78.453084438000076, 17.510963476000025 ], [ 78.453421271000096, 17.510721672000066 ], [ 78.453828691000069, 17.510486327000031 ], [ 78.454119159000072, 17.510299516000039 ], [ 78.454344281000033, 17.510135756000082 ], [ 78.454465087000074, 17.510046208000084 ], [ 78.454490999557095, 17.510026937423536 ], [ 78.454555044000088, 17.509979309000077 ], [ 78.454809542000092, 17.509824623000078 ], [ 78.45497318200006, 17.509791707000034 ], [ 78.454810999000088, 17.508992287000083 ], [ 78.454746822000075, 17.50855809400004 ], [ 78.454902753000084, 17.508534922000013 ], [ 78.455061120000053, 17.5085117510001 ], [ 78.455195721000052, 17.508485683000053 ], [ 78.455231400000073, 17.508455935000036 ], [ 78.45521818900005, 17.508080359000097 ], [ 78.455221176000066, 17.508047763000047 ], [ 78.455249423000069, 17.508022264000061 ], [ 78.455250544956925, 17.508021929310615 ], [ 78.455372785000066, 17.507985464000058 ], [ 78.455641579000044, 17.507913170000034 ], [ 78.456000777000042, 17.50783037400004 ], [ 78.45607444500007, 17.507787934000117 ], [ 78.456156684000078, 17.507729162000032 ], [ 78.456268056000056, 17.507636099000045 ], [ 78.456340683000064, 17.507589370000094 ], [ 78.456431623000086, 17.507508304000076 ], [ 78.456482959000084, 17.507463579000081 ], [ 78.45648442600006, 17.507462181000083 ], [ 78.45652109100007, 17.50743842500005 ], [ 78.456563620000054, 17.507418865000069 ], [ 78.456647200000091, 17.507404915000087 ], [ 78.456689725000047, 17.507393745000066 ], [ 78.4567, 17.507367182000053 ], [ 78.456702952000072, 17.50732103900005 ], [ 78.456706782000097, 17.507165655000058 ], [ 78.456709232000051, 17.507050533000061 ], [ 78.456698303000053, 17.506817386000044 ], [ 78.456698351000057, 17.506705197000056 ], [ 78.456678092000061, 17.506531518000031 ], [ 78.456654267000033, 17.50631317300007 ], [ 78.456647614153823, 17.506239806434394 ], [ 78.456643422000084, 17.506193576000083 ], [ 78.456634201000057, 17.50611414000003 ], [ 78.456636086000088, 17.506034708000087 ], [ 78.456667627000058, 17.505859969000038 ], [ 78.456706809000096, 17.505600679000072 ], [ 78.456711646000031, 17.505501077000076 ], [ 78.456709935000077, 17.505424574000077 ], [ 78.456692530000055, 17.505346402000026 ], [ 78.456642572000078, 17.505191312000022 ], [ 78.456536696000057, 17.504896976000069 ], [ 78.456819423000084, 17.504773527000054 ], [ 78.457172807000077, 17.504677063000042 ], [ 78.457618012000069, 17.504527021000101 ], [ 78.457737669000053, 17.504463475000041 ], [ 78.457701654726634, 17.504369966396641 ], [ 78.457512975000043, 17.503880071000061 ], [ 78.457132162000065, 17.502880953000044 ], [ 78.457056355000077, 17.502633918000072 ], [ 78.456843260000099, 17.502063053000047 ], [ 78.456759430209985, 17.501816584009831 ], [ 78.456739548000044, 17.501758128000063 ], [ 78.456642710000025, 17.501452022000045 ], [ 78.456490516000045, 17.501058812000053 ], [ 78.456399154000053, 17.500801909000085 ], [ 78.456282410000085, 17.500484413000041 ], [ 78.456179638000052, 17.500196094000085 ], [ 78.456040066000085, 17.499820516000092 ], [ 78.456130434000045, 17.499776012000066 ], [ 78.456547273000083, 17.499539061000075 ], [ 78.456577423738409, 17.499520295601069 ], [ 78.456707511000047, 17.499439331000094 ], [ 78.457063087000066, 17.499266376000065 ], [ 78.457182866000053, 17.499193259000055 ], [ 78.457300463000095, 17.499081557000071 ], [ 78.457400366000087, 17.498986355000085 ], [ 78.457448536000072, 17.498933651000101 ], [ 78.457489570000078, 17.498887748000072 ], [ 78.457509205000079, 17.498843536000045 ], [ 78.457532658000048, 17.498791418000049 ], [ 78.457523632000076, 17.498733150000081 ], [ 78.457498791000049, 17.498620928000062 ] ] } },
{ "type": "Feature", "properties": { "FID": 75, "Nala_ID": "CCN", "Nala_Name": "CHANDRAGIRI TO CHEMICAL NALA", "Circle": "Circle-15", "District": "RANGAREDDY", "Total_Seg": 20, "Length_m": 4987.0, "Govt_Encr": 0, "Pvt_Encr": 0, "Rel_Encr": 0, "Total_Encr": 0, "Court_Case": 0, "Mandal": " ", "Village": " ", "SNO": 76, "ZONE_NAME": "NORTH ZONE", "ZONE_ID": "NRZ", "length_m_calc": 4987.17490185919 }, "geometry": { "type": "MultiLineString", "coordinates": [ [ [ 78.45516830273948, 17.48969190058142 ], [ 78.454978993000054, 17.48971316300009 ], [ 78.454460513000129, 17.489773819000106 ], [ 78.45431611600003, 17.489789828000085 ], [ 78.454193282000176, 17.489808255000128 ], [ 78.454192465400752, 17.489808457485083 ], [ 78.453855893000195, 17.489891914 ], [ 78.453706298618556, 17.489933897045148 ], [ 78.45334911000009, 17.490034140000091 ], [ 78.452577099000109, 17.490242715000193 ], [ 78.452244890000031, 17.490339900000151 ], [ 78.452087276551026, 17.490395135094673 ], [ 78.451663986000142, 17.490543475000038 ], [ 78.451738265082724, 17.490734879476975 ], [ 78.451777103000154, 17.49083495800005 ], [ 78.451912138000068, 17.491223911000191 ], [ 78.451605457192045, 17.491333631855014 ], [ 78.451478964000103, 17.491378887000053 ], [ 78.451194297000086, 17.491481659000044 ], [ 78.451111235000155, 17.491537895000079 ], [ 78.451008495000167, 17.491621216000112 ], [ 78.450960401000088, 17.491667045999975 ], [ 78.450984388000052, 17.491775428999972 ], [ 78.450986571000101, 17.491779598000051 ], [ 78.45101711600006, 17.491881731999968 ], [ 78.451034671, 17.491967258000159 ], [ 78.451016899000138, 17.491991250000183 ], [ 78.450945829000148, 17.492039218000059 ], [ 78.450847877742888, 17.492090272119015 ], [ 78.450694144000181, 17.49217040100018 ], [ 78.450519483000051, 17.492263759000082 ], [ 78.450487006000117, 17.492281293000076 ], [ 78.450449107000054, 17.492322567000144 ], [ 78.450446941000052, 17.492326695000145 ], [ 78.450423111000021, 17.492367974000103 ], [ 78.450422028000048, 17.492370038000047 ], [ 78.450415522000014, 17.492396874000178 ], [ 78.450415519000103, 17.492404099000112 ], [ 78.450416600000153, 17.492406164000045 ], [ 78.450418752000132, 17.492434035000144 ], [ 78.45041874900005, 17.49243919700001 ], [ 78.450418748000118, 17.492442293000124 ], [ 78.450437124000075, 17.4924908160001 ], [ 78.450434950000044, 17.49251146000006 ], [ 78.450359165000066, 17.49256613700004 ], [ 78.450299197000106, 17.492613653000092 ], [ 78.450239867000164, 17.492683164000027 ], [ 78.450172746000192, 17.492782340000076 ], [ 78.450145083000109, 17.492813467000076 ], [ 78.450057671000195, 17.49291225800016 ], [ 78.450021274000107, 17.493003145000159 ], [ 78.449972102000118, 17.493068177 ], [ 78.449926308000045, 17.493137990000037 ], [ 78.449851533000185, 17.493204881000111 ], [ 78.449807285000077, 17.493229594000127 ], [ 78.449804235000158, 17.493229593000024 ], [ 78.449732541000117, 17.493231017000141 ], [ 78.449660818000098, 17.493220779000012 ], [ 78.449605470000165, 17.493210454000177 ], [ 78.449506933000066, 17.49317178400014 ], [ 78.44946690994766, 17.493154520686346 ], [ 78.449403941000071, 17.493127360000017 ], [ 78.44933933100009, 17.493106946000125 ], [ 78.449282504000109, 17.493093370000054 ], [ 78.449214617000052, 17.493099364000045 ], [ 78.449173568000106, 17.493103864000204 ], [ 78.449104547, 17.49308892800002 ], [ 78.44901653800008, 17.493101099000057 ], [ 78.448960526000064, 17.49312244000015 ], [ 78.448891717000151, 17.493136145000108 ], [ 78.448821314000099, 17.493139167000038 ], [ 78.448757307000051, 17.493148296000186 ], [ 78.448696498000118, 17.493163530000174 ], [ 78.448683697000035, 17.493163525000114 ], [ 78.448667700000044, 17.493157414000052 ], [ 78.448661300000197, 17.493155884999965 ], [ 78.44863570300015, 17.493146718000048 ], [ 78.448630905000073, 17.49314213700012 ], [ 78.448598915000105, 17.493119233000129 ], [ 78.448602115000199, 17.493119234000062 ], [ 78.448529182000129, 17.493101596000031 ], [ 78.448426641000083, 17.493079245000217 ], [ 78.448320511000134, 17.493038016000071 ], [ 78.448258865000014, 17.493012254000121 ], [ 78.448205671000096, 17.492994226 ], [ 78.448174788000074, 17.492976207000027 ], [ 78.448173084000132, 17.492950017 ], [ 78.448167954000041, 17.492910730000062 ], [ 78.448178294, 17.492820708000067 ], [ 78.448167194000177, 17.492777413000113 ], [ 78.44814554400017, 17.492728111000133 ], [ 78.448122216000172, 17.492702660000077 ], [ 78.448063875000059, 17.492680373999974 ], [ 78.448000537000155, 17.492650135000076 ], [ 78.447998871000038, 17.49264854400019 ], [ 78.44796054800014, 17.492600825000068 ], [ 78.447957217000123, 17.492594463000103 ], [ 78.447910569000157, 17.49252607 ], [ 78.447887919000095, 17.492497690000164 ], [ 78.447856974999979, 17.492466808000074 ], [ 78.447803506000128, 17.492454705000227 ], [ 78.447750039000198, 17.492439918000173 ], [ 78.447692345000064, 17.492435867000097 ], [ 78.44764450800011, 17.492418398000154 ], [ 78.447634660000176, 17.492413025000189 ], [ 78.447630439000079, 17.492411681000078 ], [ 78.447629454703019, 17.492411358657705 ], [ 78.447581194000179, 17.492395554000041 ], [ 78.447515976000091, 17.492379425000024 ], [ 78.447441499000092, 17.492433781000102 ], [ 78.447333220000075, 17.49253715500015 ], [ 78.447273645000053, 17.492573398000047 ], [ 78.447143903000153, 17.492648704000203 ], [ 78.447045631000037, 17.49270973400013 ], [ 78.446957326000074, 17.492780305000167 ], [ 78.446872186000121, 17.492841217999967 ], [ 78.446742162000021, 17.492931978000229 ], [ 78.446610018000115, 17.493035280000072 ], [ 78.446462549999978, 17.493161151000095 ], [ 78.44634188800012, 17.493303177000087 ], [ 78.446247638000159, 17.493426254000042 ], [ 78.446115365000139, 17.493581056999972 ], [ 78.446040492000066, 17.493683837000162 ], [ 78.445849098000053, 17.493881057000124 ], [ 78.445808924000119, 17.493926965000185 ], [ 78.44570541700017, 17.494054007000045 ], [ 78.445658044000027, 17.494122547000018 ], [ 78.445600667747328, 17.494180434417729 ], [ 78.445568581000032, 17.494212807000054 ], [ 78.445514312000057, 17.494262542000172 ], [ 78.445436145000087, 17.494328429 ], [ 78.445317363000186, 17.494486016000167 ], [ 78.445184688000154, 17.494643783000186 ], [ 78.445049556000129, 17.4948106330001 ], [ 78.444940241000097, 17.494935656000052 ], [ 78.444914591000099, 17.494973129000073 ], [ 78.444888703000061, 17.494987273000163 ], [ 78.444845834000148, 17.494985794000115 ], [ 78.444842772000072, 17.494985792000136 ], [ 78.444786139000087, 17.494952182000191 ], [ 78.444784608000077, 17.494952181000087 ], [ 78.444680530000142, 17.494883503000096 ], [ 78.444599426000195, 17.494800233000149 ], [ 78.444551500000159, 17.494633286000123 ], [ 78.444114709000132, 17.494837290000135 ], [ 78.443634602000145, 17.495066485000166 ], [ 78.443504706000056, 17.495136762000186 ], [ 78.443499137174626, 17.495139393828651 ], [ 78.443170649000194, 17.4952946370002 ], [ 78.442756096000096, 17.495496283000023 ], [ 78.442478908000055, 17.495631794000133 ], [ 78.442130903000134, 17.495804632000045 ], [ 78.442048696000029, 17.495844698000155 ], [ 78.441868995000164, 17.495922998000083 ], [ 78.441801547000068, 17.495971085000065 ], [ 78.441791323603184, 17.495984265293714 ], [ 78.441730556479229, 17.496062607939507 ] ], [ [ 78.441730556479229, 17.496062607939507 ], [ 78.44171582700011, 17.496047472000043 ], [ 78.441610123000032, 17.495938851000062 ], [ 78.441608090000159, 17.495936912000161 ], [ 78.441599957999983, 17.495931092000035 ], [ 78.441589792000059, 17.49593109 ], [ 78.441530828000168, 17.49592525900016 ], [ 78.441526761000091, 17.495927197000128 ], [ 78.441465752999989, 17.49596402800006 ], [ 78.441457620000108, 17.495964026000081 ], [ 78.441431199000192, 17.49591747900007 ], [ 78.441429167000194, 17.495911661000093 ], [ 78.441427135000197, 17.495907782000018 ], [ 78.441419003000021, 17.495900023000047 ], [ 78.441360049000139, 17.495857347000026 ], [ 78.441305145000058, 17.495878665000021 ], [ 78.441193276000092, 17.496029899000121 ], [ 78.44114651700005, 17.496002739000176 ], [ 78.441142452000179, 17.495994981000081 ], [ 78.441140420000181, 17.495991102000175 ], [ 78.441120098999988, 17.495942616999969 ], [ 78.441111968000143, 17.49593679700007 ], [ 78.441097737000121, 17.495927098000038 ], [ 78.440874129000065, 17.495717610000099 ], [ 78.440511487000094, 17.495408122000072 ], [ 78.439927786000055, 17.495404116000088 ], [ 78.439764395000111, 17.495304093000072 ], [ 78.439757406843569, 17.495300613536244 ], [ 78.439409857000101, 17.495127565000075 ], [ 78.438853496000149, 17.494709342000192 ], [ 78.438634573000058, 17.494576397000117 ], [ 78.437965860000077, 17.494173756000123 ] ], [ [ 78.441730556479229, 17.496062607939507 ], [ 78.441631438000115, 17.496190394000166 ], [ 78.441464288000134, 17.496382911000183 ], [ 78.441440748000161, 17.496403590000057 ], [ 78.441412625000055, 17.49643353800019 ], [ 78.441351464000036, 17.496480705000124 ], [ 78.441183027000079, 17.496640812000123 ], [ 78.440949961000115, 17.496973901000047 ], [ 78.440852294000138, 17.497128975000123 ], [ 78.440781700000173, 17.497351280000089 ], [ 78.440738166000131, 17.497666669000182 ], [ 78.440678391000063, 17.497935515000052 ], [ 78.440649443000154, 17.49803281200019 ], [ 78.440644583000108, 17.49804900200013 ], [ 78.440644577000114, 17.498060567999971 ], [ 78.44063241200007, 17.498134586000106 ], [ 78.44062270600017, 17.498141521000207 ], [ 78.440562044000103, 17.498190070000078 ], [ 78.440557189000174, 17.498197008000091 ], [ 78.440552334000188, 17.498206258000153 ], [ 78.440506226000082, 17.498252500999968 ], [ 78.44050137000005, 17.498261752000133 ], [ 78.440464960000043, 17.498314939000181 ], [ 78.440414014000112, 17.498335734000023 ], [ 78.440397036000149, 17.49833572600005 ], [ 78.4403170060001, 17.498314869000183 ], [ 78.440256366000199, 17.49832178000014 ], [ 78.440144772000053, 17.498365679000131 ], [ 78.440130219000196, 17.498365672000205 ], [ 78.440118092000148, 17.498365666000041 ], [ 78.440035627000157, 17.498363314000187 ], [ 78.440028353000116, 17.498358684000152 ], [ 78.440021078000086, 17.498356367000042 ], [ 78.440004103000035, 17.498349420000068 ], [ 78.439943462000087, 17.49835864400012 ], [ 78.439933758000166, 17.498363266000183 ], [ 78.439926480000111, 17.498365575000093 ], [ 78.439897793117382, 17.498375721689115 ], [ 78.439841573000081, 17.498395607000077 ], [ 78.439827020000052, 17.498395599999981 ], [ 78.439819744000147, 17.498395597000069 ], [ 78.439703292000104, 17.498453371999972 ], [ 78.439512936000142, 17.498634222000021 ], [ 78.439470791000133, 17.498712400000102 ], [ 78.43946413700013, 17.498722964000081 ], [ 78.43945748100009, 17.49873775500015 ], [ 78.439426433000051, 17.498784237000109 ], [ 78.439415349000171, 17.498790572000189 ], [ 78.439399835000131, 17.49879479100008 ], [ 78.439395402000059, 17.498796903000084 ], [ 78.439335557000163, 17.498820122000154 ], [ 78.439324473000113, 17.498828571000047 ], [ 78.439313389000063, 17.498834906000127 ], [ 78.439244670000164, 17.498879256000066 ], [ 78.439240235000057, 17.498883481000121 ], [ 78.439235799000073, 17.498891933000152 ], [ 78.439200303000121, 17.498968000000104 ], [ 78.43920029800006, 17.498976454000115 ], [ 78.439200292000066, 17.498989134999988 ], [ 78.439135924000084, 17.499185657000112 ], [ 78.43907264600017, 17.499295602000018 ], [ 78.439063330000067, 17.499300039000161 ], [ 78.439054013000145, 17.499308916000075 ], [ 78.438949218000062, 17.499359936000019 ], [ 78.438932915000066, 17.499371030000077 ], [ 78.438921273000176, 17.499373245000186 ], [ 78.438900315000183, 17.499382116999982 ], [ 78.438816476000113, 17.49942870600006 ], [ 78.438809489000164, 17.499433143000147 ], [ 78.438793187000044, 17.499442016999978 ], [ 78.438714010000126, 17.499477506000176 ], [ 78.438700040000072, 17.499479720000181 ], [ 78.438695382000049, 17.499481938000031 ], [ 78.438611558, 17.499501881000128 ], [ 78.438604571000042, 17.499506319000147 ], [ 78.438592927000172, 17.499510754000084 ], [ 78.438546350000138, 17.499537377000081 ], [ 78.438503299000047, 17.499532821000059 ], [ 78.43845266, 17.499522353000089 ], [ 78.438451291000149, 17.499522352000156 ], [ 78.438406125000142, 17.499515803000065 ], [ 78.438400652000155, 17.499511884000185 ], [ 78.438396548000185, 17.49950796600001 ], [ 78.438356869000188, 17.499479228000155 ], [ 78.43834865600013, 17.49947922400014 ], [ 78.438306232000173, 17.499464843999988 ], [ 78.438304863000155, 17.499464843000112 ], [ 78.438266532000057, 17.499476574000084 ], [ 78.438225450000061, 17.499511800000164 ], [ 78.438221343000123, 17.499513104000073 ], [ 78.438217235000138, 17.499515712000118 ], [ 78.438140547000216, 17.499584863000109 ], [ 78.438094049000256, 17.499618991000091 ], [ 78.438043629, 17.499646583000015 ], [ 78.438042554, 17.499650674000122 ], [ 78.438004979000198, 17.499725322000074 ], [ 78.437971682000182, 17.499819405000153 ], [ 78.437949840000158, 17.499887049000051 ], [ 78.437957054051367, 17.4999278913578 ], [ 78.437970741000186, 17.500005380000175 ], [ 78.437948038000172, 17.500076972000045 ], [ 78.437929956000119, 17.500133596000126 ], [ 78.437900490000175, 17.500542088000145 ], [ 78.438055898000073, 17.501984256000128 ], [ 78.438076959925581, 17.502023042512747 ], [ 78.43815518800011, 17.502167103000033 ], [ 78.438245481000195, 17.503070520000108 ], [ 78.43825303300008, 17.503084943000147 ], [ 78.438315829584212, 17.503420296876357 ], [ 78.438433957000143, 17.504051133000132 ], [ 78.43856820700006, 17.504507819000082 ], [ 78.438653963000036, 17.504780570000037 ], [ 78.43867168100013, 17.504927667 ], [ 78.43867167500008, 17.504938981000066 ], [ 78.438704253000139, 17.505029513000068 ], [ 78.438638950000154, 17.505128483000135 ], [ 78.438546975000065, 17.50518501099998 ], [ 78.438535106000074, 17.505193492000046 ], [ 78.438466860000119, 17.505247202000248 ], [ 78.438457956000093, 17.505258513000058 ], [ 78.438449051000134, 17.505272652000031 ], [ 78.438386706000074, 17.505385766000188 ], [ 78.438386701000127, 17.505394251999974 ], [ 78.438392774568626, 17.505508329281497 ], [ 78.438398448000157, 17.50561489100005 ], [ 78.438427527000158, 17.505914202000042 ], [ 78.438523759000134, 17.506058142000029 ], [ 78.43853017400005, 17.506067330000064 ], [ 78.438539795000054, 17.506085703999986 ], [ 78.438600734000033, 17.506192888000157 ], [ 78.438607148000187, 17.506205138000098 ], [ 78.438641046863836, 17.506283763477427 ], [ 78.438674481000135, 17.506361311000148 ], [ 78.438865791000183, 17.506530689000158 ], [ 78.43894385800013, 17.506824977000122 ], [ 78.438922067000021, 17.506945153000117 ], [ 78.438904672000092, 17.506970011000249 ], [ 78.438800302000175, 17.507110870000076 ], [ 78.438849998000194, 17.507454791000043 ], [ 78.438853558000119, 17.507488912000099 ], [ 78.438907119000021, 17.507686827000043 ], [ 78.438907111000049, 17.507700475000092 ], [ 78.438914258000182, 17.507717538000179 ], [ 78.438917819000039, 17.507748246000062 ], [ 78.438963765322342, 17.508011964221907 ], [ 78.438971323000032, 17.508055342999967 ], [ 78.438912181000092, 17.508283997999968 ], [ 78.438912171000084, 17.508303705000117 ], [ 78.438909510000144, 17.508451504000163 ], [ 78.438906924000094, 17.508456430000024 ], [ 78.438901749000138, 17.508473671000161 ], [ 78.438899156, 17.508493376000104 ], [ 78.438870682000129, 17.50860914000009 ], [ 78.438870673000054, 17.508626383000149 ], [ 78.438852566000037, 17.508675641000139 ], [ 78.438842228999988, 17.508685490000175 ], [ 78.438834473000099, 17.508697803000189 ], [ 78.438755024000159, 17.508742324000082 ], [ 78.438738461000128, 17.508791206000183 ], [ 78.438736804000087, 17.508797514000037 ], [ 78.438723560000028, 17.508824318000109 ], [ 78.438720253000042, 17.50882431600013 ], [ 78.438685518000113, 17.508838493000098 ], [ 78.438632601000052, 17.508835314000123 ], [ 78.438629294000066, 17.50883373500011 ], [ 78.438607809000132, 17.508810068000173 ], [ 78.438601196000036, 17.508805334000158 ], [ 78.438596239000105, 17.508799023000051 ], [ 78.438591280000139, 17.508794290000083 ], [ 78.438563186000124, 17.508758003000025 ], [ 78.438558228000034, 17.508753269000181 ], [ 78.438556575000177, 17.508751692000146 ], [ 78.438508646, 17.508698048000156 ], [ 78.438430935000099, 17.508674354000107 ], [ 78.438318936000144, 17.50866032800019 ], [ 78.43819316400004, 17.508750718000044 ], [ 78.438186541000107, 17.508761233000143 ], [ 78.438182124000036, 17.508771748000186 ], [ 78.438102618000187, 17.508963128000062 ], [ 78.438100403000078, 17.508979955000086 ], [ 78.438098191000108, 17.508992575000093 ], [ 78.438095975000067, 17.509011506000149 ], [ 78.438095969000074, 17.509022023000227 ], [ 78.438092038477862, 17.509045934067103 ], [ 78.438062777000198, 17.509223944000155 ], [ 78.4379717650001, 17.509408510000128 ], [ 78.437971757000128, 17.50942257100013 ], [ 78.437959950000106, 17.509445062000111 ], [ 78.437880262000078, 17.509580006000078 ], [ 78.437868459000072, 17.509594061000087 ], [ 78.437865511000041, 17.509594059000108 ], [ 78.437788818000172, 17.509641829000145 ], [ 78.437779968000143, 17.509647449000113 ], [ 78.437765220000131, 17.50965587800016 ], [ 78.437673790000076, 17.509689579000224 ], [ 78.43766199200013, 17.509695198000031 ], [ 78.437617739000132, 17.509737358000166 ], [ 78.437617728000191, 17.509757043000093 ], [ 78.437656022000169, 17.509832989000188 ], [ 78.437661915000035, 17.509841429000176 ], [ 78.437661912000124, 17.509847053000101 ], [ 78.437688410000192, 17.509922993000146 ], [ 78.437691353000162, 17.509934243000203 ], [ 78.43769135000008, 17.50993986800006 ], [ 78.437690998000051, 17.509998612000118 ], [ 78.437690989000146, 17.510014266000155 ], [ 78.43766281, 17.510088053000118 ], [ 78.437655771000095, 17.51009475900014 ], [ 78.437583051000104, 17.5101394510001 ], [ 78.437578359000042, 17.510143921000122 ], [ 78.43755957000019, 17.510197585000128 ], [ 78.437559562, 17.510211003000165 ], [ 78.437559550000174, 17.510233367000069 ], [ 78.437559499000088, 17.510329531000025 ], [ 78.437559496000176, 17.510336240000129 ], [ 78.43754070100016, 17.510401086000172 ], [ 78.437538351000114, 17.51041003000023 ], [ 78.437535978000199, 17.510461465000105 ], [ 78.437540663000163, 17.510472650000054 ], [ 78.43754769300017, 17.510481598000069 ], [ 78.437575800000104, 17.51054423100021 ], [ 78.437580486000172, 17.510550942000123 ], [ 78.437604465999982, 17.510620421000112 ], [ 78.43758743300009, 17.510673696000026 ], [ 78.437582571000064, 17.510680644000047 ], [ 78.437512101000095, 17.510719994000112 ], [ 78.4375048120001, 17.510722307000208 ], [ 78.437495093000109, 17.51072461900003 ], [ 78.437368759000151, 17.510747724000112 ], [ 78.437359042000139, 17.510747720000097 ], [ 78.437349325000127, 17.51074771500015 ], [ 78.437329965475271, 17.510756934306187 ], [ 78.437266709000198, 17.510787058000119 ], [ 78.437259414000039, 17.51080095500015 ], [ 78.437249692000137, 17.510810217000028 ], [ 78.437247260000106, 17.510814849000042 ], [ 78.437193780000143, 17.510882007000077 ], [ 78.437188918000061, 17.510888955000155 ], [ 78.437176764000128, 17.510902849000047 ], [ 78.43717433300003, 17.510907481000061 ], [ 78.437162154000191, 17.510967709000056 ], [ 78.437154860000078, 17.510979289000147 ], [ 78.437154853000038, 17.510993189000033 ], [ 78.43715241600006, 17.511007088000042 ], [ 78.437145097000098, 17.511065002000066 ], [ 78.437142665000067, 17.51106963400008 ], [ 78.437137802000109, 17.51107889900004 ], [ 78.437074611000128, 17.511134468000137 ], [ 78.436962217000087, 17.511212809000085 ], [ 78.436958545000095, 17.511216307000211 ], [ 78.43688512500006, 17.511261767000065 ], [ 78.436881454000059, 17.511265265000191 ], [ 78.436850240000126, 17.51130374700017 ], [ 78.436850238000147, 17.511307246000172 ], [ 78.43684656500011, 17.511314244000062 ], [ 78.436842889000161, 17.511324741000124 ], [ 78.436841051000158, 17.511331740000116 ], [ 78.436824491000039, 17.511417474000098 ], [ 78.436829808000198, 17.511522786000114 ], [ 78.436829800000055, 17.51153702300013 ], [ 78.436787036000055, 17.511744454000109 ], [ 78.436768278000102, 17.511850929000161 ], [ 78.436765869000169, 17.511857811000027 ], [ 78.436720127000115, 17.511915147000138 ], [ 78.436708095000199, 17.511919730000045 ], [ 78.436700875000099, 17.511924314999987 ], [ 78.436691249000035, 17.511928899000054 ], [ 78.436616646000175, 17.511970160000146 ], [ 78.436604614000032, 17.51197474300011 ], [ 78.436594987000035, 17.511981621000132 ], [ 78.436578143000077, 17.511988496000072 ], [ 78.436520385000108, 17.512020589000144 ], [ 78.436520210643209, 17.512020646739586 ], [ 78.436409697000158, 17.512057244000061 ], [ 78.436409664000109, 17.512116897000112 ], [ 78.436409661000198, 17.512123780000081 ], [ 78.436412062000102, 17.512132958000109 ], [ 78.436419270000158, 17.512149022000187 ], [ 78.436421673000098, 17.512155906000089 ], [ 78.436428884000065, 17.512167382000143 ], [ 78.436431285000197, 17.512176560000171 ], [ 78.436457664000159, 17.512334883000051 ], [ 78.436473088000184, 17.51241595900018 ], [ 78.436465902000123, 17.512431925999977 ], [ 78.436465895000197, 17.512445615000161 ], [ 78.436451515000101, 17.512493518000099 ], [ 78.436444336000136, 17.512498078000135 ], [ 78.436434762000033, 17.512504917000058 ], [ 78.436422797000034, 17.512511756000038 ], [ 78.436415615000158, 17.512520878000089 ], [ 78.436406045000069, 17.512523155000167 ], [ 78.436310320000018, 17.512580144000026 ], [ 78.43622465500016, 17.512614275999965 ], [ 78.4362099760001, 17.512623598000062 ], [ 78.436187958000232, 17.512637581000035 ], [ 78.436170834000052, 17.512646901000096 ], [ 78.436158602000091, 17.51265389200006 ], [ 78.436068094000063, 17.512691164000103 ], [ 78.436063200000035, 17.51269582599997 ], [ 78.436046076000196, 17.51270514600003 ], [ 78.435975126000187, 17.51275642100012 ], [ 78.435970232000159, 17.512761083000157 ], [ 78.435960444000045, 17.512770407 ], [ 78.435945763000177, 17.512784393000118 ], [ 78.435901717000093, 17.512831017000053 ], [ 78.435887034000189, 17.512847335000174 ], [ 78.435872348000032, 17.512870650000082 ], [ 78.435857578000082, 17.513047894000181 ], [ 78.435857572000032, 17.513059555000154 ], [ 78.435852676000195, 17.513068882000141 ], [ 78.435830634000126, 17.513127177000058 ], [ 78.435590389000083, 17.513185683000074 ], [ 78.435582920000058, 17.513191020000079 ], [ 78.435573586000032, 17.51319279500018 ], [ 78.43537942800009, 17.5132674580002 ], [ 78.435371959000122, 17.513272795000034 ], [ 78.43536262300006, 17.513279910000165 ], [ 78.435280454000065, 17.513356409000039 ], [ 78.435048686000073, 17.513646742000162 ], [ 78.43483705500006, 17.513918894000085 ], [ 78.434481177000123, 17.514352663000011 ] ] ] } },
{ "type": "Feature", "properties": { "FID": 76, "Nala_ID": "AAC", "Nala_Name": "AMBEDKAR NAGAR TO ALWAL CHERVU", "Circle": "Circle-16", "District": "RANGAREDDY", "Total_Seg": 5, "Length_m": 1651.0, "Govt_Encr": 0, "Pvt_Encr": 0, "Rel_Encr": 0, "Total_Encr": 0, "Court_Case": 0, "Mandal": " ", "Village": " ", "SNO": 77, "ZONE_NAME": "NORTH ZONE", "ZONE_ID": "NRZ", "length_m_calc": 1651.4392448644496 }, "geometry": { "type": "LineString", "coordinates": [ [ 78.502264421000078, 17.502825836000042 ], [ 78.502159036000094, 17.50284146500011 ], [ 78.502088162000078, 17.502817226000044 ], [ 78.502080891000048, 17.50281029700005 ], [ 78.502077256000064, 17.502808565000045 ], [ 78.502037273000056, 17.502786049000061 ], [ 78.502031819000095, 17.50277738600008 ], [ 78.502026367000056, 17.502773922000081 ], [ 78.5019845570001, 17.502723679000049 ], [ 78.501975469000058, 17.502716750000069 ], [ 78.501971835000063, 17.502715018000067 ], [ 78.501939123000071, 17.502701165000079 ], [ 78.501930037000079, 17.502699435000082 ], [ 78.501906415000079, 17.502699442000083 ], [ 78.501886427000073, 17.502699448000058 ], [ 78.501790115000077, 17.502676950000023 ], [ 78.501782846000097, 17.502676952000073 ], [ 78.501697443000069, 17.502675245000034 ], [ 78.501655660000054, 17.502701252000058 ], [ 78.501615697000048, 17.502741122000035 ], [ 78.501561203000065, 17.502794860000076 ], [ 78.501379540000087, 17.50292488700007 ], [ 78.501101138000067, 17.50313120200012 ], [ 78.500937450000052, 17.503264554000079 ], [ 78.500876836000032, 17.503299568000077 ], [ 78.500779524000066, 17.503323942000105 ], [ 78.500720498000092, 17.503336132000079 ], [ 78.500618397000039, 17.503354422000061 ], [ 78.500613611000077, 17.503354423000079 ], [ 78.500548196000068, 17.503345314000054 ], [ 78.50048423300008, 17.503330183000106 ], [ 78.500423106000085, 17.503354869000077 ], [ 78.500358462000079, 17.503406465000062 ], [ 78.500253855000054, 17.50348946700009 ], [ 78.500180220000061, 17.503535867000043 ], [ 78.500038705000065, 17.503607901000109 ], [ 78.49993271700005, 17.503639533000072 ], [ 78.499775390000096, 17.503707278000061 ], [ 78.499677650000081, 17.503751910000073 ], [ 78.49954090100006, 17.503845456000036 ], [ 78.499427144000052, 17.503921679000065 ], [ 78.49938575200008, 17.503955882000067 ], [ 78.499359148000067, 17.503982039000057 ], [ 78.499302717000049, 17.504041276000073 ], [ 78.499268869000062, 17.504110505000057 ], [ 78.499254962000066, 17.504141121000043 ], [ 78.49925783477147, 17.504184196051433 ], [ 78.499260353000082, 17.504221955000066 ], [ 78.49927801900003, 17.504396191000072 ], [ 78.499288206000074, 17.50463740500004 ], [ 78.49929434700006, 17.504672320000061 ], [ 78.499310397000045, 17.504705093000062 ], [ 78.499333319000073, 17.504735679000078 ], [ 78.499380299000052, 17.504761887000054 ], [ 78.499431866000066, 17.504803390000074 ], [ 78.499461660000065, 17.504825233000091 ], [ 78.499497193000082, 17.504882037000115 ], [ 78.499515536000061, 17.50492245700012 ], [ 78.499537124000085, 17.504984925000066 ], [ 78.499552200952252, 17.505112179859971 ], [ 78.499556204000058, 17.505145967000061 ], [ 78.499545183000066, 17.505194316000036 ], [ 78.499501773000077, 17.505295902000061 ], [ 78.499455558000079, 17.505393480000048 ], [ 78.499399077000092, 17.505471313000047 ], [ 78.499371086000053, 17.505511812000083 ], [ 78.499320515000093, 17.505559210000079 ], [ 78.499269940000033, 17.505596269000034 ], [ 78.499269037000047, 17.505597131000084 ], [ 78.499221170000069, 17.505627298000046 ], [ 78.499161794000045, 17.505635127000087 ], [ 78.499123404000045, 17.505643275000072 ], [ 78.499119139000072, 17.505645311000016 ], [ 78.499048761000054, 17.505677878 ], [ 78.498904815000074, 17.50576437300003 ], [ 78.498800639000095, 17.505852275000098 ], [ 78.498688140000084, 17.505939233000046 ], [ 78.498548950000043, 17.506048426000067 ], [ 78.498475124000052, 17.506108799000081 ], [ 78.498406132000071, 17.506178884000075 ], [ 78.498405020000064, 17.5061831310001 ], [ 78.498361630000048, 17.506255332000041 ], [ 78.498344948000081, 17.506303109000047 ], [ 78.498337772000085, 17.506373872000044 ], [ 78.498342990000083, 17.506434595000027 ], [ 78.498369009000044, 17.506527534000021 ], [ 78.498366444000069, 17.506634114000082 ], [ 78.498348685000053, 17.506728706000061 ], [ 78.498392633000051, 17.506861589000057 ], [ 78.498419408000075, 17.507018145000092 ], [ 78.498439117937011, 17.507056844673439 ], [ 78.498464235000085, 17.507106161000031 ], [ 78.498520890000066, 17.507241119000078 ], [ 78.498568703000061, 17.507386203000081 ], [ 78.498593395000071, 17.507516483000089 ], [ 78.498604641000043, 17.507675096000085 ], [ 78.498593530000065, 17.507914864000082 ], [ 78.498526641000083, 17.508267290000067 ], [ 78.498468490000064, 17.508575942000064 ], [ 78.498418806000075, 17.508873082000051 ], [ 78.498334233000037, 17.509401875000034 ], [ 78.498240344000067, 17.50954122000007 ], [ 78.49806948500003, 17.509714144000039 ], [ 78.49778728800004, 17.509938961000046 ], [ 78.49779768100008, 17.510047621000094 ], [ 78.497884556470353, 17.510121854835695 ], [ 78.497947920000058, 17.510175998000069 ], [ 78.498108545000036, 17.510390810000089 ], [ 78.498270328000046, 17.510601527000087 ], [ 78.49865573600006, 17.511059942000053 ], [ 78.498723210000037, 17.51110421200007 ], [ 78.498870523000051, 17.511188636000057 ], [ 78.498993719000069, 17.511324114000075 ], [ 78.498998458000088, 17.511330888000035 ], [ 78.49900793300003, 17.511337661000031 ], [ 78.499221168000091, 17.511606366000048 ], [ 78.499524435000083, 17.511981197000079 ], [ 78.499684416000065, 17.512137691000095 ], [ 78.499840340000063, 17.512361936000051 ], [ 78.499904793777176, 17.512477098938351 ], [ 78.499931070000073, 17.512524048000056 ], [ 78.499962306000043, 17.512724011000042 ], [ 78.499972616000051, 17.512882782000094 ], [ 78.499958134000053, 17.513181736000043 ], [ 78.499953277000031, 17.513193325000042 ], [ 78.499950849000072, 17.513197960000099 ], [ 78.499882845000073, 17.513313852000085 ], [ 78.499751652000057, 17.513411224000052 ], [ 78.499707731000072, 17.513487398000095 ], [ 78.499459838000078, 17.513727890000045 ] ] } },
{ "type": "Feature", "properties": { "FID": 77, "Nala_ID": "SCN", "Nala_Name": "SURARAM TO CHEMICAL NALA", "Circle": "Circle-15", "District": "RANGAREDDY", "Total_Seg": 21, "Length_m": 4881.0, "Govt_Encr": 0, "Pvt_Encr": 0, "Rel_Encr": 0, "Total_Encr": 0, "Court_Case": 0, "Mandal": " ", "Village": " ", "SNO": 78, "ZONE_NAME": "NORTH ZONE", "ZONE_ID": "NRZ", "length_m_calc": 4538.2262311153945 }, "geometry": { "type": "MultiLineString", "coordinates": [ [ [ 78.465123774000077, 17.516645075000039 ], [ 78.464760464000051, 17.516740217000059 ], [ 78.46407204100008, 17.516910593000073 ], [ 78.463454821000099, 17.517051547000065 ], [ 78.462826049000071, 17.517202171000104 ], [ 78.462744063000059, 17.51724751600009 ], [ 78.46247372600007, 17.517365655000045 ], [ 78.462286208266534, 17.517412342865242 ], [ 78.462122972000046, 17.51745298500003 ], [ 78.461793593000039, 17.517572819000073 ], [ 78.461716045000074, 17.517600822000087 ], [ 78.461572126000078, 17.517604806000094 ], [ 78.461396474000082, 17.517605294000095 ], [ 78.461303430000044, 17.517645760000057 ], [ 78.461040385000061, 17.517710647000094 ], [ 78.460845089000031, 17.517794368000072 ], [ 78.46059610500005, 17.517857120000041 ], [ 78.460221208000078, 17.517965011000079 ], [ 78.460160238000086, 17.518019536000079 ], [ 78.459916405000087, 17.518182796000094 ], [ 78.459862703000056, 17.518238126000057 ], [ 78.459650302000057, 17.51837976600007 ], [ 78.459614107013095, 17.518395729266192 ], [ 78.459556085000045, 17.51842131900003 ], [ 78.459440359000055, 17.518446170000075 ], [ 78.459031320000079, 17.518508248000057 ], [ 78.458937321000064, 17.518510749000043 ], [ 78.458639279000082, 17.518519929000064 ], [ 78.458422751000057, 17.518524247000098 ], [ 78.458083824000084, 17.518544192000032 ], [ 78.457980056362885, 17.51858374749234 ], [ 78.457886210000098, 17.518619521000083 ], [ 78.45805674900005, 17.518883647000081 ], [ 78.458150074000073, 17.519001896000084 ], [ 78.458288333000056, 17.519220585000024 ], [ 78.4585777610001, 17.519660319000046 ], [ 78.45844012671337, 17.519747678726429 ], [ 78.458111070000029, 17.519956538000045 ], [ 78.456849322000039, 17.520705073000055 ], [ 78.45639499400005, 17.520975264000072 ], [ 78.456058056000089, 17.521158854000078 ], [ 78.455934681836297, 17.521233977015591 ], [ 78.455166593000058, 17.521701666000073 ], [ 78.454588161000061, 17.522037608000087 ], [ 78.454385916978708, 17.522161918702896 ], [ 78.454380642000046, 17.522165161000068 ], [ 78.453830806000042, 17.522482090000043 ], [ 78.453507608000052, 17.522673721000089 ], [ 78.45326933900003, 17.522811733000022 ], [ 78.453149841000084, 17.522838328000066 ], [ 78.453075967424795, 17.522897491113483 ], [ 78.453023321000046, 17.522939654000051 ], [ 78.45291882000005, 17.52299030100005 ], [ 78.452781318000078, 17.523058413000069 ], [ 78.452654567000096, 17.523100773000088 ], [ 78.452494440000066, 17.523173159000109 ], [ 78.452392695000086, 17.523242700000065 ], [ 78.452220186000034, 17.523324863000038 ], [ 78.451971596000092, 17.523415347000039 ], [ 78.451828712000079, 17.523447030000067 ], [ 78.451700882000068, 17.523485623000084 ], [ 78.451696325000071, 17.523485621000095 ], [ 78.451591529000041, 17.523485577000031 ], [ 78.451513002967388, 17.523481224504376 ], [ 78.451473068000041, 17.52347901100007 ], [ 78.451336359000038, 17.52351805800005 ], [ 78.451324757373897, 17.523522089139657 ], [ 78.451225296000075, 17.523530997000034 ], [ 78.45110633700007, 17.523487111000112 ], [ 78.451103636000099, 17.523481953000037 ], [ 78.451084711000078, 17.523474209000049 ], [ 78.450976564000044, 17.523440642000033 ], [ 78.450883658000066, 17.523436099000048 ], [ 78.450779779000086, 17.523475212000065 ], [ 78.450697627000096, 17.523539669000062 ], [ 78.450690374000033, 17.523555789000067 ], [ 78.450687955000035, 17.52356269800007 ], [ 78.450661350000075, 17.523640998000108 ], [ 78.450656515000048, 17.523650209000035 ], [ 78.450649261000081, 17.523666329000079 ], [ 78.450627489000055, 17.523740024000084 ], [ 78.450604478000074, 17.523776058000085 ], [ 78.450571734000064, 17.523810540000074 ], [ 78.450528661000092, 17.523830233000087 ], [ 78.450399462000078, 17.523846605000056 ], [ 78.450311240000076, 17.523840074000102 ], [ 78.450254236000049, 17.523841603000069 ], [ 78.450198853000089, 17.523860217000042 ], [ 78.45014183800005, 17.52388659500004 ], [ 78.450136951000061, 17.523889699000058 ], [ 78.450034320000057, 17.523945566000087 ], [ 78.449988132000044, 17.523958531000076 ], [ 78.449933132000098, 17.523990550000072 ], [ 78.449868955000056, 17.524051694000061 ], [ 78.449713262000046, 17.524312094000056 ], [ 78.449633447000053, 17.524410390000089 ], [ 78.44957957600009, 17.524431619000055 ], [ 78.449530305000067, 17.524429857000055 ], [ 78.449336910000071, 17.524339286000036 ], [ 78.449263585746195, 17.524305045045029 ], [ 78.449193587000096, 17.524272357000054 ], [ 78.448994701000061, 17.524165697000079 ], [ 78.448957978000067, 17.524150926000079 ], [ 78.448905149000055, 17.524138307000054 ], [ 78.448902507000071, 17.524138306000069 ], [ 78.44884703300005, 17.524133244000065 ], [ 78.448799478000069, 17.524143300000063 ], [ 78.448755878000057, 17.524165954000082 ], [ 78.448696081000037, 17.524224659000033 ], [ 78.448374512000058, 17.524693215000077 ], [ 78.448305245000043, 17.524813031000072 ], [ 78.448253306000097, 17.524850033000071 ], [ 78.448151388000042, 17.524971405000027 ], [ 78.448031114000074, 17.525093517000084 ], [ 78.447981307000077, 17.525125868000039 ], [ 78.447890761000053, 17.525160360000029 ], [ 78.44774364000007, 17.525181878000094 ], [ 78.44764835000008, 17.525184140000036 ], [ 78.447546448000097, 17.525163419000052 ], [ 78.44753343900004, 17.525161345000068 ], [ 78.447429363000083, 17.525150962000069 ], [ 78.447374780000089, 17.525179883000089 ], [ 78.447295864000083, 17.525240447000069 ], [ 78.447236672000045, 17.525296840000088 ], [ 78.447219118000078, 17.525344892000081 ], [ 78.447219116000042, 17.525349072000044 ], [ 78.447227860000055, 17.525392957000086 ], [ 78.447230049000041, 17.525399227000065 ], [ 78.447254131000093, 17.525445208000068 ], [ 78.44725631900009, 17.525451478000047 ], [ 78.447258506000082, 17.525459837000039 ], [ 78.447267251000085, 17.525503722000057 ], [ 78.447267241972867, 17.525522585759109 ], [ 78.447267228000044, 17.525551783000029 ], [ 78.447251859000048, 17.525612374000051 ], [ 78.447057715000085, 17.525955005000075 ], [ 78.446998428000043, 17.526087146000087 ], [ 78.446857692635859, 17.526409970510073 ], [ 78.446835768000113, 17.526460262000072 ], [ 78.446741387000046, 17.526619840000041 ], [ 78.446675600000049, 17.526685759000042 ], [ 78.44652738300006, 17.526837424000092 ], [ 78.446421244000078, 17.526961203000067 ], [ 78.446347452000069, 17.527082899000046 ], [ 78.446307492000088, 17.527227108000041 ], [ 78.446284381079707, 17.527398693957032 ], [ 78.446273535000046, 17.52747922000005 ], [ 78.446209321000097, 17.527611579000066 ], [ 78.44629149400005, 17.527653981000071 ], [ 78.446511368000074, 17.527759994000096 ], [ 78.446530697103185, 17.527769103778791 ], [ 78.446689718000073, 17.527844050000059 ], [ 78.446831309000075, 17.52791811300008 ], [ 78.446908893000057, 17.527958847000082 ], [ 78.446941855000034, 17.527999562000051 ], [ 78.446978663000039, 17.528112429000032 ], [ 78.447019721306418, 17.52831034475081 ], [ 78.447085784000095, 17.528628790000049 ], [ 78.447202420000082, 17.529149970000045 ], [ 78.446952816000092, 17.529169512000095 ], [ 78.446643446000067, 17.52919428500007 ], [ 78.446658215000085, 17.529435598000099 ], [ 78.446618498000092, 17.529480530000075 ], [ 78.446524170000032, 17.529586947000055 ], [ 78.446412361721613, 17.529750684367553 ], [ 78.446357828000032, 17.529830546000028 ], [ 78.446171933000073, 17.530073081000094 ], [ 78.446102569000061, 17.530163188000085 ], [ 78.446083605000069, 17.530283363000059 ], [ 78.446083602000044, 17.530289372000059 ], [ 78.44608989700005, 17.530304398000062 ], [ 78.44611812400008, 17.530574823000066 ], [ 78.446203470000071, 17.531311894000098 ], [ 78.446290034000072, 17.532026760000068 ], [ 78.44632627789187, 17.532348800036182 ], [ 78.446352776000111, 17.532584245000088 ], [ 78.446426638919974, 17.533246738311632 ], [ 78.446444634000059, 17.533408140000073 ], [ 78.446392826000078, 17.533604002000079 ], [ 78.446327552000071, 17.534092336000114 ], [ 78.446258599603539, 17.534557592638073 ] ], [ [ 78.444246813597488, 17.536622958991575 ], [ 78.444144204000054, 17.536728094000086 ], [ 78.443930060000099, 17.537024507000055 ], [ 78.443842682000081, 17.537066321000044 ], [ 78.443434192501016, 17.537067886987831 ], [ 78.443320941000096, 17.537068321000049 ], [ 78.44324281300004, 17.537088976000085 ], [ 78.443106111000077, 17.537106295000076 ], [ 78.443059868000049, 17.537110108000043 ], [ 78.442973424000073, 17.537098566000086 ], [ 78.442897043000087, 17.537065942000023 ], [ 78.442848300000037, 17.537035987 ], [ 78.442788044000082, 17.537032768000106 ], [ 78.442672543000072, 17.537050271000076 ], [ 78.442610598000044, 17.537078970000039 ], [ 78.442434500000061, 17.53708544100007 ], [ 78.442367691000086, 17.537074533000069 ], [ 78.442212886000064, 17.537054261000065 ], [ 78.442164220000066, 17.537036511000075 ], [ 78.442060556000058, 17.537031072000076 ], [ 78.441996463000066, 17.537049015000047 ], [ 78.441956868000048, 17.537074158000085 ], [ 78.441889002000039, 17.537097490000054 ], [ 78.441810890404568, 17.537137663198315 ], [ 78.441806044000032, 17.537145977000023 ], [ 78.441747279000083, 17.537200193000078 ], [ 78.441628115000071, 17.537227269000027 ], [ 78.44156762800003, 17.537271329000095 ], [ 78.441373741000078, 17.537357720000053 ], [ 78.44131414800006, 17.537380205000037 ], [ 78.441052860000084, 17.537489497000067 ], [ 78.440872564932889, 17.537564319452787 ], [ 78.44085876600009, 17.537570046000063 ], [ 78.440838128000081, 17.537609355000047 ], [ 78.44079963300004, 17.537640116000059 ], [ 78.440678816000073, 17.537708537000089 ], [ 78.440634732000035, 17.537738087000037 ], [ 78.440520399000036, 17.537892109000037 ], [ 78.44048527200006, 17.537929629000114 ], [ 78.440331343000111, 17.53801376800007 ], [ 78.440142363000078, 17.53809323500009 ], [ 78.440074136000092, 17.53811798100006 ], [ 78.439953905000039, 17.538201552000061 ], [ 78.439906286000053, 17.538228714000095 ], [ 78.439780786000085, 17.538305748000042 ], [ 78.439733354000055, 17.538373514000067 ], [ 78.439730565000062, 17.538376172000049 ], [ 78.439641298000083, 17.53847449000008 ], [ 78.439635646000056, 17.538620699000028 ], [ 78.439605540000073, 17.538797309000085 ], [ 78.439600014000064, 17.539000567000119 ], [ 78.439567123000074, 17.539353853000019 ], [ 78.439558894000086, 17.539655160000059 ], [ 78.439550610772983, 17.539722571214636 ], [ 78.439537212000076, 17.539831614000043 ], [ 78.439498366000066, 17.539917272000039 ], [ 78.439498574000098, 17.540197541000062 ], [ 78.439469995000081, 17.540418199000065 ], [ 78.439435496000058, 17.540477341000074 ], [ 78.439414599000045, 17.540889253000046 ], [ 78.439364150000088, 17.541467519000069 ], [ 78.439546010000086, 17.541470878000062 ], [ 78.439549265000039, 17.541807876000075 ] ] ] } },
{ "type": "Feature", "properties": { "FID": 78, "Nala_ID": "JDP", "Nala_Name": "JEEDEMETLA FIR STATION DP COLONY", "Circle": "Circle-15", "District": "RANGAREDDY", "Total_Seg": 6, "Length_m": 1564.0, "Govt_Encr": 0, "Pvt_Encr": 0, "Rel_Encr": 0, "Total_Encr": 0, "Court_Case": 0, "Mandal": " ", "Village": " ", "SNO": 79, "ZONE_NAME": "NORTH ZONE", "ZONE_ID": "NRZ", "length_m_calc": 1564.1544738069174 }, "geometry": { "type": "LineString", "coordinates": [ [ 78.447268729000044, 17.525522524000053 ], [ 78.447202221000083, 17.525522495000075 ], [ 78.447107237000083, 17.525466281000067 ], [ 78.44674819200003, 17.525266802000065 ], [ 78.446529498000075, 17.525616425000056 ], [ 78.446132477000063, 17.5253589430001 ], [ 78.445897398000056, 17.525226084000057 ], [ 78.445864237954694, 17.525242254644894 ], [ 78.445797109452485, 17.525274990132722 ], [ 78.44571535700004, 17.525314857000048 ], [ 78.445641455000057, 17.525358797000035 ], [ 78.445498321000073, 17.525439143000032 ], [ 78.445382862000031, 17.525495457000059 ], [ 78.445326107000113, 17.525539466000069 ], [ 78.445147452000072, 17.525716323000058 ], [ 78.444961020000065, 17.525902911000106 ], [ 78.444837740447369, 17.526033549467471 ], [ 78.444739216140547, 17.526123024043706 ], [ 78.444148672000054, 17.526371971000049 ], [ 78.443993366000029, 17.526302300000076 ], [ 78.443849994560964, 17.526249403275212 ], [ 78.443841122675536, 17.526246129999237 ], [ 78.443630647000077, 17.526168475000095 ], [ 78.44359316300006, 17.526185310000091 ], [ 78.443429884000068, 17.526329635000039 ], [ 78.443132283000068, 17.526583187000032 ], [ 78.443007969000064, 17.526695783000044 ], [ 78.442852175000056, 17.526817008 ], [ 78.442755542000043, 17.526970218000056 ], [ 78.442711346000081, 17.527020470000046 ], [ 78.442674289000095, 17.527040834000079 ], [ 78.442618720000041, 17.527040808000052 ], [ 78.442456329000066, 17.526956494000046 ], [ 78.442146955000055, 17.52678871000008 ], [ 78.441809925000044, 17.526617761000072 ], [ 78.441659709314493, 17.526545133954635 ], [ 78.441651220944465, 17.526541029949346 ], [ 78.441482178000058, 17.526459300000067 ], [ 78.441286806000051, 17.526332962000044 ], [ 78.441188067000041, 17.526274802000049 ], [ 78.441151106000063, 17.526269382000109 ], [ 78.440946649000082, 17.52642123600004 ], [ 78.440414541000052, 17.526809702000069 ], [ 78.440194319000057, 17.526932847000097 ], [ 78.440054863000071, 17.527033938000027 ], [ 78.439754098000037, 17.52726091300007 ], [ 78.439630922000049, 17.527372236000069 ], [ 78.439525614000061, 17.527485094000042 ], [ 78.439319506307015, 17.527765685871728 ], [ 78.439314030696167, 17.527773140268355 ], [ 78.439288819000083, 17.527807463000059 ], [ 78.43901229300009, 17.528168481000037 ], [ 78.438712612000089, 17.528550586000073 ], [ 78.438521734000076, 17.528781116000058 ], [ 78.438454870000044, 17.528875727000091 ], [ 78.438236910515343, 17.529164950635401 ], [ 78.4382313412016, 17.529172340877999 ], [ 78.438124012000074, 17.529314762000098 ], [ 78.437936536000052, 17.529585319000081 ], [ 78.437791092000055, 17.529709909000072 ], [ 78.437444984000095, 17.530171941000063 ], [ 78.437215116000075, 17.53042459500006 ], [ 78.437109710000087, 17.530576466000074 ], [ 78.436941527000045, 17.530972993000045 ], [ 78.436740551748954, 17.531441504584752 ], [ 78.436700592000093, 17.531534658000069 ] ] } },
{ "type": "Feature", "properties": { "FID": 79, "Nala_ID": "GTP", "Nala_Name": "GAJULARAMARAM ROAD TO PARKI CHERVU", "Circle": "Circle-15", "District": "RANGAREDDY", "Total_Seg": 11, "Length_m": 3130.0, "Govt_Encr": 0, "Pvt_Encr": 0, "Rel_Encr": 0, "Total_Encr": 0, "Court_Case": 0, "Mandal": " ", "Village": " ", "SNO": 80, "ZONE_NAME": "NORTH ZONE", "ZONE_ID": "NRZ", "length_m_calc": 3130.5010979191734 }, "geometry": { "type": "LineString", "coordinates": [ [ 78.426964844000054, 17.535066309000086 ], [ 78.426820004000049, 17.534958394000061 ], [ 78.426806426000041, 17.534941129000057 ], [ 78.426788322000064, 17.534915230000035 ], [ 78.426774743000095, 17.534902281000033 ], [ 78.426666122000057, 17.534716679000066 ], [ 78.426571076000073, 17.534578555000053 ], [ 78.426571077000062, 17.534574239000062 ], [ 78.426557509000091, 17.534414540000085 ], [ 78.426557512000059, 17.53438001100006 ], [ 78.426557514000081, 17.534349798000051 ], [ 78.426557516000074, 17.534319585000073 ], [ 78.426557520000088, 17.534272107000085 ], [ 78.426584692000063, 17.534099464000072 ], [ 78.426575641000056, 17.534077882000087 ], [ 78.426562064000066, 17.534047668 ], [ 78.426521333000039, 17.533952710000058 ], [ 78.426521334000043, 17.533935446000086 ], [ 78.426507756000049, 17.533918180000057 ], [ 78.426489652000043, 17.533887966000087 ], [ 78.426367453000069, 17.533702363000049 ], [ 78.426367455000062, 17.533672150000054 ], [ 78.426362930000039, 17.533654885000054 ], [ 78.426150208000081, 17.533378636000077 ], [ 78.425582591907826, 17.532850552820289 ], [ 78.425243395000066, 17.532534978000069 ], [ 78.425040612000046, 17.531380277000082 ], [ 78.424615994382549, 17.530374728729907 ], [ 78.424511377000059, 17.530126980000052 ], [ 78.424406426000075, 17.52980310400007 ], [ 78.424406428000054, 17.529785438000047 ], [ 78.424387927000055, 17.529496901000076 ], [ 78.424357063000087, 17.529361464000036 ], [ 78.424357066000098, 17.529326133000051 ], [ 78.424357069000067, 17.529290802000066 ], [ 78.424363259000089, 17.529120036000066 ], [ 78.424171862000037, 17.528725493000042 ], [ 78.424276276000057, 17.528633322000076 ], [ 78.424979184000065, 17.528327999000059 ], [ 78.425079050889963, 17.528286939490332 ], [ 78.425337390000053, 17.528180725000034 ], [ 78.425671197000042, 17.528019993000026 ], [ 78.42561052300006, 17.527833512000026 ], [ 78.425544413000082, 17.527488236000078 ], [ 78.425475574000089, 17.527151676000081 ], [ 78.425488496000071, 17.527028548000043 ], [ 78.425497105000034, 17.527028548000036 ], [ 78.425664970000071, 17.526983413000067 ], [ 78.425682186000074, 17.526983415000096 ], [ 78.425992092000058, 17.526889038000043 ], [ 78.426155656000063, 17.526806963000084 ], [ 78.426220225000066, 17.526728986000041 ], [ 78.426261806533972, 17.526444338052908 ], [ 78.426267182000075, 17.526407540000047 ], [ 78.426291627000083, 17.525891692000066 ], [ 78.426309155000084, 17.525776403000076 ], [ 78.426381740000096, 17.525469197000067 ], [ 78.426420644289749, 17.525311704359197 ], [ 78.426459127000058, 17.525155918000074 ], [ 78.426456372000075, 17.52506903200004 ], [ 78.426401163000037, 17.524911052000046 ], [ 78.426313574000076, 17.524737240000043 ], [ 78.42620108300008, 17.524544120000026 ], [ 78.426096089000069, 17.524393915000097 ], [ 78.426068044000047, 17.524376926000098 ], [ 78.426014097000063, 17.52437986100006 ], [ 78.425756691000089, 17.524419527000074 ], [ 78.425748985000055, 17.52441952700012 ], [ 78.425695039000075, 17.524400415000066 ], [ 78.425688875000063, 17.524393066000069 ], [ 78.425684251000064, 17.524388656000067 ], [ 78.42567654500003, 17.524379837000016 ], [ 78.425670380000042, 17.524372487000072 ], [ 78.425614902000078, 17.524253430000041 ], [ 78.425614902000078, 17.524250490000046 ], [ 78.425573298000089, 17.524106446000097 ], [ 78.425519157000053, 17.523861250000063 ], [ 78.425465778000046, 17.523660407000044 ], [ 78.425373825000065, 17.523598167000049 ], [ 78.42530776822818, 17.52342550341147 ], [ 78.425297038000068, 17.523397456000062 ], [ 78.425120006000043, 17.522769151000034 ], [ 78.425049873000049, 17.522536099000035 ], [ 78.425003123000067, 17.522351343000047 ], [ 78.424932981000055, 17.522271702000111 ], [ 78.424722554000098, 17.522064635000074 ], [ 78.424455452000075, 17.521840793000038 ], [ 78.424375483000077, 17.521787120000038 ], [ 78.424280702000047, 17.521767340000071 ], [ 78.424138525000046, 17.521789925000061 ], [ 78.423901562000083, 17.521835099000043 ], [ 78.423812703000067, 17.521823793000092 ], [ 78.423768281000051, 17.521733404000049 ], [ 78.423723979884755, 17.521621873968126 ], [ 78.423587641000054, 17.521278634000055 ], [ 78.423506710000098, 17.521075913000082 ], [ 78.423284722000076, 17.520690151000057 ], [ 78.423167349494193, 17.520409439890877 ], [ 78.423153265000082, 17.520375755000046 ], [ 78.423106627000038, 17.520216863000051 ], [ 78.423006719000057, 17.519571769000034 ], [ 78.42296366100004, 17.519250107000065 ], [ 78.42288777000006, 17.518857896000053 ], [ 78.422841647000055, 17.518537575000078 ], [ 78.422751734000045, 17.51793943500007 ], [ 78.42274551900006, 17.517776033000104 ], [ 78.422762386362436, 17.517709633331151 ], [ 78.422766111000044, 17.517694971000044 ], [ 78.422792961000113, 17.5175618960001 ], [ 78.422792971000035, 17.517454411000084 ], [ 78.422790289000048, 17.51744161500006 ], [ 78.422752736000064, 17.517249674000031 ], [ 78.422698361000087, 17.517052539000115 ], [ 78.422617648000085, 17.516773063000084 ], [ 78.422478006000091, 17.516419307000039 ], [ 78.422399250000069, 17.516211959000028 ], [ 78.422373764000042, 17.516100059000067 ], [ 78.42238427000008, 17.515922520000085 ], [ 78.422392156000058, 17.515724977000072 ], [ 78.422409360000088, 17.515563858000071 ], [ 78.422429155000046, 17.515438875000044 ], [ 78.422441528000036, 17.515353980000061 ], [ 78.422419279000067, 17.515287948000051 ], [ 78.422367363000049, 17.515144092000089 ], [ 78.422343859724336, 17.515084127919785 ], [ 78.422233551000048, 17.514802696000093 ], [ 78.422140833000071, 17.514581586000077 ], [ 78.42208520800007, 17.514389960000084 ], [ 78.422045223000083, 17.514299618000074 ], [ 78.422003054000101, 17.514236410000034 ], [ 78.421946824000045, 17.514190439000064 ], [ 78.421872519000047, 17.514150211000075 ], [ 78.421814280000035, 17.514109985000101 ], [ 78.421782155000088, 17.514031457000055 ], [ 78.421731960000074, 17.513889722000059 ], [ 78.421703269000034, 17.513833700000117 ], [ 78.421637431000079, 17.513730777000053 ], [ 78.421575251000064, 17.513634833000051 ], [ 78.421514905000038, 17.513484814000066 ], [ 78.42146918300007, 17.51336762700004 ], [ 78.42139641600005, 17.51318953100003 ], [ 78.42131744600006, 17.513076542000054 ], [ 78.42121432600004, 17.513122561000067 ], [ 78.420977364000066, 17.513266904000044 ], [ 78.420885222000052, 17.513225050000067 ], [ 78.420703139000068, 17.513089035000107 ], [ 78.420692103000093, 17.512999420000067 ], [ 78.420678363000036, 17.512855122000087 ], [ 78.420670122000047, 17.51274230800005 ], [ 78.42056283200003, 17.512723932000053 ], [ 78.420428031000085, 17.512700307000053 ], [ 78.420312490000086, 17.512658318000057 ], [ 78.420124662000049, 17.512643644000061 ], [ 78.420040679000067, 17.51262110900009 ], [ 78.419961947000047, 17.512568540000096 ], [ 78.419849096000078, 17.512523476000101 ], [ 78.419665380000083, 17.512488416000057 ] ] } },
{ "type": "Feature", "properties": { "FID": 80, "Nala_ID": "SMN", "Nala_Name": "SITAPHALMANDI_NALA", "Circle": "Circle-18", "District": "HYDERABAD", "Total_Seg": 12, "Length_m": 2433.0, "Govt_Encr": 0, "Pvt_Encr": 0, "Rel_Encr": 0, "Total_Encr": 0, "Court_Case": 0, "Mandal": " ", "Village": " ", "SNO": 81, "ZONE_NAME": "NORTH ZONE", "ZONE_ID": "NRZ", "length_m_calc": 2433.7802844976923 }, "geometry": { "type": "LineString", "coordinates": [ [ 78.524503846647207, 17.427623012154182 ], [ 78.524453764000057, 17.427452369000051 ], [ 78.524314565000068, 17.426947966000068 ], [ 78.524190889414427, 17.426284819739823 ], [ 78.524125943000058, 17.425936577000069 ], [ 78.524065140000076, 17.425307075000038 ], [ 78.524065129000064, 17.425286525000057 ], [ 78.52367872435731, 17.425005127511884 ], [ 78.523585721000089, 17.424937398000061 ], [ 78.52358631900006, 17.424672232000031 ], [ 78.523357832000059, 17.42444573000007 ], [ 78.523349006678401, 17.424437339402004 ], [ 78.522834297369755, 17.423947982147915 ], [ 78.522684325000071, 17.423805396000056 ], [ 78.522659379000061, 17.423712909000116 ], [ 78.522575346000067, 17.42329087300007 ], [ 78.522570634000061, 17.423179803000036 ], [ 78.522295402000054, 17.42219361 ], [ 78.522242679000058, 17.422140065000086 ], [ 78.522175781849683, 17.422171090082465 ], [ 78.521994762000091, 17.422255042000085 ], [ 78.521778231000042, 17.421362903000077 ], [ 78.521154430000081, 17.421465807000061 ], [ 78.521088596000084, 17.421122745000069 ], [ 78.521025865000084, 17.420731947000057 ], [ 78.520903846000067, 17.420585816000052 ], [ 78.520572812000097, 17.420684480000052 ], [ 78.52045203762583, 17.420699069079891 ], [ 78.52009505300002, 17.420742191000041 ], [ 78.51989235300006, 17.419937321000091 ], [ 78.519678955661476, 17.419975276765076 ], [ 78.519151117352067, 17.420069159272366 ], [ 78.519035860000031, 17.42008965900008 ], [ 78.518430573220087, 17.420240786337576 ], [ 78.518386790000079, 17.420251718000031 ], [ 78.518142426000054, 17.419496855000059 ], [ 78.517968167569052, 17.419517715441334 ], [ 78.517835700000035, 17.419533573000056 ], [ 78.517715355759037, 17.419089465352705 ], [ 78.517696024000045, 17.419018125000054 ], [ 78.517427144000081, 17.418203647000077 ], [ 78.516319637000052, 17.41858843000006 ], [ 78.516204788000053, 17.418119489000052 ], [ 78.515889974000075, 17.417290188000052 ], [ 78.515491051000083, 17.416082772000049 ], [ 78.51544497591513, 17.415967091136419 ], [ 78.515142156000095, 17.415206797000039 ], [ 78.515059662000056, 17.414896948000074 ], [ 78.514779264000097, 17.414404417000078 ], [ 78.514505545000091, 17.41386430200005 ], [ 78.514364714000067, 17.413593248000041 ], [ 78.514196317000085, 17.413033883000043 ], [ 78.513819484000066, 17.413057725000041 ], [ 78.513742770000093, 17.413077135000069 ] ] } },
{ "type": "Feature", "properties": { "FID": 81, "Nala_ID": "NM2", "Nala_Name": "NANDI MUSALAI GUDA SURPLUS-II", "Circle": "Circle-5", "District": "HYDERABAD", "Total_Seg": 20, "Length_m": 643.0, "Govt_Encr": 0, "Pvt_Encr": 0, "Rel_Encr": 0, "Total_Encr": 0, "Court_Case": 0, "Mandal": " ", "Village": " ", "SNO": 82, "ZONE_NAME": "SOUTH ZONE", "ZONE_ID": "STZ", "length_m_calc": 643.03984994952543 }, "geometry": { "type": "MultiLineString", "coordinates": [ [ [ 78.442180625979873, 17.361481042557457 ], [ 78.442248228000054, 17.361612267000062 ], [ 78.442323946000045, 17.361746037000049 ], [ 78.442386433000095, 17.361861599000065 ], [ 78.442472451000086, 17.362012822000057 ], [ 78.442523582000035, 17.362111964000064 ], [ 78.442585209000072, 17.36223678000005 ], [ 78.442665542000043, 17.362359955000052 ], [ 78.442712998000047, 17.362423331000063 ], [ 78.442717525000035, 17.36242549300005 ], [ 78.442777965000062, 17.362485921000037 ], [ 78.442850566000061, 17.362555373000077 ], [ 78.442876677000072, 17.362587776000058 ], [ 78.442916024000056, 17.362642724000072 ], [ 78.442968486000041, 17.362711085000061 ], [ 78.443025655000042, 17.36278340500008 ], [ 78.443052623000085, 17.362826706000082 ], [ 78.443074657000068, 17.362849895000075 ], [ 78.44311379700008, 17.362878704000028 ], [ 78.443196385000078, 17.362943546000061 ], [ 78.44327131600005, 17.362998698000073 ], [ 78.443366888000071, 17.363077934000053 ], [ 78.443398861000048, 17.363100253000034 ], [ 78.443406246000052, 17.363108480000054 ], [ 78.44342288200005, 17.363133175000034 ], [ 78.443484209000076, 17.363183790000054 ], [ 78.44361054500007, 17.363269760000041 ], [ 78.443622422000047, 17.363277996000029 ], [ 78.443631401000061, 17.363282518000062 ], [ 78.443634085000042, 17.363293077000041 ], [ 78.443624637000084, 17.363303141000078 ], [ 78.443599436000071, 17.363340454000028 ], [ 78.443501076000075, 17.363438322000039 ], [ 78.443479267000043, 17.363470314000047 ], [ 78.443457397000046, 17.363503249000079 ], [ 78.443439250000054, 17.363520513000029 ], [ 78.44341627700004, 17.363539328000066 ], [ 78.443401334000058, 17.363552047000045 ], [ 78.443390124000075, 17.363570364000054 ], [ 78.443389012000083, 17.36358819100008 ], [ 78.44340279000005, 17.363607588000043 ], [ 78.44350729100006, 17.363692338000082 ], [ 78.443669940000063, 17.363827870000026 ], [ 78.443822862000047, 17.363950664000079 ], [ 78.443923966000057, 17.36403466000008 ], [ 78.444002584577873, 17.364092003649471 ] ], [ [ 78.44116242900003, 17.360492125000068 ], [ 78.441189914000063, 17.360524649000077 ], [ 78.441220749939419, 17.36056296302101 ] ], [ [ 78.441220749939419, 17.36056296302101 ], [ 78.441235285000062, 17.360581023000066 ], [ 78.441268028000081, 17.360612220000068 ], [ 78.441316026000052, 17.360646392000039 ], [ 78.441338833000032, 17.360661550000035 ], [ 78.441377769000056, 17.36068256700003 ], [ 78.441398578000076, 17.360695042000032 ], [ 78.441413816000093, 17.360705115000037 ], [ 78.441429036000045, 17.360718094000053 ], [ 78.441444789000059, 17.360732913000056 ], [ 78.441456384000062, 17.360748255000036 ], [ 78.44148167000003, 17.360794228000035 ], [ 78.441507179000055, 17.360837502000042 ], [ 78.44153318900004, 17.360885726000053 ], [ 78.441540613000029, 17.360898015000036 ], [ 78.441546959000064, 17.360906378000045 ], [ 78.441550659000029, 17.360911444000067 ], [ 78.441550130000053, 17.360915999000046 ], [ 78.441545108000085, 17.360920551000056 ], [ 78.441539819000084, 17.360924345000065 ], [ 78.441536380000059, 17.360930420000052 ], [ 78.441539555000077, 17.360940802000076 ], [ 78.441588389000074, 17.361026198000051 ], [ 78.441635316000031, 17.361102203000033 ], [ 78.441668270000051, 17.361159818000036 ], [ 78.441720468000085, 17.361253836000063 ], [ 78.441777463000065, 17.361386845000034 ], [ 78.441797049000058, 17.361426011000052 ], [ 78.441808205000029, 17.361447628000068 ], [ 78.441814223000051, 17.361458189000082 ], [ 78.441822262000073, 17.361467154000024 ], [ 78.441832619000081, 17.361468839000057 ], [ 78.441850852000073, 17.361463266000047 ], [ 78.441897604000076, 17.361436517000076 ], [ 78.441977898000061, 17.361398247000075 ], [ 78.442058785000029, 17.361354766000037 ], [ 78.442076248000049, 17.361345036000049 ], [ 78.442087443000048, 17.36133973800003 ], [ 78.442103066000072, 17.36134133600007 ], [ 78.442112711000064, 17.361352478000075 ], [ 78.442122389000076, 17.361371691000048 ], [ 78.442140579000082, 17.361403306000057 ], [ 78.442180625979873, 17.361481042557457 ] ], [ [ 78.444002584577873, 17.364092003649471 ], [ 78.444006329119659, 17.364094734881391 ] ], [ [ 78.444006329119659, 17.364094734881391 ], [ 78.444052886000065, 17.364128693000055 ], [ 78.444171623000045, 17.364214529000041 ], [ 78.44422064700008, 17.364257249000055 ], [ 78.444329147000076, 17.364351328000058 ], [ 78.444367372000045, 17.364387242000085 ], [ 78.44444160900008, 17.364443400000031 ], [ 78.444472949000044, 17.364468226000046 ], [ 78.444507600000065, 17.364497234000062 ], [ 78.444530421000081, 17.364513059000046 ] ] ] } },
{ "type": "Feature", "properties": { "FID": 82, "Nala_ID": "NM1", "Nala_Name": "NADIMUSALIA GUDA SURPLS -1", "Circle": "Circle-5", "District": "HYDERABAD", "Total_Seg": 4, "Length_m": 608.0, "Govt_Encr": 0, "Pvt_Encr": 0, "Rel_Encr": 0, "Total_Encr": 0, "Court_Case": 0, "Mandal": " ", "Village": " ", "SNO": 83, "ZONE_NAME": "SOUTH ZONE", "ZONE_ID": "STZ", "length_m_calc": 608.71121251640295 }, "geometry": { "type": "MultiLineString", "coordinates": [ [ [ 78.442543813973515, 17.363861798370952 ], [ 78.442648702000056, 17.363943239000037 ], [ 78.442668983000033, 17.363965458000056 ], [ 78.442675792000045, 17.363981744000064 ], [ 78.442685182000048, 17.363992150000062 ], [ 78.442800957000031, 17.36408351700004 ], [ 78.442891140000029, 17.364162523000065 ], [ 78.442967393000075, 17.364225277000063 ], [ 78.443026093000086, 17.364270336000068 ], [ 78.443144917000041, 17.364369226000068 ], [ 78.443296624000084, 17.364490023000034 ], [ 78.443429404000085, 17.364607522000036 ], [ 78.443541641000081, 17.364703202000047 ], [ 78.443815999000037, 17.364950284000034 ], [ 78.443837027000029, 17.364970923000048 ], [ 78.443858866000085, 17.36500055200003 ] ], [ [ 78.440709895000055, 17.360751040000032 ], [ 78.440771342000076, 17.360882962000066 ], [ 78.440782219000084, 17.360925417000036 ], [ 78.440797767709938, 17.3609598547547 ] ], [ [ 78.440797767709938, 17.3609598547547 ], [ 78.440809906000084, 17.360986739000055 ], [ 78.440855574000068, 17.361090293000078 ], [ 78.440875383000048, 17.361153020000078 ], [ 78.440894669000045, 17.361206614000032 ], [ 78.440931576000096, 17.361308437000055 ], [ 78.440976055000078, 17.361392331000047 ], [ 78.441008006000061, 17.361450220000055 ], [ 78.441037495000046, 17.361495822000059 ], [ 78.441017283000065, 17.361506720000026 ], [ 78.441050455000038, 17.361596380000044 ], [ 78.441072440000099, 17.361589454000072 ], [ 78.441156892000038, 17.361811946000049 ], [ 78.441270170000053, 17.362032784000068 ], [ 78.441355608000038, 17.362213078000032 ], [ 78.441401158000076, 17.362330304000071 ], [ 78.441405298000063, 17.362382348000043 ], [ 78.441453357000057, 17.362491260000077 ], [ 78.441527162000057, 17.362616895000031 ], [ 78.441615552000044, 17.362780791000041 ], [ 78.441633631000059, 17.362824638000067 ], [ 78.441668230000062, 17.362873479000033 ], [ 78.441727580000077, 17.362983990000036 ], [ 78.441869907000068, 17.363217657000067 ], [ 78.441872872399927, 17.363223092876915 ] ], [ [ 78.441872872399927, 17.363223092876915 ], [ 78.441971626000054, 17.363404118000066 ], [ 78.442049394000037, 17.363537571000052 ], [ 78.442064611000035, 17.363568192000063 ], [ 78.442076723000071, 17.363582264000062 ], [ 78.44209091700003, 17.363587777000081 ], [ 78.44210040400003, 17.363602356000065 ], [ 78.442148189000079, 17.363698183000054 ], [ 78.44215340900007, 17.363705735000057 ], [ 78.442164458000036, 17.363707961000046 ], [ 78.442173224000044, 17.363698570000057 ], [ 78.442191200000096, 17.36368029200003 ], [ 78.442220529000068, 17.363652036000079 ], [ 78.442230101000078, 17.363647347000043 ], [ 78.442241064000029, 17.363646304000046 ], [ 78.442250927000032, 17.363647704000076 ], [ 78.442261889000065, 17.363654337000074 ], [ 78.442308653000055, 17.36368922500003 ], [ 78.442314852000038, 17.363691315000047 ], [ 78.442419584000064, 17.363771481000075 ], [ 78.442510373000061, 17.363835833000053 ], [ 78.442543813973515, 17.363861798370952 ] ] ] } },
{ "type": "Feature", "properties": { "FID": 83, "Nala_ID": "NGK", "Nala_Name": "NAGAMAIAH_KUNTA_NALA_TWO_MN7D", "Circle": "Circle-18", "District": "HYDERABAD", "Total_Seg": 3, "Length_m": 336.0, "Govt_Encr": 0, "Pvt_Encr": 0, "Rel_Encr": 0, "Total_Encr": 0, "Court_Case": 0, "Mandal": " ", "Village": " ", "SNO": 84, "ZONE_NAME": "NORTH ZONE", "ZONE_ID": "NRZ", "length_m_calc": 336.0395139661141 }, "geometry": { "type": "LineString", "coordinates": [ [ 78.514913499000045, 17.432812263000109 ], [ 78.515150045000041, 17.432649488000049 ], [ 78.515447470000083, 17.432455148000052 ], [ 78.515684878000073, 17.432287455000054 ], [ 78.515783131057873, 17.432196665947799 ], [ 78.515996638000061, 17.431999378000075 ], [ 78.516283093300743, 17.431744675382355 ], [ 78.516298875000089, 17.431730643000023 ], [ 78.516651264000075, 17.431727543000029 ], [ 78.516932493000084, 17.431588810000083 ], [ 78.517442716540174, 17.431124984396924 ] ] } },
{ "type": "Feature", "properties": { "FID": 84, "Nala_ID": "ACN", "Nala_Name": "ARTS COLLEGE NALA", "Circle": "Circle-18", "District": "HYDERABAD", "Total_Seg": 6, "Length_m": 462.0, "Govt_Encr": 0, "Pvt_Encr": 0, "Rel_Encr": 0, "Total_Encr": 0, "Court_Case": 0, "Mandal": " ", "Village": " ", "SNO": 85, "ZONE_NAME": "NORTH ZONE", "ZONE_ID": "NRZ", "length_m_calc": 462.00603398240395 }, "geometry": { "type": "LineString", "coordinates": [ [ 78.519482587802699, 17.415459851030594 ], [ 78.519379864000044, 17.415486971000089 ], [ 78.519081885440798, 17.415489359731417 ], [ 78.518928271000064, 17.415490591000037 ], [ 78.518154186000061, 17.415644821000086 ], [ 78.517990387000069, 17.415720984000071 ], [ 78.517896218000047, 17.415776811000072 ], [ 78.517749198980852, 17.415848406617414 ], [ 78.517730602000043, 17.415857463000069 ], [ 78.517207696000071, 17.415950667000068 ], [ 78.517238444000043, 17.416157673000072 ], [ 78.517092816000059, 17.41618824100005 ], [ 78.516875995215315, 17.416216043363953 ], [ 78.51669499000009, 17.416239253000089 ], [ 78.516436435482689, 17.416217505498516 ], [ 78.516414352000083, 17.416215648000055 ], [ 78.51623315900008, 17.416154717000065 ], [ 78.516229605000049, 17.416151329000051 ], [ 78.515947216271414, 17.41609302207932 ], [ 78.515934740000048, 17.416090446000076 ], [ 78.515497815000074, 17.416097411000077 ], [ 78.515495951076844, 17.416097603090176 ] ] } },
{ "type": "Feature", "properties": { "FID": 85, "Nala_ID": "KXM", "Nala_Name": "KONDAPUR 'X' ROADS TO MULLAKATHUVA CHERUVU", "Circle": "Circle-12", "District": "RANGAREDDY", "Total_Seg": 10, "Length_m": 2871.0, "Govt_Encr": 0, "Pvt_Encr": 0, "Rel_Encr": 0, "Total_Encr": 0, "Court_Case": 0, "Mandal": " ", "Village": " ", "SNO": 86, "ZONE_NAME": "WEST ZONE", "ZONE_ID": "WTZ", "length_m_calc": 2871.1297718573796 }, "geometry": { "type": "MultiLineString", "coordinates": [ [ [ 78.367177619233615, 17.461446778877605 ], [ 78.367148332000056, 17.461363107000071 ], [ 78.367051612000068, 17.461142407000054 ], [ 78.367007785000055, 17.461039952000032 ], [ 78.366986792000034, 17.460979581000061 ], [ 78.366974609000067, 17.460905880000041 ], [ 78.36694, 17.460875 ], [ 78.366878, 17.460905 ], [ 78.366782, 17.460937 ], [ 78.366366, 17.460911 ], [ 78.365972, 17.461002 ], [ 78.364793, 17.46109 ] ], [ [ 78.386211570000057, 17.466667214000037 ], [ 78.384709065000038, 17.466806208000037 ], [ 78.384613531564611, 17.466779423716645 ] ], [ [ 78.384613531564611, 17.466779423716645 ], [ 78.384286222000071, 17.466687657000023 ], [ 78.383626931000038, 17.466393113000038 ], [ 78.383245152000029, 17.466166443000077 ], [ 78.38232574400007, 17.466370385000054 ], [ 78.381965764271413, 17.466407088467506 ] ], [ [ 78.381965764271413, 17.466407088467506 ], [ 78.381792561000054, 17.466424748000069 ], [ 78.381488151000042, 17.466287263000027 ], [ 78.381335799000055, 17.466173612000034 ], [ 78.381056507000039, 17.466203454000038 ], [ 78.380612952000035, 17.466350567000084 ], [ 78.380173414000069, 17.46653708100007 ], [ 78.37928513215833, 17.466529554168886 ] ], [ [ 78.37928513215833, 17.466529554168886 ], [ 78.377714648000051, 17.466516237000061 ], [ 78.376462414382559, 17.466515981723955 ] ], [ [ 78.376462414382559, 17.466515981723955 ], [ 78.375518124000052, 17.466515784000023 ], [ 78.375527264000084, 17.465301354000072 ], [ 78.374933310000074, 17.465308432000029 ], [ 78.374926655453891, 17.465291273921345 ] ], [ [ 78.374926655453891, 17.465291273921345 ], [ 78.374701971000036, 17.464711946000019 ], [ 78.374563168000066, 17.464416119000091 ], [ 78.373496, 17.463989 ], [ 78.373301, 17.463955 ], [ 78.372921, 17.463695 ], [ 78.372901672391478, 17.463697460564159 ] ], [ [ 78.372901672391478, 17.463697460564156 ], [ 78.372730234000073, 17.463719286000067 ], [ 78.372638275000043, 17.463705483000069 ], [ 78.372557141000073, 17.463688242000046 ], [ 78.372469, 17.463623 ], [ 78.37242, 17.463563 ], [ 78.372367012000041, 17.463533704000039 ], [ 78.372310351000067, 17.463517216000067 ], [ 78.372276654000075, 17.463485910000031 ], [ 78.372249600000032, 17.463418852000075 ], [ 78.372183007000046, 17.463356994000037 ], [ 78.372224250000045, 17.463267742000028 ], [ 78.372172076000084, 17.46315639200003 ], [ 78.372086628000034, 17.463067557000048 ], [ 78.371922586000039, 17.463121041000022 ], [ 78.371752234000041, 17.463181133000038 ], [ 78.371686710000063, 17.462944272000097 ], [ 78.371625369000071, 17.462832949000077 ], [ 78.371571172000074, 17.462684205000077 ], [ 78.371499443000062, 17.462641500000071 ], [ 78.371041449000074, 17.462772926000063 ], [ 78.370921925718235, 17.462808619087063 ] ], [ [ 78.370921925718235, 17.462808619087063 ], [ 78.370326510000041, 17.462986426000047 ], [ 78.370144640000035, 17.463058949000072 ], [ 78.370100124000032, 17.463090984000072 ], [ 78.370077004000052, 17.463090920000081 ], [ 78.370066347000034, 17.463070592000069 ], [ 78.370059, 17.463036 ], [ 78.370028, 17.462888 ], [ 78.369961, 17.462696 ], [ 78.369591, 17.461582 ], [ 78.369511999693501, 17.461327762760423 ] ], [ [ 78.369511999693501, 17.461327762760419 ], [ 78.369481, 17.461228 ], [ 78.369444, 17.461152 ], [ 78.369409, 17.461119 ], [ 78.369369, 17.461087 ], [ 78.369334257000048, 17.461061454000077 ], [ 78.369269203000044, 17.461062967999982 ], [ 78.36840264600005, 17.461344370000063 ], [ 78.368107601000077, 17.46143532800005 ], [ 78.367666284000052, 17.461563368000043 ], [ 78.367498229000034, 17.461610488000073 ], [ 78.367383153000048, 17.461638948000033 ], [ 78.367317722000053, 17.46166914500003 ], [ 78.367215274000046, 17.461690823000023 ], [ 78.367210026000066, 17.461539363000071 ], [ 78.367177619233615, 17.461446778877605 ] ] ] } },
{ "type": "Feature", "properties": { "FID": 86, "Nala_ID": "JCK", "Nala_Name": "JNTU CAMPUS TO KUKATPALLY NALA", "Circle": "Circle-14A", "District": "RANGAREDDY", "Total_Seg": 5, "Length_m": 1630.0, "Govt_Encr": 0, "Pvt_Encr": 0, "Rel_Encr": 0, "Total_Encr": 0, "Court_Case": 0, "Mandal": " ", "Village": " ", "SNO": 87, "ZONE_NAME": "WEST ZONE", "ZONE_ID": "WTZ", "length_m_calc": 1630.4220375030518 }, "geometry": { "type": "MultiLineString", "coordinates": [ [ [ 78.396916299121045, 17.489888054863556 ], [ 78.396756000158234, 17.489959999755275 ], [ 78.396684746913493, 17.489942609274799 ], [ 78.396589971457075, 17.48994260917268 ], [ 78.396481339827616, 17.489969152168374 ], [ 78.39634336609906, 17.490023641825083 ], [ 78.396166301111236, 17.490123370891091 ], [ 78.396065000163205, 17.490213000261537 ], [ 78.395979999689516, 17.490255000389158 ], [ 78.395743011622415, 17.490353981842457 ], [ 78.395562158429215, 17.490432600254554 ], [ 78.395387945006192, 17.490523762615084 ], [ 78.395241580657498, 17.490581922775835 ], [ 78.394987238915419, 17.490650457352764 ], [ 78.394815577393445, 17.490739642244989 ], [ 78.394565800418789, 17.490836866582853 ], [ 78.394425092926284, 17.490894429286868 ], [ 78.394287482390553, 17.490959341641819 ], [ 78.394209430153737, 17.491008114449926 ], [ 78.394109845610615, 17.491064587425118 ], [ 78.393964506614822, 17.49113646243417 ], [ 78.393878364055226, 17.491190320131413 ], [ 78.393837924189214, 17.491220980963426 ], [ 78.393808321024082, 17.491177356317351 ], [ 78.393773300650878, 17.491159341323456 ], [ 78.393681450999424, 17.491259134445592 ], [ 78.39365439620947, 17.491295006874481 ], [ 78.393678641158644, 17.491328414419147 ], [ 78.393648813585486, 17.491400271258549 ], [ 78.39358410253395, 17.491469722912804 ], [ 78.393551489126793, 17.491590552918204 ], [ 78.393465452426994, 17.491642045558262 ], [ 78.393347384850074, 17.491680637977499 ], [ 78.393343267055016, 17.491684316069346 ] ], [ [ 78.399446000292087, 17.484641999696926 ], [ 78.399424000037612, 17.484693000198618 ], [ 78.399386999656414, 17.484757999861678 ], [ 78.399359999705723, 17.484804000099921 ], [ 78.399324000411426, 17.484853000124012 ], [ 78.399317999706085, 17.484872000439147 ], [ 78.399295999596163, 17.484885000260842 ], [ 78.399251999582432, 17.484899999612864 ], [ 78.399231999657445, 17.484918999915578 ], [ 78.399221999686077, 17.48494200025182 ], [ 78.399223000308226, 17.484966999719365 ], [ 78.399225000282598, 17.484993000314248 ], [ 78.399250000072371, 17.485049000199549 ], [ 78.399285000266445, 17.485131999570989 ], [ 78.399333999702705, 17.485197000201758 ], [ 78.399337999694765, 17.485258000313483 ], [ 78.399358000286512, 17.485296000098693 ], [ 78.399381999623415, 17.48535300020006 ], [ 78.39940700036918, 17.485517999557658 ], [ 78.399431999644634, 17.485597999558067 ], [ 78.399450000279032, 17.485664000395783 ], [ 78.399477000226582, 17.485754999788032 ], [ 78.399515999992303, 17.485850999889156 ], [ 78.399571999769719, 17.486025000427404 ], [ 78.399585000469756, 17.486070999794268 ], [ 78.399599999845179, 17.48615599958698 ], [ 78.399664000178305, 17.486294999705162 ], [ 78.399681999654476, 17.486327999659 ], [ 78.399699000175758, 17.486365000099557 ], [ 78.399703000122074, 17.486390999793166 ], [ 78.399695000116111, 17.486422000192452 ], [ 78.399689000426889, 17.486439999845249 ], [ 78.399663000212414, 17.486444999640216 ], [ 78.399626999844244, 17.486455999910543 ], [ 78.399580863629822, 17.486468888272945 ] ], [ [ 78.399580863629822, 17.486468888272945 ], [ 78.399380000146692, 17.486525000253234 ], [ 78.399206000176619, 17.486576000372949 ], [ 78.399003000383189, 17.486633000256173 ], [ 78.398871999673943, 17.486674999931687 ], [ 78.398843999691024, 17.486686999867537 ], [ 78.398827999753422, 17.486702000096205 ], [ 78.398822999550973, 17.486719000381324 ], [ 78.39882299978099, 17.48674299960139 ], [ 78.398849999582836, 17.486806999593007 ], [ 78.398915000050238, 17.486988000123702 ], [ 78.398994999893588, 17.487208999548134 ], [ 78.399067000393288, 17.487376000015654 ], [ 78.399253999556407, 17.487779999586113 ], [ 78.399290000250815, 17.487839000240424 ], [ 78.399323000075483, 17.487912000040843 ], [ 78.399336999832883, 17.487961999888757 ], [ 78.399337999561112, 17.487995000286947 ], [ 78.399335999930202, 17.488009999687279 ], [ 78.399332000451111, 17.488033000028675 ], [ 78.399326000328145, 17.488053999893378 ], [ 78.399311000213274, 17.488064999678102 ], [ 78.399280000280754, 17.48808000033663 ], [ 78.39921299996044, 17.488102999996823 ], [ 78.398969000441042, 17.488212000197226 ], [ 78.398858021718652, 17.488261826998897 ] ], [ [ 78.398858021718652, 17.488261826998897 ], [ 78.398773000214007, 17.488299999564507 ], [ 78.398639000066026, 17.488372999745408 ], [ 78.398541000317095, 17.48840400034517 ], [ 78.398435999655774, 17.488457999803671 ], [ 78.398237000237742, 17.488548000378625 ], [ 78.398145000282327, 17.4885860001663 ], [ 78.398078999761267, 17.488645000018035 ], [ 78.398049000109864, 17.488700999973464 ], [ 78.398002000055271, 17.488778000061242 ], [ 78.397972999816915, 17.488867000368746 ], [ 78.397944000261731, 17.488958000233872 ], [ 78.397904000097981, 17.489045000398576 ], [ 78.3978749997341, 17.489117999707112 ], [ 78.397799999741196, 17.489208999921281 ], [ 78.397719999954631, 17.489294999794414 ], [ 78.397787181845601, 17.489453220370539 ], [ 78.3974004571146, 17.489634195619036 ], [ 78.397319999829193, 17.489661999857368 ], [ 78.397288000085737, 17.489691999969107 ], [ 78.397228999716972, 17.489746000212751 ], [ 78.397137000250865, 17.489789000133179 ], [ 78.396916299121045, 17.489888054863556 ] ], [ [ 78.393343267055016, 17.491684316069346 ], [ 78.393309991771389, 17.491714038167856 ], [ 78.393337248248088, 17.491780785850803 ], [ 78.393284387035337, 17.491903761284124 ], [ 78.393186037610874, 17.492164545425581 ], [ 78.393162611304859, 17.492315734867525 ], [ 78.393212339454422, 17.492448766445371 ], [ 78.392995817285382, 17.492545782985324 ], [ 78.39293703618101, 17.49257640680111 ], [ 78.39305242714326, 17.492873809613904 ], [ 78.393115349724781, 17.493015400153311 ], [ 78.393139835047748, 17.49306145668568 ], [ 78.39316566833773, 17.493122082296679 ], [ 78.393201526319288, 17.493188886075234 ], [ 78.393244090624393, 17.493271293852732 ], [ 78.393257884066841, 17.493320277024754 ], [ 78.393269728933944, 17.493340777594611 ], [ 78.393281521055798, 17.493356529668706 ], [ 78.39330841330856, 17.493389564727845 ], [ 78.393313981964567, 17.493442308032112 ], [ 78.393348991675381, 17.493489538661176 ], [ 78.393441293163932, 17.493718899096159 ], [ 78.393516361663629, 17.493922022802483 ], [ 78.393546751546339, 17.493955642043705 ], [ 78.393561999833238, 17.493982999675822 ], [ 78.393604208908613, 17.494046648156488 ], [ 78.39366323345206, 17.494081284622979 ], [ 78.393736999539357, 17.494107999934652 ], [ 78.393754000196921, 17.494132000115709 ], [ 78.393857000198821, 17.494174999918393 ], [ 78.39391499990468, 17.494179999888541 ], [ 78.393974000070713, 17.494185000333719 ] ] ] } },
{ "type": "Feature", "properties": { "FID": 87, "Nala_ID": "DPN", "Nala_Name": "DABEERPURA NALA", "Circle": "Circle-4A", "District": "HYDERABAD", "Total_Seg": 8, "Length_m": 2394.0, "Govt_Encr": 0, "Pvt_Encr": 0, "Rel_Encr": 0, "Total_Encr": 0, "Court_Case": 0, "Mandal": " ", "Village": " ", "SNO": 88, "ZONE_NAME": "SOUTH ZONE", "ZONE_ID": "STZ", "length_m_calc": 2394.3139467745978 }, "geometry": { "type": "MultiLineString", "coordinates": [ [ [ 78.485658401748893, 17.367875853919895 ], [ 78.485662313331673, 17.367878448814988 ], [ 78.485723306922779, 17.367934937789794 ], [ 78.485757287399295, 17.368017117930446 ], [ 78.485797854394349, 17.368060667019073 ], [ 78.485877264571144, 17.368068848774076 ], [ 78.485966908782473, 17.368068995257381 ], [ 78.486046498312845, 17.368065898207494 ], [ 78.486132964676287, 17.368061195069188 ], [ 78.486260369895803, 17.368030692283671 ], [ 78.486333104192809, 17.367995224781296 ], [ 78.486402443686558, 17.367966185072728 ], [ 78.486475322708728, 17.367945197669265 ], [ 78.486560238384882, 17.367937159168427 ], [ 78.486652077735059, 17.367929112909927 ], [ 78.486655479838575, 17.367925869865033 ], [ 78.486737223666992, 17.367937287006932 ], [ 78.486744037534152, 17.367938916311232 ], [ 78.486824122677277, 17.367963327700334 ], [ 78.486934916202316, 17.368002389682101 ], [ 78.486941739466317, 17.368004020001511 ], [ 78.487052647993409, 17.36806754210264 ], [ 78.487148068164984, 17.368129338380111 ], [ 78.487230610163309, 17.368182161873534 ], [ 78.487377278271467, 17.368297703835438 ], [ 78.487462453018495, 17.368390387103311 ], [ 78.48756466709726, 17.368505844872949 ], [ 78.487646417129042, 17.368622957294846 ], [ 78.487750381387741, 17.368756379139885 ], [ 78.48783902978424, 17.368875151650233 ], [ 78.487917451279998, 17.36897765436867 ], [ 78.487982232828841, 17.369057378347421 ], [ 78.487987958468182, 17.369063730526001 ] ], [ [ 78.490487891626572, 17.356187807940412 ], [ 78.490374404458748, 17.356234828243206 ], [ 78.490254288065273, 17.356291203729842 ], [ 78.490221359094178, 17.356330476188418 ], [ 78.490196608190516, 17.356387203717119 ], [ 78.490140445315731, 17.356432918703256 ], [ 78.489973345727151, 17.356513424726415 ], [ 78.489726120575099, 17.356662218156348 ], [ 78.489621214156642, 17.356756963620619 ], [ 78.489594676688341, 17.356802868981124 ], [ 78.489541565124739, 17.356837703244825 ], [ 78.489470036573806, 17.35688529062935 ], [ 78.489399959056058, 17.356955261372473 ], [ 78.489307936941728, 17.357017522136339 ], [ 78.489244258030283, 17.357054325316181 ], [ 78.489153627191925, 17.357115180023424 ], [ 78.489048268765686, 17.357171057248724 ], [ 78.488921549677912, 17.357236285163367 ], [ 78.488729601064207, 17.357327298172592 ], [ 78.488469339927718, 17.357419648225079 ], [ 78.488298080735802, 17.35751968907045 ], [ 78.488149697462319, 17.357597663856744 ], [ 78.488010507120194, 17.357677922752263 ] ], [ [ 78.488010507120194, 17.357677922752263 ], [ 78.48800521695911, 17.357680973121912 ], [ 78.487870900993002, 17.35775486677845 ], [ 78.487777304348157, 17.357817070804973 ], [ 78.487698699904399, 17.357855378406413 ], [ 78.487557243471628, 17.357908832877825 ], [ 78.487417965133119, 17.357996375339429 ], [ 78.487306887774068, 17.358044012852478 ], [ 78.487162027893589, 17.358098048335261 ], [ 78.48704214423627, 17.35816479693667 ], [ 78.486750017628026, 17.358301604119735 ], [ 78.486674902611597, 17.358331946445031 ], [ 78.486571321045972, 17.358319295921568 ], [ 78.48644913304723, 17.358328992312682 ], [ 78.486217837092923, 17.358385057762344 ], [ 78.485960142074248, 17.358426595195361 ], [ 78.485706924863294, 17.358478608866953 ], [ 78.485559670616411, 17.358513758609082 ], [ 78.485497833149296, 17.358518498238261 ], [ 78.48538434584637, 17.358510410081291 ], [ 78.485260984551161, 17.358527853080599 ], [ 78.48505959013896, 17.358572281684008 ], [ 78.48484105573894, 17.358619587826219 ], [ 78.484792877042267, 17.358631321921244 ], [ 78.484762869182163, 17.358636242432919 ], [ 78.48471957582268, 17.358658639782323 ], [ 78.484681313073835, 17.358684156873949 ], [ 78.48460320124255, 17.358766725332973 ], [ 78.484543285723319, 17.358891809809091 ], [ 78.484472317365018, 17.358988681874919 ] ], [ [ 78.484472317365018, 17.358988681874919 ], [ 78.484443249649416, 17.359028359370726 ], [ 78.484346352115566, 17.359219330159551 ], [ 78.484287787248846, 17.359365950303825 ], [ 78.484237599350735, 17.359466425620269 ], [ 78.48420234959444, 17.359570225797434 ], [ 78.484190439812267, 17.359656609819435 ], [ 78.484203359258458, 17.359753523443274 ], [ 78.484216291906577, 17.359834520108095 ], [ 78.484267747153638, 17.359928449670914 ], [ 78.484314392681512, 17.360000254358724 ], [ 78.484391329144245, 17.36008500570771 ], [ 78.484486934949658, 17.360177979967087 ], [ 78.484582787832437, 17.360266365422497 ], [ 78.484695730801349, 17.360348514388317 ], [ 78.484754852065166, 17.360401767110787 ], [ 78.484817437232493, 17.360455097740434 ], [ 78.484862932868694, 17.360524280319453 ], [ 78.484893182060802, 17.360596592067928 ], [ 78.484901496795487, 17.360659203727351 ], [ 78.484898013024065, 17.36071695307329 ], [ 78.484884379175369, 17.360797083363622 ], [ 78.484865725271149, 17.360867525943441 ], [ 78.484791451570473, 17.361010743917152 ], [ 78.484724057281383, 17.361140906854825 ], [ 78.484688688573144, 17.361277247967966 ], [ 78.484661783282363, 17.361392537197403 ], [ 78.484626529985505, 17.361550662258914 ], [ 78.484586417848192, 17.361779127111529 ], [ 78.484589243614266, 17.361850105646297 ] ], [ [ 78.484589243614266, 17.361850105646297 ], [ 78.48459311422036, 17.361947328889087 ], [ 78.484594782064548, 17.362050863140176 ], [ 78.484594781683725, 17.362136875047316 ], [ 78.484591445011233, 17.36224039958423 ], [ 78.484568088686913, 17.36234703471003 ], [ 78.484538070549789, 17.36246475405099 ], [ 78.484514615528795, 17.362599694262457 ], [ 78.48450113787699, 17.362680891319975 ], [ 78.484496002190539, 17.3627558682768 ], [ 78.484492559724998, 17.36281339772523 ], [ 78.484499097868863, 17.362907888104171 ], [ 78.484517433618322, 17.362976934792243 ], [ 78.484549251725966, 17.363041327218919 ], [ 78.484579468038959, 17.363086502826473 ], [ 78.484648469714941, 17.363165786595275 ], [ 78.484710896851922, 17.36322682419075 ], [ 78.484744712213939, 17.363294221404303 ], [ 78.4847938121504, 17.363381003164616 ], [ 78.484824396123571, 17.363479245582933 ], [ 78.484841423868218, 17.363542149374478 ], [ 78.484844927357813, 17.363616426737916 ], [ 78.484831494061339, 17.363702091614257 ], [ 78.484807873603827, 17.363791064925799 ], [ 78.484760494818744, 17.363904353190229 ], [ 78.484690982635925, 17.364049692892575 ], [ 78.484564393621113, 17.364314023669042 ] ], [ [ 78.484564393621113, 17.364314023669042 ], [ 78.48455038710479, 17.364343270643705 ], [ 78.484475661473923, 17.364535627582764 ], [ 78.484390968396283, 17.364731441967407 ], [ 78.484299217189033, 17.364950122280259 ], [ 78.484231563774031, 17.365145731125679 ], [ 78.484189085936009, 17.365264975168142 ], [ 78.484178940138207, 17.365410641264976 ], [ 78.484175557066365, 17.365588668422472 ], [ 78.48417386513789, 17.365792588172852 ], [ 78.484181185660319, 17.365966548425963 ], [ 78.484200501671495, 17.366265818156368 ], [ 78.484217630281734, 17.366398051189545 ], [ 78.484249847390487, 17.366538278801894 ], [ 78.484303774580866, 17.366677137794902 ], [ 78.484330659007838, 17.366759701097656 ], [ 78.484367672677337, 17.366823099575942 ], [ 78.4844117727948, 17.366892889827987 ], [ 78.484453436026328, 17.366944352332624 ], [ 78.484484839174996, 17.366983315375361 ] ], [ [ 78.484484839174996, 17.366983315375361 ], [ 78.484488486864464, 17.366987841196728 ], [ 78.484547017802626, 17.367031281605559 ], [ 78.484610723705487, 17.367082924105556 ], [ 78.484720078718127, 17.367167117427663 ], [ 78.484821455783035, 17.367243536649685 ], [ 78.484935153926898, 17.367321920071252 ], [ 78.485106674573359, 17.36743593113005 ], [ 78.485248491434348, 17.367538008947097 ], [ 78.485325429893152, 17.3675976973784 ], [ 78.485399605468729, 17.367697036793686 ], [ 78.485476727458092, 17.367766853286561 ], [ 78.48557221524959, 17.367818678838635 ], [ 78.485658401748893, 17.367875853919895 ] ], [ [ 78.487987958468182, 17.369063730526001 ], [ 78.488076815338886, 17.369162310662631 ], [ 78.488189331827655, 17.369255051232543 ], [ 78.48829332368291, 17.369334774164852 ], [ 78.488402413443637, 17.369406369100549 ], [ 78.488542244307368, 17.36950087099795 ], [ 78.488687463781844, 17.369576000009694 ], [ 78.488790145362458, 17.369636509561101 ], [ 78.488800421325607, 17.36963815975183 ], [ 78.488805558670492, 17.369638169246038 ], [ 78.488891252928013, 17.369675876052188 ], [ 78.488965645026852, 17.369693999275533 ], [ 78.489025558450564, 17.369699033671875 ], [ 78.489130092570491, 17.369681281160666 ], [ 78.489251949186908, 17.369656992183405 ], [ 78.489373884219759, 17.369635849973101 ], [ 78.489466806807442, 17.369619888695958 ], [ 78.489645248738682, 17.36960845156398 ], [ 78.489748162270075, 17.369610082787297 ], [ 78.489921391149608, 17.369621514052817 ] ] ] } },
{ "type": "Feature", "properties": { "FID": 88, "Nala_ID": "AQS", "Nala_Name": "ALIABAD TO QULI QUTB SHAH NALA", "Circle": "Circle-5", "District": "HYDERABAD", "Total_Seg": 3, "Length_m": 731.0, "Govt_Encr": 0, "Pvt_Encr": 0, "Rel_Encr": 0, "Total_Encr": 0, "Court_Case": 0, "Mandal": " ", "Village": " ", "SNO": 89, "ZONE_NAME": "SOUTH ZONE", "ZONE_ID": "STZ", "length_m_calc": 731.16706141704867 }, "geometry": { "type": "MultiLineString", "coordinates": [ [ [ 78.459316696604546, 17.349114636387103 ], [ 78.459399793000046, 17.349378021000064 ], [ 78.459494225000071, 17.349426933000078 ], [ 78.460163946000094, 17.349344472000045 ], [ 78.460872100000074, 17.349240306000073 ], [ 78.460977382000067, 17.349208857000068 ], [ 78.46126042800006, 17.34909376600007 ], [ 78.461364601361865, 17.349059138090293 ] ], [ [ 78.457219273000092, 17.350119593000048 ], [ 78.457202539000036, 17.349996961000045 ], [ 78.457289245000084, 17.34998071300004 ], [ 78.457564501000036, 17.349932185000061 ], [ 78.457918818000053, 17.349881095000057 ], [ 78.458126250000078, 17.349869539000061 ], [ 78.45828257200003, 17.349835012000032 ], [ 78.458381527000043, 17.349805525000022 ], [ 78.458487912000081, 17.34974427200007 ], [ 78.458585148000054, 17.349628203000066 ], [ 78.458675484000082, 17.349494075000056 ], [ 78.458757537000054, 17.349401258000061 ], [ 78.45892580800006, 17.349246191000081 ], [ 78.458967638000047, 17.349171937000051 ], [ 78.459187928000063, 17.348951269000054 ], [ 78.45923281000006, 17.348941896000046 ], [ 78.45930788000004, 17.349086691000025 ], [ 78.459316696604546, 17.349114636387103 ] ], [ [ 78.461364601361865, 17.349059138090293 ], [ 78.461396400000069, 17.349048568000057 ], [ 78.461638341000082, 17.34928187700007 ], [ 78.461841772000071, 17.349478068000057 ], [ 78.46204532700007, 17.349584100000076 ], [ 78.462256647000061, 17.349688195000056 ], [ 78.462480835000065, 17.349744923000063 ], [ 78.462714120000044, 17.349755831000046 ], [ 78.462892999000076, 17.349771443000073 ] ] ] } },
{ "type": "Feature", "properties": { "FID": 89, "Nala_ID": "MCP", "Nala_Name": "MIYAPUR CHERUVU TO PATEL CHERUVU", "Circle": "Circle-12", "District": "RANGAREDDY", "Total_Seg": 2, "Length_m": 646.45856394299994, "Govt_Encr": 0, "Pvt_Encr": 0, "Rel_Encr": 0, "Total_Encr": 0, "Court_Case": 0, "Mandal": " ", "Village": " ", "SNO": 90, "ZONE_NAME": "WEST ZONE", "ZONE_ID": "WTZ", "length_m_calc": 646.45856394319992 }, "geometry": { "type": "MultiLineString", "coordinates": [ [ [ 78.355297103544814, 17.499155347306505 ], [ 78.354613423225473, 17.499158161276483 ], [ 78.354500229476344, 17.499664558219173 ], [ 78.352303538110334, 17.49946595721353 ] ], [ [ 78.357928139821524, 17.498881852741128 ], [ 78.357739104434899, 17.498875377392011 ], [ 78.355907362690843, 17.499152833538368 ], [ 78.355297103544814, 17.499155347306505 ] ] ] } },
{ "type": "Feature", "properties": { "FID": 90, "Nala_ID": "UEM", "Nala_Name": "USHODAYA ENCLAVE TO MADINAGUDA NALA", "Circle": "Circle-12", "District": "RANGAREDDY", "Total_Seg": 1, "Length_m": 390.75168156500001, "Govt_Encr": 0, "Pvt_Encr": 0, "Rel_Encr": 0, "Total_Encr": 0, "Court_Case": 0, "Mandal": " ", "Village": " ", "SNO": 91, "ZONE_NAME": "WEST ZONE", "ZONE_ID": "WTZ", "length_m_calc": 390.75168156451775 }, "geometry": { "type": "LineString", "coordinates": [ [ 78.349500513000066, 17.485889876000048 ], [ 78.34950754700003, 17.486262569000079 ], [ 78.349779561000048, 17.486399910000053 ], [ 78.350162211000054, 17.486552015000033 ], [ 78.350416237000047, 17.486645931000059 ], [ 78.350568204000069, 17.48669726900005 ], [ 78.351148358000046, 17.486488352000041 ], [ 78.351266948000045, 17.486700964000025 ], [ 78.351852090000079, 17.486486817000078 ], [ 78.352104774000054, 17.487047429000029 ] ] } },
{ "type": "Feature", "properties": { "FID": 91, "Nala_ID": "MML", "Nala_Name": "MADHAVAHILLS TO MADINAGUDA LAKE", "Circle": "Circle-11", "District": "RANGAREDDY", "Total_Seg": 1, "Length_m": 558.56083685, "Govt_Encr": 0, "Pvt_Encr": 0, "Rel_Encr": 0, "Total_Encr": 0, "Court_Case": 0, "Mandal": " ", "Village": " ", "SNO": 92, "ZONE_NAME": "WEST ZONE", "ZONE_ID": "WTZ", "length_m_calc": 558.5608368506131 }, "geometry": { "type": "LineString", "coordinates": [ [ 78.347618649000083, 17.48645837000004 ], [ 78.348178315000041, 17.48635343900003 ], [ 78.348802202000059, 17.48610540500005 ], [ 78.349021400000083, 17.485982138000058 ], [ 78.349201325000095, 17.485913798000073 ], [ 78.349517711000033, 17.485895132000053 ], [ 78.349561580000056, 17.485345959000036 ], [ 78.349541627000065, 17.485047154000036 ], [ 78.349531263000074, 17.484846079000025 ], [ 78.349512197000081, 17.484670053000062 ], [ 78.349533005000069, 17.484544068000051 ], [ 78.34954489900008, 17.484380668000028 ], [ 78.349547873000063, 17.484200570000048 ], [ 78.349532561000046, 17.483953763000052 ], [ 78.34960884700007, 17.483707247000044 ], [ 78.349610384000073, 17.483453971000078 ], [ 78.349628590000066, 17.483080439000048 ], [ 78.349656598000081, 17.482798334000059 ] ] } },
{ "type": "Feature", "properties": { "FID": 92, "Nala_ID": "MPC", "Nala_Name": "MIYAPUR MAINROAD TO  TO PATEL CHERUVU", "Circle": "Circle-12", "District": "RANGAREDDY", "Total_Seg": 1, "Length_m": 639.59595796899998, "Govt_Encr": 0, "Pvt_Encr": 0, "Rel_Encr": 0, "Total_Encr": 0, "Court_Case": 0, "Mandal": " ", "Village": " ", "SNO": 93, "ZONE_NAME": "WEST ZONE", "ZONE_ID": "WTZ", "length_m_calc": 639.59595797058284 }, "geometry": { "type": "MultiLineString", "coordinates": [ [ [ 78.357805672884453, 17.497032057396023 ], [ 78.357618036720282, 17.497079814048114 ], [ 78.356935024690202, 17.497176922570272 ], [ 78.356844260005488, 17.497147646612706 ], [ 78.356799372590345, 17.496991792883978 ], [ 78.356749159756902, 17.496956011779584 ], [ 78.356608246952206, 17.496953833239573 ], [ 78.355896553632135, 17.497031223102738 ], [ 78.355826708095606, 17.496995463785019 ], [ 78.355794329106857, 17.496911059632456 ], [ 78.355784078733549, 17.496826455412481 ], [ 78.355761668755591, 17.496799336950939 ] ], [ [ 78.354797571849886, 17.496952712004322 ], [ 78.354686641395759, 17.49680121940353 ], [ 78.354534074850548, 17.496541837265276 ], [ 78.354362964576538, 17.496271311755944 ], [ 78.354164224949869, 17.495930672854168 ], [ 78.353889328538258, 17.495826986850314 ], [ 78.353440346552063, 17.495728189606485 ], [ 78.352768906016422, 17.495655795400278 ] ], [ [ 78.355761668755591, 17.496799336950939 ], [ 78.354946848550611, 17.496959116101362 ], [ 78.354797571849886, 17.496952712004322 ] ] ] } },
{ "type": "Feature", "properties": { "FID": 93, "Nala_ID": "MBN", "Nala_Name": "MOOSARAM BAGH NALA", "Circle": "Circle-4A", "District": "HYDERABAD", "Total_Seg": 10, "Length_m": 1167.82953518, "Govt_Encr": 0, "Pvt_Encr": 0, "Rel_Encr": 0, "Total_Encr": 0, "Court_Case": 0, "Mandal": " ", "Village": " ", "SNO": 94, "ZONE_NAME": "SOUTH ZONE", "ZONE_ID": "STZ", "length_m_calc": 1167.8295351854536 }, "geometry": { "type": "MultiLineString", "coordinates": [ [ [ 78.521670367790563, 17.375465670659882 ], [ 78.521686157939612, 17.375506545456098 ], [ 78.521800026000051, 17.375802162000074 ], [ 78.52187823900006, 17.37600887200006 ], [ 78.52191797100005, 17.376091097000032 ], [ 78.521991409584643, 17.376235820585517 ], [ 78.522013648000055, 17.376281149000025 ], [ 78.522058625000057, 17.376412806000079 ] ], [ [ 78.514964775000067, 17.372416408000053 ], [ 78.515327631162435, 17.372405754337979 ], [ 78.515533801000061, 17.37238526700003 ], [ 78.515792619000095, 17.372363889000045 ], [ 78.515978926000059, 17.372336667000074 ], [ 78.516147277000073, 17.372290020000037 ], [ 78.516268137000054, 17.372264576000084 ], [ 78.51633834200004, 17.37233412300003 ], [ 78.516370599798478, 17.372355997556259 ] ], [ [ 78.516370599798478, 17.372355997556259 ], [ 78.516405882000072, 17.372379923000047 ], [ 78.516557857000066, 17.372495286000063 ], [ 78.516645121000067, 17.372514904000077 ], [ 78.516679288000034, 17.372513246000043 ], [ 78.516740040997462, 17.372499204918864 ] ], [ [ 78.516740040997462, 17.372499204918864 ], [ 78.51682584100007, 17.372479375000072 ], [ 78.516977395000083, 17.372428326000037 ], [ 78.517017607000071, 17.372412120000039 ], [ 78.517105321000031, 17.372401865000032 ], [ 78.517151044000073, 17.372415530000069 ], [ 78.51725560400007, 17.372443585000042 ], [ 78.517382224000073, 17.372429343000029 ], [ 78.517623412000034, 17.372376583000065 ], [ 78.517651060000063, 17.372365606000077 ], [ 78.517709190000062, 17.372357376000032 ], [ 78.517734509000036, 17.372357376000028 ], [ 78.517797829000074, 17.372375484000035 ], [ 78.517825956000081, 17.37237402400007 ], [ 78.517924434217178, 17.372347311762905 ] ], [ [ 78.517924434217178, 17.372347311762905 ], [ 78.518060149010751, 17.372310499000804 ], [ 78.518344937171506, 17.372233249590675 ], [ 78.51840827500007, 17.37221606900005 ], [ 78.518430575000096, 17.372222853000043 ], [ 78.518448834000083, 17.372241263000038 ], [ 78.518453995156833, 17.372251323637393 ] ], [ [ 78.518453995156833, 17.372251323637393 ], [ 78.518473212000075, 17.372288783000048 ], [ 78.518499358441304, 17.372406285148728 ], [ 78.518530308460043, 17.372546879071876 ], [ 78.5185881995382, 17.372821801340834 ], [ 78.518643798000085, 17.373122406000054 ], [ 78.518691747000048, 17.373384115000025 ], [ 78.518703788000039, 17.373412998000052 ], [ 78.51875400800003, 17.373449702000077 ], [ 78.518835878000075, 17.373455729000057 ], [ 78.518863867117332, 17.373452925216156 ] ], [ [ 78.518863867117332, 17.373452925216156 ], [ 78.518929425000067, 17.373446358000024 ], [ 78.518976644000077, 17.37344134000006 ], [ 78.519074689000036, 17.373421612000076 ], [ 78.519301593359643, 17.373374299777741 ], [ 78.519568084460914, 17.373318278768501 ], [ 78.519699306307572, 17.373295353858264 ], [ 78.519785987258246, 17.373281080079114 ], [ 78.51983490300006, 17.373276405000073 ], [ 78.519849021000084, 17.373288005000063 ], [ 78.519874509000047, 17.373331263000072 ], [ 78.51989069900003, 17.373342258000037 ], [ 78.519938971117512, 17.373332127277799 ] ], [ [ 78.519938971117512, 17.373332127277799 ], [ 78.519946177000065, 17.373330615000047 ], [ 78.520046918000048, 17.373297063000056 ], [ 78.520214391699326, 17.373249764468564 ], [ 78.520472914562745, 17.373175084636525 ], [ 78.520715454005853, 17.373105749733856 ], [ 78.520805635715973, 17.373080029412431 ], [ 78.520948951000037, 17.373039155000075 ], [ 78.520989640000053, 17.373042961000071 ], [ 78.520995024000058, 17.37305955700004 ], [ 78.520996893212953, 17.373073354771876 ] ], [ [ 78.520996893212953, 17.373073354771876 ], [ 78.521006096135523, 17.373141287000788 ], [ 78.521019220388993, 17.373231805651628 ], [ 78.521069846059163, 17.373523050093493 ], [ 78.52109067400005, 17.373642871000076 ], [ 78.521178398254889, 17.373971624592844 ], [ 78.521282775142026, 17.374315308084903 ], [ 78.521340269000063, 17.374492169000064 ], [ 78.521398855399241, 17.374648733005046 ] ], [ [ 78.521398855399241, 17.374648733005046 ], [ 78.521446726481571, 17.374776661644709 ], [ 78.521458859000063, 17.374809988000045 ], [ 78.521534269241798, 17.375071803945087 ], [ 78.521559668832595, 17.375152423415418 ], [ 78.521586237000079, 17.375233363000067 ], [ 78.521623462000036, 17.37534424900003 ], [ 78.521670367790563, 17.375465670659882 ] ] ] } },
{ "type": "Feature", "properties": { "FID": 94, "Nala_ID": "CGC", "Nala_Name": "CENTRALPARK TO GOPINAGAR CHERUVU", "Circle": "Circle-11", "District": "RANGA REDDY", "Total_Seg": 5, "Length_m": 0.0, "Govt_Encr": 0, "Pvt_Encr": 0, "Rel_Encr": 0, "Total_Encr": 0, "Court_Case": 0, "Mandal": " ", "Village": " ", "SNO": 96, "ZONE_NAME": "WEST ZONE", "ZONE_ID": "WTZ", "length_m_calc": 1356.6637143681112 }, "geometry": { "type": "MultiLineString", "coordinates": [ [ [ 78.335548120144992, 17.477560213325901 ], [ 78.335367959536882, 17.477606557777694 ], [ 78.334809072000041, 17.477750326000038 ], [ 78.33436087900003, 17.478069747000077 ], [ 78.333973101000083, 17.478185606000071 ], [ 78.333320208000032, 17.478469571000065 ], [ 78.332767397487245, 17.479233690572521 ] ], [ [ 78.344073865000041, 17.475800213000085 ], [ 78.343810212000051, 17.475815919000077 ], [ 78.343571972000063, 17.475907218000025 ], [ 78.343221296000095, 17.475892118000051 ], [ 78.342887137000048, 17.475942757000041 ], [ 78.342560611000067, 17.476234251000065 ], [ 78.34227603100004, 17.47625852300007 ], [ 78.341839617000076, 17.47618283900005 ], [ 78.341525691250425, 17.476242761377911 ] ], [ [ 78.341525691250425, 17.476242761377911 ], [ 78.341183635961769, 17.476308052515773 ], [ 78.340613459734755, 17.476422033616959 ], [ 78.339791755952746, 17.476587095944126 ], [ 78.338964579032535, 17.476753257705109 ], [ 78.338803346209659, 17.47678564605846 ] ], [ [ 78.338803346209659, 17.47678564605846 ], [ 78.338355172745594, 17.476875674106392 ], [ 78.338122636843863, 17.47691992495816 ], [ 78.337807131058128, 17.47697307566116 ], [ 78.33738876769641, 17.477049879256324 ], [ 78.336988008727317, 17.47713052304654 ], [ 78.336892699000032, 17.477149702000091 ], [ 78.336479967803427, 17.477277524563945 ], [ 78.335660662000066, 17.477531263000063 ], [ 78.335548120144992, 17.477560213325901 ] ], [ [ 78.332767397487245, 17.479233690572521 ], [ 78.332479416000069, 17.479631748000035 ] ] ] } },
{ "type": "Feature", "properties": { "FID": 95, "Nala_ID": "HGC", "Nala_Name": "HCU TO GOPICHERUVU", "Circle": "Circle-11", "District": "RANGA REDDY", "Total_Seg": 2, "Length_m": 0.0, "Govt_Encr": 0, "Pvt_Encr": 0, "Rel_Encr": 0, "Total_Encr": 0, "Court_Case": 0, "Mandal": " ", "Village": " ", "SNO": 95, "ZONE_NAME": "WEST ZONE", "ZONE_ID": "WTZ", "length_m_calc": 1325.4808593925407 }, "geometry": { "type": "MultiLineString", "coordinates": [ [ [ 78.331829215861433, 17.469210695898028 ], [ 78.331686284878757, 17.46962608470383 ], [ 78.331392540095692, 17.469529181076094 ], [ 78.33101483744818, 17.470542630610474 ], [ 78.330958760834037, 17.470518506903868 ], [ 78.330774301763483, 17.470678214851254 ], [ 78.330631001004875, 17.470807928925986 ], [ 78.33058599297901, 17.470907584116883 ], [ 78.330581567928775, 17.471095037798957 ], [ 78.330580187196787, 17.47130093039301 ], [ 78.330543042089758, 17.471557807652768 ], [ 78.330530079642415, 17.47174509333723 ], [ 78.330481764187155, 17.471971474415035 ], [ 78.330369860049387, 17.472138082670792 ], [ 78.330025341285506, 17.472340821272244 ], [ 78.329911879645749, 17.472462825688133 ], [ 78.329760154424505, 17.472603520272489 ], [ 78.329613102028773, 17.472773043133905 ], [ 78.329590585756407, 17.472910696644686 ], [ 78.329599543548099, 17.473051197094598 ], [ 78.329583365176745, 17.473201152949319 ], [ 78.329499873973575, 17.473335807708263 ], [ 78.329275101943779, 17.473666316553373 ], [ 78.328818265085445, 17.474327468101876 ], [ 78.329087222252056, 17.47450598240761 ], [ 78.329494408804806, 17.474822191936077 ], [ 78.329603161088059, 17.474960530647238 ], [ 78.329618707357042, 17.475083590429978 ], [ 78.329630968918821, 17.475222161096305 ], [ 78.32968866014977, 17.475308470273621 ], [ 78.330126314043696, 17.477089996569678 ] ], [ [ 78.331642565792961, 17.46752362598215 ], [ 78.331796086270685, 17.467626562052569 ], [ 78.331505580108654, 17.468049200380094 ], [ 78.331480594633916, 17.468085620320945 ], [ 78.331711405829708, 17.468179525595005 ], [ 78.331676592880399, 17.46847963018314 ], [ 78.332061527267612, 17.468535542725292 ], [ 78.331829215861433, 17.469210695898028 ] ] ] } }
]
}
