{
"type": "FeatureCollection",
"name": "hyderabad_tanks",
"crs": { "type": "name", "properties": { "name": "urn:ogc:def:crs:OGC:1.3:CRS84" } },
"features": [
{ "type": "Feature", "properties": { "FID": 32, "Descr_1": "Water Bodies", "Descr_2": "River/Stream/Drain", "Descr_3": "River/Stream/Drain", "PI_CODE": " ", "LU_Code": "WBRS", "Shape_Area": 0.25617140005099998 }, "geometry": { "type": "MultiPolygon", "coordinates": [ [ [ [ 78.268014612409786, 17.542730968195187 ], [ 78.268330411883255, 17.542386494013225 ], [ 78.268697414032303, 17.542092407302153 ], [ 78.26907721298555, 17.541810915952556 ], [ 78.269273677954473, 17.541664029890512 ], [ 78.269471793145897, 17.541392760271318 ], [ 78.269683038598586, 17.541109209249825 ], [ 78.269827972325373, 17.540936812106914 ], [ 78.269947466568368, 17.540726783253827 ], [ 78.270042350165454, 17.540416932407815 ], [ 78.270085207627105, 17.540118883273436 ], [ 78.270089002923427, 17.539832798691979 ], [ 78.270067196925623, 17.539521521119447 ], [ 78.270030777109696, 17.53933446871342 ], [ 78.270020120743411, 17.539160173303699 ], [ 78.270023751097966, 17.538886527212711 ], [ 78.270141594758115, 17.538800881586525 ], [ 78.270310638794385, 17.5387656253573 ], [ 78.270544017737137, 17.53876847268187 ], [ 78.270712897653283, 17.538745653865849 ], [ 78.270942327786926, 17.538657417420161 ], [ 78.271412989594978, 17.538465060015017 ], [ 78.271504957735203, 17.538421541433983 ], [ 78.271767880293496, 17.538397756153625 ], [ 78.271960382406263, 17.538549390832124 ], [ 78.272086738674957, 17.538799743430072 ], [ 78.272213096244101, 17.539050093221736 ], [ 78.272340442399155, 17.539225812964073 ], [ 78.272569862569256, 17.539527181365735 ], [ 78.272734457886017, 17.539827760597927 ], [ 78.272885758338944, 17.540153058759088 ], [ 78.273049859262272, 17.540490951685186 ], [ 78.273280272716462, 17.540717691086133 ], [ 78.273537110726537, 17.540907428735579 ], [ 78.273885863864251, 17.541011205038814 ], [ 78.274298127238396, 17.541215279021955 ], [ 78.274684624660892, 17.541406595714246 ], [ 78.27508474646001, 17.541548317043141 ], [ 78.275448441561011, 17.541502987211004 ], [ 78.276126110239645, 17.541249993783165 ], [ 78.276569574396802, 17.541056347183179 ], [ 78.276856463117653, 17.540935436677845 ], [ 78.277219992098708, 17.540902543333232 ], [ 78.277427935815453, 17.540867753333043 ], [ 78.27766279624953, 17.540758648900763 ], [ 78.277950835460274, 17.540550668378827 ], [ 78.278356878572481, 17.540244597807021 ], [ 78.278815442853414, 17.539889405766864 ], [ 78.279232968051801, 17.539695438828129 ], [ 78.279661087727476, 17.539568290857964 ], [ 78.280220976602251, 17.539508410172953 ], [ 78.280661638954058, 17.539526209778561 ], [ 78.281308763311841, 17.539621161407315 ], [ 78.281460172103678, 17.539682326260742 ], [ 78.281503650391045, 17.539378007341199 ], [ 78.281184201205875, 17.539233992143252 ], [ 78.280809517987507, 17.539129912392696 ], [ 78.280278097083325, 17.539111010197949 ], [ 78.279570488845479, 17.539274283269584 ], [ 78.279458643939478, 17.539300089809039 ], [ 78.27909641066978, 17.53937703863869 ], [ 78.27891195567868, 17.539455163665398 ], [ 78.278448739980192, 17.539739514928257 ], [ 78.277889790792003, 17.540263793659935 ], [ 78.277522807688868, 17.54055789827796 ], [ 78.277041107654682, 17.540701316987892 ], [ 78.276403985429255, 17.540830402805607 ], [ 78.27588355128313, 17.540960908302292 ], [ 78.275323726062311, 17.541128254413454 ], [ 78.275064249922536, 17.541137534046022 ], [ 78.274637044416423, 17.541082564178726 ], [ 78.274225277090281, 17.54084117682309 ], [ 78.273967942331936, 17.54068875401283 ], [ 78.273749505132187, 17.540536805137673 ], [ 78.273531892244122, 17.540322663843288 ], [ 78.273341035221677, 17.540046648141061 ], [ 78.273149518558114, 17.539820383085733 ], [ 78.272957673600644, 17.539618995992697 ], [ 78.272805878901565, 17.539331014571559 ], [ 78.272564646991839, 17.538942416957585 ], [ 78.272179197467921, 17.53831312207231 ], [ 78.271978789421567, 17.538139079701867 ], [ 78.271707833813394, 17.538036250282452 ], [ 78.271331179668508, 17.538081414691771 ], [ 78.271056433460657, 17.538264669340577 ], [ 78.270755918667831, 17.538435168437438 ], [ 78.270092866617816, 17.538563918091203 ], [ 78.269793673617656, 17.538634906840677 ], [ 78.269645773668046, 17.539031196698698 ], [ 78.269564127035338, 17.539409980865496 ], [ 78.269559068457099, 17.53970192316493 ], [ 78.269567907033291, 17.540013043316225 ], [ 78.26958888706001, 17.540386513937644 ], [ 78.26958542113104, 17.540647720302882 ], [ 78.269452627884348, 17.540882466900371 ], [ 78.269176227177297, 17.541190103188427 ], [ 78.2687699998976, 17.541508592910386 ], [ 78.268325372122177, 17.541789289886953 ], [ 78.268010235124109, 17.542084010667622 ], [ 78.267720365346236, 17.542428803114944 ], [ 78.267262436805851, 17.542734215580118 ], [ 78.266859508538289, 17.542803934917643 ], [ 78.266327751363491, 17.542809874335909 ], [ 78.265784184391833, 17.5427285827673 ], [ 78.265461860082169, 17.542587797405773 ], [ 78.265023342538086, 17.542408267383657 ], [ 78.26462421843847, 17.542191894746487 ], [ 78.264173397333593, 17.541962451696953 ], [ 78.263876841655815, 17.541834417107992 ], [ 78.263501830840838, 17.541755184288323 ], [ 78.262933661049047, 17.541574061906701 ], [ 78.262551889957138, 17.541340181703564 ], [ 78.26248513342, 17.541139553708607 ], [ 78.262370818160562, 17.54078610332305 ], [ 78.262118559937164, 17.540364359314008 ], [ 78.26201157678662, 17.540280080742676 ], [ 78.261922256007722, 17.540209716887073 ], [ 78.261726713950992, 17.539997993925013 ], [ 78.261580245963032, 17.539824931684514 ], [ 78.261463019774467, 17.539690288236159 ], [ 78.261315415387415, 17.539602845937392 ], [ 78.261202064398461, 17.53954672675917 ], [ 78.26111835299848, 17.539505283092886 ], [ 78.260832549607017, 17.53936857292911 ], [ 78.260537338227792, 17.539193688183712 ], [ 78.26034573459313, 17.539139758162321 ], [ 78.259927230111572, 17.539021962203048 ], [ 78.259618407630185, 17.538935037333136 ], [ 78.259440547924839, 17.53888528259828 ], [ 78.25928213913302, 17.538864310594462 ], [ 78.259073387221122, 17.538899810914103 ], [ 78.258874805658081, 17.538916405838062 ], [ 78.258706987957538, 17.538857258222361 ], [ 78.258578582608024, 17.538817623723009 ], [ 78.258411397973077, 17.538710911128227 ], [ 78.258205182666828, 17.538556142636995 ], [ 78.25797023415403, 17.538324903640742 ], [ 78.257673375576545, 17.53827368765959 ], [ 78.257455091343374, 17.538280524139708 ], [ 78.257156459197319, 17.538362494155315 ], [ 78.256887829313769, 17.538425801117686 ], [ 78.256500914431015, 17.538700486265423 ], [ 78.256136871301592, 17.538958934442729 ], [ 78.255866463736311, 17.539155426731845 ], [ 78.255636229133046, 17.539314352988548 ], [ 78.255386795796468, 17.539425468949332 ], [ 78.255139140142845, 17.539403398930023 ], [ 78.254922249040746, 17.539305585915013 ], [ 78.254646367174047, 17.539168990143242 ], [ 78.254347476003943, 17.539084366978816 ], [ 78.253983493337088, 17.539046668159106 ], [ 78.253804998098659, 17.539044475225992 ], [ 78.25364493779206, 17.539147172696889 ], [ 78.253514120083608, 17.539288289177712 ], [ 78.253393727209584, 17.539391472954975 ], [ 78.253113781365826, 17.539559301047433 ], [ 78.252978522345927, 17.53958460435506 ], [ 78.252875151615015, 17.539603940825653 ], [ 78.252547910045649, 17.539599920451217 ], [ 78.251963095119635, 17.539573701232918 ], [ 78.250496867178157, 17.539451006242984 ], [ 78.250149919228932, 17.539437222550891 ], [ 78.249793057201302, 17.53942331720711 ], [ 78.249689444686126, 17.539422041932692 ], [ 78.249718445882053, 17.539736278768594 ], [ 78.249719444059465, 17.539736401725573 ], [ 78.250006512044934, 17.539777993772276 ], [ 78.250304003895295, 17.539781653857467 ], [ 78.251067697443318, 17.539781533289023 ], [ 78.251404090728983, 17.539842759089716 ], [ 78.251800366352072, 17.539876177143878 ], [ 78.252196643076687, 17.539909592664927 ], [ 78.252292387685813, 17.539919970411198 ], [ 78.252394716993422, 17.539931058414489 ], [ 78.252642756042277, 17.539924591920705 ], [ 78.253045124268354, 17.53981680010267 ], [ 78.253220066720402, 17.539769933422448 ], [ 78.253668084467094, 17.539642231934739 ], [ 78.253899463038977, 17.539397686832181 ], [ 78.254177630284431, 17.539363045201043 ], [ 78.25439528291065, 17.539403776805568 ], [ 78.254553183774789, 17.539462806003286 ], [ 78.254730155981505, 17.539579159020327 ], [ 78.255045576553911, 17.539725755598948 ], [ 78.255451514746966, 17.539778315427544 ], [ 78.255640689081545, 17.539723548385549 ], [ 78.256220409385861, 17.539388128660807 ], [ 78.256460557700208, 17.539229324365884 ], [ 78.256591755714609, 17.539059666362423 ], [ 78.256702739101868, 17.538918304591888 ], [ 78.256834061657614, 17.538739133445134 ], [ 78.257053870370768, 17.538618136850893 ], [ 78.257401451447919, 17.538584343685997 ], [ 78.257649233138494, 17.538596897237571 ], [ 78.258201125636432, 17.538860569577203 ], [ 78.258664279920822, 17.539085092426657 ], [ 78.259176891360838, 17.539319735125218 ], [ 78.259513034828473, 17.539399974969356 ], [ 78.2598790551787, 17.539471066001205 ], [ 78.26032440577761, 17.539543128645224 ], [ 78.260729712672813, 17.539643243164477 ], [ 78.26112345666219, 17.53986690999621 ], [ 78.261349635299155, 17.540012404689364 ], [ 78.261506779000371, 17.540128509085747 ], [ 78.261634172868753, 17.540244248040519 ], [ 78.261820812836476, 17.540379741573066 ], [ 78.261941857556721, 17.540508044840948 ], [ 78.262278034024916, 17.541175400198135 ], [ 78.262348921848044, 17.541273226180579 ], [ 78.262352524641486, 17.541392780100363 ], [ 78.26247506088761, 17.541633412330906 ], [ 78.262580941890022, 17.541768790559868 ], [ 78.262838599221539, 17.541896350715657 ], [ 78.263419405747513, 17.542102508340033 ], [ 78.263962639221589, 17.54220868134804 ], [ 78.264220959570025, 17.542286486317877 ], [ 78.264452025538091, 17.542463477034875 ], [ 78.264825220200763, 17.542679530928527 ], [ 78.265043981642918, 17.542806613373315 ], [ 78.265288511709997, 17.542946448690376 ], [ 78.265765596826029, 17.543151331009298 ], [ 78.266218737095414, 17.54320663387217 ], [ 78.266555846471377, 17.543210755647618 ], [ 78.266971410171379, 17.543166074381489 ], [ 78.267387963859434, 17.543046761620555 ], [ 78.267779081717023, 17.54288981626955 ], [ 78.268014612409786, 17.542730968195187 ] ] ], [ [ [ 78.289498889911002, 17.52940172687293 ], [ 78.289341300322889, 17.529347317026797 ], [ 78.289153947575514, 17.529788888600098 ], [ 78.288954070307085, 17.530197002752494 ], [ 78.288730325078035, 17.530632221558768 ], [ 78.288528217360067, 17.5310253536381 ], [ 78.288197540159601, 17.53151896481544 ], [ 78.288025299503531, 17.531709863261455 ], [ 78.28840421800075, 17.53152438899988 ], [ 78.288664849000753, 17.530778529999704 ], [ 78.289107758000711, 17.530365383999847 ], [ 78.28936120200072, 17.53009991299982 ], [ 78.289525168000793, 17.529561832999857 ], [ 78.289543677137004, 17.529420600791951 ], [ 78.289498889911002, 17.52940172687293 ] ] ], [ [ [ 78.287512216275672, 17.532356607551726 ], [ 78.287287057270305, 17.532714651325051 ], [ 78.287159553912232, 17.532867888428495 ], [ 78.287672034000735, 17.532503220999864 ], [ 78.287830729829096, 17.531928232768959 ], [ 78.287512216275672, 17.532356607551726 ] ] ], [ [ [ 78.287010365322416, 17.533047187450219 ], [ 78.286616166250028, 17.533440500828938 ], [ 78.286470927678522, 17.533637787380478 ], [ 78.286387233880461, 17.53408462919505 ], [ 78.28632979833128, 17.534506908195301 ], [ 78.286310108858984, 17.535016728755881 ], [ 78.286261644201758, 17.536067634743393 ], [ 78.286371848000812, 17.53601999799983 ], [ 78.286564303000631, 17.535663216999829 ], [ 78.286612978000704, 17.53449490799991 ], [ 78.286658049000593, 17.533567358000106 ], [ 78.287085567995604, 17.532956806773321 ], [ 78.287010365322416, 17.533047187450219 ] ] ], [ [ [ 78.245341358022046, 17.53931140343493 ], [ 78.245162736172929, 17.539318716219448 ], [ 78.244795193195401, 17.539361759695304 ], [ 78.244566351257504, 17.539416028090969 ], [ 78.244207959208595, 17.539516272226635 ], [ 78.2439089372198, 17.539626764259729 ], [ 78.24376427071347, 17.53964942015612 ], [ 78.243571013917503, 17.539679686321197 ], [ 78.243372813710963, 17.53966772621461 ], [ 78.243116007252254, 17.539588438701003 ], [ 78.242679941195945, 17.539564028959283 ], [ 78.242520768387607, 17.539600124828556 ], [ 78.242430626810432, 17.53966561681511 ], [ 78.24226903127888, 17.539882465444915 ], [ 78.242148376066311, 17.540004669600613 ], [ 78.241967073553084, 17.540211760271113 ], [ 78.241822699808651, 17.540337736288127 ], [ 78.242265830000889, 17.540182030999951 ], [ 78.242428281376206, 17.540139052078999 ], [ 78.242454637165721, 17.540094083002529 ], [ 78.242556352040879, 17.539905040734411 ], [ 78.24269569209946, 17.539868701047563 ], [ 78.242982376245351, 17.539938841336518 ], [ 78.243075481012255, 17.539967825815481 ], [ 78.243769057000833, 17.53978433 ], [ 78.245335248000814, 17.539357002 ], [ 78.24544014538931, 17.539328452524103 ], [ 78.245341358022046, 17.53931140343493 ] ] ], [ [ [ 78.241120858841057, 17.540448702084426 ], [ 78.240883374804341, 17.540407710282164 ], [ 78.240608296227506, 17.540429834437706 ], [ 78.240326266653085, 17.540534039660795 ], [ 78.240182476587592, 17.540617804934193 ], [ 78.240140253261117, 17.540642402271054 ], [ 78.240133936778278, 17.540646081952065 ], [ 78.241199687000829, 17.54055664799958 ], [ 78.241348940882531, 17.540504203776482 ], [ 78.241120858841057, 17.540448702084426 ] ] ] ] } },
{ "type": "Feature", "properties": { "FID": 33, "Descr_1": "Water Bodies", "Descr_2": "Reservoir/Tanks", "Descr_3": "Reservoir/Tanks", "PI_CODE": " ", "LU_Code": "WBRT", "Shape_Area": 0.176314734068 }, "geometry": { "type": "Polygon", "coordinates": [ [ [ 78.270467770428127, 17.53736796586524 ], [ 78.271004385724723, 17.537406721943007 ], [ 78.27137508739186, 17.537433495273394 ], [ 78.271520361218663, 17.537443986882277 ], [ 78.271693416532145, 17.537456484826503 ], [ 78.273423213982667, 17.537275199288381 ], [ 78.273685265877248, 17.53729707822631 ], [ 78.273902405984032, 17.537315207339418 ], [ 78.274058428619156, 17.537283933550714 ], [ 78.274060625384735, 17.53711808866975 ], [ 78.274012059593346, 17.536868686353575 ], [ 78.273911192682121, 17.536651822315193 ], [ 78.273815674016703, 17.536426205180287 ], [ 78.273777071585997, 17.536335026636213 ], [ 78.273590749783722, 17.536134286699724 ], [ 78.273452134091471, 17.536065667570234 ], [ 78.272709012340215, 17.536040017874519 ], [ 78.272121255989134, 17.536032847804432 ], [ 78.271723654453893, 17.53602799742853 ], [ 78.271551444674586, 17.535976134288088 ], [ 78.271207464300048, 17.535839236955319 ], [ 78.271036352589263, 17.53570445088647 ], [ 78.270794996399445, 17.535651742236723 ], [ 78.270310300685694, 17.535695586892381 ], [ 78.269774844294645, 17.53565587377474 ], [ 78.26948096579973, 17.535652284888315 ], [ 78.269081606208886, 17.53578010665948 ], [ 78.268769559832833, 17.535842645058331 ], [ 78.26833606532945, 17.535936869727696 ], [ 78.268145907833699, 17.535934547168633 ], [ 78.267784641737066, 17.535797434876866 ], [ 78.267613756417759, 17.535646060346448 ], [ 78.267461916637203, 17.535362219861376 ], [ 78.267204154746921, 17.535242957309201 ], [ 78.266980967430641, 17.535124118906023 ], [ 78.266928071221059, 17.534965156262817 ], [ 78.266881210605547, 17.534824327051876 ], [ 78.266727832333004, 17.534656579093546 ], [ 78.266503985045986, 17.534587492939938 ], [ 78.266226513025728, 17.534650448567064 ], [ 78.266120809182397, 17.534798443079584 ], [ 78.266100876953246, 17.534997247280049 ], [ 78.265942209611765, 17.535227529051056 ], [ 78.265749629619052, 17.535407635078013 ], [ 78.265660990880619, 17.535572423769874 ], [ 78.265657686976652, 17.535821192975945 ], [ 78.265741475610412, 17.536021265606863 ], [ 78.265860941684508, 17.536138837693755 ], [ 78.265945393630716, 17.536289156595284 ], [ 78.266012338088743, 17.536455848893894 ], [ 78.266010576184712, 17.536588524968817 ], [ 78.26597379804447, 17.536753947897438 ], [ 78.265972171816642, 17.537152001801346 ], [ 78.266217912148988, 17.537241764088456 ], [ 78.266526708019697, 17.537488287143546 ], [ 78.266813841700298, 17.537717516989044 ], [ 78.2671706810209, 17.537907404639967 ], [ 78.267706872375882, 17.537978371319834 ], [ 78.267922703540819, 17.538006937292391 ], [ 78.268013141925891, 17.538018906969349 ], [ 78.268311474730126, 17.537953551792931 ], [ 78.268682401807794, 17.537829257996588 ], [ 78.269017224598102, 17.537717059948854 ], [ 78.269294809599558, 17.537625318999758 ], [ 78.269810898151519, 17.537537079796202 ], [ 78.270467770428127, 17.53736796586524 ] ] ] } },
{ "type": "Feature", "properties": { "FID": 34, "Descr_1": "Water Bodies", "Descr_2": "Reservoir/Tanks", "Descr_3": "Reservoir/Tanks", "PI_CODE": "Paietgudem", "LU_Code": "WBRT", "Shape_Area": 0.17439705755599999 }, "geometry": { "type": "Polygon", "coordinates": [ [ [ 78.281980627557687, 17.5458621469195 ], [ 78.281828063612906, 17.545674372892584 ], [ 78.281755710421692, 17.545283059895702 ], [ 78.281668546386612, 17.544592243799084 ], [ 78.281436021677536, 17.54274940833772 ], [ 78.281438813792988, 17.542537952864635 ], [ 78.281532860593956, 17.54229028755616 ], [ 78.281717335618808, 17.542068601673108 ], [ 78.281965818913264, 17.541909896626663 ], [ 78.281995034802932, 17.54166144309152 ], [ 78.282011450980065, 17.541400393345363 ], [ 78.282040666748131, 17.541151938837665 ], [ 78.282164516487441, 17.540880731531775 ], [ 78.282188726010332, 17.540752766910789 ], [ 78.282064854801789, 17.540408680220413 ], [ 78.28197322340165, 17.54036737105816 ], [ 78.28174066284835, 17.540302342201368 ], [ 78.281494483354123, 17.540286909114887 ], [ 78.281233364631248, 17.540420578863515 ], [ 78.280917919590536, 17.540740197041849 ], [ 78.280337737158064, 17.541467128361905 ], [ 78.279992247732949, 17.54209738773439 ], [ 78.279898528802732, 17.542320176081844 ], [ 78.279881781888648, 17.542606102776581 ], [ 78.279917391618952, 17.542855345356418 ], [ 78.279965145398378, 17.54316693682636 ], [ 78.279998616416947, 17.543577878432718 ], [ 78.279994343280109, 17.543901276669875 ], [ 78.279965781130301, 17.544099977055811 ], [ 78.279923925124919, 17.544323395109988 ], [ 78.27991948554417, 17.544659233608371 ], [ 78.279950272035933, 17.545057281198943 ], [ 78.279963786630859, 17.545232029830046 ], [ 78.280125767920083, 17.54573161905758 ], [ 78.28027724956533, 17.546044470636183 ], [ 78.280493725635424, 17.546345673649864 ], [ 78.2806333917123, 17.54657129891033 ], [ 78.280642577779119, 17.546857541299843 ], [ 78.280573640099107, 17.547167713025264 ], [ 78.280440200015107, 17.547452219145473 ], [ 78.280372411442031, 17.547675321562341 ], [ 78.280356815335338, 17.547874179311989 ], [ 78.280392755385776, 17.548098542206539 ], [ 78.280506983164742, 17.548286538982474 ], [ 78.2806466515799, 17.548512164029777 ], [ 78.281065987369843, 17.549164164045575 ], [ 78.281382026740516, 17.549594920591414 ], [ 78.281696804571467, 17.549644136169626 ], [ 78.281984117205326, 17.549361929203787 ], [ 78.282065036960702, 17.549126546396039 ], [ 78.282095732154247, 17.548766146579307 ], [ 78.282112968196316, 17.548442905747638 ], [ 78.282181904822977, 17.548132734635516 ], [ 78.282289411393464, 17.547847910596804 ], [ 78.282340585152937, 17.547797768858818 ], [ 78.282188726010318, 17.546177938004142 ], [ 78.282188726010318, 17.545908614965942 ], [ 78.281980627557687, 17.5458621469195 ] ] ] } },
{ "type": "Feature", "properties": { "FID": 38, "Descr_1": "Water Bodies", "Descr_2": "Reservoir/Tanks", "Descr_3": "Reservoir/Tanks", "PI_CODE": " ", "LU_Code": "WBRT", "Shape_Area": 0.13623623374499999 }, "geometry": { "type": "Polygon", "coordinates": [ [ [ 78.286938214312784, 17.526841328084263 ], [ 78.286850925012985, 17.526779383107122 ], [ 78.286540264947149, 17.52673829185137 ], [ 78.286533039662785, 17.526302785969726 ], [ 78.286158705298263, 17.526173838420124 ], [ 78.286116660700912, 17.52469828321712 ], [ 78.285866580406946, 17.524727190031509 ], [ 78.285582016201531, 17.524673976014832 ], [ 78.284985813406678, 17.524654296795685 ], [ 78.28470059327563, 17.524650833777539 ], [ 78.284350879840659, 17.524621705760605 ], [ 78.28415821770281, 17.524482519952645 ], [ 78.284067872156811, 17.524361126282738 ], [ 78.28401806999706, 17.524294209814073 ], [ 78.283540353168647, 17.524139121293253 ], [ 78.283009137704965, 17.52410778614561 ], [ 78.28273573553777, 17.524191548205323 ], [ 78.282681579081043, 17.524365056549616 ], [ 78.282741802943463, 17.524714123895404 ], [ 78.282854051920211, 17.525051382605643 ], [ 78.282988329270836, 17.525305094552397 ], [ 78.283160439128821, 17.525415881369778 ], [ 78.283290002076782, 17.525424775369075 ], [ 78.283380672548276, 17.525430996766037 ], [ 78.283575469902729, 17.525408482630588 ], [ 78.283719227126454, 17.525323143893765 ], [ 78.283967525364233, 17.525176874861121 ], [ 78.284109477945066, 17.525228360857891 ], [ 78.284208927060362, 17.525553021671779 ], [ 78.283903864587316, 17.526597461932862 ], [ 78.283808001215576, 17.526925666012048 ], [ 78.283785685991802, 17.527002065597362 ], [ 78.283643241245827, 17.527150981952367 ], [ 78.2836274859703, 17.527362277934273 ], [ 78.28367770303602, 17.527487293994405 ], [ 78.283584160351424, 17.527697646862993 ], [ 78.283492586369022, 17.527758737047574 ], [ 78.283297130932084, 17.527831006803162 ], [ 78.283256514395759, 17.527961137954819 ], [ 78.283397730086534, 17.528068597601578 ], [ 78.283317479123184, 17.528254231287217 ], [ 78.283212446425964, 17.528352479010131 ], [ 78.282992047452041, 17.528349801278534 ], [ 78.282870366214027, 17.528430475879244 ], [ 78.282754739926673, 17.528645489953341 ], [ 78.282741379992018, 17.528828827351422 ], [ 78.283116174081243, 17.529051696391534 ], [ 78.28371311027685, 17.528872455173357 ], [ 78.283987228977836, 17.528847638875344 ], [ 78.284732545670337, 17.52866874555534 ], [ 78.286052147785867, 17.527879599383098 ], [ 78.286577902178379, 17.527467295233997 ], [ 78.286980317864533, 17.526906672826065 ], [ 78.286938214312784, 17.526841328084263 ] ] ] } },
{ "type": "Feature", "properties": { "FID": 39, "Descr_1": "Water Bodies", "Descr_2": "Reservoir/Tanks", "Descr_3": "Reservoir/Tanks", "PI_CODE": "Built-Up Inside Tank", "LU_Code": "WBRT", "Shape_Area": 0.033794007052299999 }, "geometry": { "type": "Polygon", "coordinates": [ [ [ 78.286158705298263, 17.526173838420124 ], [ 78.286533039662785, 17.526302785969726 ], [ 78.286540264947149, 17.52673829185137 ], [ 78.286850925012985, 17.526779383107122 ], [ 78.286938214312784, 17.526841328084263 ], [ 78.286980317864533, 17.526906672826065 ], [ 78.287025699592647, 17.526818679914765 ], [ 78.287367260686707, 17.526156400213786 ], [ 78.287641932805599, 17.525570649254934 ], [ 78.28769704305067, 17.525453130030211 ], [ 78.28793484373135, 17.525116569294301 ], [ 78.288019980461499, 17.524860043421874 ], [ 78.287917833368496, 17.524781358152374 ], [ 78.287584830364224, 17.52453894217135 ], [ 78.287136520626774, 17.52459646922204 ], [ 78.286598047654138, 17.524665565433441 ], [ 78.286256171220259, 17.52468215700468 ], [ 78.286116660700912, 17.52469828321712 ], [ 78.286158705298263, 17.526173838420124 ] ] ] } },
{ "type": "Feature", "properties": { "FID": 40, "Descr_1": "Water Bodies", "Descr_2": "Reservoir/Tanks", "Descr_3": "Reservoir/Tanks", "PI_CODE": " ", "LU_Code": "WBRT", "Shape_Area": 0.0135021944563 }, "geometry": { "type": "Polygon", "coordinates": [ [ [ 78.278550352361975, 17.526543938161176 ], [ 78.278107289410329, 17.526651009818917 ], [ 78.277952537065502, 17.526586924233822 ], [ 78.277797616561017, 17.526535275385388 ], [ 78.277499431877828, 17.526531643129331 ], [ 78.277265574684051, 17.526566118616845 ], [ 78.277199765272968, 17.52663995968739 ], [ 78.277145932339607, 17.526788590822029 ], [ 78.277052382049064, 17.52699894088672 ], [ 78.276985585009712, 17.52714741408132 ], [ 78.277010197242546, 17.527247237640609 ], [ 78.277203020625791, 17.527373991909649 ], [ 78.27748857269637, 17.527352588440021 ], [ 78.27770540063824, 17.527306005422268 ], [ 78.278255792398141, 17.527187759680203 ], [ 78.278709718788051, 17.527180844714124 ], [ 78.278920801424235, 17.527140127862477 ], [ 78.278800516636309, 17.526934391645522 ], [ 78.278550352361975, 17.526543938161176 ] ] ] } },
{ "type": "Feature", "properties": { "FID": 43, "Descr_1": "Water Bodies", "Descr_2": "Reservoir/Tanks", "Descr_3": "Reservoir/Tanks", "PI_CODE": " ", "LU_Code": "WBRT", "Shape_Area": 0.54985730773200003 }, "geometry": { "type": "Polygon", "coordinates": [ [ [ 78.266920230875002, 17.519086132942221 ], [ 78.266941230784653, 17.51908427135286 ], [ 78.266762370494021, 17.518896283829065 ], [ 78.26657345093453, 17.51875900832755 ], [ 78.266258767536058, 17.518764430786291 ], [ 78.26600134017896, 17.518821319031129 ], [ 78.265743979602362, 17.51896389567656 ], [ 78.26571970886495, 17.518968975692641 ], [ 78.265516469000715, 17.51867120799983 ], [ 78.26489191800087, 17.51872218099987 ], [ 78.264824433852638, 17.518625292181696 ], [ 78.26456438407277, 17.518610730325307 ], [ 78.263742787794072, 17.518815038871143 ], [ 78.263411938035816, 17.518993449659842 ], [ 78.263114436812174, 17.519126008277944 ], [ 78.262977152651317, 17.51918717681211 ], [ 78.262648949965111, 17.519166570213976 ], [ 78.262339135379221, 17.519063250790531 ], [ 78.261997618464903, 17.518743907154914 ], [ 78.261932668659369, 17.518427948155676 ], [ 78.261782174547136, 17.518044594011368 ], [ 78.26164521655717, 17.517943390038802 ], [ 78.261480111554974, 17.518055817349769 ], [ 78.261319179821996, 17.518606053781397 ], [ 78.26117528133743, 17.519003269626587 ], [ 78.260989423975488, 17.519516301067448 ], [ 78.260627998942809, 17.519769526317305 ], [ 78.260099943162473, 17.520772197924206 ], [ 78.259892286952677, 17.521540196992792 ], [ 78.259985212879997, 17.522505518587192 ], [ 78.260188412789859, 17.523133883319147 ], [ 78.260619128909227, 17.523984619830497 ], [ 78.260943787207395, 17.524625872641348 ], [ 78.260959303536964, 17.525141370180155 ], [ 78.260841996397048, 17.525547883355319 ], [ 78.260583090600306, 17.525771287676925 ], [ 78.260233286464484, 17.525883961190026 ], [ 78.259783775430805, 17.526028748977524 ], [ 78.259445854690668, 17.526196374603494 ], [ 78.259352636411023, 17.526474355827904 ], [ 78.259348347165599, 17.526796370351889 ], [ 78.259496970308334, 17.527399382736714 ], [ 78.259735382058253, 17.527982024082952 ], [ 78.260808069784702, 17.529798535049064 ], [ 78.26243510861481, 17.529556358974009 ], [ 78.26241152754838, 17.529215639112465 ], [ 78.262256350403064, 17.528946116153161 ], [ 78.262002612015394, 17.52876277191309 ], [ 78.261901542786163, 17.528562485352907 ], [ 78.261802240334319, 17.528229521270777 ], [ 78.261772081418925, 17.527897402260812 ], [ 78.261916329307809, 17.52745131073322 ], [ 78.262040643831739, 17.527204022719218 ], [ 78.262062563619651, 17.526855955641608 ], [ 78.262100005239773, 17.526640777819146 ], [ 78.262241605388397, 17.526393701314273 ], [ 78.262487141084264, 17.526131309908433 ], [ 78.262681699660675, 17.525801944344067 ], [ 78.262755257323434, 17.525471097832838 ], [ 78.26266670058051, 17.525124441899589 ], [ 78.262657938767404, 17.524988870101449 ], [ 78.262780704598697, 17.524857674097301 ], [ 78.263075229532987, 17.524811518331806 ], [ 78.263300829998215, 17.524747930720622 ], [ 78.263493401771413, 17.524567826871387 ], [ 78.263703921010034, 17.524338179598988 ], [ 78.263966298252996, 17.524109167724603 ], [ 78.264228673953752, 17.523880154586262 ], [ 78.264614916049496, 17.523437021019934 ], [ 78.264931792618214, 17.52300962565495 ], [ 78.265927002350068, 17.522275366161953 ], [ 78.266642767668415, 17.521753320321135 ], [ 78.267043644908455, 17.521509410205027 ], [ 78.267213607034236, 17.521461499816244 ], [ 78.267387509915125, 17.521412478951461 ], [ 78.267330131616362, 17.521328413732768 ], [ 78.267336422341842, 17.521324649300823 ], [ 78.267525119299094, 17.521176296800721 ], [ 78.267642022129024, 17.521008752301181 ], [ 78.267658703883683, 17.520966424541054 ], [ 78.26767927742624, 17.520759422331373 ], [ 78.267627524832008, 17.520428046378246 ], [ 78.26754717760754, 17.520113781732281 ], [ 78.26744153621398, 17.519911826015846 ], [ 78.267187548769868, 17.519786075358734 ], [ 78.26694643154238, 17.519716777843644 ], [ 78.266671185369304, 17.519613888305496 ], [ 78.266657425087203, 17.519348319908143 ], [ 78.266920230875002, 17.519086132942221 ] ] ] } },
{ "type": "Feature", "properties": { "FID": 44, "Descr_1": "Water Bodies", "Descr_2": "Reservoir/Tanks", "Descr_3": "Reservoir/Tanks", "PI_CODE": "Rayasamudram", "LU_Code": "WBRT", "Shape_Area": 0.53023901947499996 }, "geometry": { "type": "MultiPolygon", "coordinates": [ [ [ [ 78.290588239989944, 17.510549801322423 ], [ 78.290508164285711, 17.510547229152305 ], [ 78.290329990318227, 17.510574863968738 ], [ 78.290385514343029, 17.510614647964253 ], [ 78.290509625567353, 17.510560433099229 ], [ 78.290588239989944, 17.510549801322423 ] ] ], [ [ [ 78.296984644115838, 17.508280039633789 ], [ 78.297596992232059, 17.507878815450987 ], [ 78.297593232560345, 17.507880284485601 ], [ 78.297051831396274, 17.508192071775316 ], [ 78.296390316315026, 17.508669449368767 ], [ 78.296984644115838, 17.508280039633789 ] ] ], [ [ [ 78.298960837709686, 17.507194389005665 ], [ 78.298820938000731, 17.50719240999971 ], [ 78.298747143000796, 17.507235280000067 ], [ 78.298720140000782, 17.50724136799986 ], [ 78.298663436000865, 17.507267613999922 ], [ 78.298638203106847, 17.507278351670585 ], [ 78.29856210675635, 17.507349840844949 ], [ 78.298960837709686, 17.507194389005665 ] ] ], [ [ [ 78.299837386554458, 17.507062228655162 ], [ 78.30038991177058, 17.50711313195503 ], [ 78.300595586267761, 17.507248314449701 ], [ 78.300870501634606, 17.507133411074157 ], [ 78.300797928629663, 17.506952762083586 ], [ 78.300739658361692, 17.506807719088702 ], [ 78.300375168124603, 17.506737579413183 ], [ 78.299749262572846, 17.506751529861212 ], [ 78.299636353385736, 17.506573234635145 ], [ 78.299514312299664, 17.506485073339103 ], [ 78.299441053044006, 17.506483657792725 ], [ 78.299718557062988, 17.507032194452659 ], [ 78.299837386554458, 17.507062228655162 ] ] ] ] } },
{ "type": "Feature", "properties": { "FID": 45, "Descr_1": "Water Bodies", "Descr_2": "Reservoir/Tanks", "Descr_3": "Reservoir/Tanks", "PI_CODE": "Built-Up Inside Tank", "LU_Code": "WBRT", "Shape_Area": 0.0288792445223 }, "geometry": { "type": "Polygon", "coordinates": [ [ [ 78.281222737187178, 17.523118475017924 ], [ 78.281019194889126, 17.523124488355162 ], [ 78.280924393290405, 17.523127288079305 ], [ 78.280612427465769, 17.523185697061468 ], [ 78.280351001236966, 17.523344244288499 ], [ 78.28029741377236, 17.523486174359913 ], [ 78.280440888057754, 17.523918875865103 ], [ 78.280713246586444, 17.524623143776992 ], [ 78.281426539367146, 17.526209446177472 ], [ 78.281675962877145, 17.526109716414375 ], [ 78.281768357960743, 17.525986434308692 ], [ 78.281693689471012, 17.525749156781306 ], [ 78.281675322409598, 17.525599266102567 ], [ 78.281658575282506, 17.525462596291817 ], [ 78.281675645706528, 17.525151792328217 ], [ 78.281679588120696, 17.524853264922022 ], [ 78.281617558185175, 17.524641022302468 ], [ 78.281516471084629, 17.524440743729379 ], [ 78.281498755582305, 17.52381850232538 ], [ 78.281489240787408, 17.523557134196064 ], [ 78.281492802631988, 17.523287441300933 ], [ 78.281222737187178, 17.523118475017924 ] ] ] } },
{ "type": "Feature", "properties": { "FID": 46, "Descr_1": "Water Bodies", "Descr_2": "Reservoir/Tanks", "Descr_3": "Reservoir/Tanks", "PI_CODE": "Built-Up Inside Tank", "LU_Code": "WBRT", "Shape_Area": 0.028433242176 }, "geometry": { "type": "Polygon", "coordinates": [ [ [ 78.271634270373013, 17.531387265065749 ], [ 78.271241854424304, 17.531426709281135 ], [ 78.27098215443651, 17.531423538615293 ], [ 78.270803926962131, 17.531421363985618 ], [ 78.270297735030539, 17.531348834929069 ], [ 78.269865086531922, 17.530945453819541 ], [ 78.269616539857125, 17.53056643995885 ], [ 78.269251281620328, 17.530296581125736 ], [ 78.268815412051623, 17.53013644265841 ], [ 78.268495667140655, 17.529911369924871 ], [ 78.268080496899543, 17.529928414128285 ], [ 78.268147001610529, 17.530128275185145 ], [ 78.268374553150494, 17.530352220175711 ], [ 78.268555421449534, 17.530619827808977 ], [ 78.268667729210193, 17.530842365302849 ], [ 78.268779156779573, 17.531131239576403 ], [ 78.269015533536574, 17.531381787021694 ], [ 78.269074681709597, 17.531444482367753 ], [ 78.269275727082871, 17.531549761325014 ], [ 78.269463870590542, 17.531648283289691 ], [ 78.269785087299013, 17.531762787863403 ], [ 78.269896612705978, 17.531787625000312 ], [ 78.270520595831485, 17.531926584243831 ], [ 78.27123957976228, 17.531726200125327 ], [ 78.271600697275929, 17.531616853369769 ], [ 78.27179473203708, 17.531455573432382 ], [ 78.271634270373013, 17.531387265065749 ] ] ] } },
{ "type": "Feature", "properties": { "FID": 47, "Descr_1": "Water Bodies", "Descr_2": "Reservoir/Tanks", "Descr_3": "Reservoir/Tanks", "PI_CODE": " ", "LU_Code": "WBRT", "Shape_Area": 0.0133914798874 }, "geometry": { "type": "Polygon", "coordinates": [ [ [ 78.278301907125297, 17.529228412703521 ], [ 78.27829248919997, 17.52931553662826 ], [ 78.278200090355938, 17.529438817932789 ], [ 78.278056378130088, 17.52951692028676 ], [ 78.277821807159356, 17.529608379933844 ], [ 78.277704301424947, 17.529669151911261 ], [ 78.277520654299408, 17.529828643129015 ], [ 78.277466656207622, 17.529989711893357 ], [ 78.277295810018273, 17.530161799445771 ], [ 78.277255269402744, 17.530285710847085 ], [ 78.277331247812825, 17.530423479922742 ], [ 78.277914996750809, 17.530405708421423 ], [ 78.278109006134613, 17.530392886858706 ], [ 78.278550933832264, 17.530363686414322 ], [ 78.278745901091824, 17.530328738060252 ], [ 78.27877380371676, 17.530179790316069 ], [ 78.278677157080224, 17.52964367184364 ], [ 78.278588706435357, 17.52946842934087 ], [ 78.27848613685795, 17.529380097062628 ], [ 78.278422629609082, 17.529279800388501 ], [ 78.278301907125297, 17.529228412703521 ] ] ] } },
{ "type": "Feature", "properties": { "FID": 48, "Descr_1": "Water Bodies", "Descr_2": "Reservoir/Tanks", "Descr_3": "Reservoir/Tanks", "PI_CODE": " ", "LU_Code": "WBRT", "Shape_Area": 0.0058438017575299997 }, "geometry": { "type": "Polygon", "coordinates": [ [ [ 78.281723799559671, 17.531952477649405 ], [ 78.282230875069175, 17.531958641804437 ], [ 78.282283270783793, 17.531849291032035 ], [ 78.282325696955652, 17.531760745238756 ], [ 78.282307903849258, 17.531362432860664 ], [ 78.282148314546973, 17.531227794581277 ], [ 78.281894193684607, 17.531268940026258 ], [ 78.281614979948969, 17.531464594114997 ], [ 78.281495939829867, 17.531750659683237 ], [ 78.281473349131701, 17.53201871674186 ], [ 78.281723799559671, 17.531952477649405 ] ] ] } },
{ "type": "Feature", "properties": { "FID": 49, "Descr_1": "Water Bodies", "Descr_2": "Reservoir/Tanks", "Descr_3": "Reservoir/Tanks", "PI_CODE": " ", "LU_Code": "WBRT", "Shape_Area": 0.0040844875007000001 }, "geometry": { "type": "Polygon", "coordinates": [ [ [ 78.266940108392745, 17.52711422135679 ], [ 78.266697057375453, 17.527129172135062 ], [ 78.266547157834751, 17.527163184834425 ], [ 78.266470541243223, 17.527305631793876 ], [ 78.266477381390288, 17.527493905832529 ], [ 78.26650325602462, 17.527655527351683 ], [ 78.266538826466928, 17.527790383069522 ], [ 78.266568126104204, 17.5279504549497 ], [ 78.266695803959593, 17.527926723179398 ], [ 78.266827739739853, 17.527838722088344 ], [ 78.266903761247036, 17.527741076198758 ], [ 78.266933325317581, 17.527624939132281 ], [ 78.267011368724468, 17.527374973011579 ], [ 78.267050748279161, 17.527223110412685 ], [ 78.266940108392745, 17.52711422135679 ] ] ] } },
{ "type": "Feature", "properties": { "FID": 50, "Descr_1": "Water Bodies", "Descr_2": "Reservoir/Tanks", "Descr_3": "Reservoir/Tanks", "PI_CODE": " ", "LU_Code": "WBRT", "Shape_Area": 0.026949166583199999 }, "geometry": { "type": "Polygon", "coordinates": [ [ [ 78.258760214849289, 17.533181177091922 ], [ 78.258592060382824, 17.533338593993161 ], [ 78.258590151445887, 17.533481789423512 ], [ 78.258602084985355, 17.533832425110596 ], [ 78.258498646427327, 17.53411792236831 ], [ 78.258263017432739, 17.534354002240907 ], [ 78.257877803783046, 17.534414245627215 ], [ 78.257972937692969, 17.534974147911925 ], [ 78.258353297184854, 17.535056088772716 ], [ 78.258634491876435, 17.535139194636763 ], [ 78.25893292359622, 17.535174717362956 ], [ 78.259232420143533, 17.535130596449587 ], [ 78.259383123674638, 17.535036854092901 ], [ 78.259386306334363, 17.534797924257855 ], [ 78.259338618422575, 17.534638025194063 ], [ 78.259407364996761, 17.534463622560896 ], [ 78.259585646863556, 17.534342541764012 ], [ 78.25974207559959, 17.53429408544347 ], [ 78.259726221222479, 17.534212629737315 ], [ 78.259696833261032, 17.533925504568614 ], [ 78.259618484551822, 17.533574054795679 ], [ 78.259472027590277, 17.533349218649615 ], [ 78.259125058587188, 17.533217514036782 ], [ 78.258760214849289, 17.533181177091922 ] ] ] } },
{ "type": "Feature", "properties": { "FID": 53, "Descr_1": "Water Bodies", "Descr_2": "Reservoir/Tanks", "Descr_3": "Reservoir/Tanks", "PI_CODE": " ", "LU_Code": "WBRT", "Shape_Area": 0.019372044969699999 }, "geometry": { "type": "Polygon", "coordinates": [ [ [ 78.301200385062629, 17.508693493894846 ], [ 78.300586142417416, 17.509042308133559 ], [ 78.30097315414551, 17.510091038453659 ], [ 78.301213854783953, 17.510306363100867 ], [ 78.301834469393782, 17.510250124594062 ], [ 78.302483650761133, 17.509949014695771 ], [ 78.302284123135124, 17.509724497099533 ], [ 78.302042864585715, 17.509551650759647 ], [ 78.301757894467457, 17.509335792938192 ], [ 78.301518029353474, 17.509056753035672 ], [ 78.301344290657553, 17.508799751707318 ], [ 78.301200385062629, 17.508693493894846 ] ] ] } },
{ "type": "Feature", "properties": { "FID": 65, "Descr_1": "Water Bodies", "Descr_2": "Reservoir/Tanks", "Descr_3": "Reservoir/Tanks", "PI_CODE": " ", "LU_Code": "WBRT", "Shape_Area": 0.064269891244600003 }, "geometry": { "type": "Polygon", "coordinates": [ [ [ 78.352681725046736, 17.514977523997757 ], [ 78.352512936891614, 17.514995744548489 ], [ 78.351519724391565, 17.515226584359478 ], [ 78.351347260954228, 17.515314211703803 ], [ 78.351053156698185, 17.515463647723141 ], [ 78.350777221257943, 17.515622106657297 ], [ 78.350563443223677, 17.515862162759706 ], [ 78.35001208976351, 17.5161386532099 ], [ 78.349504164746563, 17.51631457804854 ], [ 78.349251372638847, 17.516311586002512 ], [ 78.348890651100604, 17.516509468626829 ], [ 78.348900362911536, 17.516681139430077 ], [ 78.348929239164704, 17.516841912133522 ], [ 78.349412620761129, 17.517496431571374 ], [ 78.349935703402892, 17.518181676794057 ], [ 78.35021938777912, 17.518041357875667 ], [ 78.350904438205518, 17.517495290870382 ], [ 78.35136891295646, 17.517125050230231 ], [ 78.351698079464128, 17.516740093681026 ], [ 78.351841975651936, 17.516382675298296 ], [ 78.352078376777854, 17.516021592652216 ], [ 78.352525696839251, 17.515642790203849 ], [ 78.352693578853618, 17.515355942331276 ], [ 78.352784199226107, 17.515201106958688 ], [ 78.352681725046736, 17.514977523997757 ] ] ] } },
{ "type": "Feature", "properties": { "FID": 66, "Descr_1": "Water Bodies", "Descr_2": "Reservoir/Tanks", "Descr_3": "Reservoir/Tanks", "PI_CODE": " ", "LU_Code": "WBRT", "Shape_Area": 0.049899803565300001 }, "geometry": { "type": "Polygon", "coordinates": [ [ [ 78.342406385301103, 17.501854695334949 ], [ 78.341700177126484, 17.501937199078597 ], [ 78.341601533209371, 17.501948722413648 ], [ 78.341107871080908, 17.502246092209418 ], [ 78.341006193689708, 17.502300252155706 ], [ 78.34077375873234, 17.502424061801726 ], [ 78.340487627072747, 17.502557117626679 ], [ 78.340089145770122, 17.502825293411934 ], [ 78.340068847009974, 17.503173769901849 ], [ 78.340110959610101, 17.503583636696618 ], [ 78.340282589441571, 17.503752454198167 ], [ 78.340518393839957, 17.503846226416577 ], [ 78.340706214984408, 17.503984913414897 ], [ 78.340940257616921, 17.504215116892478 ], [ 78.341191275664983, 17.504354555100534 ], [ 78.341475649439388, 17.504357932914083 ], [ 78.341689405845116, 17.504360471679469 ], [ 78.342060194671944, 17.504364874996437 ], [ 78.342107943275082, 17.504282255606494 ], [ 78.342173328286009, 17.504169117096815 ], [ 78.342256035659304, 17.503882026685417 ], [ 78.342246337919022, 17.503616154327155 ], [ 78.342316136083312, 17.502848301231296 ], [ 78.342406385301103, 17.501854695334949 ] ] ] } },
{ "type": "Feature", "properties": { "FID": 67, "Descr_1": "Water Bodies", "Descr_2": "Reservoir/Tanks", "Descr_3": "Reservoir/Tanks", "PI_CODE": " ", "LU_Code": "WBRT", "Shape_Area": 0.043363608589 }, "geometry": { "type": "Polygon", "coordinates": [ [ [ 78.316265260294315, 17.506195293800797 ], [ 78.316197685053154, 17.5053829210689 ], [ 78.316181094090581, 17.505183443078774 ], [ 78.315622090685608, 17.505126984189658 ], [ 78.315453247622017, 17.504891267631997 ], [ 78.315424613932819, 17.504663499020463 ], [ 78.31555455875845, 17.504392148019129 ], [ 78.315792326586475, 17.504334353924214 ], [ 78.316030291797261, 17.504261400200566 ], [ 78.316097873606864, 17.504182975143991 ], [ 78.316090240146153, 17.50375039210746 ], [ 78.316083247341368, 17.503354060337291 ], [ 78.316652347931296, 17.502609405416884 ], [ 78.317147462565757, 17.502514037947993 ], [ 78.317144872939167, 17.502394717690532 ], [ 78.317358453732311, 17.501659443261396 ], [ 78.317315887809386, 17.501396095732755 ], [ 78.317142106134995, 17.501394011866182 ], [ 78.316422877984451, 17.502308426863976 ], [ 78.316338760736855, 17.502415373067016 ], [ 78.315577161754433, 17.503447175911838 ], [ 78.315373670038682, 17.503722862087507 ], [ 78.315049994310186, 17.504310283619073 ], [ 78.314903064594077, 17.504672400860098 ], [ 78.314910919890238, 17.505015546087552 ], [ 78.314913132533533, 17.505112210906205 ], [ 78.314944632443002, 17.505203848682715 ], [ 78.315080594389997, 17.505599394983307 ], [ 78.315266225857116, 17.505904855303012 ], [ 78.315406043243414, 17.506088473728042 ], [ 78.315528480717333, 17.506393177238699 ], [ 78.315654207134656, 17.506732623751645 ], [ 78.31630121173005, 17.506606880005496 ], [ 78.316265260294315, 17.506195293800797 ] ] ] } },
{ "type": "Feature", "properties": { "FID": 72, "Descr_1": "Water Bodies", "Descr_2": "Reservoir/Tanks", "Descr_3": "Reservoir/Tanks", "PI_CODE": "Built_Up Inside Tank", "LU_Code": "WBRT", "Shape_Area": 0.0094551369458300005 }, "geometry": { "type": "Polygon", "coordinates": [ [ [ 78.32778683597769, 17.507460439887588 ], [ 78.327900496929672, 17.507472899608704 ], [ 78.328134622114575, 17.507401529684678 ], [ 78.328367323803135, 17.507354819715744 ], [ 78.328369249656092, 17.507206374352251 ], [ 78.328255144275005, 17.507056542783548 ], [ 78.327959425197392, 17.506991150703296 ], [ 78.327842497350133, 17.506963785084199 ], [ 78.327625189086902, 17.506912926170774 ], [ 78.327341722368203, 17.506897167803221 ], [ 78.327070502803409, 17.506931047224239 ], [ 78.326876317557421, 17.506990587958978 ], [ 78.326707755551794, 17.507062807593783 ], [ 78.326716533089325, 17.507477083580014 ], [ 78.326896325276081, 17.50743623027628 ], [ 78.327063923641873, 17.507438233171346 ], [ 78.327217989087629, 17.507489561638177 ], [ 78.327462459815322, 17.507529598555458 ], [ 78.32778683597769, 17.507460439887588 ] ] ] } },
{ "type": "Feature", "properties": { "FID": 74, "Descr_1": "Water Bodies", "Descr_2": "Reservoir/Tanks", "Descr_3": "Reservoir/Tanks", "PI_CODE": "Built_Up Inside Tank", "LU_Code": "WBRT", "Shape_Area": 0.011653218905799999 }, "geometry": { "type": "Polygon", "coordinates": [ [ [ 78.350312725713252, 17.50405443511584 ], [ 78.349880030030448, 17.504167542373345 ], [ 78.349322617245633, 17.504397395707695 ], [ 78.349225181916538, 17.50446781404014 ], [ 78.349380415110389, 17.504693647738737 ], [ 78.349561270092593, 17.5047916178073 ], [ 78.350012610046747, 17.505036109192918 ], [ 78.350465840970926, 17.504923247444783 ], [ 78.350756745196307, 17.504632770101907 ], [ 78.350722369323691, 17.504296699919404 ], [ 78.350687737162218, 17.504172967321807 ], [ 78.350312725713252, 17.50405443511584 ] ] ] } },
{ "type": "Feature", "properties": { "FID": 75, "Descr_1": "Water Bodies", "Descr_2": "Reservoir/Tanks", "Descr_3": "Reservoir/Tanks", "PI_CODE": "Built_Up Inside Tank", "LU_Code": "WBRT", "Shape_Area": 0.023030538833199998 }, "geometry": { "type": "Polygon", "coordinates": [ [ [ 78.342810704400108, 17.515589945688969 ], [ 78.342817277753085, 17.515907245889331 ], [ 78.342750092155597, 17.516166765808428 ], [ 78.342581022257576, 17.516453260865045 ], [ 78.342353075236787, 17.516853907770383 ], [ 78.342826060020116, 17.516886033641104 ], [ 78.343619051876942, 17.516850847408328 ], [ 78.343706160447596, 17.516826644263372 ], [ 78.344046828252246, 17.516731990772691 ], [ 78.344147611554916, 17.5167039899661 ], [ 78.344249063796966, 17.516590072185483 ], [ 78.344309551564876, 17.516522156046388 ], [ 78.344280990886745, 17.516261498937979 ], [ 78.34396540061806, 17.515982122853547 ], [ 78.343697483559382, 17.515718626402517 ], [ 78.343415585961125, 17.515301833684642 ], [ 78.343285970149438, 17.515053142905394 ], [ 78.342810704400108, 17.515589945688969 ] ] ] } },
{ "type": "Feature", "properties": { "FID": 84, "Descr_1": "Water Bodies", "Descr_2": "Reservoir/Tanks", "Descr_3": "Reservoir/Tanks", "PI_CODE": " ", "LU_Code": "WBRT", "Shape_Area": 0.0149485755336 }, "geometry": { "type": "Polygon", "coordinates": [ [ [ 78.390616069790156, 17.504037643975764 ], [ 78.390387998821978, 17.504075934037363 ], [ 78.390356965560315, 17.504280303404286 ], [ 78.390353685272856, 17.504539588675929 ], [ 78.390350922916397, 17.504757934333039 ], [ 78.390276704641039, 17.505002745297631 ], [ 78.390231966791575, 17.505166006599236 ], [ 78.390158612465868, 17.505342584266064 ], [ 78.39009965112875, 17.505505681632872 ], [ 78.390111974154991, 17.505655960561686 ], [ 78.390296994009489, 17.505813413587717 ], [ 78.390592666251536, 17.505786330732956 ], [ 78.390995474164583, 17.505529765254117 ], [ 78.39143263452975, 17.505366528420982 ], [ 78.391256303214021, 17.505150639620062 ], [ 78.391130548862449, 17.504971743131794 ], [ 78.390963336095041, 17.504696822784755 ], [ 78.390909900052719, 17.504423228201233 ], [ 78.390784318171384, 17.504230683698481 ], [ 78.390616069790156, 17.504037643975764 ] ] ] } },
{ "type": "Feature", "properties": { "FID": 85, "Descr_1": "Water Bodies", "Descr_2": "Reservoir/Tanks", "Descr_3": "Reservoir/Tanks", "PI_CODE": "Built_Up Inside Tank", "LU_Code": "WBRT", "Shape_Area": 0.0251467060808 }, "geometry": { "type": "Polygon", "coordinates": [ [ [ 78.39521399127085, 17.500378712915058 ], [ 78.393814663852211, 17.500697009142868 ], [ 78.393085462647591, 17.501104633305502 ], [ 78.392898335126489, 17.501279887453062 ], [ 78.392967203314598, 17.501458122199093 ], [ 78.393320508328117, 17.501639664570178 ], [ 78.393625506720085, 17.501728891223358 ], [ 78.394005368697208, 17.501829583386492 ], [ 78.394270613993299, 17.501869096360256 ], [ 78.394537078850689, 17.501890475650267 ], [ 78.394704592984297, 17.501874821304003 ], [ 78.394954552197575, 17.501389332093943 ], [ 78.39521399127085, 17.500378712915058 ] ] ] } },
{ "type": "Feature", "properties": { "FID": 86, "Descr_1": "Water Bodies", "Descr_2": "Reservoir/Tanks", "Descr_3": "Reservoir/Tanks", "PI_CODE": " ", "LU_Code": "WBRT", "Shape_Area": 0.039459236520200003 }, "geometry": { "type": "Polygon", "coordinates": [ [ [ 78.38177933832975, 17.501927569161914 ], [ 78.381668672292037, 17.502016367697689 ], [ 78.38149546892339, 17.502214523062783 ], [ 78.381286189403525, 17.502266671051391 ], [ 78.380905782334551, 17.502353214331428 ], [ 78.380582032298818, 17.502458617681238 ], [ 78.380523296864112, 17.502603517169959 ], [ 78.380709096880778, 17.502878137242242 ], [ 78.380933771464569, 17.503136065129329 ], [ 78.381160860299033, 17.503175115689178 ], [ 78.381388181168276, 17.503195972351396 ], [ 78.381596307564607, 17.503234801670484 ], [ 78.381883710037513, 17.503393214896878 ], [ 78.381971402749144, 17.5035667539827 ], [ 78.382082175966104, 17.503804624838406 ], [ 78.382342134689196, 17.503937564749069 ], [ 78.382554396556486, 17.503955729433606 ], [ 78.382838836415999, 17.503959052876972 ], [ 78.383257170100691, 17.503872949234868 ], [ 78.383349715674044, 17.503827581333088 ], [ 78.383183369360168, 17.503212932661175 ], [ 78.382972007188386, 17.502431960356347 ], [ 78.382332128741538, 17.502042319164481 ], [ 78.382105502909994, 17.501966877954636 ], [ 78.38177933832975, 17.501927569161914 ] ] ] } },
{ "type": "Feature", "properties": { "FID": 87, "Descr_1": "Water Bodies", "Descr_2": "Reservoir/Tanks", "Descr_3": "Reservoir/Tanks", "PI_CODE": " ", "LU_Code": "WBRT", "Shape_Area": 0.0119877814651 }, "geometry": { "type": "Polygon", "coordinates": [ [ [ 78.363251586051376, 17.499690244825633 ], [ 78.363128425195015, 17.499631260973214 ], [ 78.363052219335017, 17.499631681050602 ], [ 78.362967839272457, 17.499680739004862 ], [ 78.362865844554179, 17.49970805814387 ], [ 78.362752851640437, 17.499669281050664 ], [ 78.362615440122568, 17.499666020443634 ], [ 78.362505169005132, 17.499749143259578 ], [ 78.362411205682633, 17.499841084752273 ], [ 78.362346288424689, 17.49988753415418 ], [ 78.362348281867071, 17.499956379026209 ], [ 78.36236913547134, 17.500001090737481 ], [ 78.362374631358037, 17.500012875585714 ], [ 78.362397750115505, 17.500051202775541 ], [ 78.362588884098088, 17.500368076782852 ], [ 78.362824241144594, 17.500758263371306 ], [ 78.362914443179093, 17.500903452868464 ], [ 78.363135227282555, 17.500870811263489 ], [ 78.363288090419402, 17.500781620260607 ], [ 78.363362406612609, 17.500631957893422 ], [ 78.363405122039509, 17.500528222379067 ], [ 78.363446070611801, 17.500292126787116 ], [ 78.363586899424888, 17.500143809009518 ], [ 78.363619522132822, 17.500077934400522 ], [ 78.363639666393709, 17.500028022249374 ], [ 78.363635774442884, 17.500001931944531 ], [ 78.363635658965521, 17.500001161060101 ], [ 78.363599390007764, 17.499919958339646 ], [ 78.363568266571633, 17.499902340427465 ], [ 78.363513389382163, 17.499874371183225 ], [ 78.363429899328935, 17.49986179189872 ], [ 78.363349315209462, 17.499854986134672 ], [ 78.36329005802375, 17.49981978995682 ], [ 78.363255178046458, 17.49975194316254 ], [ 78.363251586051376, 17.499690244825633 ] ] ] } },
{ "type": "Feature", "properties": { "FID": 88, "Descr_1": "Water Bodies", "Descr_2": "Reservoir/Tanks", "Descr_3": "Reservoir/Tanks", "PI_CODE": " ", "LU_Code": "WBRT", "Shape_Area": 0.051355241253300002 }, "geometry": { "type": "Polygon", "coordinates": [ [ [ 78.360675169627584, 17.514579503369813 ], [ 78.360675451956809, 17.51457953472941 ], [ 78.360675518681163, 17.51457910780405 ], [ 78.360696928814193, 17.514444042262159 ], [ 78.36039947399037, 17.51409595490961 ], [ 78.360017479098403, 17.513959020038708 ], [ 78.359677297727217, 17.51386401765274 ], [ 78.359279992841863, 17.513786540963299 ], [ 78.358940047116391, 17.513673342961567 ], [ 78.358770118643008, 17.513601080792064 ], [ 78.358675956000297, 17.513561040118187 ], [ 78.358466656470355, 17.513613163603619 ], [ 78.358198368374545, 17.513828375702229 ], [ 78.358005933138017, 17.514044484278386 ], [ 78.357853119007274, 17.514262821681029 ], [ 78.357677486835087, 17.514513760205212 ], [ 78.357726648663061, 17.514783617076798 ], [ 78.357823598702737, 17.51495223878295 ], [ 78.35791468572566, 17.515244484043556 ], [ 78.357912588670331, 17.515408243053262 ], [ 78.357908389860853, 17.515735759170038 ], [ 78.358039697059425, 17.515929323897065 ], [ 78.359232936094813, 17.515651051003964 ], [ 78.359313515800366, 17.515626106207346 ], [ 78.359485649362355, 17.5154995911325 ], [ 78.359602461589844, 17.515264393380704 ], [ 78.359893583659343, 17.514940847171623 ], [ 78.360157769681066, 17.514852382708987 ], [ 78.36044385579666, 17.514728368548372 ], [ 78.360675169627584, 17.514579503369813 ] ] ] } },
{ "type": "Feature", "properties": { "FID": 89, "Descr_1": "Water Bodies", "Descr_2": "Reservoir/Tanks", "Descr_3": "Reservoir/Tanks", "PI_CODE": "Built_Up Inside Tank", "LU_Code": "WBRT", "Shape_Area": 0.00753615288018 }, "geometry": { "type": "Polygon", "coordinates": [ [ [ 78.366677564355143, 17.508188245455088 ], [ 78.366293038978725, 17.508224669081695 ], [ 78.366132986390582, 17.508299117618076 ], [ 78.366035468263192, 17.5083444774098 ], [ 78.366004408998194, 17.508548841909178 ], [ 78.366001792907198, 17.508753540938869 ], [ 78.366063770002512, 17.509099760615715 ], [ 78.366317746897607, 17.509169442858585 ], [ 78.366728744757879, 17.50880494015783 ], [ 78.36690058870488, 17.50854573217482 ], [ 78.366903379069697, 17.508327387242449 ], [ 78.366677564355143, 17.508188245455088 ] ] ] } },
{ "type": "Feature", "properties": { "FID": 90, "Descr_1": "Water Bodies", "Descr_2": "Reservoir/Tanks", "Descr_3": "Reservoir/Tanks", "PI_CODE": " ", "LU_Code": "WBRT", "Shape_Area": 0.0047864914119600003 }, "geometry": { "type": "Polygon", "coordinates": [ [ [ 78.372764529402616, 17.50646038911556 ], [ 78.372603055319289, 17.506582659191661 ], [ 78.372611935793429, 17.506714510775979 ], [ 78.372715993918959, 17.506920462287855 ], [ 78.372808604463984, 17.507187695598507 ], [ 78.372886982234789, 17.507331321925101 ], [ 78.373010358370664, 17.507261719895865 ], [ 78.373147978667575, 17.507118150346443 ], [ 78.373280155267906, 17.507019206993377 ], [ 78.373324646900912, 17.506876417786444 ], [ 78.373260134738004, 17.506692378432273 ], [ 78.373183815923213, 17.506544622194863 ], [ 78.373084137556361, 17.506494848410945 ], [ 78.373002083683829, 17.506486000865554 ], [ 78.372764529402616, 17.50646038911556 ] ] ] } },
{ "type": "Feature", "properties": { "FID": 96, "Descr_1": "Water Bodies", "Descr_2": "Reservoir/Tanks", "Descr_3": "Reservoir/Tanks", "PI_CODE": "Crop Inside Tank", "LU_Code": "WBRT", "Shape_Area": 0.041053995965399999 }, "geometry": { "type": "Polygon", "coordinates": [ [ [ 78.281668546386612, 17.544592243799084 ], [ 78.281755710421692, 17.545283059895702 ], [ 78.281828063612906, 17.545674372892584 ], [ 78.281980627557687, 17.5458621469195 ], [ 78.282188726010318, 17.545908614965942 ], [ 78.282188726010332, 17.545359403418068 ], [ 78.281998369129866, 17.544331476263633 ], [ 78.281979333441797, 17.543379691861233 ], [ 78.282010169296399, 17.543001952642388 ], [ 78.28187439072893, 17.542941342300814 ], [ 78.281641499543284, 17.542901189742793 ], [ 78.281436021677536, 17.54274940833772 ], [ 78.281668546386612, 17.544592243799084 ] ] ] } },
{ "type": "Feature", "properties": { "FID": 97, "Descr_1": "Water Bodies", "Descr_2": "Reservoir/Tanks", "Descr_3": "Reservoir/Tanks", "PI_CODE": " ", "LU_Code": "WBRT", "Shape_Area": 0.0030412869786 }, "geometry": { "type": "Polygon", "coordinates": [ [ [ 78.343181952876122, 17.514854987155534 ], [ 78.342993232022977, 17.514638366610637 ], [ 78.342815335545978, 17.514820010283088 ], [ 78.342796022647022, 17.515080100420921 ], [ 78.342807439844776, 17.515432431123738 ], [ 78.342810704400108, 17.515589945688969 ], [ 78.343285970149438, 17.515053142905394 ], [ 78.343181952876122, 17.514854987155534 ] ] ] } },
{ "type": "Feature", "properties": { "FID": 99, "Descr_1": "Water Bodies", "Descr_2": "Reservoir/Tanks", "Descr_3": "Reservoir/Tanks", "PI_CODE": "Built up In Tank", "LU_Code": "WBRT", "Shape_Area": 0.040365656577099999 }, "geometry": { "type": "Polygon", "coordinates": [ [ [ 78.316652347931296, 17.502609405416884 ], [ 78.316083247341368, 17.503354060337291 ], [ 78.316090240146153, 17.50375039210746 ], [ 78.316097873606864, 17.504182975143991 ], [ 78.316030291797261, 17.504261400200566 ], [ 78.315792326586475, 17.504334353924214 ], [ 78.31555455875845, 17.504392148019129 ], [ 78.315424613932819, 17.504663499020463 ], [ 78.315453247622017, 17.504891267631997 ], [ 78.315622090685608, 17.505126984189658 ], [ 78.316181094090581, 17.505183443078774 ], [ 78.316197685053154, 17.5053829210689 ], [ 78.316265260294315, 17.506195293800797 ], [ 78.31630121173005, 17.506606880005496 ], [ 78.316350115839313, 17.506190581375854 ], [ 78.316388917904732, 17.505842518078335 ], [ 78.316535672924829, 17.505366131164731 ], [ 78.316570405312646, 17.505253388684384 ], [ 78.316792232880118, 17.50500694369644 ], [ 78.317083462828094, 17.504683397979171 ], [ 78.317183176359123, 17.50452644404038 ], [ 78.317341570783427, 17.504277127214987 ], [ 78.317378344373509, 17.504127212282583 ], [ 78.317441692337098, 17.503868961853438 ], [ 78.317419714907516, 17.503744133760708 ], [ 78.317403113885533, 17.503649838274491 ], [ 78.317353415046512, 17.503367567024021 ], [ 78.317154749301721, 17.5028496865921 ], [ 78.317147462565757, 17.502514037947993 ], [ 78.316652347931296, 17.502609405416884 ] ] ] } },
{ "type": "Feature", "properties": { "FID": 100, "Descr_1": "Water Bodies", "Descr_2": "Reservoir/Tanks", "Descr_3": "Reservoir/Tanks", "PI_CODE": "Built up In Tank", "LU_Code": "WBRT", "Shape_Area": 0.00281254661317 }, "geometry": { "type": "Polygon", "coordinates": [ [ [ 78.315654207134656, 17.506732623751645 ], [ 78.31574748331839, 17.507256696713576 ], [ 78.315912782309297, 17.507216516998248 ], [ 78.316088740888318, 17.50705185090451 ], [ 78.31630121173005, 17.506606880005496 ], [ 78.315654207134656, 17.506732623751645 ] ] ] } },
{ "type": "Feature", "properties": { "FID": 123, "Descr_1": "Water Bodies", "Descr_2": "Reservoir/Tanks", "Descr_3": "Reservoir/Tanks", "PI_CODE": " ", "LU_Code": "WBRT", "Shape_Area": 0.10364694662 }, "geometry": { "type": "Polygon", "coordinates": [ [ [ 78.504653997242656, 17.503380752733342 ], [ 78.504796765973282, 17.503380753133694 ], [ 78.504891944820315, 17.503380752741453 ], [ 78.504987122714113, 17.503380753200254 ], [ 78.505082302195518, 17.503356959184348 ], [ 78.505201275347389, 17.503309370075577 ], [ 78.505296453180321, 17.503237987043935 ], [ 78.505342985386719, 17.503168187645279 ], [ 78.505391630916037, 17.50309521789789 ], [ 78.505534399463443, 17.502904861272789 ], [ 78.505629577206065, 17.502785888265912 ], [ 78.505653373083121, 17.502666915358315 ], [ 78.505700961154986, 17.502500352852877 ], [ 78.505700960458455, 17.502333789817232 ], [ 78.505724756259184, 17.502095843657433 ], [ 78.505785755739709, 17.501953511168992 ], [ 78.50579613982957, 17.501929282256828 ], [ 78.505867524454942, 17.501834104232373 ], [ 78.505938907982625, 17.501619951115391 ], [ 78.505986497292071, 17.501500979230908 ], [ 78.505986497424885, 17.501286827183122 ], [ 78.505938908070505, 17.501120265405607 ], [ 78.505819934297577, 17.500977497343019 ], [ 78.505748551075257, 17.500906114974285 ], [ 78.505605782734833, 17.500810934571238 ], [ 78.505486809715407, 17.500691962593734 ], [ 78.505391629579137, 17.500572989010795 ], [ 78.505143647960892, 17.500320920923546 ], [ 78.505042929151642, 17.50034758231072 ], [ 78.50387049813007, 17.500657931944463 ], [ 78.503680143445195, 17.500729316130347 ], [ 78.503489785279768, 17.500895877125714 ], [ 78.503251839449717, 17.501110030374836 ], [ 78.502990098429791, 17.501324180966151 ], [ 78.502799740963781, 17.501514539410216 ], [ 78.502395232381588, 17.50168109855926 ], [ 78.502157286463671, 17.501823867116521 ], [ 78.501966928648372, 17.502014224782314 ], [ 78.501817251474819, 17.502249433608814 ], [ 78.501822439840694, 17.502262405849425 ], [ 78.501893824397541, 17.502476558110391 ], [ 78.501989002105645, 17.50269070917269 ], [ 78.502060386046594, 17.502904862227552 ], [ 78.50215556395986, 17.503190397442548 ], [ 78.502488689139426, 17.503237985296302 ], [ 78.502607661921402, 17.503237984722471 ], [ 78.502774222667966, 17.503237985241704 ], [ 78.50313114287647, 17.503237984672502 ], [ 78.503464267286361, 17.503261780153501 ], [ 78.503749803665315, 17.503261779728536 ], [ 78.504011545094926, 17.503261780281502 ], [ 78.504178106038168, 17.503285575062883 ], [ 78.504368463317917, 17.503356959042698 ], [ 78.504487436385844, 17.503380752777694 ], [ 78.504529869602493, 17.50338075322712 ], [ 78.504653997242656, 17.503380752733342 ] ] ] } },
{ "type": "Feature", "properties": { "FID": 124, "Descr_1": "Water Bodies", "Descr_2": "Reservoir/Tanks", "Descr_3": "Reservoir/Tanks", "PI_CODE": " ", "LU_Code": "WBRT", "Shape_Area": 0.081118880095100002 }, "geometry": { "type": "Polygon", "coordinates": [ [ [ 78.512006534132951, 17.508996280805896 ], [ 78.512268273876742, 17.509020076351025 ], [ 78.512530014197779, 17.509091460329962 ], [ 78.5127203698014, 17.509091459751449 ], [ 78.512863139279659, 17.508972485554853 ], [ 78.513005907002551, 17.508805923389101 ], [ 78.513172468836402, 17.508686950190999 ], [ 78.51324385256595, 17.508544183963238 ], [ 78.513243852678002, 17.508353826204981 ], [ 78.513124879303433, 17.508187263919172 ], [ 78.513029700988014, 17.508044497185711 ], [ 78.512982112865984, 17.507830345224953 ], [ 78.512982112909086, 17.50761619391141 ], [ 78.512791756458768, 17.507425836848924 ], [ 78.51274920683143, 17.507434346645521 ], [ 78.512553809309324, 17.507473426360029 ], [ 78.512339658437057, 17.50742583756406 ], [ 78.512292067448286, 17.507211685343787 ], [ 78.512292068026582, 17.506973738660992 ], [ 78.512292069454929, 17.506926149878332 ], [ 78.512220685386708, 17.506735793392895 ], [ 78.512125505616112, 17.506593025220909 ], [ 78.512077917340591, 17.506426462608246 ], [ 78.511982738194035, 17.506212311132312 ], [ 78.511863765466941, 17.506069543266825 ], [ 78.511697203354544, 17.505926776156628 ], [ 78.511578231280382, 17.505831597846214 ], [ 78.511443672633391, 17.505737720684706 ], [ 78.511318209910598, 17.505821360638713 ], [ 78.511080265187942, 17.50613069160288 ], [ 78.510509195143712, 17.507272834191628 ], [ 78.51019986386612, 17.508391180400579 ], [ 78.510057097035585, 17.509461937091807 ], [ 78.51041229362032, 17.509591147411388 ], [ 78.510578855777666, 17.509400790429972 ], [ 78.510721624942221, 17.509305611134447 ], [ 78.510983365580515, 17.509210432770317 ], [ 78.511173721985685, 17.509139048645164 ], [ 78.511459257101308, 17.509091459891707 ], [ 78.511744791916769, 17.50902007637702 ], [ 78.51187465923357, 17.509008268787088 ], [ 78.512006534132951, 17.508996280805896 ] ] ] } },
{ "type": "Feature", "properties": { "FID": 126, "Descr_1": "Water Bodies", "Descr_2": "Reservoir/Tanks", "Descr_3": "Reservoir/Tanks", "PI_CODE": "Built-up Inside Tank", "LU_Code": "WBRT", "Shape_Area": 0.0058979801385100001 }, "geometry": { "type": "Polygon", "coordinates": [ [ [ 78.505724756259184, 17.502095843657433 ], [ 78.505700960458455, 17.502333789817232 ], [ 78.505700961154986, 17.502500352852877 ], [ 78.505653373083121, 17.502666915358315 ], [ 78.505629577206065, 17.502785888265912 ], [ 78.505534399463443, 17.502904861272789 ], [ 78.505391630916037, 17.50309521789789 ], [ 78.505342985386719, 17.503168187645279 ], [ 78.505446755728912, 17.50316818840885 ], [ 78.505599040679016, 17.503187223569654 ], [ 78.505656147554006, 17.503187223120307 ], [ 78.505770361918138, 17.503168188611188 ], [ 78.505903611898034, 17.503130116678541 ], [ 78.505998790908791, 17.50309204503472 ], [ 78.506074935450457, 17.502977831122127 ], [ 78.506113003716493, 17.502882652892602 ], [ 78.506151076923445, 17.502749403036265 ], [ 78.506151074618984, 17.502673260570738 ], [ 78.506151076105311, 17.502597116336013 ], [ 78.50611300481296, 17.502463867216175 ], [ 78.5060558989924, 17.502349653667803 ], [ 78.505998790696836, 17.502197369292542 ], [ 78.505903612435617, 17.502083154225467 ], [ 78.505785755739709, 17.501953511168992 ], [ 78.505724756259184, 17.502095843657433 ] ] ] } },
{ "type": "Feature", "properties": { "FID": 127, "Descr_1": "Water Bodies", "Descr_2": "Reservoir/Tanks", "Descr_3": "Reservoir/Tanks", "PI_CODE": "Built-up Inside Tank", "LU_Code": "WBRT", "Shape_Area": 0.0127129238101 }, "geometry": { "type": "Polygon", "coordinates": [ [ [ 78.502060386046594, 17.502904862227552 ], [ 78.501989002105645, 17.50269070917269 ], [ 78.501893824397541, 17.502476558110391 ], [ 78.501822439840694, 17.502262405849425 ], [ 78.501817251474819, 17.502249433608814 ], [ 78.501586215862261, 17.502537706385482 ], [ 78.501134117791111, 17.502989804229969 ], [ 78.500729610816421, 17.503203955415668 ], [ 78.500292842202683, 17.503393047049574 ], [ 78.500263100107588, 17.503571507110664 ], [ 78.50032258779936, 17.503749965863342 ], [ 78.500411815897763, 17.503839195970649 ], [ 78.500649763143286, 17.503839196179655 ], [ 78.500828222434293, 17.503809453312599 ], [ 78.501068545553323, 17.503758294393226 ], [ 78.501335046815939, 17.503739258848544 ], [ 78.501449261246108, 17.503682152273658 ], [ 78.501468296155423, 17.503548902109735 ], [ 78.501316009637407, 17.503358544638385 ], [ 78.501296976212984, 17.503263366604621 ], [ 78.501296976044628, 17.503149153390734 ], [ 78.501354084259489, 17.503092044335162 ], [ 78.501468298186211, 17.503053974021171 ], [ 78.501544440223753, 17.50301590321255 ], [ 78.501677688876285, 17.503015902857932 ], [ 78.501791903411544, 17.503034937630755 ], [ 78.501944188803733, 17.503073008988615 ], [ 78.50215556395986, 17.503190397442548 ], [ 78.502060386046594, 17.502904862227552 ] ] ] } },
{ "type": "Feature", "properties": { "FID": 128, "Descr_1": "Water Bodies", "Descr_2": "Reservoir/Tanks", "Descr_3": "Reservoir/Tanks", "PI_CODE": "Built-up Inside Tank", "LU_Code": "WBRT", "Shape_Area": 0.0022065357682700001 }, "geometry": { "type": "Polygon", "coordinates": [ [ [ 78.507616824404678, 17.517882774847759 ], [ 78.507541303574442, 17.517882774967536 ], [ 78.507556940886957, 17.517919259336491 ], [ 78.507533145829456, 17.518062027685627 ], [ 78.507580735650819, 17.518181000948676 ], [ 78.5076283248561, 17.518347562736633 ], [ 78.507646903300383, 17.518644955889183 ], [ 78.507979826582897, 17.518587169781874 ], [ 78.507710813351409, 17.517882775286722 ], [ 78.507616824404678, 17.517882774847759 ] ] ] } },
{ "type": "Feature", "properties": { "FID": 129, "Descr_1": "Water Bodies", "Descr_2": "Reservoir/Tanks", "Descr_3": "Reservoir/Tanks", "PI_CODE": " ", "LU_Code": "WBRT", "Shape_Area": 0.028150243433700001 }, "geometry": { "type": "Polygon", "coordinates": [ [ [ 78.5076283248561, 17.518347562736633 ], [ 78.507580735650819, 17.518181000948676 ], [ 78.507533145829456, 17.518062027685627 ], [ 78.507556940886957, 17.517919259336491 ], [ 78.507541303574442, 17.517882774967536 ], [ 78.507616824404678, 17.517882774847759 ], [ 78.507710813351409, 17.517882775286722 ], [ 78.507687018584221, 17.51781139242895 ], [ 78.507591840262293, 17.517621033566222 ], [ 78.507306304229175, 17.517240319947845 ], [ 78.506516280340051, 17.516590455864137 ], [ 78.506411626576806, 17.516497928086327 ], [ 78.506297412646063, 17.516497927649478 ], [ 78.506221269118953, 17.516536000842958 ], [ 78.506126091925623, 17.516669249617919 ], [ 78.506088020366619, 17.51678346427429 ], [ 78.506088020204515, 17.516935749019211 ], [ 78.506145126621988, 17.517164178652802 ], [ 78.506169346350774, 17.517201606624798 ], [ 78.506153058969048, 17.517348189160703 ], [ 78.506153058580239, 17.517538546165742 ], [ 78.50622444266105, 17.517681314239031 ], [ 78.506295826856643, 17.517824081374403 ], [ 78.506343415378154, 17.517966849202661 ], [ 78.506367210474039, 17.518181000601246 ], [ 78.506414799592363, 17.518347562670368 ], [ 78.506438593920393, 17.518466536009882 ], [ 78.506509977590383, 17.518656893362902 ], [ 78.506731115115159, 17.518803908132856 ], [ 78.507355471188021, 17.518695540325805 ], [ 78.507646903300383, 17.518644955889183 ], [ 78.5076283248561, 17.518347562736633 ] ] ] } },
{ "type": "Feature", "properties": { "FID": 131, "Descr_1": "Water Bodies", "Descr_2": "Reservoir/Tanks", "Descr_3": "Reservoir/Tanks", "PI_CODE": "Crop Inside Tank", "LU_Code": "WBRT", "Shape_Area": 0.0031073286951200001 }, "geometry": { "type": "Polygon", "coordinates": [ [ [ 78.534466770592516, 17.533638544035089 ], [ 78.534533395720459, 17.533705169330435 ], [ 78.534561949687131, 17.533800346858403 ], [ 78.534561949792888, 17.533876489838438 ], [ 78.534534064907831, 17.533988027035843 ], [ 78.534734222435418, 17.533957235336253 ], [ 78.534818889167212, 17.533923367273861 ], [ 78.534924579993799, 17.53388109071598 ], [ 78.535000723285719, 17.533823984272871 ], [ 78.535114936127826, 17.533785911746811 ], [ 78.535172042947309, 17.533709771168834 ], [ 78.535172042604998, 17.533633628182567 ], [ 78.535095900075547, 17.533557483797789 ], [ 78.535019759133363, 17.533519413155098 ], [ 78.53488650832027, 17.533481339987016 ], [ 78.534879887142068, 17.533481339699229 ], [ 78.534715187003528, 17.533481340632395 ], [ 78.534581936776419, 17.533481341035792 ], [ 78.534467722565225, 17.533481341318272 ], [ 78.534416056907588, 17.533496103106458 ], [ 78.534334472823474, 17.533519412616588 ], [ 78.534466770592516, 17.533638544035089 ] ] ] } },
{ "type": "Feature", "properties": { "FID": 133, "Descr_1": "Water Bodies", "Descr_2": "Reservoir/Tanks", "Descr_3": "Reservoir/Tanks", "PI_CODE": " ", "LU_Code": "WBRT", "Shape_Area": 0.0100440953435 }, "geometry": { "type": "Polygon", "coordinates": [ [ [ 78.544756988033015, 17.535886849898244 ], [ 78.544680843945628, 17.536001063938055 ], [ 78.54458566734435, 17.536058171110934 ], [ 78.544433380305819, 17.536134313335488 ], [ 78.544300132235477, 17.536210456372554 ], [ 78.544204952332393, 17.536248528302284 ], [ 78.544135404007406, 17.536248528034498 ], [ 78.544182398169355, 17.536326851708992 ], [ 78.544271628167294, 17.536445826374258 ], [ 78.544372551887093, 17.536546749380857 ], [ 78.545238856629567, 17.536659518058134 ], [ 78.545282899101906, 17.536624284345855 ], [ 78.545372127729593, 17.536386338365876 ], [ 78.54546135708344, 17.536148392331171 ], [ 78.545424334103984, 17.536002406364382 ], [ 78.545091090722096, 17.53580796394828 ], [ 78.544773928297346, 17.535683585811107 ], [ 78.544756988033015, 17.535886849898244 ] ] ] } },
{ "type": "Feature", "properties": { "FID": 134, "Descr_1": "Water Bodies", "Descr_2": "Reservoir/Tanks", "Descr_3": "Reservoir/Tanks", "PI_CODE": " ", "LU_Code": "WBRT", "Shape_Area": 0.0047131975038700001 }, "geometry": { "type": "Polygon", "coordinates": [ [ [ 78.534561949792888, 17.533876489838438 ], [ 78.534561949687131, 17.533800346858403 ], [ 78.534533395720459, 17.533705169330435 ], [ 78.534466770592516, 17.533638544035089 ], [ 78.534334472823474, 17.533519412616588 ], [ 78.53404798584117, 17.533505294548934 ], [ 78.533990879312569, 17.533514811644238 ], [ 78.533924253733673, 17.533562402012965 ], [ 78.533867146816121, 17.533629026992099 ], [ 78.533848111202587, 17.533714686147047 ], [ 78.533857628953584, 17.53378131160347 ], [ 78.533895700349106, 17.533895525644841 ], [ 78.533914736456651, 17.533990704605305 ], [ 78.533933771813736, 17.534057329597292 ], [ 78.533971843272951, 17.534123953687907 ], [ 78.534047985974141, 17.53419057866444 ], [ 78.534095574617041, 17.534219133043131 ], [ 78.534181235814273, 17.534238169408493 ], [ 78.53428593113513, 17.53420961487328 ], [ 78.534362074990739, 17.534171543733816 ], [ 78.534466771948033, 17.534095401919576 ], [ 78.534523877855449, 17.534028776784705 ], [ 78.534534064907831, 17.533988027035843 ], [ 78.534561949792888, 17.533876489838438 ] ] ] } },
{ "type": "Feature", "properties": { "FID": 135, "Descr_1": "Water Bodies", "Descr_2": "Reservoir/Tanks", "Descr_3": "Reservoir/Tanks", "PI_CODE": " ", "LU_Code": "WBRT", "Shape_Area": 0.039423320690700002 }, "geometry": { "type": "Polygon", "coordinates": [ [ [ 78.543538702689446, 17.516280091317739 ], [ 78.54344352595308, 17.516146840800996 ], [ 78.543329311695572, 17.515956482646537 ], [ 78.543253169030407, 17.515766127323523 ], [ 78.543196061900289, 17.515594806377727 ], [ 78.54317702590231, 17.515385413345982 ], [ 78.543177026201874, 17.515195057441286 ], [ 78.543111768388584, 17.514999278866782 ], [ 78.542891490846742, 17.514338450250658 ], [ 78.542586920117969, 17.513843524450085 ], [ 78.541646105193934, 17.512972398565779 ], [ 78.54144477822814, 17.513005951917769 ], [ 78.541289178338218, 17.51307510901832 ], [ 78.54166106331806, 17.513567603840265 ], [ 78.541732445257935, 17.513734166955917 ], [ 78.541803829190542, 17.513876933965914 ], [ 78.541875213248531, 17.514043497029441 ], [ 78.541899007692308, 17.514114879685582 ], [ 78.541899007833251, 17.514210060412424 ], [ 78.541922800595202, 17.514376621950511 ], [ 78.54189465789689, 17.51445809125827 ], [ 78.542034885080682, 17.514662057058047 ], [ 78.542091991591533, 17.51473820132048 ], [ 78.542187171323718, 17.515118914225294 ], [ 78.542187171063148, 17.515328306282008 ], [ 78.54218717018604, 17.515559409194829 ], [ 78.542187169332223, 17.515670949413437 ], [ 78.542187169768084, 17.515804198713141 ], [ 78.542187169363061, 17.515975521155827 ], [ 78.542244276749244, 17.516165876669181 ], [ 78.542262941124605, 17.516226535752086 ], [ 78.542320418798596, 17.516413340690292 ], [ 78.542434633056558, 17.516546590079422 ], [ 78.542624991045855, 17.516755982704467 ], [ 78.54279464254067, 17.516891703446042 ], [ 78.54301735423681, 17.516613314721376 ], [ 78.54365307394994, 17.516394462082257 ], [ 78.543538702689446, 17.516280091317739 ] ] ] } },
{ "type": "Feature", "properties": { "FID": 136, "Descr_1": "Water Bodies", "Descr_2": "Reservoir/Tanks", "Descr_3": "Reservoir/Tanks", "PI_CODE": "Crop Inside Tank", "LU_Code": "WBRT", "Shape_Area": 0.0035755869504 }, "geometry": { "type": "Polygon", "coordinates": [ [ [ 78.541273456836237, 17.513082094119106 ], [ 78.541178279871644, 17.513196307854461 ], [ 78.541197313693232, 17.513310523234576 ], [ 78.541273457258669, 17.51344377291154 ], [ 78.541387671885104, 17.51361509357632 ], [ 78.541463813791623, 17.513748344953388 ], [ 78.541558992761438, 17.513900629994826 ], [ 78.541692242088686, 17.514167129611465 ], [ 78.541825491671844, 17.514357486345759 ], [ 78.541875318021425, 17.514429961204357 ], [ 78.54189465789689, 17.51445809125827 ], [ 78.541922800595202, 17.514376621950511 ], [ 78.541899007833251, 17.514210060412424 ], [ 78.541899007692308, 17.514114879685582 ], [ 78.541875213248531, 17.514043497029441 ], [ 78.541803829190542, 17.513876933965914 ], [ 78.541732445257935, 17.513734166955917 ], [ 78.54166106331806, 17.513567603840265 ], [ 78.541289178338218, 17.51307510901832 ], [ 78.541273456836237, 17.513082094119106 ] ] ] } },
{ "type": "Feature", "properties": { "FID": 137, "Descr_1": "Water Bodies", "Descr_2": "Reservoir/Tanks", "Descr_3": "Reservoir/Tanks", "PI_CODE": "Crop Inside Tank", "LU_Code": "WBRT", "Shape_Area": 0.0076184873539200003 }, "geometry": { "type": "Polygon", "coordinates": [ [ [ 78.54301735423681, 17.516613314721376 ], [ 78.54279464254067, 17.516891703446042 ], [ 78.542815348126254, 17.516908268576898 ], [ 78.543005704852007, 17.517098624686753 ], [ 78.543157989583051, 17.517212841358269 ], [ 78.543272204218368, 17.517269946685825 ], [ 78.543405453725597, 17.517269948201179 ], [ 78.543519668656543, 17.517250909842744 ], [ 78.543652917545529, 17.517193803755916 ], [ 78.543729060809071, 17.517098624313174 ], [ 78.543900381703679, 17.516927304190169 ], [ 78.543919418287231, 17.516717912359738 ], [ 78.543881345807435, 17.516641768696186 ], [ 78.543786167921468, 17.516527555373187 ], [ 78.543671953921304, 17.516413341033104 ], [ 78.54365307394994, 17.516394462082257 ], [ 78.54301735423681, 17.516613314721376 ] ] ] } },
{ "type": "Feature", "properties": { "FID": 138, "Descr_1": "Water Bodies", "Descr_2": "Reservoir/Tanks", "Descr_3": "Reservoir/Tanks", "PI_CODE": "Crop Inside Tank", "LU_Code": "WBRT", "Shape_Area": 0.0078232921774399992 }, "geometry": { "type": "Polygon", "coordinates": [ [ [ 78.53496265227669, 17.537821478284531 ], [ 78.534829400628155, 17.537859549821466 ], [ 78.534714248829104, 17.537917126117961 ], [ 78.534639044176544, 17.537954728387341 ], [ 78.53456290210039, 17.538087978343889 ], [ 78.534448687145797, 17.538164122361199 ], [ 78.534391579671208, 17.538240264397974 ], [ 78.534353508876336, 17.538335442320875 ], [ 78.534316257721272, 17.538414597161577 ], [ 78.534467723914176, 17.53846869176753 ], [ 78.534658079627732, 17.538544833999772 ], [ 78.534829400772949, 17.538678083927696 ], [ 78.534924579837764, 17.538754227213285 ], [ 78.534960508812574, 17.538774758198201 ], [ 78.535257313177866, 17.538833237787244 ], [ 78.535305292795456, 17.538773261923037 ], [ 78.535355189124047, 17.538703410909683 ], [ 78.535400473023614, 17.538640012550086 ], [ 78.535400471560024, 17.53850676286234 ], [ 78.535343365348595, 17.53837351267104 ], [ 78.535286256989394, 17.538221227406435 ], [ 78.535210114787361, 17.538107014109549 ], [ 78.535153007897236, 17.538030870720927 ], [ 78.535095901360748, 17.537916656357591 ], [ 78.535019758435425, 17.537859548956032 ], [ 78.53496265227669, 17.537821478284531 ] ] ] } },
{ "type": "Feature", "properties": { "FID": 139, "Descr_1": "Water Bodies", "Descr_2": "Reservoir/Tanks", "Descr_3": "Reservoir/Tanks", "PI_CODE": "Built-up Inside Tank", "LU_Code": "WBRT", "Shape_Area": 0.011027339979 }, "geometry": { "type": "Polygon", "coordinates": [ [ [ 78.504487436385844, 17.503380752777694 ], [ 78.504368463317917, 17.503356959042698 ], [ 78.504178106038168, 17.503285575062883 ], [ 78.504011545094926, 17.503261780281502 ], [ 78.503749803665315, 17.503261779728536 ], [ 78.503464267286361, 17.503261780153501 ], [ 78.50313114287647, 17.503237984672502 ], [ 78.502774222667966, 17.503237985241704 ], [ 78.502607661921402, 17.503237984722471 ], [ 78.502488689139426, 17.503237985296302 ], [ 78.50215556395986, 17.503190397442548 ], [ 78.502800794636968, 17.503472759291046 ], [ 78.502953079733444, 17.503586973238885 ], [ 78.503162473027444, 17.50372022267905 ], [ 78.503295723322466, 17.503796366453358 ], [ 78.503428973663276, 17.503853472956202 ], [ 78.50358125838379, 17.503948651047917 ], [ 78.503695472681926, 17.503967686590762 ], [ 78.503809685943608, 17.50396768668563 ], [ 78.503885829049352, 17.503967687629512 ], [ 78.503981007925731, 17.50392961598665 ], [ 78.504114257535051, 17.503853474420875 ], [ 78.504209436156785, 17.503796367296303 ], [ 78.504304615358592, 17.503701187572794 ], [ 78.504380756764689, 17.503625044101017 ], [ 78.504437863833942, 17.50352986618508 ], [ 78.504514007405774, 17.503396615643144 ], [ 78.504529869602493, 17.50338075322712 ], [ 78.504487436385844, 17.503380752777694 ] ] ] } },
{ "type": "Feature", "properties": { "FID": 140, "Descr_1": "Water Bodies", "Descr_2": "Reservoir/Tanks", "Descr_3": "Reservoir/Tanks", "PI_CODE": "Built-up Inside Tank", "LU_Code": "WBRT", "Shape_Area": 0.0064944749248200002 }, "geometry": { "type": "Polygon", "coordinates": [ [ [ 78.540702931671419, 17.503561178860878 ], [ 78.540569681930933, 17.503580212700957 ], [ 78.540417396583237, 17.503694428216033 ], [ 78.540379323794298, 17.503846712885565 ], [ 78.540436432178225, 17.50409417697286 ], [ 78.540550645532107, 17.504227428244118 ], [ 78.540702932199324, 17.50432260586075 ], [ 78.540855215927678, 17.504493925558492 ], [ 78.540875094982056, 17.504563498928068 ], [ 78.541064609338122, 17.504512961634696 ], [ 78.54112171659952, 17.504455854742389 ], [ 78.541197859938748, 17.504341641232873 ], [ 78.541216895237426, 17.504208390578125 ], [ 78.54121689542194, 17.504094176771822 ], [ 78.541197860586962, 17.503979961770174 ], [ 78.541159787873724, 17.50388478358532 ], [ 78.541064610140182, 17.503789606312353 ], [ 78.540988467353557, 17.503751535308638 ], [ 78.540817147087338, 17.503618285077522 ], [ 78.540702931671419, 17.503561178860878 ] ] ] } },
{ "type": "Feature", "properties": { "FID": 142, "Descr_1": "Water Bodies", "Descr_2": "Reservoir/Tanks", "Descr_3": "Reservoir/Tanks", "PI_CODE": "Scrub Inside Tank", "LU_Code": "WBRT", "Shape_Area": 0.00614996179224 }, "geometry": { "type": "Polygon", "coordinates": [ [ [ 78.507498236341661, 17.53218875314041 ], [ 78.507468491359816, 17.532575416013618 ], [ 78.507409005573805, 17.532753876301484 ], [ 78.507498233560284, 17.532872848710664 ], [ 78.507617208831874, 17.532962078042054 ], [ 78.507765924647671, 17.532962078008627 ], [ 78.50791464234824, 17.532962077892524 ], [ 78.508063357221715, 17.532962077641319 ], [ 78.508277542623162, 17.532930908431116 ], [ 78.508093101250765, 17.532248239852944 ], [ 78.507916761443497, 17.532230605704228 ], [ 78.507658289300437, 17.532204759224534 ], [ 78.507498236341661, 17.53218875314041 ] ] ] } },
{ "type": "Feature", "properties": { "FID": 168, "Descr_1": "Water Bodies", "Descr_2": "Reservoir/Tanks", "Descr_3": "Reservoir/Tanks", "PI_CODE": "Built-up Inside Tank", "LU_Code": "WBRT", "Shape_Area": 0.0329140971011 }, "geometry": { "type": "Polygon", "coordinates": [ [ [ 78.563277384781472, 17.50812542676324 ], [ 78.563098924538593, 17.50818491354887 ], [ 78.562860979169244, 17.508303886845162 ], [ 78.562563546454186, 17.508482347326531 ], [ 78.562355344015003, 17.508660806350374 ], [ 78.562219664663203, 17.508773870559917 ], [ 78.562450545528762, 17.508689631805638 ], [ 78.562496653938652, 17.508644920620167 ], [ 78.562577555612975, 17.508566398407041 ], [ 78.562858332011515, 17.508373662065495 ], [ 78.56309151919011, 17.508245171171168 ], [ 78.563198594935514, 17.508223756022186 ], [ 78.563277117148587, 17.50820709979503 ], [ 78.563334224212738, 17.508183305185025 ], [ 78.563381813432969, 17.508166648958031 ], [ 78.563406841138743, 17.508125426854356 ], [ 78.563277384781472, 17.50812542676324 ] ] ] } },
{ "type": "Feature", "properties": { "FID": 187, "Descr_1": "Water Bodies", "Descr_2": "Reservoir/Tanks", "Descr_3": "Reservoir/Tanks", "PI_CODE": "Crop Inside Tank", "LU_Code": "WBRT", "Shape_Area": 0.0743032203615 }, "geometry": { "type": "Polygon", "coordinates": [ [ [ 78.548193934565731, 17.52775467523287 ], [ 78.547678862619719, 17.527809302576706 ], [ 78.547255369363043, 17.527854219042322 ], [ 78.545645433401191, 17.527579797895932 ], [ 78.545580229142402, 17.527568683584025 ], [ 78.545163926530492, 17.527522847330296 ], [ 78.54501520916989, 17.527612077351122 ], [ 78.544923084058482, 17.527773295070578 ], [ 78.544896235822208, 17.527820279002956 ], [ 78.544896235584403, 17.528028481569116 ], [ 78.544866492700905, 17.528266427872364 ], [ 78.544955723844609, 17.528474630222192 ], [ 78.54496148062303, 17.528483841268791 ], [ 78.545104440238475, 17.528712576011603 ], [ 78.545282898543562, 17.528861292598929 ], [ 78.54555058815933, 17.528980266425553 ], [ 78.545788534843069, 17.529099238892169 ], [ 78.545937250159795, 17.529307441831975 ], [ 78.54593724979398, 17.529545388207904 ], [ 78.545907506727374, 17.529813076628802 ], [ 78.546056223381882, 17.530051023387145 ], [ 78.546294170974107, 17.53025922620672 ], [ 78.546561858580333, 17.530348455577208 ], [ 78.54677006199563, 17.530318711557477 ], [ 78.54700800820207, 17.530199738101764 ], [ 78.547335184346267, 17.530080765899164 ], [ 78.547573129911299, 17.529961792703421 ], [ 78.54784081758477, 17.52978333473877 ], [ 78.548049021957596, 17.529664361194701 ], [ 78.548167996025484, 17.529515644137803 ], [ 78.54816799479768, 17.52936692788251 ], [ 78.54807876470251, 17.529247955328902 ], [ 78.54790030581907, 17.52903975136531 ], [ 78.547870561547739, 17.528891036156718 ], [ 78.547900305597722, 17.528653089558617 ], [ 78.548049022249458, 17.52844488705318 ], [ 78.548167994625473, 17.528296170801585 ], [ 78.548257224567934, 17.528117711627203 ], [ 78.548257225157315, 17.527968995291133 ], [ 78.548193934565731, 17.52775467523287 ] ] ] } },
{ "type": "Feature", "properties": { "FID": 188, "Descr_1": "Water Bodies", "Descr_2": "Reservoir/Tanks", "Descr_3": "Reservoir/Tanks", "PI_CODE": "Crop Inside Tank", "LU_Code": "WBRT", "Shape_Area": 0.013626906543699999 }, "geometry": { "type": "Polygon", "coordinates": [ [ [ 78.544204952332393, 17.536248528302284 ], [ 78.544300132235477, 17.536210456372554 ], [ 78.544433380305819, 17.536134313335488 ], [ 78.54458566734435, 17.536058171110934 ], [ 78.544680843945628, 17.536001063938055 ], [ 78.544756988033015, 17.535886849898244 ], [ 78.544773928297346, 17.535683585811107 ], [ 78.544776024313194, 17.535658422159099 ], [ 78.544332638342667, 17.535510531711036 ], [ 78.543574185401496, 17.535213099415706 ], [ 78.543455211822817, 17.535153611738146 ], [ 78.543199418687834, 17.535100075005097 ], [ 78.542824654290371, 17.534987049950658 ], [ 78.542967633030329, 17.535296742619064 ], [ 78.543024740534605, 17.535410956799243 ], [ 78.543157989610506, 17.535582278228844 ], [ 78.543291241245996, 17.535696492658715 ], [ 78.543519667404368, 17.535886850101654 ], [ 78.543633883207335, 17.536001064241617 ], [ 78.543900382154433, 17.536153348553366 ], [ 78.544052667798923, 17.536248528335452 ], [ 78.544135404007406, 17.536248528034498 ], [ 78.544204952332393, 17.536248528302284 ] ] ] } },
{ "type": "Feature", "properties": { "FID": 228, "Descr_1": "Water Bodies", "Descr_2": "Reservoir/Tanks", "Descr_3": "Reservoir/Tanks", "PI_CODE": " ", "LU_Code": "WBRT", "Shape_Area": 0.109247114977 }, "geometry": { "type": "Polygon", "coordinates": [ [ [ 78.426660302002318, 17.312760307581858 ], [ 78.426389043552362, 17.312774585425021 ], [ 78.426274829425822, 17.312845967653971 ], [ 78.426205092974797, 17.31293313876585 ], [ 78.426160614804957, 17.31298873508646 ], [ 78.426103507778478, 17.313174335026833 ], [ 78.426089230763836, 17.313345654917473 ], [ 78.426117786013194, 17.313545530288465 ], [ 78.426174892211691, 17.31373112879912 ], [ 78.426289106112719, 17.313902449424916 ], [ 78.426403319700313, 17.314016663227918 ], [ 78.426488980613613, 17.314145153825688 ], [ 78.426517533695673, 17.314259368035266 ], [ 78.426474702758838, 17.31440213557153 ], [ 78.426374767443093, 17.314630564432395 ], [ 78.426360489642533, 17.314916100386583 ], [ 78.426246276347499, 17.315130251167172 ], [ 78.426046399911485, 17.315244465433871 ], [ 78.425946463673341, 17.315330126327872 ], [ 78.425458533365358, 17.315428997905208 ], [ 78.425596588992292, 17.315662637206998 ], [ 78.42633860332036, 17.316658674007638 ], [ 78.427319224163213, 17.317686654932292 ], [ 78.427976411798383, 17.318428641082466 ], [ 78.428144500687267, 17.318210126372261 ], [ 78.427830411676297, 17.317905553885137 ], [ 78.428033846255616, 17.317226854294688 ], [ 78.428076676141771, 17.316998424801866 ], [ 78.428076676174157, 17.316784273888128 ], [ 78.428090952670644, 17.316612952314966 ], [ 78.428162337137863, 17.316470184202657 ], [ 78.428290829460011, 17.316355971307502 ], [ 78.42846215019415, 17.316270309647972 ], [ 78.428619192826417, 17.316213203664795 ], [ 78.428790515164451, 17.316127542661985 ], [ 78.428948875352248, 17.316065693875633 ], [ 78.42918728961493, 17.315972579625772 ], [ 78.429087351642437, 17.315644214808504 ], [ 78.428273577203854, 17.314616287752965 ], [ 78.427773890335374, 17.313973832222402 ], [ 78.427645399369652, 17.313788236335977 ], [ 78.426860177469095, 17.312817414770624 ], [ 78.426660302002318, 17.312760307581858 ] ] ] } },
{ "type": "Feature", "properties": { "FID": 229, "Descr_1": "Water Bodies", "Descr_2": "Reservoir/Tanks", "Descr_3": "Reservoir/Tanks", "PI_CODE": " ", "LU_Code": "WBRT", "Shape_Area": 0.30739135573999998 }, "geometry": { "type": "Polygon", "coordinates": [ [ [ 78.41549587058681, 17.303708837640883 ], [ 78.415238888916932, 17.30366600795579 ], [ 78.414967631410306, 17.303666008901651 ], [ 78.41473920229086, 17.303623178184687 ], [ 78.414710648099998, 17.303566070620622 ], [ 78.414667819440112, 17.30346613344015 ], [ 78.414567881137231, 17.303280534574494 ], [ 78.414439390081256, 17.303251982176747 ], [ 78.414339452723439, 17.303251981993295 ], [ 78.414282345638597, 17.303280535258896 ], [ 78.413539953570179, 17.303623178214661 ], [ 78.413421414663219, 17.303632336156966 ], [ 78.413221540951227, 17.303689441840444 ], [ 78.412964558353735, 17.303717995903941 ], [ 78.412743268741551, 17.303568089809698 ], [ 78.41256480888093, 17.303303969695062 ], [ 78.412343519311989, 17.302939911699674 ], [ 78.412172198213895, 17.302618686134227 ], [ 78.411701065113292, 17.301997645895508 ], [ 78.411401253300625, 17.301783495191295 ], [ 78.411187101006732, 17.301655004067289 ], [ 78.410644583866755, 17.301483682063679 ], [ 78.410351909676436, 17.301576482089082 ], [ 78.410209142096903, 17.301655002802029 ], [ 78.410044959696904, 17.302004783946124 ], [ 78.409937885121138, 17.302433087241024 ], [ 78.409902192367042, 17.302839975012436 ], [ 78.409837947929844, 17.303161202775581 ], [ 78.40965948842468, 17.30346101370823 ], [ 78.409481028367267, 17.303675165691246 ], [ 78.40933826128736, 17.303789379944373 ], [ 78.409052724556446, 17.303960701985133 ], [ 78.408824297373627, 17.304039223289383 ], [ 78.408645837140412, 17.304110606937886 ], [ 78.408512808239109, 17.304174620589162 ], [ 78.408029422116897, 17.305289293587514 ], [ 78.407916694580763, 17.305549242021733 ], [ 78.408109828345388, 17.305669285100652 ], [ 78.408645206838059, 17.30590723161643 ], [ 78.40897833186682, 17.305978615000768 ], [ 78.409111575881468, 17.30600359836281 ], [ 78.409359043764766, 17.306049998695887 ], [ 78.40964457980327, 17.306121381976137 ], [ 78.410037191215181, 17.306240355335301 ], [ 78.410263239587451, 17.306335533556492 ], [ 78.410465494150557, 17.306406919073677 ], [ 78.410596364730154, 17.306502096600415 ], [ 78.41067187980596, 17.306562508728629 ], [ 78.410715336617287, 17.306597274791596 ], [ 78.41089379652945, 17.30674004332484 ], [ 78.411119845074509, 17.306894708689512 ], [ 78.41187133576183, 17.307423925326894 ], [ 78.411964554726936, 17.307489573340579 ], [ 78.4124591337862, 17.307784215835319 ], [ 78.412526304470063, 17.30762067175889 ], [ 78.412711902288976, 17.307320860958683 ], [ 78.412840392252406, 17.307235200407629 ], [ 78.412983159860971, 17.307135263424886 ], [ 78.413097373611478, 17.307049603249613 ], [ 78.413183036412747, 17.30697821815324 ], [ 78.413340078922033, 17.306906833840191 ], [ 78.413582783874247, 17.306864004038168 ], [ 78.413796936327842, 17.306864005358669 ], [ 78.413953981221454, 17.30686400522287 ], [ 78.414139577093792, 17.306864003731778 ], [ 78.41439655964713, 17.306821173312105 ], [ 78.414596434646498, 17.306721234556203 ], [ 78.414867692704831, 17.306264379240574 ], [ 78.414953353535907, 17.306078781263729 ], [ 78.415010461039259, 17.305921737155195 ], [ 78.415096121141758, 17.305764692579189 ], [ 78.415310272837559, 17.305279283013459 ], [ 78.415438764453299, 17.305065131038248 ], [ 78.41552442581461, 17.304865256911608 ], [ 78.415581532792942, 17.304722489324309 ], [ 78.415695745720498, 17.304536891333704 ], [ 78.415781405911687, 17.304394123158044 ], [ 78.415824236747483, 17.304294187365947 ], [ 78.415852790270904, 17.304165695149386 ], [ 78.415867066756604, 17.304022926884691 ], [ 78.415867065567426, 17.303922989586031 ], [ 78.41579568290372, 17.303823052277284 ], [ 78.415695745678661, 17.303751668953726 ], [ 78.41549587058681, 17.303708837640883 ] ] ] } },
{ "type": "Feature", "properties": { "FID": 231, "Descr_1": "Water Bodies", "Descr_2": "Reservoir/Tanks", "Descr_3": "Reservoir/Tanks", "PI_CODE": " ", "LU_Code": "WBRT", "Shape_Area": 0.086109486751600003 }, "geometry": { "type": "Polygon", "coordinates": [ [ [ 78.394436778954827, 17.310835294773899 ], [ 78.394550993414484, 17.310849571738782 ], [ 78.395037623645877, 17.311049940211117 ], [ 78.395162546100934, 17.31103804342251 ], [ 78.395275569771258, 17.310954761894983 ], [ 78.395293416270107, 17.310901224074101 ], [ 78.395305313751294, 17.310829841417199 ], [ 78.395323159676295, 17.310687071976009 ], [ 78.395346317310583, 17.310032900575429 ], [ 78.395357633553886, 17.309328765035179 ], [ 78.395367024796883, 17.308744484690862 ], [ 78.395373945589682, 17.30831375606272 ], [ 78.395019063880113, 17.308313101252196 ], [ 78.394833466458067, 17.308313100556635 ], [ 78.39461931376178, 17.308327376835372 ], [ 78.39461798495617, 17.308327485260829 ], [ 78.394262395195113, 17.308355933321572 ], [ 78.394105351043549, 17.308427315362049 ], [ 78.393919753285644, 17.308512976156081 ], [ 78.393677047631797, 17.308655744331809 ], [ 78.393641857389539, 17.308684231667527 ], [ 78.393158721614014, 17.309062298073279 ], [ 78.392617395131595, 17.309520343991 ], [ 78.392308065470957, 17.309889158835588 ], [ 78.392136728542866, 17.310142854130415 ], [ 78.391920600753508, 17.310462872129406 ], [ 78.391872530995499, 17.310524963369954 ], [ 78.391818281541291, 17.310552314901106 ], [ 78.391649746324944, 17.310540277358378 ], [ 78.391384813050024, 17.310451965857919 ], [ 78.390930555855448, 17.310365693714481 ], [ 78.391077221995374, 17.310554324129917 ], [ 78.391455102348672, 17.311204763990315 ], [ 78.391795577320522, 17.311120829899274 ], [ 78.392438031429933, 17.310978061747196 ], [ 78.392752120060905, 17.310935231807917 ], [ 78.393109038694945, 17.31087812436051 ], [ 78.393465958780013, 17.310863848340059 ], [ 78.393765770957529, 17.310849571410433 ], [ 78.393979921779263, 17.310835294141473 ], [ 78.394222626632484, 17.310835293943313 ], [ 78.394436778954827, 17.310835294773899 ] ] ] } },
{ "type": "Feature", "properties": { "FID": 232, "Descr_1": "Water Bodies", "Descr_2": "Reservoir/Tanks", "Descr_3": "Reservoir/Tanks", "PI_CODE": " ", "LU_Code": "WBRT", "Shape_Area": 0.0183811961268 }, "geometry": { "type": "Polygon", "coordinates": [ [ [ 78.395998102314863, 17.31505407869172 ], [ 78.395869610741087, 17.315096909668224 ], [ 78.395798227366981, 17.315196847157658 ], [ 78.395798227356877, 17.315325336591233 ], [ 78.395812504638485, 17.315468105150707 ], [ 78.395841057200471, 17.315639425891625 ], [ 78.395826780368182, 17.315782194101349 ], [ 78.395769672986191, 17.315967793265141 ], [ 78.395484138073826, 17.316281880781933 ], [ 78.395441307607285, 17.316481755349699 ], [ 78.395441307807531, 17.316638799920085 ], [ 78.39545558422283, 17.316881504377427 ], [ 78.395526967957636, 17.316981441698822 ], [ 78.395684013352593, 17.316995718068906 ], [ 78.395855334094989, 17.316910058059662 ], [ 78.39601237839689, 17.31679584392614 ], [ 78.396035219805427, 17.316763212759057 ], [ 78.396112316168271, 17.316653076635177 ], [ 78.39654061905847, 17.316338987703642 ], [ 78.396887120707333, 17.316172800619562 ], [ 78.396853211808946, 17.316014566771361 ], [ 78.396774096156904, 17.315811123162408 ], [ 78.396576303121932, 17.315449445363043 ], [ 78.396312189048544, 17.315168292668602 ], [ 78.396169422564157, 17.315082632922298 ], [ 78.395998102314863, 17.31505407869172 ] ] ] } },
{ "type": "Feature", "properties": { "FID": 233, "Descr_1": "Water Bodies", "Descr_2": "Reservoir/Tanks", "Descr_3": "Reservoir/Tanks", "PI_CODE": " ", "LU_Code": "WBRT", "Shape_Area": 0.036915310661799997 }, "geometry": { "type": "Polygon", "coordinates": [ [ [ 78.391313397007508, 17.320867434832955 ], [ 78.391646891962026, 17.320514247422903 ], [ 78.391718276130661, 17.320430966578286 ], [ 78.391736121837326, 17.320383376120706 ], [ 78.391748018563177, 17.320317940799455 ], [ 78.391742069642959, 17.320270351579353 ], [ 78.39173612259674, 17.320222763284317 ], [ 78.391718276283271, 17.32018707115828 ], [ 78.391700429797169, 17.320145430336922 ], [ 78.391682584081323, 17.320097840830794 ], [ 78.391694482453573, 17.320056201194269 ], [ 78.391724224927401, 17.320008611914986 ], [ 78.391759917278691, 17.319978868409773 ], [ 78.391813455383101, 17.319937229289778 ], [ 78.391872940952084, 17.319895588019723 ], [ 78.391914582432321, 17.319859894583054 ], [ 78.391968119354416, 17.319812305812846 ], [ 78.392003811444866, 17.319776613569925 ], [ 78.392027605404678, 17.319758768023913 ], [ 78.392056217422194, 17.319730155577325 ], [ 78.390910297819815, 17.319827932433988 ], [ 78.389336432815696, 17.320043733254828 ], [ 78.388340481160839, 17.320232439839234 ], [ 78.388117407061486, 17.320300850072616 ], [ 78.388369549934282, 17.320450695796136 ], [ 78.388738365760858, 17.320617258992492 ], [ 78.388857339148899, 17.320688642343057 ], [ 78.389000107107321, 17.320807616023362 ], [ 78.389119079764143, 17.320878999211061 ], [ 78.389297538609043, 17.320890895722421 ], [ 78.389408431964725, 17.320890896076204 ], [ 78.389464102251495, 17.320890896126659 ], [ 78.389630663778277, 17.320878998995543 ], [ 78.389785328668452, 17.320878998730166 ], [ 78.390047069701865, 17.320950383353232 ], [ 78.390189836572887, 17.32102176577915 ], [ 78.39030881044711, 17.321081251829352 ], [ 78.390692390412781, 17.321212988825501 ], [ 78.390931908395189, 17.321092689002349 ], [ 78.391313397007508, 17.320867434832955 ] ] ] } },
{ "type": "Feature", "properties": { "FID": 234, "Descr_1": "Water Bodies", "Descr_2": "Reservoir/Tanks", "Descr_3": "Reservoir/Tanks", "PI_CODE": " ", "LU_Code": "WBRT", "Shape_Area": 0.019952899062900001 }, "geometry": { "type": "Polygon", "coordinates": [ [ [ 78.389697288604708, 17.318204485444831 ], [ 78.389511691463554, 17.318218762343893 ], [ 78.389383201092485, 17.318261591215304 ], [ 78.389283263037257, 17.318290146309192 ], [ 78.389197601600614, 17.318361528866667 ], [ 78.389054832608238, 17.318532851199169 ], [ 78.389012003811033, 17.318632787560723 ], [ 78.388954897174514, 17.318789831390887 ], [ 78.388940620249045, 17.318961155097945 ], [ 78.388926344534852, 17.319089645128191 ], [ 78.388826406132793, 17.319246689273537 ], [ 78.388548316272249, 17.319413038377579 ], [ 78.388727030027837, 17.319854031977904 ], [ 78.388936140149582, 17.319806755195899 ], [ 78.390121111020861, 17.319606879569566 ], [ 78.390713596566087, 17.319567619035922 ], [ 78.390439681618915, 17.319375179564421 ], [ 78.390325468118931, 17.319360903225618 ], [ 78.390139869923985, 17.319289518749262 ], [ 78.38998282372539, 17.319175305135044 ], [ 78.389925717310774, 17.31904681366569 ], [ 78.389854332312325, 17.318832663729772 ], [ 78.389854332867728, 17.318632788290934 ], [ 78.389854333423145, 17.318432912835078 ], [ 78.389825780308769, 17.318275869027069 ], [ 78.389697288604708, 17.318204485444831 ] ] ] } },
{ "type": "Feature", "properties": { "FID": 235, "Descr_1": "Water Bodies", "Descr_2": "Reservoir/Tanks", "Descr_3": "Reservoir/Tanks", "PI_CODE": " ", "LU_Code": "WBRT", "Shape_Area": 0.031044653907500001 }, "geometry": { "type": "Polygon", "coordinates": [ [ [ 78.431776157638637, 17.327698242137114 ], [ 78.43235705767141, 17.327704934969624 ], [ 78.432557308268386, 17.327712055737472 ], [ 78.432629905000667, 17.327458208721051 ], [ 78.432658458102352, 17.327229781194198 ], [ 78.432601351346847, 17.326858585232539 ], [ 78.432515690358215, 17.326730094274165 ], [ 78.432458582919097, 17.326615878893421 ], [ 78.432330092089643, 17.326515942084637 ], [ 78.432258708394613, 17.32640172758002 ], [ 78.43217304672352, 17.326244684135986 ], [ 78.432101662545136, 17.326087638828767 ], [ 78.431987449465055, 17.32595914675203 ], [ 78.431844681652066, 17.325902041259294 ], [ 78.431473485851029, 17.325859211092588 ], [ 78.431116567029974, 17.325916318411473 ], [ 78.430873862788999, 17.326001979817935 ], [ 78.430773924172314, 17.326087638980038 ], [ 78.430702476901459, 17.326395412876135 ], [ 78.430916691540716, 17.326758647429202 ], [ 78.431016629742501, 17.327029906045766 ], [ 78.431102290345947, 17.327229780608317 ], [ 78.431173674155602, 17.32735827116278 ], [ 78.431273611056469, 17.327515315862403 ], [ 78.431385434680607, 17.327703366891786 ], [ 78.431776157638637, 17.327698242137114 ] ] ] } },
{ "type": "Feature", "properties": { "FID": 236, "Descr_1": "Water Bodies", "Descr_2": "Reservoir/Tanks", "Descr_3": "Reservoir/Tanks", "PI_CODE": " ", "LU_Code": "WBRT", "Shape_Area": 0.094443824281300007 }, "geometry": { "type": "Polygon", "coordinates": [ [ [ 78.442151238195891, 17.332762346186726 ], [ 78.442305902808599, 17.332786139337262 ], [ 78.442496260031817, 17.332845625603046 ], [ 78.442650924992364, 17.332928906726455 ], [ 78.442757999537989, 17.33302408354287 ], [ 78.442899776248964, 17.333303899614286 ], [ 78.443056819784275, 17.333318176936523 ], [ 78.44337090902124, 17.333353869082941 ], [ 78.443501582676049, 17.333244186178391 ], [ 78.443525375831271, 17.333166853129981 ], [ 78.443555120842632, 17.333119263363095 ], [ 78.443596761375659, 17.3330776232091 ], [ 78.443656247171205, 17.333041930910124 ], [ 78.443721682136726, 17.333030034109981 ], [ 78.443875236625487, 17.333016630376289 ], [ 78.444075111139568, 17.33301662977361 ], [ 78.444289263449193, 17.33298807594862 ], [ 78.444460582567388, 17.332888138935708 ], [ 78.444546245027126, 17.33257404956877 ], [ 78.444560520799286, 17.332516943370273 ], [ 78.444527082459217, 17.332167300392033 ], [ 78.44438919969356, 17.331917318130429 ], [ 78.444303540096982, 17.33173172063503 ], [ 78.444089389187326, 17.331588953003401 ], [ 78.443746746102917, 17.331517568880592 ], [ 78.443318442789547, 17.331289141196695 ], [ 78.443147121024978, 17.331132097291608 ], [ 78.44300435402522, 17.331046436404186 ], [ 78.442875863139335, 17.331003606184794 ], [ 78.442761648637273, 17.331017884139481 ], [ 78.44264743481142, 17.331132097121323 ], [ 78.44250466698621, 17.331232033093528 ], [ 78.442361898729729, 17.331203479847169 ], [ 78.442247685163807, 17.331103543175946 ], [ 78.441624140101709, 17.331034676666352 ], [ 78.441015243897752, 17.331148108401983 ], [ 78.44051555738433, 17.331390812153106 ], [ 78.440477365899142, 17.331517569072471 ], [ 78.440563026601254, 17.331646060099335 ], [ 78.440605327910234, 17.331751813914732 ], [ 78.440620134035825, 17.331788827935309 ], [ 78.440677240738566, 17.332060084826029 ], [ 78.440791455186115, 17.332231407844077 ], [ 78.440634411287604, 17.332559773576115 ], [ 78.440505919800628, 17.332702540874052 ], [ 78.440306045266581, 17.332888138841422 ], [ 78.440191830964835, 17.333016629711924 ], [ 78.440128009828939, 17.333290542732033 ], [ 78.440815983689689, 17.333949365921963 ], [ 78.441258633781828, 17.334362830275275 ], [ 78.441462463133931, 17.333573423790863 ], [ 78.441690890544095, 17.332859586307531 ], [ 78.441746729138757, 17.332821830821771 ], [ 78.441865702365092, 17.332774241812171 ], [ 78.442151238195891, 17.332762346186726 ] ] ] } },
{ "type": "Feature", "properties": { "FID": 238, "Descr_1": "Water Bodies", "Descr_2": "Reservoir/Tanks", "Descr_3": "Reservoir/Tanks", "PI_CODE": " ", "LU_Code": "WBRT", "Shape_Area": 0.53278938487700001 }, "geometry": { "type": "Polygon", "coordinates": [ [ [ 78.456301075657237, 17.302476898829944 ], [ 78.456331108542699, 17.302168950270591 ], [ 78.456035475249706, 17.302425727927314 ], [ 78.456301075657237, 17.302476898829944 ] ] ] } },
{ "type": "Feature", "properties": { "FID": 239, "Descr_1": "Water Bodies", "Descr_2": "Reservoir/Tanks", "Descr_3": "Reservoir/Tanks", "PI_CODE": " ", "LU_Code": "WBRT", "Shape_Area": 0.0323126269417 }, "geometry": { "type": "Polygon", "coordinates": [ [ [ 78.451033330594711, 17.301582389517037 ], [ 78.450700792111434, 17.30157798349574 ], [ 78.450589995762144, 17.301605681967626 ], [ 78.450333014114733, 17.301819834344787 ], [ 78.450290184412708, 17.301976877605711 ], [ 78.450290184120675, 17.302176752833653 ], [ 78.450432951598231, 17.303004804791037 ], [ 78.4506042725437, 17.303433108204139 ], [ 78.450708800385527, 17.303708179756882 ], [ 78.451318110606408, 17.303390278239025 ], [ 78.451512989333338, 17.303349251198405 ], [ 78.451468980675102, 17.303216347406476 ], [ 78.451572615664276, 17.303183036159908 ], [ 78.4516773119486, 17.303125929095756 ], [ 78.451791526076889, 17.303064063109669 ], [ 78.451943811581273, 17.303006956045522 ], [ 78.452105614929579, 17.302940331137282 ], [ 78.452132693936761, 17.302905515271011 ], [ 78.452131885770299, 17.30290486875241 ], [ 78.452003395760002, 17.302790655170725 ], [ 78.45190345903697, 17.302676439759676 ], [ 78.451817798417636, 17.302476565280259 ], [ 78.451736829266366, 17.30221566541271 ], [ 78.4516773119486, 17.302159867927291 ], [ 78.451610687040343, 17.302107519785295 ], [ 78.45151222173476, 17.302069648513854 ], [ 78.451517029738568, 17.301722908051289 ], [ 78.451389494885746, 17.301648512959257 ], [ 78.451215238052896, 17.301609790319834 ], [ 78.451132512353183, 17.301591406427448 ], [ 78.451033330594711, 17.301582389517037 ] ] ] } },
{ "type": "Feature", "properties": { "FID": 240, "Descr_1": "Water Bodies", "Descr_2": "Reservoir/Tanks", "Descr_3": "Reservoir/Tanks", "PI_CODE": " ", "LU_Code": "WBRT", "Shape_Area": 0.17288685578 }, "geometry": { "type": "Polygon", "coordinates": [ [ [ 78.473342400885556, 17.308943344557861 ], [ 78.473140147957906, 17.308871961229311 ], [ 78.47289030540577, 17.308764886233185 ], [ 78.472652359370784, 17.308681604183217 ], [ 78.472545284197111, 17.308574528655825 ], [ 78.472478036076566, 17.308448441581664 ], [ 78.472390517385449, 17.308360922890543 ], [ 78.47230961571131, 17.3082514676844 ], [ 78.472181124816913, 17.308237190918319 ], [ 78.472104982064764, 17.308256226606332 ], [ 78.472043116078623, 17.308308574748491 ], [ 78.471890830574239, 17.308403753188784 ], [ 78.471719509381785, 17.308408512110717 ], [ 78.471552947111533, 17.308379958578559 ], [ 78.471391143763, 17.308413271032702 ], [ 78.471338795620838, 17.308446583486802 ], [ 78.471284693671947, 17.308518719418885 ], [ 78.471296065790426, 17.30859832327635 ], [ 78.471286506120634, 17.30876084826517 ], [ 78.471291206400778, 17.308774949105622 ], [ 78.471329277776931, 17.308841574013702 ], [ 78.471376866996934, 17.308946270298019 ], [ 78.471386384841068, 17.309012895206095 ], [ 78.471386384841068, 17.309074761192239 ], [ 78.471385013395704, 17.309078418380199 ], [ 78.471248619000718, 17.308969476000083 ], [ 78.471216982043501, 17.308963745331596 ], [ 78.471200887610706, 17.309002831347161 ], [ 78.471081913839427, 17.309133702365685 ], [ 78.470962941366565, 17.3092526741362 ], [ 78.470701201061786, 17.30972856787751 ], [ 78.470641713418146, 17.309847538727201 ], [ 78.47055843284295, 17.309978410651347 ], [ 78.470330779352722, 17.31005672597869 ], [ 78.470240695000655, 17.310124289 ], [ 78.470144402765555, 17.310169158248186 ], [ 78.469951253910665, 17.310288017948622 ], [ 78.470015497992051, 17.310559277271381 ], [ 78.470001223193236, 17.31085908899886 ], [ 78.469986944618469, 17.310987579729623 ], [ 78.469986945730227, 17.311280253682085 ], [ 78.470058329720175, 17.311508682077907 ], [ 78.470208235690038, 17.311779941280424 ], [ 78.470529462677874, 17.312065476860237 ], [ 78.470914935065721, 17.312279627296736 ], [ 78.471010202001409, 17.312349335356014 ], [ 78.471207610344663, 17.312493779193055 ], [ 78.4713717915552, 17.312607993378428 ], [ 78.471493145000423, 17.312700790916921 ], [ 78.471585943092336, 17.312772176419941 ], [ 78.471685880453705, 17.312822143768734 ], [ 78.47178581788053, 17.312850698347415 ], [ 78.471921448435907, 17.312864973625256 ], [ 78.472164152793809, 17.312886389582637 ], [ 78.472471102933014, 17.312893527728178 ], [ 78.472606731557335, 17.312864975296176 ], [ 78.472890305046334, 17.3126790986068 ], [ 78.473056866779189, 17.31248874192033 ], [ 78.473104455600421, 17.312369769346262 ], [ 78.473116353852433, 17.312274590702192 ], [ 78.473140148077661, 17.312096130741665 ], [ 78.473187737347004, 17.311989054598772 ], [ 78.473282916200759, 17.311917670683712 ], [ 78.473389991825982, 17.31185818524386 ], [ 78.473532758656489, 17.311810596038335 ], [ 78.473651731362295, 17.311751108899287 ], [ 78.473770705249962, 17.311679725242691 ], [ 78.473889678129211, 17.311465573986109 ], [ 78.473925370276362, 17.311299012392553 ], [ 78.473949165230152, 17.311132448752844 ], [ 78.473958632369616, 17.311105399728817 ], [ 78.473943194368857, 17.311095961278298 ], [ 78.473968840547244, 17.311076233448684 ], [ 78.474032445809627, 17.310894503763979 ], [ 78.474139522141073, 17.310739837151175 ], [ 78.474258494793887, 17.31060896903486 ], [ 78.474389364353627, 17.310442406206011 ], [ 78.474413159850471, 17.310311533685855 ], [ 78.474376900507863, 17.310248080220344 ], [ 78.474322639722217, 17.310207384631003 ], [ 78.474208425593986, 17.310131241879009 ], [ 78.474079934699589, 17.310055099126789 ], [ 78.473979997337366, 17.309988474218546 ], [ 78.473884818897133, 17.309912331466322 ], [ 78.473780122612979, 17.309807635182171 ], [ 78.473680185250757, 17.309664867521704 ], [ 78.473646872796607, 17.309517340939308 ], [ 78.473613560342514, 17.309288912682931 ], [ 78.473542176512282, 17.308965305986092 ], [ 78.473515747132765, 17.308813337053923 ], [ 78.473342400885556, 17.308943344557861 ] ] ] } },
{ "type": "Feature", "properties": { "FID": 241, "Descr_1": "Water Bodies", "Descr_2": "Reservoir/Tanks", "Descr_3": "Reservoir/Tanks", "PI_CODE": " ", "LU_Code": "WBRT", "Shape_Area": 0.30066333256200001 }, "geometry": { "type": "Polygon", "coordinates": [ [ [ 78.487408086706964, 17.314771118821007 ], [ 78.48746584492558, 17.314955946915816 ], [ 78.487522952753878, 17.315141545414424 ], [ 78.48755150594171, 17.3153128665504 ], [ 78.487551506401871, 17.315555570120619 ], [ 78.487551506075619, 17.315684061559377 ], [ 78.487508675756871, 17.315755445903719 ], [ 78.48742301528867, 17.31578399975654 ], [ 78.487294524573159, 17.315783997882651 ], [ 78.487180310023589, 17.315812552711684 ], [ 78.487051818918033, 17.315841105746241 ], [ 78.486951882397435, 17.31596959676677 ], [ 78.486874398241639, 17.316360125082181 ], [ 78.486886295230164, 17.316633763282301 ], [ 78.486862499765166, 17.316812223384392 ], [ 78.486791116183241, 17.31691929786934 ], [ 78.486707835035347, 17.31697878529582 ], [ 78.486446094074338, 17.31703827181553 ], [ 78.486208149429373, 17.317085860673615 ], [ 78.485946407107463, 17.317169142134052 ], [ 78.485791741710429, 17.317264320273377 ], [ 78.48573225555181, 17.317418985083286 ], [ 78.485732256330579, 17.31760934057565 ], [ 78.485827432653238, 17.317823494370106 ], [ 78.485922612944606, 17.318144719572988 ], [ 78.485863125261972, 17.318287487924309 ], [ 78.485744152634453, 17.318382667370198 ], [ 78.485601385420296, 17.318442153828585 ], [ 78.485375337185744, 17.318454052040511 ], [ 78.485125493181457, 17.318477845428273 ], [ 78.484982726539812, 17.318501638596114 ], [ 78.484804266781424, 17.318549229285807 ], [ 78.484439494311999, 17.318635793409609 ], [ 78.48435943989287, 17.318819330968168 ], [ 78.484285126533536, 17.318989707114753 ], [ 78.484140833080573, 17.319761679115661 ], [ 78.484325992761228, 17.319829378981588 ], [ 78.484939895033023, 17.319900763007951 ], [ 78.485239706815108, 17.319943593074562 ], [ 78.485439581379609, 17.31995787021874 ], [ 78.48561090267745, 17.320000699436623 ], [ 78.485753671258379, 17.320043531217106 ], [ 78.486165288802937, 17.320117212157431 ], [ 78.486284262128393, 17.320069621815172 ], [ 78.486403234825303, 17.320057724256181 ], [ 78.486581694591479, 17.320010134959851 ], [ 78.486724461654035, 17.31999823804821 ], [ 78.486843436171583, 17.319914957262053 ], [ 78.487009998464927, 17.319807880612853 ], [ 78.487128971348469, 17.319736496963628 ], [ 78.487366917355544, 17.319605626784231 ], [ 78.487521581581149, 17.319546140433133 ], [ 78.487759527305712, 17.319462859086034 ], [ 78.487973679950215, 17.319391475039431 ], [ 78.488342496323384, 17.319343885967236 ], [ 78.488758902723234, 17.319308193864014 ], [ 78.488767098306496, 17.319308047802977 ], [ 78.48942515122927, 17.319296296592608 ], [ 78.48969878880979, 17.319284398671499 ], [ 78.489948632278328, 17.319260605344617 ], [ 78.490150886757675, 17.319248708186592 ], [ 78.490376934719151, 17.319189220148228 ], [ 78.490555393566382, 17.319189221314293 ], [ 78.49074575123511, 17.319177324308171 ], [ 78.490845820959507, 17.319172319868557 ], [ 78.490983697540514, 17.319165426002336 ], [ 78.491316821825123, 17.319165425976969 ], [ 78.491507179233167, 17.319165425606986 ], [ 78.491733227637908, 17.31916542634837 ], [ 78.491959276371048, 17.319141632217125 ], [ 78.492161530747396, 17.319117836737764 ], [ 78.492363784530681, 17.31905835091349 ], [ 78.492554141908599, 17.31896317196437 ], [ 78.492803984667177, 17.318832302128435 ], [ 78.492751666208093, 17.318656305016678 ], [ 78.492585104205602, 17.318418359340914 ], [ 78.492347156727959, 17.318299385254928 ], [ 78.49209731414652, 17.31822800191113 ], [ 78.491792326850401, 17.318102960952913 ], [ 78.490821506243265, 17.317688933865412 ], [ 78.490456157563585, 17.317475088567328 ], [ 78.490332877375721, 17.317413448457753 ], [ 78.490318402189899, 17.317402223445189 ], [ 78.490122361075194, 17.317323806879404 ], [ 78.489908211467949, 17.317240526063109 ], [ 78.489789236550507, 17.317192936186284 ], [ 78.48970595604635, 17.317109655914766 ], [ 78.489646468724501, 17.316990682283883 ], [ 78.489586983002667, 17.316812222894225 ], [ 78.48956318794778, 17.316633763311032 ], [ 78.48955129130897, 17.316348227972064 ], [ 78.489610776946606, 17.315717671332184 ], [ 78.489717852918943, 17.315265572887824 ], [ 78.489753545109565, 17.315039524159872 ], [ 78.48978923603589, 17.314861064756993 ], [ 78.489836826149983, 17.314682604689548 ], [ 78.489943901822002, 17.314432760789032 ], [ 78.490011294942761, 17.314193141594213 ], [ 78.48998616894292, 17.314070652380984 ], [ 78.489900508381041, 17.313942161499561 ], [ 78.48983269377382, 17.313860070105619 ], [ 78.489718479703029, 17.313745855996014 ], [ 78.489686356993417, 17.313703025702896 ], [ 78.489629249966782, 17.313688748947158 ], [ 78.489561435373858, 17.313678041385206 ], [ 78.489472205651595, 17.313688748976773 ], [ 78.489365129999058, 17.313770840403972 ], [ 78.489297315420089, 17.313827947482334 ], [ 78.489254485168345, 17.313906469705529 ], [ 78.489211654918975, 17.313995699503632 ], [ 78.489168824664219, 17.314059944960466 ], [ 78.489154547919298, 17.31411348283714 ], [ 78.489108148479971, 17.314199143444313 ], [ 78.489090302543872, 17.314241973746821 ], [ 78.489058179858219, 17.314316926776506 ], [ 78.489047472300882, 17.31436332626933 ], [ 78.48903676474643, 17.314424002528337 ], [ 78.489022488003584, 17.314488247979991 ], [ 78.488990365318116, 17.314563201009349 ], [ 78.488979657770898, 17.314659569184837 ], [ 78.488951104291829, 17.314820182812152 ], [ 78.488890428110622, 17.314973658062257 ], [ 78.488865443798744, 17.315027195941099 ], [ 78.488822613544727, 17.315095010589538 ], [ 78.488786921669501, 17.315166394428299 ], [ 78.48876193735336, 17.315198517157306 ], [ 78.48869055357963, 17.315227070703681 ], [ 78.488579908720467, 17.315223501532923 ], [ 78.488487109808119, 17.31522968814917 ], [ 78.488377654675688, 17.315210652481337 ], [ 78.48817778009483, 17.315220170363112 ], [ 78.487987423358916, 17.315267759620465 ], [ 78.487917704759496, 17.315278914618119 ], [ 78.48765027800053, 17.314997462999969 ], [ 78.487409766675256, 17.314746129632802 ], [ 78.487408086706964, 17.314771118821007 ] ] ] } },
{ "type": "Feature", "properties": { "FID": 242, "Descr_1": "Water Bodies", "Descr_2": "Reservoir/Tanks", "Descr_3": "Reservoir/Tanks", "PI_CODE": " ", "LU_Code": "WBRT", "Shape_Area": 0.038764365990900003 }, "geometry": { "type": "Polygon", "coordinates": [ [ [ 78.460627075114985, 17.308816185499659 ], [ 78.460494402086738, 17.308833642477005 ], [ 78.460227902454108, 17.308814606788932 ], [ 78.460117541698366, 17.308837440048713 ], [ 78.460088590652404, 17.308817016299681 ], [ 78.460012662004971, 17.308852449890303 ], [ 78.459846100411156, 17.30897142328692 ], [ 78.45963194691673, 17.309030909999972 ], [ 78.459429693814215, 17.309149881808004 ], [ 78.459394002418165, 17.309340238759201 ], [ 78.459429694176436, 17.309447314749626 ], [ 78.459572460813746, 17.309542492643271 ], [ 78.459727125559482, 17.30959008371893 ], [ 78.459905585727086, 17.309625774796206 ], [ 78.460036455970751, 17.30964956885424 ], [ 78.460155430421636, 17.309709055826126 ], [ 78.460262505778843, 17.309780440013398 ], [ 78.460321992282573, 17.309887515089908 ], [ 78.460310093826081, 17.309970795795326 ], [ 78.46020301854179, 17.310054076752657 ], [ 78.459917482559732, 17.310149256285261 ], [ 78.459834201911661, 17.310196845101689 ], [ 78.459750922172702, 17.310292024338917 ], [ 78.459728653106836, 17.310369961317861 ], [ 78.459750920559017, 17.310375306011785 ], [ 78.459976970452104, 17.310434791317423 ], [ 78.46023871131392, 17.310470482761282 ], [ 78.460524245942239, 17.310482380147636 ], [ 78.460536209384358, 17.310482653168339 ], [ 78.461047726919631, 17.310494278058524 ], [ 78.461392749143911, 17.310506175381079 ], [ 78.461595002800351, 17.310446688695389 ], [ 78.461737772431903, 17.310303921076471 ], [ 78.461821051601817, 17.310161154245531 ], [ 78.461928127891923, 17.309994590806333 ], [ 78.462070896181203, 17.309828029061993 ], [ 78.462189868606515, 17.309601980318096 ], [ 78.462189869124927, 17.309387830071472 ], [ 78.462165022350391, 17.309331924772337 ], [ 78.4620314930973, 17.309546657622956 ], [ 78.461993462520581, 17.309461820182609 ], [ 78.46193635545626, 17.309314293600153 ], [ 78.461884007314268, 17.309271463302089 ], [ 78.461798346717956, 17.309195320549922 ], [ 78.461775294464672, 17.309179361297637 ], [ 78.461630694789008, 17.309126087925701 ], [ 78.461392748761256, 17.309078499000286 ], [ 78.461142906102367, 17.309007115000458 ], [ 78.460845472537386, 17.308876244435943 ], [ 78.460627075114985, 17.308816185499659 ] ] ] } },
{ "type": "Feature", "properties": { "FID": 243, "Descr_1": "Water Bodies", "Descr_2": "Reservoir/Tanks", "Descr_3": "Reservoir/Tanks", "PI_CODE": " ", "LU_Code": "WBRT", "Shape_Area": 0.0195017365041 }, "geometry": { "type": "Polygon", "coordinates": [ [ [ 78.423733783091151, 17.316824585763648 ], [ 78.423448248444558, 17.316881692991778 ], [ 78.423319756578891, 17.31701018417548 ], [ 78.423176989001362, 17.317238611387932 ], [ 78.423119881799693, 17.31740993357262 ], [ 78.423062774166397, 17.317624084823088 ], [ 78.423005667687008, 17.317909620286088 ], [ 78.422917691087775, 17.318151553579824 ], [ 78.423005669176135, 17.318180878739145 ], [ 78.423319756710256, 17.31823798566678 ], [ 78.42354818487695, 17.318266539074948 ], [ 78.423847996028343, 17.318295093143764 ], [ 78.424133533394723, 17.318295092976694 ], [ 78.42434768406622, 17.318295092573219 ], [ 78.424533282129303, 17.31828081612041 ], [ 78.424590389275281, 17.318138047860547 ], [ 78.424547558107847, 17.318023833966716 ], [ 78.4243762381615, 17.317909620074943 ], [ 78.424276300168458, 17.317823959216618 ], [ 78.424204915885369, 17.317666915117098 ], [ 78.424190639565609, 17.317495593701292 ], [ 78.424190640044102, 17.317295718552874 ], [ 78.424219193033395, 17.317053014407019 ], [ 78.424204915603994, 17.316967353861084 ], [ 78.42406214908894, 17.316881693127062 ], [ 78.423733783091151, 17.316824585763648 ] ] ] } },
{ "type": "Feature", "properties": { "FID": 244, "Descr_1": "Water Bodies", "Descr_2": "Reservoir/Tanks", "Descr_3": "Reservoir/Tanks", "PI_CODE": " ", "LU_Code": "WBRT", "Shape_Area": 0.018350762871100001 }, "geometry": { "type": "Polygon", "coordinates": [ [ [ 78.402567882914482, 17.308284699798143 ], [ 78.402296623549432, 17.308284700039607 ], [ 78.402153857282968, 17.308341808724791 ], [ 78.40203964056488, 17.308470297758586 ], [ 78.401982534845203, 17.308613066155299 ], [ 78.401968259228724, 17.308755834250341 ], [ 78.401925427594819, 17.309012815783138 ], [ 78.401911150977256, 17.309212688973147 ], [ 78.401911152091799, 17.309398288347477 ], [ 78.402008496430312, 17.309675347887243 ], [ 78.402624990024833, 17.309612439657528 ], [ 78.402924801681849, 17.309569609053657 ], [ 78.4031675066894, 17.309526779342431 ], [ 78.403324552137306, 17.309455395220834 ], [ 78.403324550670604, 17.309312627872259 ], [ 78.403295997568861, 17.309155582662996 ], [ 78.40322461422069, 17.308955708675121 ], [ 78.403124676931782, 17.308713003265293 ], [ 78.402996187083261, 17.308484576063275 ], [ 78.402796310535649, 17.308341808413584 ], [ 78.402567882914482, 17.308284699798143 ] ] ] } },
{ "type": "Feature", "properties": { "FID": 245, "Descr_1": "Water Bodies", "Descr_2": "Reservoir/Tanks", "Descr_3": "Reservoir/Tanks", "PI_CODE": " ", "LU_Code": "WBRT", "Shape_Area": 0.023595056282699998 }, "geometry": { "type": "Polygon", "coordinates": [ [ [ 78.400152641145198, 17.310328468614049 ], [ 78.400171675792691, 17.309947754998408 ], [ 78.400190711815767, 17.309804989013593 ], [ 78.400200230710382, 17.309700289880819 ], [ 78.400219265733213, 17.309595594556875 ], [ 78.400219264831847, 17.309519452262656 ], [ 78.400228782919541, 17.309443311099692 ], [ 78.40020023000595, 17.309319578445514 ], [ 78.40016215785576, 17.309243435271252 ], [ 78.400095532805452, 17.309119704416418 ], [ 78.39997180208384, 17.3089388643332 ], [ 78.399790962398569, 17.308862722138361 ], [ 78.399676747616112, 17.308872239207201 ], [ 78.399533982430455, 17.308948382404271 ], [ 78.399391212822408, 17.30904355989885 ], [ 78.399296035458235, 17.30912922140206 ], [ 78.399181819148865, 17.309367166892212 ], [ 78.399115196440022, 17.309490898894378 ], [ 78.399029534979391, 17.309605113076028 ], [ 78.39896291018637, 17.309700290621944 ], [ 78.398877248820213, 17.309776434046579 ], [ 78.398801107662507, 17.309843059617982 ], [ 78.398705928417769, 17.309938237129845 ], [ 78.398677375391543, 17.310014380368919 ], [ 78.398629783659899, 17.310081004870572 ], [ 78.398639302615635, 17.310223774303985 ], [ 78.398686892800669, 17.31034750500498 ], [ 78.398782071392958, 17.310480755205514 ], [ 78.398792041370029, 17.310487709646658 ], [ 78.398877248754644, 17.310480755258006 ], [ 78.39910567780916, 17.31048075543077 ], [ 78.39926748110932, 17.310509307915709 ], [ 78.399419766810666, 17.310585450633724 ], [ 78.399553016924699, 17.310642558317827 ], [ 78.399705302012279, 17.310680630145235 ], [ 78.399781444583809, 17.310699665565849 ], [ 78.399933729852222, 17.31069966474972 ], [ 78.400057461977539, 17.310652076178911 ], [ 78.400124087211253, 17.310604488034716 ], [ 78.400152640715774, 17.310528343727427 ], [ 78.400152641145198, 17.310328468614049 ] ] ] } },
{ "type": "Feature", "properties": { "FID": 246, "Descr_1": "Water Bodies", "Descr_2": "Reservoir/Tanks", "Descr_3": "Reservoir/Tanks", "PI_CODE": " ", "LU_Code": "WBRT", "Shape_Area": 0.023175356073699999 }, "geometry": { "type": "Polygon", "coordinates": [ [ [ 78.436950380433927, 17.320196837420021 ], [ 78.436912309670078, 17.32010165891095 ], [ 78.436855201727553, 17.320035033795666 ], [ 78.436769540987257, 17.319968409322083 ], [ 78.436683881463622, 17.319920820950838 ], [ 78.436579184015869, 17.319920821138716 ], [ 78.436445935464263, 17.319949374289909 ], [ 78.436312685195219, 17.319996961654958 ], [ 78.436198469851973, 17.320073104844113 ], [ 78.436103291541102, 17.320149247915101 ], [ 78.436017632109312, 17.320215873312065 ], [ 78.435846309691186, 17.320272980370106 ], [ 78.435665471336819, 17.320244427033494 ], [ 78.435532222015553, 17.320282497666586 ], [ 78.435401343365541, 17.320354480561583 ], [ 78.43578920344531, 17.320796462102319 ], [ 78.436065220759644, 17.321215247266672 ], [ 78.436246059943755, 17.321529335631812 ], [ 78.436350756011521, 17.321729210236423 ], [ 78.436550630643026, 17.321919567073646 ], [ 78.436712434081727, 17.321929084552941 ], [ 78.436788577831607, 17.32187197842277 ], [ 78.436817131642371, 17.321776799932938 ], [ 78.436826648026724, 17.321634033085317 ], [ 78.436807612773194, 17.321529336420859 ], [ 78.436788577194164, 17.321434156898302 ], [ 78.43680761303149, 17.321243800147982 ], [ 78.436883754848012, 17.321129584698518 ], [ 78.437140737119762, 17.321005854654054 ], [ 78.437293022591092, 17.320948747639832 ], [ 78.437359646883692, 17.320901158060899 ], [ 78.437407235866218, 17.320825015383377 ], [ 78.437407236903965, 17.320739354674405 ], [ 78.437150256221756, 17.320539480093839 ], [ 78.437074111682236, 17.320425265809039 ], [ 78.437017004356491, 17.320311052259434 ], [ 78.436950380433927, 17.320196837420021 ] ] ] } },
{ "type": "Feature", "properties": { "FID": 247, "Descr_1": "Water Bodies", "Descr_2": "Reservoir/Tanks", "Descr_3": "Reservoir/Tanks", "PI_CODE": " ", "LU_Code": "WBRT", "Shape_Area": 0.08492771682 }, "geometry": { "type": "Polygon", "coordinates": [ [ [ 78.426707477092876, 17.324205861102701 ], [ 78.426693574119852, 17.323879153067832 ], [ 78.426683682444775, 17.323646687698929 ], [ 78.426874039012375, 17.323123205904473 ], [ 78.42695100917517, 17.3229835213732 ], [ 78.427195266260696, 17.32254023928375 ], [ 78.427339020125672, 17.32210026530624 ], [ 78.427391572243124, 17.321939424561936 ], [ 78.427167720580243, 17.321947704281452 ], [ 78.427001159642913, 17.321864423911272 ], [ 78.426935416961015, 17.321864422857452 ], [ 78.426810802698412, 17.321864422762776 ], [ 78.426801953038208, 17.32186695178191 ], [ 78.426644240954772, 17.321912012039661 ], [ 78.426525268252504, 17.321971500040927 ], [ 78.426430090277748, 17.32203098466977 ], [ 78.426275423899156, 17.322149958784994 ], [ 78.426144553843415, 17.322245136641744 ], [ 78.425930402032392, 17.322292725566015 ], [ 78.425740045598175, 17.322209444747539 ], [ 78.425537791051497, 17.322030984747563 ], [ 78.425454510219495, 17.321888217818216 ], [ 78.425192770423934, 17.321721655578891 ], [ 78.424871542111248, 17.321697860903495 ], [ 78.4246573910401, 17.32168596361543 ], [ 78.424443237737691, 17.321590784620955 ], [ 78.424336164052278, 17.321495607019919 ], [ 78.424252881901722, 17.321388530717346 ], [ 78.424169600771904, 17.32128145529245 ], [ 78.424074422673186, 17.321245762769497 ], [ 78.423943552898521, 17.321257660553119 ], [ 78.423848374022157, 17.321305250304643 ], [ 78.423776989972666, 17.321412327393158 ], [ 78.423705606302718, 17.32153129819406 ], [ 78.423646119804843, 17.32166216934078 ], [ 78.423610428114799, 17.321852526947449 ], [ 78.423658016033201, 17.322161855680474 ], [ 78.423681811580181, 17.322292725346706 ], [ 78.423729400469313, 17.322435494757237 ], [ 78.42377698987805, 17.322590158788504 ], [ 78.423848374313309, 17.322721027802597 ], [ 78.423907861244487, 17.322887591239414 ], [ 78.423991143412508, 17.32298277025815 ], [ 78.424110115011999, 17.323137434980801 ], [ 78.424300470948737, 17.323351587093384 ], [ 78.42439564956554, 17.32344676528902 ], [ 78.424526520255881, 17.323494353947222 ], [ 78.424567144813594, 17.32351331190711 ], [ 78.42470498137267, 17.323577634664876 ], [ 78.42487154243895, 17.323767991933288 ], [ 78.425216563658736, 17.324196294715072 ], [ 78.425264152614517, 17.324303370731798 ], [ 78.425383126430873, 17.324446138228961 ], [ 78.425502099176654, 17.324517521616574 ], [ 78.425668662016037, 17.324565111058632 ], [ 78.425870915979047, 17.324588906242688 ], [ 78.426085066893947, 17.324588905825948 ], [ 78.426430088745064, 17.324636495361801 ], [ 78.426804186590445, 17.32471563125582 ], [ 78.426707477092876, 17.324205861102701 ] ] ] } },
{ "type": "Feature", "properties": { "FID": 248, "Descr_1": "Water Bodies", "Descr_2": "Reservoir/Tanks", "Descr_3": "Reservoir/Tanks", "PI_CODE": " ", "LU_Code": "WBRT", "Shape_Area": 0.026842161870499998 }, "geometry": { "type": "Polygon", "coordinates": [ [ [ 78.443677592617917, 17.31223929491302 ], [ 78.443506270636973, 17.312253571844689 ], [ 78.443363502709715, 17.31238206420079 ], [ 78.443220737327891, 17.312539107134523 ], [ 78.443177905629199, 17.312710427722141 ], [ 78.44313507531443, 17.312867473435166 ], [ 78.443106521726747, 17.313038794160548 ], [ 78.443063692780797, 17.313181562273186 ], [ 78.4430351388432, 17.313310052934607 ], [ 78.442992307744987, 17.313481374344285 ], [ 78.443063691664534, 17.313752631991736 ], [ 78.443108114178514, 17.313839301836754 ], [ 78.444116591836661, 17.314153948085089 ], [ 78.444167728310944, 17.314165252295044 ], [ 78.444505645299202, 17.313338607412973 ], [ 78.444648413472123, 17.312981686620354 ], [ 78.444634135091249, 17.312767536377944 ], [ 78.444348600542781, 17.312467723842882 ], [ 78.443963126933909, 17.312282126321193 ], [ 78.443677592617917, 17.31223929491302 ] ] ] } },
{ "type": "Feature", "properties": { "FID": 249, "Descr_1": "Water Bodies", "Descr_2": "Reservoir/Tanks", "Descr_3": "Reservoir/Tanks", "PI_CODE": " ", "LU_Code": "WBRT", "Shape_Area": 0.187883331445 }, "geometry": { "type": "Polygon", "coordinates": [ [ [ 78.455572587630527, 17.314616574930504 ], [ 78.455743908774863, 17.314673682430669 ], [ 78.455900953365955, 17.314759342901002 ], [ 78.45610647303991, 17.314741210142607 ], [ 78.456173098393123, 17.314636513441158 ], [ 78.456258758221523, 17.314560370865113 ], [ 78.456363453592203, 17.314484228185435 ], [ 78.456439596797907, 17.314436639349964 ], [ 78.456525258023959, 17.314236765329408 ], [ 78.456530016720393, 17.313879845848117 ], [ 78.456534776340945, 17.313522926323817 ], [ 78.456553811440145, 17.313323051122509 ], [ 78.456601402467612, 17.313085104842724 ], [ 78.456715613929333, 17.3127995691077 ], [ 78.456799481218724, 17.312388622678775 ], [ 78.456810793001395, 17.312333195297718 ], [ 78.456829829313705, 17.311838266638446 ], [ 78.456783178655286, 17.31148506074522 ], [ 78.456763203679614, 17.311333821593468 ], [ 78.456720374440835, 17.310995938560751 ], [ 78.45669750212258, 17.310815509034661 ], [ 78.456115104626093, 17.310347821354465 ], [ 78.456000891031692, 17.310262159658969 ], [ 78.455529758394547, 17.310247884779479 ], [ 78.455329881744873, 17.310247884986136 ], [ 78.455158560585318, 17.310262161330414 ], [ 78.454944409959978, 17.310276437631543 ], [ 78.454744535152869, 17.310276438214792 ], [ 78.454601766671189, 17.310219331250185 ], [ 78.454359062459673, 17.310119393783079 ], [ 78.454244848381236, 17.310062287208932 ], [ 78.4541306342864, 17.309948072917869 ], [ 78.453973589802089, 17.309819580853699 ], [ 78.453845098909667, 17.309705368766739 ], [ 78.453716607716117, 17.309619707258332 ], [ 78.453516732911709, 17.30957687842087 ], [ 78.453331134599793, 17.309619707203733 ], [ 78.453102706673008, 17.309719644113951 ], [ 78.453002770314541, 17.309819580852061 ], [ 78.452888554871365, 17.309919518910483 ], [ 78.452848059430181, 17.309976215075714 ], [ 78.452817171532089, 17.310019456372768 ], [ 78.452774341226473, 17.310105116148016 ], [ 78.452745788117355, 17.310205054835066 ], [ 78.452760065390024, 17.310304992069231 ], [ 78.452788618058165, 17.310419207291961 ], [ 78.452860001553091, 17.310561974414078 ], [ 78.452945662827588, 17.310747570165248 ], [ 78.453017046011638, 17.311075936789724 ], [ 78.453031323144913, 17.311375749299184 ], [ 78.45300276987939, 17.31161845384948 ], [ 78.452888553967512, 17.311846881935832 ], [ 78.452774341374493, 17.311975373247336 ], [ 78.452631574136348, 17.312103865434224 ], [ 78.452217546253763, 17.312318016297386 ], [ 78.452022515670151, 17.312417351417974 ], [ 78.452017673222656, 17.312589273888282 ], [ 78.452003396030392, 17.312732041951943 ], [ 78.452017672992653, 17.312817703360867 ], [ 78.45208905636747, 17.312903363003254 ], [ 78.452331761697522, 17.312974746871422 ], [ 78.452617298248313, 17.312960469927624 ], [ 78.452676746793927, 17.312942377270325 ], [ 78.45294566280225, 17.312860532870346 ], [ 78.453102706651293, 17.31287481032901 ], [ 78.453216920909213, 17.312917639860451 ], [ 78.453316857553361, 17.313003300757153 ], [ 78.453388242298018, 17.313074683296797 ], [ 78.453473903232336, 17.313131791314291 ], [ 78.453559562562177, 17.313203175041199 ], [ 78.453630947445319, 17.313274559301924 ], [ 78.453773714819121, 17.313374495002193 ], [ 78.453845098640514, 17.313431604314403 ], [ 78.454030696624429, 17.313759968418498 ], [ 78.454079172030006, 17.314113031674324 ], [ 78.454187740951994, 17.314373870324214 ], [ 78.454373339669232, 17.314616574942121 ], [ 78.45458749139388, 17.314745065786017 ], [ 78.454730257543872, 17.314759342613893 ], [ 78.455001518406149, 17.314716511582215 ], [ 78.4551157312019, 17.314673681890049 ], [ 78.455315606609545, 17.314630851844335 ], [ 78.455572587630527, 17.314616574930504 ] ] ] } },
{ "type": "Feature", "properties": { "FID": 250, "Descr_1": "Water Bodies", "Descr_2": "River/Stream/Drain", "Descr_3": "River/Stream/Drain", "PI_CODE": " ", "LU_Code": "WBRS", "Shape_Area": 1.10708073684 }, "geometry": { "type": "MultiPolygon", "coordinates": [ [ [ [ 78.429057965661741, 17.372400685820768 ], [ 78.428886119030693, 17.372235792569843 ], [ 78.428729074599929, 17.37215726959629 ], [ 78.428414986214065, 17.372057333129465 ], [ 78.428193695339573, 17.371993088360533 ], [ 78.427965267683518, 17.371935982334854 ], [ 78.427751115715793, 17.371850319104926 ], [ 78.42748699592444, 17.371778936084702 ], [ 78.427251430287271, 17.371721828708626 ], [ 78.427023000178608, 17.371686136580983 ], [ 78.426823125789213, 17.37165044483163 ], [ 78.426623251865479, 17.371607615184743 ], [ 78.426401963374971, 17.37158620026926 ], [ 78.425895137196889, 17.37152195358869 ], [ 78.425573910777729, 17.371500538870485 ], [ 78.425138467177035, 17.37150053803515 ], [ 78.42485293303406, 17.371493400950566 ], [ 78.424531706763943, 17.371471985565787 ], [ 78.42393208255568, 17.371450571564637 ], [ 78.423468086226904, 17.371450570859452 ], [ 78.423096890184993, 17.371429154623236 ], [ 78.422611480998754, 17.371422016704273 ], [ 78.42224742277935, 17.371422015585217 ], [ 78.422018995710218, 17.371422016641048 ], [ 78.421283741765535, 17.37136491014958 ], [ 78.420766581735094, 17.371301516171233 ], [ 78.420177293069742, 17.37122928077272 ], [ 78.418978043544428, 17.371043683015341 ], [ 78.417650304394925, 17.37081525392508 ], [ 78.417364768909195, 17.370786700850886 ], [ 78.416679484236084, 17.370679625325362 ], [ 78.416379671755067, 17.37062965677989 ], [ 78.416122690168237, 17.370593965409071 ], [ 78.415837154923622, 17.370551133934384 ], [ 78.415715802330951, 17.370472612415885 ], [ 78.415523066380644, 17.370372675103987 ], [ 78.415337468737846, 17.370308429019982 ], [ 78.415144731782746, 17.370294153062808 ], [ 78.414980548683502, 17.370294152760245 ], [ 78.414687875941127, 17.37032984364555 ], [ 78.414388063079215, 17.370386950781732 ], [ 78.414123941865796, 17.370429781761832 ], [ 78.413888376828268, 17.370458334812398 ], [ 78.412789065673763, 17.370636794683989 ], [ 78.412489253534275, 17.370665348270588 ], [ 78.412339968469539, 17.370665348044209 ], [ 78.412060950794711, 17.370665348034564 ], [ 78.41114723819706, 17.370593965067251 ], [ 78.410868840606682, 17.370522579860307 ], [ 78.410547613331971, 17.370358397899938 ], [ 78.410233524694448, 17.370108555754385 ], [ 78.409983680390908, 17.369758773726478 ], [ 78.409805222212938, 17.369437546781278 ], [ 78.409476855646815, 17.368985449098616 ], [ 78.409305534601657, 17.36865708323857 ], [ 78.409041414733835, 17.368207363805872 ], [ 78.408891510220613, 17.367928967939676 ], [ 78.408770156388201, 17.367721954971035 ], [ 78.408670219139069, 17.367543495595775 ], [ 78.408384683335271, 17.367108054157637 ], [ 78.408184809222007, 17.366865348610965 ], [ 78.408016618411878, 17.366587187696215 ], [ 78.408064100000757, 17.366934826000172 ], [ 78.408236514000777, 17.367414984999836 ], [ 78.408468507000734, 17.367905474999901 ], [ 78.409001623000762, 17.368925584999911 ], [ 78.409615303000777, 17.369879829999739 ], [ 78.410220196000779, 17.37084639899987 ], [ 78.412952832000727, 17.371089220999888 ], [ 78.413583586000712, 17.370829754000027 ], [ 78.413983424000733, 17.370710671000015 ], [ 78.414462286000756, 17.370753703999952 ], [ 78.414270996000553, 17.370956507000098 ], [ 78.414272904000725, 17.371258421999958 ], [ 78.414143883000818, 17.371266860000134 ], [ 78.414016900000675, 17.371318289999778 ], [ 78.413819680000714, 17.371337113999893 ], [ 78.413685682000803, 17.371354529999934 ], [ 78.413499822000702, 17.371359939000087 ], [ 78.413328469000845, 17.371389287999964 ], [ 78.413126614000547, 17.371465713 ], [ 78.41289891200077, 17.371540659999848 ], [ 78.412648152000784, 17.371666175000058 ], [ 78.412401213000479, 17.371791742000056 ], [ 78.412232574000669, 17.371888965999709 ], [ 78.412019297000668, 17.371993502999906 ], [ 78.411885409000789, 17.372107025999835 ], [ 78.411793412000776, 17.37219963000004 ], [ 78.411747213796872, 17.372265131999018 ], [ 78.411864199797307, 17.372199663066276 ], [ 78.412182302998644, 17.372021641212203 ], [ 78.412375039191119, 17.37191456502687 ], [ 78.412582052948522, 17.371793212679677 ], [ 78.412803343421587, 17.371686136804666 ], [ 78.412988939636463, 17.371593338023366 ], [ 78.413238784469684, 17.371500538686373 ], [ 78.413538596426633, 17.371429155007721 ], [ 78.413859822046945, 17.371400601223538 ], [ 78.414288125301383, 17.371393463729891 ], [ 78.414573661588264, 17.371443431367858 ], [ 78.41476639755021, 17.371507678175888 ], [ 78.414980549452636, 17.371600476878189 ], [ 78.415144732636264, 17.371650444817583 ], [ 78.415201846726987, 17.37165601795575 ], [ 78.415437405638556, 17.371678999104066 ], [ 78.415887123924179, 17.371721828982889 ], [ 78.416251180685592, 17.371750381865926 ], [ 78.416493886718257, 17.371778936160894 ], [ 78.41672231516948, 17.371814627816072 ], [ 78.416922187634654, 17.371836042744846 ], [ 78.417136340994148, 17.37186459710232 ], [ 78.417371907901995, 17.371893150363 ], [ 78.417528952209736, 17.371964533197662 ], [ 78.417785932973771, 17.372000226435819 ], [ 78.418014361701765, 17.372000226310387 ], [ 78.418221375303304, 17.37200736370222 ], [ 78.418399835331243, 17.372050194983998 ], [ 78.418499771001066, 17.372107301802465 ], [ 78.418571155948356, 17.372171547332712 ], [ 78.418763891598374, 17.37225006862224 ], [ 78.419035150824385, 17.372285761200157 ], [ 78.419270717776783, 17.372271485154709 ], [ 78.419427761911578, 17.372192961891184 ], [ 78.419577667718883, 17.372121579000027 ], [ 78.41968474376705, 17.372100163117285 ], [ 78.41979895846714, 17.372107301594877 ], [ 78.420384304610153, 17.372192962271011 ], [ 78.420484242461868, 17.372200100553545 ], [ 78.420655563770822, 17.372264345878584 ], [ 78.420883991975671, 17.372328592043836 ], [ 78.421133835066698, 17.372378560384945 ], [ 78.421412233235856, 17.372392836681591 ], [ 78.42162638372514, 17.372321453056113 ], [ 78.421804842828308, 17.372271484849424 ], [ 78.4220118566179, 17.372257208127881 ], [ 78.422347360659856, 17.372257208429762 ], [ 78.422568649682077, 17.372264345793308 ], [ 78.422811353532282, 17.372328592264498 ], [ 78.423061199329027, 17.372335730284586 ], [ 78.423368149015047, 17.372357144622939 ], [ 78.423639407630148, 17.372414251694352 ], [ 78.423910665567206, 17.37244280575106 ], [ 78.4242818622443, 17.372442805599221 ], [ 78.424524566899777, 17.372464221129331 ], [ 78.425424004326743, 17.372606989296358 ], [ 78.425759508787834, 17.372671233573218 ], [ 78.426095012280925, 17.37277117128556 ], [ 78.426287748381355, 17.372821139395761 ], [ 78.426416238726745, 17.372878247652523 ], [ 78.426544729715019, 17.372942491738165 ], [ 78.42661611472532, 17.373006738134951 ], [ 78.426694636004001, 17.373078121891531 ], [ 78.426787434965959, 17.373120952377796 ], [ 78.426908787404841, 17.37315664388959 ], [ 78.427065831670916, 17.373135229391011 ], [ 78.42720859893133, 17.373113813598668 ], [ 78.427415610715059, 17.373128090580426 ], [ 78.427743979026076, 17.373156644411441 ], [ 78.427801480075047, 17.373134528670732 ], [ 78.427836776533525, 17.373120952390231 ], [ 78.427922437535898, 17.373063843946504 ], [ 78.428136589178479, 17.373049568165399 ], [ 78.428493507857965, 17.373113814288452 ], [ 78.429030280786847, 17.373287048305222 ], [ 78.429057965661741, 17.372400685820768 ] ] ], [ [ [ 78.40792782709137, 17.365580439853272 ], [ 78.408056317469246, 17.365359148695653 ], [ 78.408199084839168, 17.365087892090052 ], [ 78.408727326212301, 17.363753014400068 ], [ 78.408763016702054, 17.363588829662874 ], [ 78.408755878729124, 17.363388957077174 ], [ 78.408763017762553, 17.363082006208625 ], [ 78.408877232099627, 17.362732225216718 ], [ 78.408991446090738, 17.362510937175394 ], [ 78.409141352455507, 17.362346754340589 ], [ 78.409391194940454, 17.362175432213792 ], [ 78.409769530390307, 17.361989834728348 ], [ 78.410226386370425, 17.361632915260621 ], [ 78.41048336784786, 17.361318826181307 ], [ 78.41066896621399, 17.360969044678662 ], [ 78.410761764670184, 17.360604987064534 ], [ 78.410861702060998, 17.359962531775224 ], [ 78.410861701639476, 17.359634165990187 ], [ 78.410804594859968, 17.359205864209287 ], [ 78.410747487700121, 17.358906051961572 ], [ 78.410683243147361, 17.358706177123896 ], [ 78.410533337077567, 17.358563410410174 ], [ 78.410347739633096, 17.358406364983832 ], [ 78.410133586570453, 17.358285012550716 ], [ 78.409933713171583, 17.358092275599407 ], [ 78.409583930817718, 17.357571174611376 ], [ 78.408848677782103, 17.356379065018302 ], [ 78.408149117007326, 17.355458212688912 ], [ 78.407863436225924, 17.355174527018306 ], [ 78.406799961556743, 17.354109057898008 ], [ 78.406285998571391, 17.353566541975908 ], [ 78.405807727798418, 17.353038301361444 ], [ 78.405679235019818, 17.352966917039218 ], [ 78.405422253641788, 17.352731350711579 ], [ 78.405308039945041, 17.352474369312279 ], [ 78.405079611692884, 17.35209603497086 ], [ 78.404879736786626, 17.351889021567676 ], [ 78.404237283443678, 17.351346503847193 ], [ 78.403437783869251, 17.350754018725187 ], [ 78.403080865106048, 17.350439929438473 ], [ 78.402666839435668, 17.350168671173154 ], [ 78.402430251280762, 17.35000000023183 ], [ 78.402180406819895, 17.349660988640686 ], [ 78.401978152716254, 17.349494427391992 ], [ 78.401847282992151, 17.349363556734847 ], [ 78.401752103547395, 17.349256481349787 ], [ 78.401680720250255, 17.349054226621814 ], [ 78.401668822436932, 17.348935253713694 ], [ 78.401668823139346, 17.348780587928655 ], [ 78.401668822788011, 17.348566436870627 ], [ 78.401704514721871, 17.34810244213114 ], [ 78.401704514353995, 17.347900188245287 ], [ 78.401680719762041, 17.347650345985343 ], [ 78.401621234641581, 17.347436192668212 ], [ 78.40156174591894, 17.347281528173763 ], [ 78.401552456547762, 17.347261786665065 ], [ 78.401466569469051, 17.347079273772966 ], [ 78.401407080958862, 17.34687702025213 ], [ 78.401288108978321, 17.346662868123232 ], [ 78.401062061441166, 17.346163181680115 ], [ 78.400740833207294, 17.345568316074125 ], [ 78.400586168176204, 17.345235191621022 ], [ 78.400455298028575, 17.344985348224466 ], [ 78.400395812134164, 17.344783094249742 ], [ 78.400336325904448, 17.344485662213831 ], [ 78.400264940913956, 17.344140640390563 ], [ 78.399955611329815, 17.343093676974654 ], [ 78.399919918810227, 17.342677270673679 ], [ 78.399872330071489, 17.342272762657853 ], [ 78.399824740979753, 17.341939638153807 ], [ 78.399717664647369, 17.341451849076421 ], [ 78.399527308277726, 17.340321604654598 ], [ 78.399257966419356, 17.339147272225031 ], [ 78.399131634394152, 17.338661672177402 ], [ 78.39910307960578, 17.338423726636147 ], [ 78.399065008623339, 17.338204815044286 ], [ 78.399026937423585, 17.338023978176455 ], [ 78.399017420281581, 17.337862173557479 ], [ 78.399036454591837, 17.337738440806312 ], [ 78.399084044257421, 17.33758615659632 ], [ 78.399172304823963, 17.337411355139331 ], [ 78.399198259390957, 17.337281585898911 ], [ 78.399198258766503, 17.337148336414529 ], [ 78.399198259154076, 17.337043640073059 ], [ 78.399150670058035, 17.33691038934618 ], [ 78.399065008679514, 17.336700997075784 ], [ 78.39896983034042, 17.336510639632614 ], [ 78.398765880899347, 17.336040954694184 ], [ 78.398694498085106, 17.335755419354967 ], [ 78.39865166589361, 17.33554126672891 ], [ 78.398608834883035, 17.335070134724681 ], [ 78.398551729055256, 17.334484786829098 ], [ 78.39826619343502, 17.333214153725461 ], [ 78.398223364265846, 17.332942896233025 ], [ 78.398223363890764, 17.332728744579438 ], [ 78.39822336445711, 17.332514592917228 ], [ 78.39822336436589, 17.332186228432864 ], [ 78.398223363919811, 17.332000629911128 ], [ 78.398223363603051, 17.331772199761204 ], [ 78.39819302195697, 17.331605322620558 ], [ 78.398166257176911, 17.331458111828034 ], [ 78.397980657958044, 17.331144024268355 ], [ 78.397552355725125, 17.330758550795256 ], [ 78.397109775610545, 17.330373076755155 ], [ 78.396495875458697, 17.330016159196511 ], [ 78.396238892778683, 17.329873391906037 ], [ 78.395867696775838, 17.329744900679795 ], [ 78.395453670722119, 17.329702070243215 ], [ 78.39473983304994, 17.329730624418033 ], [ 78.393880492698244, 17.329855366576535 ], [ 78.3938546733322, 17.329859114635141 ], [ 78.393083727648559, 17.330030436440627 ], [ 78.391984415906705, 17.330230310897278 ], [ 78.39097076642652, 17.330301695734747 ], [ 78.390057053051279, 17.330273140927613 ], [ 78.389657303558025, 17.330173202789837 ], [ 78.389343214751875, 17.330073265604071 ], [ 78.388886358279692, 17.329859115211917 ], [ 78.388343842895196, 17.329516472134408 ], [ 78.38812969103077, 17.329373703695751 ], [ 78.388044029198213, 17.329216660403883 ], [ 78.387958369396827, 17.3290596161849 ], [ 78.387858431065851, 17.328888295038933 ], [ 78.387758493627587, 17.328788357893551 ], [ 78.387450264724237, 17.328668524979616 ], [ 78.386744844182715, 17.328674143595471 ], [ 78.384546222127994, 17.328402885970547 ], [ 78.3807065616774, 17.327985277660868 ], [ 78.379820611919044, 17.32788891954818 ], [ 78.379587799009954, 17.327860606313351 ], [ 78.378764131702496, 17.327760429770397 ], [ 78.378335829300369, 17.327760430310992 ], [ 78.376808214585466, 17.327560555385958 ], [ 78.376536956022122, 17.327489173384542 ], [ 78.376394188032478, 17.327346404180688 ], [ 78.376294251089021, 17.327117976205155 ], [ 78.376180036727646, 17.326932378894821 ], [ 78.375994438983739, 17.326789609952961 ], [ 78.375794563562636, 17.326675395803068 ], [ 78.374952234977584, 17.326404136841422 ], [ 78.374581039016974, 17.326361306928195 ], [ 78.374423994771519, 17.326318477208627 ], [ 78.374225499140252, 17.32619064315676 ], [ 78.373540046246319, 17.327619892734536 ], [ 78.374615426000844, 17.327800933000042 ], [ 78.378398769000796, 17.328143574999959 ], [ 78.379283912000901, 17.32820513299993 ], [ 78.382520650000842, 17.328656156999735 ], [ 78.385241754000774, 17.329054943000081 ], [ 78.385688838000803, 17.329114985000054 ], [ 78.386503219000744, 17.32922435300004 ], [ 78.386929305000862, 17.329354174999942 ], [ 78.387591484000808, 17.329678244999748 ], [ 78.388608483000866, 17.330245900999849 ], [ 78.389242575000907, 17.330445340999983 ], [ 78.389768571000758, 17.330547786000022 ], [ 78.390235679000654, 17.330592112 ], [ 78.391060986000838, 17.330641105999927 ], [ 78.391728579000898, 17.330582899999921 ], [ 78.393901587000784, 17.330334017999931 ], [ 78.39496569600081, 17.330386106 ], [ 78.395730093000864, 17.330520314000083 ], [ 78.396195856000773, 17.330660191999939 ], [ 78.396729383000775, 17.330934767999921 ], [ 78.397203616000652, 17.331179895999938 ], [ 78.39744805600084, 17.331488943999901 ], [ 78.397661972000719, 17.331845385999962 ], [ 78.397786204000752, 17.332210220999986 ], [ 78.39798246000079, 17.33331955499996 ], [ 78.398184615000744, 17.334863474999977 ], [ 78.398529965000876, 17.336839383999934 ], [ 78.398831293000811, 17.338408489999907 ], [ 78.398982103000847, 17.340065248000052 ], [ 78.399088393000753, 17.340908962999961 ], [ 78.399270144000752, 17.342135995999989 ], [ 78.399387526000851, 17.343075440000081 ], [ 78.399480718000746, 17.343524701999762 ], [ 78.399580466000657, 17.343950151999952 ], [ 78.399675342000876, 17.34427995599988 ], [ 78.39997015000074, 17.344988721000011 ], [ 78.400362953000865, 17.345806291 ], [ 78.400887785000748, 17.346966095999758 ], [ 78.400957787000834, 17.347295576000043 ], [ 78.401010385000745, 17.347977295999915 ], [ 78.401051553000798, 17.34858717900007 ], [ 78.401121220000789, 17.348940550000084 ], [ 78.401196348000781, 17.349347759000086 ], [ 78.400795603864083, 17.349516181569502 ], [ 78.400800320398815, 17.34955391365343 ], [ 78.400824115094238, 17.349779962271299 ], [ 78.400888291649224, 17.350000000204389 ], [ 78.401230520112335, 17.350501379968495 ], [ 78.401681742353034, 17.350918202287048 ], [ 78.401788815893255, 17.351075246322253 ], [ 78.401910170216652, 17.351203736650039 ], [ 78.402138597923411, 17.351332226747026 ], [ 78.402217120344062, 17.35138933488961 ], [ 78.402309920293973, 17.351403612820494 ], [ 78.402495516706452, 17.351367919394107 ], [ 78.402512069996376, 17.35136410077747 ], [ 78.402773914017473, 17.35130367320669 ], [ 78.40292381977541, 17.351289396555138 ], [ 78.403088002803102, 17.351317951145553 ], [ 78.403252185625973, 17.351396472826291 ], [ 78.403402091661576, 17.351532102016694 ], [ 78.403587689929736, 17.351653455232636 ], [ 78.403780426236196, 17.351796223011295 ], [ 78.403980301120882, 17.351924713698423 ], [ 78.404115930197619, 17.352024650671638 ], [ 78.404308667240329, 17.352167418853835 ], [ 78.404430018775045, 17.352331601065174 ], [ 78.404572786917356, 17.352538613971468 ], [ 78.4046298936439, 17.352695658721466 ], [ 78.404658447250469, 17.35285984215594 ], [ 78.40470127799334, 17.352981194358659 ], [ 78.404801215845978, 17.35315251365429 ], [ 78.405008227591708, 17.353366667010111 ], [ 78.405300902046449, 17.353602233199716 ], [ 78.406207477302374, 17.354401731765513 ], [ 78.406507289136727, 17.354623022799402 ], [ 78.406907038671307, 17.355008494648818 ], [ 78.407149742540668, 17.355201230621269 ], [ 78.407385309778562, 17.355401107350794 ], [ 78.407606600022717, 17.355551012366444 ], [ 78.407756506251886, 17.355700918245478 ], [ 78.407827889264993, 17.355815132318778 ], [ 78.408056317526544, 17.356150636374508 ], [ 78.408163391996695, 17.35632909459968 ], [ 78.408227638836792, 17.356528972277147 ], [ 78.408341853376285, 17.356821644054563 ], [ 78.408427513647879, 17.357007241610837 ], [ 78.408631084616076, 17.357193848865087 ], [ 78.409007028000786, 17.35721656699976 ], [ 78.409388422000717, 17.357699432999965 ], [ 78.410101591000824, 17.35865496299979 ], [ 78.410470890000767, 17.359290606999963 ], [ 78.41059368200078, 17.35976056199987 ], [ 78.410590325000598, 17.359999480000081 ], [ 78.41053506000074, 17.360390659999922 ], [ 78.41044254000073, 17.360599746999952 ], [ 78.41029004100082, 17.360827172999933 ], [ 78.41001637300073, 17.361177289000096 ], [ 78.40971217800049, 17.361574799999886 ], [ 78.408844229000721, 17.362423805999953 ], [ 78.40843768800076, 17.363020715000026 ], [ 78.40823273500078, 17.363438626999795 ], [ 78.408054814000849, 17.364057617000032 ], [ 78.407947631000781, 17.364601057000041 ], [ 78.40794063900077, 17.365098004999961 ], [ 78.407925925833581, 17.365586835082645 ], [ 78.40792782709137, 17.365580439853272 ] ] ], [ [ [ 78.407221126705139, 17.372214377884372 ], [ 78.407421001173986, 17.372292898987023 ], [ 78.407742229256414, 17.372399975629243 ], [ 78.408070594409097, 17.37244994490991 ], [ 78.408520313767639, 17.372449943214647 ], [ 78.408855817457194, 17.372449943944584 ], [ 78.409112797997977, 17.372442805954449 ], [ 78.409341227274453, 17.372449943799271 ], [ 78.409526825370875, 17.372485636036004 ], [ 78.409762391655036, 17.372549881764439 ], [ 78.409947988992045, 17.37258557271781 ], [ 78.410219248098997, 17.372628404291266 ], [ 78.410511921182731, 17.372628403598899 ], [ 78.410790318275701, 17.37262126432919 ], [ 78.411075854915836, 17.372564158198998 ], [ 78.411404218582177, 17.372457082579093 ], [ 78.411604024304964, 17.372345265204547 ], [ 78.411467766000797, 17.372361446000099 ], [ 78.411274718000826, 17.372355448999858 ], [ 78.411099530000698, 17.372396051000031 ], [ 78.41093839500077, 17.372471893000093 ], [ 78.410756006000682, 17.372512396999891 ], [ 78.41061901800073, 17.372470974000088 ], [ 78.410430043000829, 17.372436764999833 ], [ 78.410148432000724, 17.372374169999915 ], [ 78.409888776000699, 17.372349181999962 ], [ 78.409721801000686, 17.372328836999966 ], [ 78.409536004000827, 17.372329721000224 ], [ 78.409286554000829, 17.372362533000082 ], [ 78.408985675000707, 17.372352816999836 ], [ 78.408733928000771, 17.372288361999914 ], [ 78.408671908000741, 17.372267172000104 ], [ 78.407988882000751, 17.372174276000038 ], [ 78.407368668000771, 17.372129716000103 ], [ 78.407086696312348, 17.372129473037678 ], [ 78.407221126705139, 17.372214377884372 ] ] ] ] } },
{ "type": "Feature", "properties": { "FID": 251, "Descr_1": "Water Bodies", "Descr_2": "Reservoir/Tanks", "Descr_3": "Reservoir/Tanks", "PI_CODE": "Mir Alam cheru", "LU_Code": "WBRT", "Shape_Area": 1.5358681327399999 }, "geometry": { "type": "Polygon", "coordinates": [ [ [ 78.435319913615359, 17.352694677114048 ], [ 78.435410333801499, 17.352618535064327 ], [ 78.435500753189942, 17.352494803312389 ], [ 78.435700628454953, 17.352304447205 ], [ 78.435786288804294, 17.35230444641093 ], [ 78.435890985779423, 17.352356793674634 ], [ 78.435986162703372, 17.352442454570422 ], [ 78.436086101787239, 17.352513837404292 ], [ 78.436238385738164, 17.352570944967454 ], [ 78.436400190466756, 17.352589981119305 ], [ 78.436538196567511, 17.352589982105318 ], [ 78.436738073384191, 17.352547150716539 ], [ 78.436895117406138, 17.352494803170355 ], [ 78.43706167991796, 17.35244721167124 ], [ 78.437233001204106, 17.352352035084724 ], [ 78.437432877364486, 17.35223306320988 ], [ 78.437547088990243, 17.352109329596711 ], [ 78.437585160662991, 17.352004633688178 ], [ 78.437575642181059, 17.351885660557286 ], [ 78.437537572211156, 17.351799999656894 ], [ 78.437456670047311, 17.351695304053631 ], [ 78.437451910386031, 17.351628679248968 ], [ 78.43749950018487, 17.351566813020394 ], [ 78.437570884150148, 17.351557295791572 ], [ 78.437651785699785, 17.351595365819286 ], [ 78.437723169072157, 17.351704822242421 ], [ 78.437756482871805, 17.351861866116558 ], [ 78.437756481675876, 17.351971320962289 ], [ 78.437880214250171, 17.352104570766858 ], [ 78.437994428532988, 17.352109330368506 ], [ 78.438132436686217, 17.352061741599368 ], [ 78.438270446087117, 17.351923731051038 ], [ 78.438346589553859, 17.351823794725778 ], [ 78.438432248766361, 17.351757170951196 ], [ 78.438532187068489, 17.351676268444219 ], [ 78.438603569276211, 17.351562053591483 ], [ 78.438984283302744, 17.351048089994006 ], [ 78.439003320401383, 17.3509291168156 ], [ 78.438989043417166, 17.35082917944283 ], [ 78.438984283747729, 17.350743519685544 ], [ 78.438960491013688, 17.35062454708714 ], [ 78.43896049035709, 17.350524609196725 ], [ 78.438979524543967, 17.350443706805358 ], [ 78.439008079266245, 17.350396117943696 ], [ 78.439060428273834, 17.350334252385021 ], [ 78.439084221830612, 17.350258107729648 ], [ 78.439084222245356, 17.350186724555439 ], [ 78.43911277504705, 17.350101064803667 ], [ 78.439155604741657, 17.350062994231717 ], [ 78.439255543046556, 17.350048716911218 ], [ 78.439326926843705, 17.350020163215852 ], [ 78.439337007437288, 17.350000000011335 ], [ 78.439622830728283, 17.349999999013207 ], [ 78.439841682882602, 17.349655575590475 ], [ 78.440641181716032, 17.348527710766607 ], [ 78.441297913361907, 17.347942363916395 ], [ 78.442097410962262, 17.347399847284038 ], [ 78.442425777549886, 17.347228526770838 ], [ 78.442654206275421, 17.347114312314897 ], [ 78.442839803850248, 17.34700009805815 ], [ 78.443025401603236, 17.346900160110867 ], [ 78.443196723409343, 17.346843054012943 ], [ 78.443410874082559, 17.346785946294407 ], [ 78.443625025550475, 17.346728840178571 ], [ 78.443896285109929, 17.346686008852128 ], [ 78.444124712796949, 17.346671731726325 ], [ 78.444381694766193, 17.346643177989499 ], [ 78.444595845933861, 17.346643177690868 ], [ 78.444781444257814, 17.346671731897732 ], [ 78.445038425973749, 17.346714562439345 ], [ 78.445366791775712, 17.346714561370256 ], [ 78.445595220077593, 17.346671732446861 ], [ 78.445823647658798, 17.346500411406488 ], [ 78.445909308849963, 17.346357642760243 ], [ 78.445980693337603, 17.346200598562788 ], [ 78.446109183991709, 17.345729465261684 ], [ 78.446137736944223, 17.345144116837549 ], [ 78.446137737164037, 17.344844306211638 ], [ 78.44615201444347, 17.344615877900768 ], [ 78.446209120736427, 17.344401725823236 ], [ 78.446251949815661, 17.344201852077628 ], [ 78.446309058397446, 17.344044806816743 ], [ 78.446394719345363, 17.343802102421325 ], [ 78.4468372989719, 17.342859834656334 ], [ 78.447593966873043, 17.341603480173031 ], [ 78.448364913182786, 17.340646937027653 ], [ 78.448693277829207, 17.34010442003299 ], [ 78.448778938694034, 17.339875990831004 ], [ 78.44879321601843, 17.339676117631537 ], [ 78.448793215467902, 17.339533348886544 ], [ 78.448793215987592, 17.339376303631376 ], [ 78.448350636241486, 17.338391208388497 ], [ 78.448250698359573, 17.338219885260916 ], [ 78.448107931835764, 17.337962905352878 ], [ 78.448050823998429, 17.33780585893274 ], [ 78.448165037772952, 17.337677368656013 ], [ 78.448298095776295, 17.337592695664629 ], [ 78.448251138284277, 17.337462256958982 ], [ 78.448203548765179, 17.337367078679371 ], [ 78.448117889299326, 17.337271900019253 ], [ 78.447937051058958, 17.33707202469953 ], [ 78.447851389956639, 17.336976846802944 ], [ 78.447765727821292, 17.336872150867602 ], [ 78.447641995109208, 17.336776972421749 ], [ 78.447537300449483, 17.336691311708265 ], [ 78.447385013980067, 17.336558062356353 ], [ 78.447251765407415, 17.336539025894908 ], [ 78.447185139687008, 17.336558061585208 ], [ 78.447070926346413, 17.336558060808176 ], [ 78.44696622814854, 17.336529508605281 ], [ 78.4468615326969, 17.336491436582833 ], [ 78.446804426162757, 17.336500955010937 ], [ 78.446766354952018, 17.336539025443336 ], [ 78.446680694419186, 17.336643722125995 ], [ 78.446604551163617, 17.336738899808974 ], [ 78.446566480311574, 17.336815043971121 ], [ 78.446452265074527, 17.336986364827386 ], [ 78.446376123182731, 17.337138648550862 ], [ 78.446357088326351, 17.337233827633266 ], [ 78.446357085718603, 17.337338526364949 ], [ 78.446366603596047, 17.337452739439584 ], [ 78.446461784152135, 17.337595506906549 ], [ 78.446585514710137, 17.337747792082446 ], [ 78.446566479546902, 17.337814417200661 ], [ 78.446537926840193, 17.337881042378694 ], [ 78.446442747954919, 17.337976220983009 ], [ 78.446357086373325, 17.337976221453232 ], [ 78.446242874080539, 17.337976221158069 ], [ 78.446166731095005, 17.337985737689149 ], [ 78.446043000388414, 17.337995257116333 ], [ 78.445947818817515, 17.338033326659041 ], [ 78.445871676951853, 17.338071399763034 ], [ 78.445757462651727, 17.338176095200041 ], [ 78.445595698602276, 17.338353818690596 ], [ 78.445244693660271, 17.338831184588532 ], [ 78.445119767921383, 17.33921354058273 ], [ 78.444986517716615, 17.339403897372005 ], [ 78.444681946919175, 17.339756055750712 ], [ 78.444596285649453, 17.339832201156106 ], [ 78.444396411941369, 17.339965450402566 ], [ 78.444282196639122, 17.340013038921256 ], [ 78.444158464575807, 17.340070146226587 ], [ 78.443872929782685, 17.340089182440085 ], [ 78.443749197743443, 17.340060626811251 ], [ 78.443587395273454, 17.339984486378793 ], [ 78.443511251548003, 17.339936895897665 ], [ 78.44341607362017, 17.339860754027015 ], [ 78.443339930942955, 17.339803647323322 ], [ 78.443244752248873, 17.339717987382727 ], [ 78.443149573573379, 17.339651360641291 ], [ 78.443054396031101, 17.339556182641974 ], [ 78.442902110396631, 17.339565700853463 ], [ 78.442825968052659, 17.339641842961488 ], [ 78.442702234776533, 17.33970846830228 ], [ 78.442626093665083, 17.339727504284507 ], [ 78.442549949647628, 17.339756057281033 ], [ 78.442464289457405, 17.339832200042615 ], [ 78.442397665228725, 17.339927378977404 ], [ 78.442350075098219, 17.340041593175062 ], [ 78.442283449813075, 17.340136771150547 ], [ 78.442131165819717, 17.340308091735015 ], [ 78.442035986210755, 17.340422306968076 ], [ 78.441855146718851, 17.340527003775133 ], [ 78.441655270673522, 17.34056507427065 ], [ 78.441541057849108, 17.340631699108634 ], [ 78.441417326073136, 17.340717359655837 ], [ 78.44129359271183, 17.34077446708908 ], [ 78.441141308936778, 17.340841091923522 ], [ 78.44096998846517, 17.340926751308874 ], [ 78.440808184226555, 17.341031449394116 ], [ 78.440693970296948, 17.341183733719507 ], [ 78.440646381243553, 17.341269395389364 ], [ 78.440598791579092, 17.341545411981137 ], [ 78.440598792607233, 17.341697697744067 ], [ 78.440617826771174, 17.341821429959239 ], [ 78.440674935850993, 17.342040340910255 ], [ 78.440713004986478, 17.342145035739271 ], [ 78.440760594871236, 17.34224021462455 ], [ 78.440808183709393, 17.342344910547801 ], [ 78.44087480822283, 17.342554305398025 ], [ 78.440874808543697, 17.342763696178139 ], [ 78.440846255670849, 17.342906464218462 ], [ 78.44081770168323, 17.343001642400836 ], [ 78.440732042043706, 17.343087304165227 ], [ 78.440627344735745, 17.343182480721467 ], [ 78.440541684934573, 17.343268142402707 ], [ 78.4404655422818, 17.343334767412639 ], [ 78.440417953390778, 17.343429945117748 ], [ 78.440370365028016, 17.343544158744535 ], [ 78.440322773565043, 17.343620302271333 ], [ 78.440294219974461, 17.343724998326945 ], [ 78.440275184772474, 17.343991497260898 ], [ 78.440265666012493, 17.34408667575698 ], [ 78.440237114385582, 17.344181854749703 ], [ 78.440151452429774, 17.344391247008151 ], [ 78.440075309755514, 17.344476907774986 ], [ 78.439999167081055, 17.344514978707952 ], [ 78.439884951573873, 17.344572087299312 ], [ 78.439551827852583, 17.344638710920908 ], [ 78.439285328914934, 17.344629193977674 ], [ 78.43912352621696, 17.34462919492 ], [ 78.438980757383987, 17.344629193554798 ], [ 78.438857026393961, 17.344619675622056 ], [ 78.438609561748052, 17.344562568568399 ], [ 78.438504866120013, 17.344534015988149 ], [ 78.438409687571763, 17.344534014819569 ], [ 78.43834306294805, 17.344553051350861 ], [ 78.438238366044644, 17.344600639605606 ], [ 78.438152706096631, 17.344667265273337 ], [ 78.438095599993389, 17.344724372081988 ], [ 78.438038491677574, 17.344790996809969 ], [ 78.438000419070747, 17.344857621253635 ], [ 78.437952831419636, 17.344952800186558 ], [ 78.437905242218847, 17.345095567982796 ], [ 78.43782909956272, 17.345200263854519 ], [ 78.437752955551971, 17.345285924666129 ], [ 78.437676813672127, 17.345333513637023 ], [ 78.437581635012577, 17.345409655772311 ], [ 78.437448385267359, 17.345495317172933 ], [ 78.437334170624084, 17.345571459410181 ], [ 78.437210439030096, 17.345590496207507 ], [ 78.4370200832862, 17.3455238706076 ], [ 78.436943939636677, 17.345457247409147 ], [ 78.436839242744696, 17.345381102405796 ], [ 78.436667921919138, 17.345295444004677 ], [ 78.436601335811588, 17.345199528797135 ], [ 78.43656564203927, 17.344992516002055 ], [ 78.4364871207937, 17.344621319575726 ], [ 78.436391912684627, 17.34443090817209 ], [ 78.436287245651414, 17.344221569577932 ], [ 78.436130200629862, 17.344057387379877 ], [ 78.436090803049069, 17.344054236220188 ], [ 78.435951742287102, 17.344043111429162 ], [ 78.43562337710236, 17.344035971908983 ], [ 78.435590131012077, 17.344033434563581 ], [ 78.435345101691496, 17.344014748074947 ], [ 78.434781047845533, 17.343971726879676 ], [ 78.433860196430288, 17.344035971899412 ], [ 78.433567523296077, 17.344021696012625 ], [ 78.433367649085724, 17.344007419437464 ], [ 78.433146357744675, 17.344000280150155 ], [ 78.433046420952394, 17.343900342642463 ], [ 78.432960760383068, 17.343786129392157 ], [ 78.432875098971678, 17.343671916091161 ], [ 78.432768023720627, 17.343550562819722 ], [ 78.432618117581143, 17.343500593999888 ], [ 78.432539594723821, 17.343500592984153 ], [ 78.432461071832805, 17.343500594651957 ], [ 78.432311166539478, 17.343493455129881 ], [ 78.432168399405541, 17.343493454637208 ], [ 78.432082739184764, 17.343457763131077 ], [ 78.431989940184209, 17.343372103837293 ], [ 78.43146883807907, 17.342758202128003 ], [ 78.431276102429507, 17.342344177262831 ], [ 78.431097641694507, 17.341780242891797 ], [ 78.430976288853671, 17.341473292047141 ], [ 78.431004843054509, 17.341301972143924 ], [ 78.43106908806007, 17.341230588387241 ], [ 78.43115474878357, 17.341159204216112 ], [ 78.431204718339785, 17.341109234720051 ], [ 78.431233270685354, 17.341044989984187 ], [ 78.431240410090453, 17.340923636892121 ], [ 78.431133335231934, 17.340609548254502 ], [ 78.430981998887489, 17.340399533983007 ], [ 78.430783553324318, 17.340124136719854 ], [ 78.430790214445793, 17.339890268744135 ], [ 78.430747383185476, 17.33967611704238 ], [ 78.430718830195119, 17.339519072409399 ], [ 78.430704552795177, 17.339333473852324 ], [ 78.43065401400402, 17.338799534151175 ], [ 78.430522625906789, 17.338743098591326 ], [ 78.430109251761522, 17.338565541554086 ], [ 78.430079449628636, 17.33855274170811 ], [ 78.429787967128519, 17.338469460811115 ], [ 78.429151462229271, 17.338421871823023 ], [ 78.428971366861575, 17.338407631729972 ], [ 78.428781592105722, 17.338392626553382 ], [ 78.42879146681264, 17.338505421170318 ], [ 78.428820020018236, 17.338619637451949 ], [ 78.428905680384972, 17.338676742917073 ], [ 78.429194072781726, 17.338862547817172 ], [ 78.429309875745815, 17.33885273376028 ], [ 78.429298769199775, 17.339509761701589 ], [ 78.429279734563394, 17.339776260308515 ], [ 78.429270216112272, 17.3398619205622 ], [ 78.429298769084724, 17.339985653786325 ], [ 78.429336841224952, 17.340052278907926 ], [ 78.429412984445889, 17.340137939188573 ], [ 78.429740982683953, 17.34036737000503 ], [ 78.429741779222496, 17.340373127011908 ], [ 78.429759194415112, 17.340498903623647 ], [ 78.429791318102318, 17.340730900563866 ], [ 78.42979845599119, 17.340952191207769 ], [ 78.429762764359111, 17.341030711752339 ], [ 78.429705656656552, 17.34104499136426 ], [ 78.429577166004819, 17.341066405378175 ], [ 78.429370152839098, 17.341123511586957 ], [ 78.428749114216657, 17.341237725655322 ], [ 78.428270841817934, 17.341323387181685 ], [ 78.427856816173446, 17.341337663049028 ], [ 78.427507034595209, 17.341359079426802 ], [ 78.427385681773401, 17.341416186264773 ], [ 78.427382448458587, 17.341440449145086 ], [ 78.427371405257631, 17.341523262130419 ], [ 78.427364267603991, 17.341673168144226 ], [ 78.427414236117016, 17.341773104309212 ], [ 78.427492758182993, 17.341830212373289 ], [ 78.427595761370327, 17.341891076854125 ], [ 78.42764980262281, 17.341923011378643 ], [ 78.427906784677305, 17.341972978883884 ], [ 78.428335088894542, 17.342044364951214 ], [ 78.428784805811176, 17.342172854205018 ], [ 78.429320184125174, 17.342387007049215 ], [ 78.429427260470206, 17.342529773758137 ], [ 78.429484367720264, 17.34267254125395 ], [ 78.429520058975001, 17.342772480333497 ], [ 78.429548612900973, 17.34287241708364 ], [ 78.429619996601687, 17.34297949203124 ], [ 78.429855563388315, 17.343129398361008 ], [ 78.430083993365344, 17.343322134349997 ], [ 78.430219620674592, 17.343557701206198 ], [ 78.430269589924507, 17.343864650860237 ], [ 78.430226758986691, 17.344307231120734 ], [ 78.430221310042995, 17.344343329654006 ], [ 78.430169650683112, 17.344685564693179 ], [ 78.430169651979696, 17.344799779389707 ], [ 78.43018392890832, 17.344871162869925 ], [ 78.430212481974721, 17.345035345909544 ], [ 78.430305281008216, 17.345220944082548 ], [ 78.430312003246655, 17.34522654568179 ], [ 78.430476602597579, 17.345363711802381 ], [ 78.430640784618191, 17.345413679420645 ], [ 78.430747861071524, 17.345385127358032 ], [ 78.430826383180985, 17.345320880734267 ], [ 78.430904905702903, 17.345242359401404 ], [ 78.431004841549807, 17.345163836722577 ], [ 78.43117616546121, 17.34507817640797 ], [ 78.431504530198666, 17.344942546968532 ], [ 78.431697265231904, 17.34488543963586 ], [ 78.431768649610291, 17.344906854796157 ], [ 78.431818619177619, 17.34497823858873 ], [ 78.431840034173391, 17.345049623291391 ], [ 78.431840034138915, 17.345178114435704 ], [ 78.43179720430679, 17.345535033086389 ], [ 78.431718680677207, 17.345970473261442 ], [ 78.431718680627725, 17.34612751913691 ], [ 78.431747234860481, 17.346270286698378 ], [ 78.431804341859049, 17.346355947369538 ], [ 78.431982800838924, 17.346477299040714 ], [ 78.432111292206045, 17.346512991340617 ], [ 78.432361135756082, 17.346477297575216 ], [ 78.432453935416248, 17.346420191747576 ], [ 78.432532457169259, 17.346363085024365 ], [ 78.432603841336061, 17.34627028619855 ], [ 78.432718054684628, 17.346198902292624 ], [ 78.432810854061728, 17.346220318326409 ], [ 78.432903652611458, 17.346277425068838 ], [ 78.433003590378192, 17.346384500329076 ], [ 78.433053559254716, 17.346520130203395 ], [ 78.433046421951843, 17.346591513129283 ], [ 78.43301072946818, 17.346677173611621 ], [ 78.432975037115796, 17.346755696298288 ], [ 78.43296789762816, 17.346877049133223 ], [ 78.432996451328606, 17.347005539983723 ], [ 78.43308925121157, 17.347348181632423 ], [ 78.433096390372299, 17.347440981406486 ], [ 78.433096389445268, 17.347562333708424 ], [ 78.433074974095973, 17.347676547925555 ], [ 78.433017866608481, 17.347812176184224 ], [ 78.432903652563056, 17.347954946191244 ], [ 78.432796577277543, 17.347969221048523 ], [ 78.432689500471625, 17.348004912806434 ], [ 78.432596702355852, 17.348047744058114 ], [ 78.432525318847681, 17.348090573812126 ], [ 78.432439658256826, 17.348133403596393 ], [ 78.432375413939866, 17.348183373324787 ], [ 78.43228261526626, 17.34827617163408 ], [ 78.432182677225995, 17.348361831673547 ], [ 78.431911417658043, 17.348554568702596 ], [ 78.431856196102245, 17.348586939670597 ], [ 78.431497391618834, 17.348797274392098 ], [ 78.430904906603587, 17.349111363397078 ], [ 78.43079782980486, 17.34925412996984 ], [ 78.430790691465148, 17.349382620411919 ], [ 78.430804967540325, 17.349439729035343 ], [ 78.430847799077654, 17.349518252022783 ], [ 78.430912044323961, 17.349575357636649 ], [ 78.431147610574158, 17.349810922598554 ], [ 78.431361762292084, 17.350000000358158 ], [ 78.431844510289707, 17.350710945939873 ], [ 78.431865333060202, 17.350739950070352 ], [ 78.431996204305676, 17.351001691064255 ], [ 78.43226984233479, 17.351483532317136 ], [ 78.432454249811954, 17.352060550809089 ], [ 78.432483993809967, 17.352346086055228 ], [ 78.432466146645837, 17.352476955887134 ], [ 78.432394762614578, 17.35251264866152 ], [ 78.432293635989922, 17.352482905103546 ], [ 78.43220440673872, 17.35244721271431 ], [ 78.432132627658262, 17.352438769317224 ], [ 78.432103279663281, 17.352435315748625 ], [ 78.432061638175725, 17.352488854181253 ], [ 78.432061640342795, 17.352578084031318 ], [ 78.432162765445469, 17.352685160312067 ], [ 78.432240098843792, 17.352744646394122 ], [ 78.43232932826605, 17.352768439767459 ], [ 78.432406661281831, 17.35275059496448 ], [ 78.432501838670248, 17.352732749355656 ], [ 78.432585118721832, 17.35274464598043 ], [ 78.432692196393177, 17.352827926206274 ], [ 78.432704093382085, 17.35292310529271 ], [ 78.43264460666272, 17.353012334363868 ], [ 78.432537530836413, 17.353071822192167 ], [ 78.432424507449497, 17.353143205908708 ], [ 78.432418557557199, 17.353208641874151 ], [ 78.432537530894251, 17.353297872339731 ], [ 78.432585119584957, 17.353404945256134 ], [ 78.432567274259739, 17.353547714050418 ], [ 78.432567274320562, 17.353666686791144 ], [ 78.432638658344644, 17.353744019924854 ], [ 78.432757631119117, 17.353797557784173 ], [ 78.432840912061252, 17.353791609439028 ], [ 78.432947987679398, 17.353726174688404 ], [ 78.433072908612019, 17.353648840979851 ], [ 78.433174038406122, 17.353571507724926 ], [ 78.433281114177404, 17.353488227933941 ], [ 78.433406034200885, 17.353381151958985 ], [ 78.433536905364335, 17.35327407625633 ], [ 78.433655878247777, 17.353196743691942 ], [ 78.433810542765571, 17.353131308312282 ], [ 78.433965208121819, 17.353065872829323 ], [ 78.434102027081252, 17.353000438123864 ], [ 78.434209102585797, 17.35296474569035 ], [ 78.434496620561305, 17.352923106358766 ], [ 78.43466318265871, 17.352923106374821 ], [ 78.434848780565815, 17.352908828016258 ], [ 78.435015341830422, 17.352875516351499 ], [ 78.435177145838722, 17.352789855291508 ], [ 78.435319913615359, 17.352694677114048 ] ] ] } },
{ "type": "Feature", "properties": { "FID": 254, "Descr_1": "Water Bodies", "Descr_2": "Lakes/Ponds", "Descr_3": "Lakes/Ponds", "PI_CODE": " ", "LU_Code": "WBLP", "Shape_Area": 0.018391224873899999 }, "geometry": { "type": "Polygon", "coordinates": [ [ [ 78.373647947650213, 17.444436648927557 ], [ 78.373320867857203, 17.4445426044384 ], [ 78.372583138186812, 17.444781586791521 ], [ 78.372535549418075, 17.444857728645587 ], [ 78.372506994797888, 17.444933872319343 ], [ 78.372497477440234, 17.445048086336588 ], [ 78.372506995180714, 17.445190854001122 ], [ 78.372602172693533, 17.445333622260325 ], [ 78.372697351992883, 17.445438316589378 ], [ 78.37282108430901, 17.445562050092725 ], [ 78.372916262249163, 17.445647710060435 ], [ 78.373001922800015, 17.445752407386994 ], [ 78.373059029198032, 17.445857102420501 ], [ 78.373125655019393, 17.44599987087933 ], [ 78.373163726279984, 17.44610456679662 ], [ 78.373296976095673, 17.446190228341372 ], [ 78.373309902913277, 17.446192508678049 ], [ 78.37345877927514, 17.446218782072183 ], [ 78.373611065410074, 17.446171191118658 ], [ 78.37373479677467, 17.446114084842371 ], [ 78.373791903723998, 17.446018906242962 ], [ 78.373829974858992, 17.445885658336568 ], [ 78.373820457066273, 17.445666745719411 ], [ 78.373734796722701, 17.44509567513024 ], [ 78.373647947650213, 17.444436648927557 ] ] ] } },
{ "type": "Feature", "properties": { "FID": 255, "Descr_1": "Water Bodies", "Descr_2": "Lakes/Ponds", "Descr_3": "Lakes/Ponds", "PI_CODE": " ", "LU_Code": "WBLP", "Shape_Area": 0.0097506022454799997 }, "geometry": { "type": "Polygon", "coordinates": [ [ [ 78.450999859962707, 17.400832160774801 ], [ 78.450709689612779, 17.400930877601567 ], [ 78.450619270449138, 17.400987984758643 ], [ 78.450547886439807, 17.401049850635939 ], [ 78.450486020136026, 17.401125993246016 ], [ 78.45044794961548, 17.401202136082304 ], [ 78.450433672059745, 17.401292556154242 ], [ 78.450433671947565, 17.401392492639999 ], [ 78.45045746733166, 17.401540018851666 ], [ 78.450476501818329, 17.401668510635229 ], [ 78.450509814781611, 17.401777965685483 ], [ 78.450557404007483, 17.401887421212216 ], [ 78.450619269861946, 17.401949286827165 ], [ 78.450700172310917, 17.401982598727464 ], [ 78.450819145042942, 17.401987358107615 ], [ 78.451114628049467, 17.401966083977548 ], [ 78.451378794586617, 17.401696112040806 ], [ 78.451489779978701, 17.401619913571942 ], [ 78.450999859962707, 17.400832160774801 ] ] ] } },
{ "type": "Feature", "properties": { "FID": 260, "Descr_1": "Water Bodies", "Descr_2": "Reservoir/Tanks", "Descr_3": "Reservoir/Tanks", "PI_CODE": " ", "LU_Code": "WBRT", "Shape_Area": 0.0087891047060899997 }, "geometry": { "type": "Polygon", "coordinates": [ [ [ 78.580279499441801, 17.446778165966602 ], [ 78.580115951012303, 17.446907619244808 ], [ 78.57990245824088, 17.447048412445231 ], [ 78.5797261472201, 17.447201608935924 ], [ 78.579661702876734, 17.447368114916298 ], [ 78.579597258434646, 17.447534619960209 ], [ 78.579494998884769, 17.447736514356357 ], [ 78.579368162829084, 17.447953130585883 ], [ 78.579897067348327, 17.44794646966935 ], [ 78.580167878798022, 17.447900917139936 ], [ 78.580310646231467, 17.447772425748017 ], [ 78.580396306946824, 17.447543998298315 ], [ 78.580410584432357, 17.447129971555864 ], [ 78.580363017271367, 17.446685824426012 ], [ 78.580279499441801, 17.446778165966602 ] ] ] } },
{ "type": "Feature", "properties": { "FID": 261, "Descr_1": "Water Bodies", "Descr_2": "Reservoir/Tanks", "Descr_3": "Reservoir/Tanks", "PI_CODE": "Buitup Inside Tank", "LU_Code": "WBRT", "Shape_Area": 0.0200370880439 }, "geometry": { "type": "Polygon", "coordinates": [ [ [ 78.569121230587854, 17.440005945180861 ], [ 78.569050009833646, 17.440026295220505 ], [ 78.568994721150005, 17.440200761180677 ], [ 78.568815111256058, 17.440227243661827 ], [ 78.568779156339559, 17.44068565363267 ], [ 78.568947432344473, 17.441236426586332 ], [ 78.569159897546058, 17.441294819041637 ], [ 78.569374049334485, 17.441366203133587 ], [ 78.569802352136293, 17.441330511341924 ], [ 78.570278242720832, 17.44112825672217 ], [ 78.57057567662558, 17.440842722227668 ], [ 78.570575676814059, 17.440640467808482 ], [ 78.570349628140107, 17.44047390535944 ], [ 78.569897531085118, 17.440271650771958 ], [ 78.569121230587854, 17.440005945180861 ] ] ] } },
{ "type": "Feature", "properties": { "FID": 262, "Descr_1": "Water Bodies", "Descr_2": "Reservoir/Tanks", "Descr_3": "Reservoir/Tanks", "PI_CODE": " ", "LU_Code": "WBRT", "Shape_Area": 0.072106472029299998 }, "geometry": { "type": "Polygon", "coordinates": [ [ [ 78.285097101434602, 17.450001461036923 ], [ 78.285097212873282, 17.450001226372056 ], [ 78.28509675703296, 17.450000000050718 ], [ 78.285144259371066, 17.449446705898605 ], [ 78.285201366404806, 17.449075509379632 ], [ 78.285248954883897, 17.44876142037846 ], [ 78.28529654457104, 17.448532991612016 ], [ 78.285353651586647, 17.448352153398289 ], [ 78.285420277564455, 17.448180830805708 ], [ 78.285467865964364, 17.448009510297819 ], [ 78.285486902702118, 17.447819154166112 ], [ 78.285460147346484, 17.447578365124169 ], [ 78.285458348415929, 17.447562172833983 ], [ 78.285455306396926, 17.447534792088437 ], [ 78.28543931198044, 17.44739084981336 ], [ 78.285410758740611, 17.447248083408013 ], [ 78.285387690813778, 17.447036397409139 ], [ 78.285353868934948, 17.446739070555825 ], [ 78.285344861804944, 17.44660095619933 ], [ 78.285330585636828, 17.446286866968109 ], [ 78.285266339804863, 17.446144099242161 ], [ 78.285102157319372, 17.446037024368792 ], [ 78.285045727701487, 17.446023587638489 ], [ 78.284952250900901, 17.446001331733424 ], [ 78.284752375609386, 17.446015608771098 ], [ 78.284566777658725, 17.446079853618041 ], [ 78.284366903672719, 17.446136960949922 ], [ 78.284052815307746, 17.446179790651382 ], [ 78.283817249128347, 17.446236898747131 ], [ 78.283638789015455, 17.446301145423881 ], [ 78.283438913750985, 17.446379665380238 ], [ 78.283139101817241, 17.446479603849358 ], [ 78.282874982318162, 17.446522434208905 ], [ 78.28257516978536, 17.446572402804232 ], [ 78.282451505270288, 17.446595589963646 ], [ 78.282346740141847, 17.44661523325296 ], [ 78.282161141755324, 17.446629509639191 ], [ 78.28201123722998, 17.446643785851119 ], [ 78.281889885288734, 17.446686616593237 ], [ 78.281789946622595, 17.446729447242511 ], [ 78.281762981570154, 17.44676676295984 ], [ 78.281860603072928, 17.446838814560959 ], [ 78.282384084177991, 17.446914958241557 ], [ 78.282907566109358, 17.447105314733442 ], [ 78.283288280194725, 17.447343260853359 ], [ 78.283678510971399, 17.447714457246029 ], [ 78.283973564196017, 17.448019027882204 ], [ 78.28404512711181, 17.448119867137521 ], [ 78.284182956064967, 17.448314081432059 ], [ 78.284335242048229, 17.448637688265055 ], [ 78.284458974731706, 17.448999365725779 ], [ 78.284582705561377, 17.449380080946693 ], [ 78.284601741554084, 17.449684650326311 ], [ 78.28462077718892, 17.449779828804189 ], [ 78.284601008999743, 17.450000000041243 ], [ 78.28460036789609, 17.450001249209528 ], [ 78.28463883981469, 17.450001247229252 ], [ 78.284658676325634, 17.450546142678963 ], [ 78.284665133293231, 17.450723517918775 ], [ 78.284790282041769, 17.450682114425113 ], [ 78.284857018024866, 17.450497758246961 ], [ 78.284923482670564, 17.450333973029842 ], [ 78.285055326826779, 17.450088687402694 ], [ 78.285097101434602, 17.450001461036923 ] ] ] } },
{ "type": "Feature", "properties": { "FID": 267, "Descr_1": "Water Bodies", "Descr_2": "Reservoir/Tanks", "Descr_3": "Reservoir/Tanks", "PI_CODE": " ", "LU_Code": "WBRT", "Shape_Area": 0.030925763555499999 }, "geometry": { "type": "Polygon", "coordinates": [ [ [ 78.343882136152544, 17.424086848577254 ], [ 78.342109438443657, 17.424485409346531 ], [ 78.341805931550297, 17.424570861904137 ], [ 78.341496728099173, 17.424657920185155 ], [ 78.341282574539136, 17.424711457795478 ], [ 78.341086270809299, 17.424753098851088 ], [ 78.340913758628304, 17.424776893241237 ], [ 78.340699607424739, 17.424806635646203 ], [ 78.340527096080038, 17.42483043063833 ], [ 78.340295099382161, 17.424860173014324 ], [ 78.340123894380255, 17.424860174093446 ], [ 78.340620300185705, 17.425639087870536 ], [ 78.340802419553299, 17.425687908625093 ], [ 78.341068921289036, 17.425706944552999 ], [ 78.341392525603169, 17.425668874439229 ], [ 78.34148045133621, 17.425640427563739 ], [ 78.341716132562524, 17.425564175623403 ], [ 78.341992149766369, 17.425421409948928 ], [ 78.342353829030486, 17.425240570723503 ], [ 78.342772613866657, 17.425021660178736 ], [ 78.343153326945412, 17.424783714405851 ], [ 78.343956266315104, 17.424276596429792 ], [ 78.343882136152544, 17.424086848577254 ] ] ] } },
{ "type": "Feature", "properties": { "FID": 269, "Descr_1": "Water Bodies", "Descr_2": "Reservoir/Tanks", "Descr_3": "Reservoir/Tanks", "PI_CODE": "Chintal Kunta", "LU_Code": "WBRT", "Shape_Area": 0.079586935065999995 }, "geometry": { "type": "Polygon", "coordinates": [ [ [ 78.349999999936088, 17.430140438996169 ], [ 78.350183238756699, 17.430094214014929 ], [ 78.350261760685953, 17.430058522791551 ], [ 78.350326005979539, 17.429987139275148 ], [ 78.350383112771354, 17.429930032241288 ], [ 78.350418805396075, 17.429851510352741 ], [ 78.350418805426543, 17.429772989052179 ], [ 78.350390251746987, 17.429673049756495 ], [ 78.35034028342443, 17.429601665758192 ], [ 78.350276038332723, 17.429537421165669 ], [ 78.350204654367843, 17.429458899184628 ], [ 78.350140408221705, 17.429380375792892 ], [ 78.350104714594096, 17.429308992566405 ], [ 78.350111855442393, 17.429209056307023 ], [ 78.350118992672094, 17.429087702790493 ], [ 78.350133269952764, 17.428994903588499 ], [ 78.350133269751169, 17.428923519816472 ], [ 78.350000000159568, 17.428884180270764 ], [ 78.349887579060166, 17.428877934086433 ], [ 78.34972339629843, 17.428877933841072 ], [ 78.34949496818686, 17.428827964643279 ], [ 78.349380753701226, 17.428785135584565 ], [ 78.349266539125296, 17.428728027716499 ], [ 78.348888204777325, 17.428599536716348 ], [ 78.348802545181528, 17.428556707441928 ], [ 78.348709746067314, 17.42851387492561 ], [ 78.348402993461349, 17.428460731146711 ], [ 78.348332498921337, 17.428464255364617 ], [ 78.348216432010119, 17.428470058168578 ], [ 78.348041985529704, 17.428468061300983 ], [ 78.347514622387436, 17.428462023048191 ], [ 78.347488317349772, 17.428562857032098 ], [ 78.347431209838419, 17.428712763426919 ], [ 78.347374103613873, 17.428841254405512 ], [ 78.347295581286645, 17.428955467737417 ], [ 78.347209920175899, 17.42906968230967 ], [ 78.347109981625906, 17.429198172704485 ], [ 78.346988630175119, 17.42930524877249 ], [ 78.346888693727124, 17.429398047645616 ], [ 78.346789521122247, 17.429541803237456 ], [ 78.346789521463833, 17.429663156271857 ], [ 78.346789520929917, 17.429727401559269 ], [ 78.346818074269933, 17.42979164630901 ], [ 78.34689583213499, 17.429969119171208 ], [ 78.347017184069287, 17.429990533760773 ], [ 78.347124259561539, 17.430026225055073 ], [ 78.347238474280999, 17.430083333132657 ], [ 78.347345549464251, 17.43015471572906 ], [ 78.347424071250643, 17.430233239168562 ], [ 78.34769532966655, 17.430711509673834 ], [ 78.347731021171327, 17.43076147875669 ], [ 78.347809544692453, 17.430818585757056 ], [ 78.347952312287362, 17.430889969661891 ], [ 78.348066526146312, 17.430911384944935 ], [ 78.348195015545841, 17.430918523316834 ], [ 78.3483449240384, 17.430861416071512 ], [ 78.348501967729078, 17.430782892877964 ], [ 78.34863836169761, 17.430738672377387 ], [ 78.348762094143083, 17.430738671649337 ], [ 78.348866789723672, 17.430814815277792 ], [ 78.348895344398457, 17.430881438909122 ], [ 78.348895343594492, 17.430995655187552 ], [ 78.34893341540841, 17.431128903859427 ], [ 78.348952451053137, 17.431214563930663 ], [ 78.348971486221885, 17.431252635762462 ], [ 78.349047628718679, 17.431300225371054 ], [ 78.349180877967385, 17.431300225006545 ], [ 78.349268563442592, 17.431267342920776 ], [ 78.349333164151844, 17.431243118113969 ], [ 78.349504484545662, 17.431147939909643 ], [ 78.349780503577577, 17.430986135550057 ], [ 78.349999999120627, 17.43086794633232 ], [ 78.349999999936088, 17.430140438996169 ] ] ] } },
{ "type": "Feature", "properties": { "FID": 271, "Descr_1": "Water Bodies", "Descr_2": "Reservoir/Tanks", "Descr_3": "Reservoir/Tanks", "PI_CODE": " ", "LU_Code": "WBRT", "Shape_Area": 0.071735957867800001 }, "geometry": { "type": "Polygon", "coordinates": [ [ [ 78.324261537290099, 17.42579101773018 ], [ 78.324442376116636, 17.425800535705157 ], [ 78.324566107851112, 17.42583860892864 ], [ 78.324642250932541, 17.425886198429374 ], [ 78.324794535722859, 17.42588619778703 ], [ 78.324870679356977, 17.42582909088885 ], [ 78.325013446983988, 17.425752947830535 ], [ 78.325175250420969, 17.425695841620723 ], [ 78.325183700833847, 17.425693474864055 ], [ 78.325413195710638, 17.425629215686502 ], [ 78.32543664279028, 17.425618003404523 ], [ 78.325632106913844, 17.425524519948222 ], [ 78.325889088984624, 17.425448377345198 ], [ 78.326060410137245, 17.425372234038655 ], [ 78.326222213898376, 17.425315127035766 ], [ 78.326441123950957, 17.425105735005289 ], [ 78.326501611893121, 17.42494155201754 ], [ 78.326507748440619, 17.424924896846573 ], [ 78.326498232212401, 17.42476309184763 ], [ 78.326431605693799, 17.424639360395389 ], [ 78.326345945750589, 17.424563217718219 ], [ 78.326141345808338, 17.424514493784979 ], [ 78.325927195636766, 17.424543047619409 ], [ 78.325691626710096, 17.424578739549553 ], [ 78.325391816311381, 17.424578740114487 ], [ 78.325163388308781, 17.424578740292667 ], [ 78.32488499064867, 17.424578740308014 ], [ 78.324663701163516, 17.424578740327433 ], [ 78.324520932603775, 17.424578739854272 ], [ 78.324371026808507, 17.424571601318629 ], [ 78.324114045071326, 17.424564463019152 ], [ 78.324030052646748, 17.424551864160296 ], [ 78.323690467057432, 17.424439486439987 ], [ 78.323376377860455, 17.424487075381013 ], [ 78.32320505579024, 17.424506111319186 ], [ 78.323033733764646, 17.424563217879982 ], [ 78.322900486100593, 17.424601288905635 ], [ 78.322748199019955, 17.424658396102629 ], [ 78.322637159375134, 17.424713917998123 ], [ 78.322624468329607, 17.42473453769508 ], [ 78.322538808267581, 17.424829716402371 ], [ 78.322453147471194, 17.424877305715587 ], [ 78.322401186587754, 17.424896790604684 ], [ 78.322300860988477, 17.424934412597121 ], [ 78.322081952195347, 17.424943930813484 ], [ 78.321901112340726, 17.424934414426822 ], [ 78.321634611900947, 17.424896341745043 ], [ 78.321396666026331, 17.424877306088096 ], [ 78.320987399467981, 17.424820199106751 ], [ 78.320835112617317, 17.424848752778193 ], [ 78.320739934634275, 17.424886822743535 ], [ 78.32071138037368, 17.424943931337442 ], [ 78.320711380603115, 17.424991520691588 ], [ 78.320711381117476, 17.425058145426156 ], [ 78.320778005221115, 17.425124769810449 ], [ 78.320930291599126, 17.425200912557184 ], [ 78.321206308551481, 17.425296092282959 ], [ 78.321415702362543, 17.425353198757033 ], [ 78.321587021816427, 17.425419824310186 ], [ 78.321777380385711, 17.425486448026188 ], [ 78.321872558005055, 17.425562590743844 ], [ 78.321948700868106, 17.425657769647785 ], [ 78.32200580764065, 17.425752947561417 ], [ 78.322081951845931, 17.425838608739245 ], [ 78.322205683355719, 17.425905233674971 ], [ 78.322357967610202, 17.425962340871838 ], [ 78.322614949412667, 17.426048001023776 ], [ 78.322767235780489, 17.426105107947137 ], [ 78.322929039227603, 17.426209804052348 ], [ 78.322957592216326, 17.426266911898654 ], [ 78.322957593272605, 17.426343054273996 ], [ 78.32293855715821, 17.426419195759568 ], [ 78.322938557462408, 17.426485822247848 ], [ 78.323014700412287, 17.426533411411558 ], [ 78.323049704892725, 17.426545078879915 ], [ 78.323186020704028, 17.426590517954416 ], [ 78.323262163848895, 17.426590517720403 ], [ 78.323309753096424, 17.42652389288634 ], [ 78.323347824378644, 17.426447751296948 ], [ 78.323338305140965, 17.426324018739951 ], [ 78.323281198726406, 17.426219321731054 ], [ 78.323262163939788, 17.426152698026772 ], [ 78.323328788762794, 17.426067036841367 ], [ 78.323462037728291, 17.426009930211613 ], [ 78.323481448349185, 17.426004383162926 ], [ 78.323595289076053, 17.425971857989101 ], [ 78.323719020185337, 17.425943305198487 ], [ 78.323833235081864, 17.425914749699544 ], [ 78.324004553912772, 17.425876680561998 ], [ 78.32411876869385, 17.425848127621656 ], [ 78.324261537290099, 17.42579101773018 ] ] ] } },
{ "type": "Feature", "properties": { "FID": 272, "Descr_1": "Water Bodies", "Descr_2": "Reservoir/Tanks", "Descr_3": "Reservoir/Tanks", "PI_CODE": " ", "LU_Code": "WBRT", "Shape_Area": 0.022081992621399999 }, "geometry": { "type": "Polygon", "coordinates": [ [ [ 78.306096470161023, 17.438701726692248 ], [ 78.305914801421451, 17.438729676059353 ], [ 78.305722065791002, 17.438751091367383 ], [ 78.305515052768712, 17.438786784081952 ], [ 78.305372284533846, 17.438822474944622 ], [ 78.30523665601514, 17.43887244366358 ], [ 78.3051010262772, 17.438936688285494 ], [ 78.304958259372768, 17.438993796058096 ], [ 78.304877443709003, 17.439016525183849 ], [ 78.30472983112486, 17.439058041431057 ], [ 78.304563309298786, 17.439081829836169 ], [ 78.304685433832461, 17.439719590993246 ], [ 78.305299334988533, 17.439619654815203 ], [ 78.305462525045129, 17.440530032184771 ], [ 78.306001161553027, 17.440483334861579 ], [ 78.306202102415014, 17.440483398226579 ], [ 78.306172805058878, 17.439989237104434 ], [ 78.306096470161023, 17.438701726692248 ] ] ] } },
{ "type": "Feature", "properties": { "FID": 273, "Descr_1": "Water Bodies", "Descr_2": "Reservoir/Tanks", "Descr_3": "Reservoir/Tanks", "PI_CODE": " ", "LU_Code": "WBRT", "Shape_Area": 0.035566263438700001 }, "geometry": { "type": "Polygon", "coordinates": [ [ [ 78.305278873271021, 17.435277137978883 ], [ 78.304408604559285, 17.435353221968366 ], [ 78.304292343120906, 17.435403769064436 ], [ 78.30418969267609, 17.435448398851651 ], [ 78.304056443981381, 17.435495988345711 ], [ 78.303904157545404, 17.435524541675566 ], [ 78.303753211796277, 17.43555632038953 ], [ 78.303723318911437, 17.435562611870512 ], [ 78.303609105285275, 17.435610201842955 ], [ 78.303551997936339, 17.435676826689814 ], [ 78.303551998112738, 17.435791041235561 ], [ 78.303571033371654, 17.43591477329613 ], [ 78.303713801418382, 17.436019470101346 ], [ 78.303923193239427, 17.43612416625388 ], [ 78.304104034159437, 17.436228863389815 ], [ 78.304161141459119, 17.436305004970553 ], [ 78.304284871558522, 17.436381146761008 ], [ 78.304408604416295, 17.436514398018904 ], [ 78.304446673945804, 17.436628612086494 ], [ 78.304456192344446, 17.436742825574353 ], [ 78.304446675594733, 17.436895110759298 ], [ 78.304418121121955, 17.437018843172066 ], [ 78.304446674743133, 17.437142575886192 ], [ 78.304570407352657, 17.437218718408516 ], [ 78.304670819142885, 17.437247408387883 ], [ 78.304710635671228, 17.437258784133473 ], [ 78.304836905789656, 17.437294860895186 ], [ 78.305179548765636, 17.43732341468057 ], [ 78.305197703188156, 17.437322203797063 ], [ 78.305465083346178, 17.437304378760654 ], [ 78.305817244138012, 17.43717112870052 ], [ 78.305828233992358, 17.437150980621659 ], [ 78.305650066603519, 17.436438313666095 ], [ 78.305573924701022, 17.435305690951967 ], [ 78.305278873271021, 17.435277137978883 ] ] ] } },
{ "type": "Feature", "properties": { "FID": 274, "Descr_1": "Water Bodies", "Descr_2": "Lakes/Ponds", "Descr_3": "Lakes/Ponds", "PI_CODE": " ", "LU_Code": "WBLP", "Shape_Area": 0.0092426952865799997 }, "geometry": { "type": "Polygon", "coordinates": [ [ [ 78.33988285625145, 17.429711504453145 ], [ 78.339123808365017, 17.430082698857088 ], [ 78.339135707926644, 17.430546694289344 ], [ 78.339637616669506, 17.430612421237424 ], [ 78.340058969057054, 17.430667598384112 ], [ 78.340225500154332, 17.430387268752167 ], [ 78.340225500177596, 17.430139806101796 ], [ 78.34019694591035, 17.429958966667986 ], [ 78.339997071915107, 17.42975909337288 ], [ 78.339926765623488, 17.429729797639826 ], [ 78.33988285625145, 17.429711504453145 ] ] ] } },
{ "type": "Feature", "properties": { "FID": 275, "Descr_1": "Water Bodies", "Descr_2": "Lakes/Ponds", "Descr_3": "Lakes/Ponds", "PI_CODE": " ", "LU_Code": "WBLP", "Shape_Area": 0.0082640811179399993 }, "geometry": { "type": "Polygon", "coordinates": [ [ [ 78.324835338065583, 17.432916123242872 ], [ 78.324754729680322, 17.432963830738412 ], [ 78.324409791411966, 17.433004721267949 ], [ 78.324272998265727, 17.433020937374742 ], [ 78.324023155389725, 17.433092320832934 ], [ 78.323868490171023, 17.433139909708139 ], [ 78.323773312349701, 17.433211294064417 ], [ 78.323666236400726, 17.433306472562773 ], [ 78.323654338340347, 17.433449239648031 ], [ 78.323678133551155, 17.433544418740301 ], [ 78.323749517379412, 17.433639596632517 ], [ 78.323844693637582, 17.433687186068855 ], [ 78.323923345589989, 17.433699286042799 ], [ 78.323999361302612, 17.433710980975722 ], [ 78.324296794432229, 17.433615801684081 ], [ 78.324510943657614, 17.433556317337178 ], [ 78.324641813974367, 17.433532521012022 ], [ 78.324807535986253, 17.433480734086068 ], [ 78.324832171582472, 17.433473034811346 ], [ 78.324903555965079, 17.433425445763451 ], [ 78.324963042015057, 17.433342164046472 ], [ 78.324974938176112, 17.433199396869881 ], [ 78.324974939185026, 17.433068526235687 ], [ 78.324915452081868, 17.432973348138443 ], [ 78.324835338065583, 17.432916123242872 ] ] ] } },
{ "type": "Feature", "properties": { "FID": 276, "Descr_1": "Water Bodies", "Descr_2": "Reservoir/Tanks", "Descr_3": "Reservoir/Tanks", "PI_CODE": " ", "LU_Code": "WBRT", "Shape_Area": 0.019115768284 }, "geometry": { "type": "Polygon", "coordinates": [ [ [ 78.328448158981544, 17.428615861435699 ], [ 78.328383913806334, 17.428615860951819 ], [ 78.328348221919498, 17.42863013933713 ], [ 78.328326807416417, 17.428644413718946 ], [ 78.328326679819867, 17.428644882426536 ], [ 78.328305391925269, 17.428722938003219 ], [ 78.328319666892753, 17.428837152328803 ], [ 78.328348222315384, 17.429008472307274 ], [ 78.328348221847065, 17.42912268611661 ], [ 78.328333945143441, 17.429229761840048 ], [ 78.32826256232461, 17.429379668159179 ], [ 78.328219730867076, 17.42945105223987 ], [ 78.328148346867096, 17.429572403689878 ], [ 78.328134069806723, 17.429686617849917 ], [ 78.328141208972013, 17.429765141341644 ], [ 78.328191177292112, 17.429886492715415 ], [ 78.328298252879208, 17.429965015306493 ], [ 78.328339319090333, 17.430057517415026 ], [ 78.328375011380032, 17.43013603919275 ], [ 78.328389286989577, 17.430200284137221 ], [ 78.328410703011315, 17.430271667830105 ], [ 78.32840356383926, 17.430385882218921 ], [ 78.32838214853588, 17.430485820059577 ], [ 78.328360734256947, 17.430550064644006 ], [ 78.328360734278803, 17.430614310887904 ], [ 78.328367870650737, 17.430664278610568 ], [ 78.328439255893883, 17.430707110191694 ], [ 78.328440698697236, 17.430707213331402 ], [ 78.328539193416304, 17.43071424676295 ], [ 78.328624855181573, 17.430657141087305 ], [ 78.328681960883287, 17.430535788124047 ], [ 78.328681960801376, 17.430400158968425 ], [ 78.328696239284241, 17.430293083301365 ], [ 78.328731931319666, 17.430143176601238 ], [ 78.328760483400686, 17.430071793732637 ], [ 78.328796174951364, 17.429971856315692 ], [ 78.328856790799222, 17.429911240299944 ], [ 78.328947846447321, 17.429872215985121 ], [ 78.329104890363922, 17.42984366271336 ], [ 78.329261934666121, 17.429836523847282 ], [ 78.329383287106225, 17.429836524040539 ], [ 78.329518917128254, 17.429829386136742 ], [ 78.329661683820817, 17.429786555971855 ], [ 78.329754483259208, 17.429743726074268 ], [ 78.329847281727055, 17.429700895220115 ], [ 78.329947220108565, 17.429643786694964 ], [ 78.330032879540767, 17.429565265890396 ], [ 78.330032880148366, 17.429537219308379 ], [ 78.330032878972219, 17.42950101961576 ], [ 78.330004326930293, 17.429458189791532 ], [ 78.329954357730344, 17.429422497804566 ], [ 78.329725930592886, 17.429386806052868 ], [ 78.329272615127536, 17.429219428328306 ], [ 78.329261934640726, 17.42921548469786 ], [ 78.32903350681535, 17.429072716857462 ], [ 78.328769385771807, 17.428830011567349 ], [ 78.328689333868923, 17.428728278612869 ], [ 78.328540958047213, 17.428644414108174 ], [ 78.328448158981544, 17.428615861435699 ] ] ] } },
{ "type": "Feature", "properties": { "FID": 277, "Descr_1": "Water Bodies", "Descr_2": "Reservoir/Tanks", "Descr_3": "Reservoir/Tanks", "PI_CODE": " ", "LU_Code": "WBRT", "Shape_Area": 0.015001503979699999 }, "geometry": { "type": "Polygon", "coordinates": [ [ [ 78.334306392227575, 17.429733613266265 ], [ 78.334263562646257, 17.429576567446851 ], [ 78.334249285081441, 17.429455216904657 ], [ 78.334242147142248, 17.429283895308799 ], [ 78.334249284787617, 17.429169678881188 ], [ 78.334277839335883, 17.429034050840571 ], [ 78.334270701261843, 17.428769930848553 ], [ 78.334270700202666, 17.428684270944409 ], [ 78.334170762550713, 17.428577194769098 ], [ 78.334105432419221, 17.42855852935887 ], [ 78.333549724211935, 17.42897694486204 ], [ 78.333314157195957, 17.429255340670078 ], [ 78.333264187968922, 17.429326725662229 ], [ 78.333235634896042, 17.429376693705642 ], [ 78.333214220380057, 17.429455215733086 ], [ 78.333192804987306, 17.429512323230885 ], [ 78.333184728330949, 17.42954463040536 ], [ 78.333178528292706, 17.429569429920083 ], [ 78.333178528017726, 17.429633675266214 ], [ 78.333192805044078, 17.429719337127658 ], [ 78.333235635194441, 17.429776441849544 ], [ 78.333299879580011, 17.429826412873975 ], [ 78.333378401588021, 17.429840688089268 ], [ 78.333456924580943, 17.429840687248113 ], [ 78.333556861738529, 17.429862103838126 ], [ 78.333621108204085, 17.429883519092805 ], [ 78.333678214999367, 17.429933486311093 ], [ 78.333721045314519, 17.429983455171364 ], [ 78.333763874676706, 17.430047701856349 ], [ 78.333842396729509, 17.430133361605659 ], [ 78.333845365402951, 17.430135521165436 ], [ 78.333920918846914, 17.430190469249879 ], [ 78.334013719398683, 17.430247577017433 ], [ 78.334120793706532, 17.430290406085287 ], [ 78.334199316861074, 17.43029754524904 ], [ 78.334277839066942, 17.430283268058471 ], [ 78.334363498919956, 17.430197607089259 ], [ 78.334384913963461, 17.430097669572554 ], [ 78.334384914630903, 17.429962042254221 ], [ 78.334306392227575, 17.429733613266265 ] ] ] } },
{ "type": "Feature", "properties": { "FID": 278, "Descr_1": "Water Bodies", "Descr_2": "Reservoir/Tanks", "Descr_3": "Reservoir/Tanks", "PI_CODE": " ", "LU_Code": "WBRT", "Shape_Area": 0.0138588693463 }, "geometry": { "type": "Polygon", "coordinates": [ [ [ 78.315692062263906, 17.435910406945982 ], [ 78.315323043082017, 17.436121167437378 ], [ 78.314730829014124, 17.436664652764225 ], [ 78.314553058662511, 17.436827797757413 ], [ 78.314136652929264, 17.437131177699484 ], [ 78.313967125603384, 17.437323309589324 ], [ 78.314182497326343, 17.437345286040554 ], [ 78.314289573910472, 17.437380976557552 ], [ 78.314444237756788, 17.43740477195789 ], [ 78.314622698048865, 17.437392874958022 ], [ 78.314860643864307, 17.437369079925425 ], [ 78.315003411038603, 17.437357181777699 ], [ 78.315217562587009, 17.43729769595992 ], [ 78.315513693412626, 17.437222319058158 ], [ 78.315526892547624, 17.437202518033658 ], [ 78.315550686536724, 17.437083545136115 ], [ 78.315561434924945, 17.436954580592953 ], [ 78.315562585077558, 17.436940776864905 ], [ 78.315562585266633, 17.436821804099516 ], [ 78.315550687227883, 17.436679035925813 ], [ 78.315514995882424, 17.436571961083924 ], [ 78.315503098925362, 17.436381603785815 ], [ 78.315538790110807, 17.436286424434311 ], [ 78.315622071361886, 17.436215042073403 ], [ 78.315752941788745, 17.436143657556411 ], [ 78.315861776735503, 17.436089239718651 ], [ 78.315787240147188, 17.435996067823584 ], [ 78.315692062263906, 17.435910406945982 ] ] ] } },
{ "type": "Feature", "properties": { "FID": 279, "Descr_1": "Water Bodies", "Descr_2": "Reservoir/Tanks", "Descr_3": "Reservoir/Tanks", "PI_CODE": " ", "LU_Code": "WBRT", "Shape_Area": 0.070860734918500007 }, "geometry": { "type": "Polygon", "coordinates": [ [ [ 78.33658765982139, 17.448726291921819 ], [ 78.33667094158946, 17.448643011369363 ], [ 78.336688789189708, 17.448529985904468 ], [ 78.336682838657438, 17.448428858745824 ], [ 78.336617403963075, 17.448375321249468 ], [ 78.336486533863095, 17.448327731725829 ], [ 78.336248587833765, 17.448274194005826 ], [ 78.335969001187109, 17.448250400338011 ], [ 78.335564492876344, 17.448155221202107 ], [ 78.33546336593831, 17.448077888894808 ], [ 78.335421724629001, 17.447988659282569 ], [ 78.335427673596868, 17.447869684866788 ], [ 78.335493109875557, 17.447738815903715 ], [ 78.335516903435959, 17.447667432102001 ], [ 78.335505006200307, 17.447601998448366 ], [ 78.335439570630612, 17.447601995934907 ], [ 78.335290854074856, 17.447637689205969 ], [ 78.33513610219299, 17.447684974837955 ], [ 78.335076702638688, 17.447703124348145 ], [ 78.334868500436897, 17.447816146612183 ], [ 78.334713834993465, 17.447917274895037 ], [ 78.334541323761272, 17.44800055602839 ], [ 78.334291481343286, 17.448012452995737 ], [ 78.334035687824326, 17.448012454349726 ], [ 78.333744205008287, 17.448012454185342 ], [ 78.333381337152559, 17.447958915628256 ], [ 78.333089852771579, 17.447905378264654 ], [ 78.332875702921044, 17.44784589080594 ], [ 78.332679395650501, 17.447780456781892 ], [ 78.332251092773845, 17.447596047721806 ], [ 78.332036942108999, 17.44754845886257 ], [ 78.331907234144779, 17.4475723522084 ], [ 78.331810892572804, 17.447590098217869 ], [ 78.331685970628669, 17.447655535229057 ], [ 78.33160269046499, 17.447774507789394 ], [ 78.331513459537589, 17.447911327708074 ], [ 78.331506430453516, 17.447922311390695 ], [ 78.3314182823284, 17.448060043034925 ], [ 78.331340949445064, 17.448155220570293 ], [ 78.33123387426356, 17.448214708406361 ], [ 78.331108951626092, 17.448226604254167 ], [ 78.330966183601902, 17.448220656315108 ], [ 78.330829364572864, 17.44822660457131 ], [ 78.330698495433325, 17.448244450853565 ], [ 78.330609264613614, 17.44832773137966 ], [ 78.330639007776981, 17.448446704727942 ], [ 78.330686596940751, 17.448547831559381 ], [ 78.33075203334981, 17.448613266755352 ], [ 78.330954287077958, 17.448744137766091 ], [ 78.331049464769805, 17.448815521582091 ], [ 78.331138694906386, 17.448886905839259 ], [ 78.33121007896186, 17.448946392926239 ], [ 78.331287411442887, 17.448952341433071 ], [ 78.331394488410865, 17.448928545657303 ], [ 78.331507511058732, 17.448904752021335 ], [ 78.331602689908763, 17.448904752401635 ], [ 78.331715713552171, 17.448928545655292 ], [ 78.331823515301011, 17.448985140925977 ], [ 78.331953661259689, 17.449053468014938 ], [ 78.332342944560537, 17.449237708856952 ], [ 78.332398098750417, 17.449263813020181 ], [ 78.332554473845448, 17.44926167064364 ], [ 78.332631807012916, 17.44923787590297 ], [ 78.332675579291603, 17.449206041631857 ], [ 78.332697241925388, 17.449190286859888 ], [ 78.332709139309458, 17.449154594687471 ], [ 78.332691293027239, 17.449101057265437 ], [ 78.332685345216689, 17.449035622979956 ], [ 78.33270319102094, 17.448976134985656 ], [ 78.332810265148098, 17.448976134671831 ], [ 78.33295303441119, 17.448976134817368 ], [ 78.333101749671258, 17.448982085393109 ], [ 78.333244518301726, 17.448988032804447 ], [ 78.333381337119889, 17.448988033174036 ], [ 78.333518155986908, 17.448970187434384 ], [ 78.33364902597846, 17.448946391966821 ], [ 78.333833435138885, 17.448946392227278 ], [ 78.333946459356056, 17.448976135386946 ], [ 78.333998622742314, 17.449023558136762 ], [ 78.334011893839246, 17.449035622064034 ], [ 78.334130866713352, 17.4490832105907 ], [ 78.334255789082846, 17.449077262246195 ], [ 78.334350967335936, 17.449047518626983 ], [ 78.334376526252626, 17.449035347661344 ], [ 78.33447588860777, 17.44898803298257 ], [ 78.334559170888042, 17.448946391865682 ], [ 78.334701937767164, 17.448904752205831 ], [ 78.334735805454699, 17.448897226007482 ], [ 78.334862550613366, 17.44886905999557 ], [ 78.335017217239781, 17.448809572976533 ], [ 78.335076703462263, 17.448756035410888 ], [ 78.335243265460861, 17.448750087816766 ], [ 78.33536818807363, 17.44881552200858 ], [ 78.335505004735936, 17.448922597117139 ], [ 78.33558507834212, 17.449023557142088 ], [ 78.335641824583973, 17.449095107873916 ], [ 78.335933308737935, 17.449333054754444 ], [ 78.336004693310315, 17.449315208679106 ], [ 78.336058230853766, 17.449231927799161 ], [ 78.336064179067634, 17.449166492387864 ], [ 78.336052282338954, 17.44911295375373 ], [ 78.336058230739084, 17.449005878835788 ], [ 78.336086491107395, 17.448975444383191 ], [ 78.336135563364024, 17.44892259729529 ], [ 78.33622479172675, 17.448863110676061 ], [ 78.33633781841074, 17.448809572674666 ], [ 78.336444891977905, 17.448773881202055 ], [ 78.33658765982139, 17.448726291921819 ] ] ] } },
{ "type": "Feature", "properties": { "FID": 280, "Descr_1": "Water Bodies", "Descr_2": "Reservoir/Tanks", "Descr_3": "Reservoir/Tanks", "PI_CODE": " ", "LU_Code": "WBRT", "Shape_Area": 0.037753680001499999 }, "geometry": { "type": "Polygon", "coordinates": [ [ [ 78.321514369162557, 17.445622760778701 ], [ 78.321571478466225, 17.445508547109608 ], [ 78.32162858390808, 17.445270600956601 ], [ 78.321638102067553, 17.445080245360067 ], [ 78.321656784534355, 17.444902755330027 ], [ 78.321657138034368, 17.444899404664856 ], [ 78.321685690944904, 17.444785191709951 ], [ 78.321752315625957, 17.444623387223427 ], [ 78.321780870236637, 17.444480619643478 ], [ 78.321742796691566, 17.444366405557389 ], [ 78.321619065596849, 17.444280744945932 ], [ 78.321504852189108, 17.444271226940678 ], [ 78.321451858045492, 17.444339362332805 ], [ 78.321438226979637, 17.444356887824174 ], [ 78.321400156319257, 17.444518690557185 ], [ 78.321343048777919, 17.444642422758911 ], [ 78.321219316822152, 17.444699531391695 ], [ 78.321124139008731, 17.444699530886492 ], [ 78.321063096908929, 17.444711739207364 ], [ 78.320874988934506, 17.444682476943942 ], [ 78.320696530190858, 17.44468247612151 ], [ 78.320553761829714, 17.444694376277749 ], [ 78.320434788740144, 17.444730067401558 ], [ 78.320351507763235, 17.444843091014079 ], [ 78.320332053216674, 17.44492091042056 ], [ 78.320321765410071, 17.444962064172572 ], [ 78.320309866634716, 17.445128624791526 ], [ 78.320268227100641, 17.445313034150097 ], [ 78.320190893063128, 17.445491494263756 ], [ 78.320119509769896, 17.445640211359144 ], [ 78.320067657950887, 17.445746492853356 ], [ 78.319953443600781, 17.445765527723392 ], [ 78.319820193703634, 17.445765529827515 ], [ 78.319667908208444, 17.44572745669625 ], [ 78.319506105399057, 17.44567035084966 ], [ 78.31937285465979, 17.445670349950674 ], [ 78.319277677311007, 17.445736975447801 ], [ 78.319249121765353, 17.445832153722893 ], [ 78.319258640836154, 17.445898778875534 ], [ 78.319363336873508, 17.445955885934563 ], [ 78.319544177435219, 17.446003476361764 ], [ 78.319696461835875, 17.446051064446365 ], [ 78.319810676213734, 17.446108171401328 ], [ 78.319915371996714, 17.446203348566488 ], [ 78.319943927436213, 17.446298526684764 ], [ 78.319981996207531, 17.446469849230336 ], [ 78.320015884432465, 17.446554568063952 ], [ 78.320017778677595, 17.446559302987666 ], [ 78.320272997608598, 17.446615095094437 ], [ 78.320314531259527, 17.446624174351772 ], [ 78.320914747431274, 17.446755384287055 ], [ 78.321006659075408, 17.44676559672294 ], [ 78.321086067148386, 17.446774421400747 ], [ 78.321209799237479, 17.44678393785204 ], [ 78.32128608289031, 17.446736260610439 ], [ 78.321362085357308, 17.446688759021949 ], [ 78.321514369963651, 17.446545991185054 ], [ 78.321542924361239, 17.446393707064672 ], [ 78.32150485163605, 17.446184314375522 ], [ 78.32145726317205, 17.44602250963186 ], [ 78.32145726188854, 17.445851189245531 ], [ 78.321514369162557, 17.445622760778701 ] ] ] } },
{ "type": "Feature", "properties": { "FID": 281, "Descr_1": "Water Bodies", "Descr_2": "Reservoir/Tanks", "Descr_3": "Reservoir/Tanks", "PI_CODE": " ", "LU_Code": "WBRT", "Shape_Area": 0.019183949610899999 }, "geometry": { "type": "Polygon", "coordinates": [ [ [ 78.302006926327977, 17.442516232084092 ], [ 78.302013101078799, 17.442528584100863 ], [ 78.302041655065906, 17.442709422574666 ], [ 78.302003583131381, 17.443194833027952 ], [ 78.301984545765023, 17.4436612081258 ], [ 78.302022618695347, 17.443908670751931 ], [ 78.302117797742909, 17.444137099899908 ], [ 78.302152273047184, 17.444185366201058 ], [ 78.302260565336724, 17.444336975181034 ], [ 78.30242236895441, 17.444356010205325 ], [ 78.302528764099463, 17.44433473093471 ], [ 78.302668542845694, 17.444188739960865 ], [ 78.302754204431707, 17.444117355331812 ], [ 78.302776949136771, 17.44409587437325 ], [ 78.302839865254057, 17.444036453945309 ], [ 78.302906488877738, 17.443960310031624 ], [ 78.302944562144091, 17.443917481077193 ], [ 78.303187265827773, 17.443584357431245 ], [ 78.303206301315186, 17.443493936786936 ], [ 78.303206302038902, 17.443427311654471 ], [ 78.303192023620838, 17.443351169399318 ], [ 78.30315395315651, 17.44325123233855 ], [ 78.303106363235017, 17.443137016601209 ], [ 78.303077810736511, 17.443041837829792 ], [ 78.303058775175813, 17.44295141916297 ], [ 78.303015945841096, 17.442870517775244 ], [ 78.302939802051981, 17.442794376202823 ], [ 78.302863658796994, 17.442737267138206 ], [ 78.30274944513215, 17.442694437776602 ], [ 78.302582883146812, 17.442651606217733 ], [ 78.302425839428139, 17.442632571739985 ], [ 78.302283070127032, 17.442589741238439 ], [ 78.302145061948565, 17.442556427836319 ], [ 78.302011812441862, 17.442518358243603 ], [ 78.302006926327977, 17.442516232084092 ] ] ] } },
{ "type": "Feature", "properties": { "FID": 282, "Descr_1": "Water Bodies", "Descr_2": "Reservoir/Tanks", "Descr_3": "Reservoir/Tanks", "PI_CODE": " ", "LU_Code": "WBRT", "Shape_Area": 0.0071342984117299998 }, "geometry": { "type": "Polygon", "coordinates": [ [ [ 78.309876703034988, 17.440492719279977 ], [ 78.30926335084088, 17.440812172946917 ], [ 78.308909538709244, 17.440996452068219 ], [ 78.308957934736455, 17.441013824383617 ], [ 78.309112600350147, 17.441120899441795 ], [ 78.309231573150186, 17.441204179919612 ], [ 78.309362442546941, 17.44126366788597 ], [ 78.309451674076129, 17.441317207368868 ], [ 78.309600388679144, 17.441376691959782 ], [ 78.3097729008134, 17.441418331775314 ], [ 78.309879975660607, 17.441418333085952 ], [ 78.309987052415394, 17.441418332557198 ], [ 78.310058435224008, 17.441406435350579 ], [ 78.310135767723537, 17.441388588941528 ], [ 78.310165510386426, 17.441346949789061 ], [ 78.310165510719841, 17.441287462154595 ], [ 78.310147664847619, 17.441204180562199 ], [ 78.310088178637301, 17.441109003159699 ], [ 78.310022742640157, 17.441049516021664 ], [ 78.309951359591039, 17.440972183551089 ], [ 78.309915668015705, 17.440900800182451 ], [ 78.309891873319572, 17.440799673217665 ], [ 78.309891873289345, 17.440692597427443 ], [ 78.309891873156474, 17.440573623917849 ], [ 78.309876703034988, 17.440492719279977 ] ] ] } },
{ "type": "Feature", "properties": { "FID": 283, "Descr_1": "Water Bodies", "Descr_2": "Reservoir/Tanks", "Descr_3": "Reservoir/Tanks", "PI_CODE": " ", "LU_Code": "WBRT", "Shape_Area": 0.017906737388199999 }, "geometry": { "type": "Polygon", "coordinates": [ [ [ 78.358076638322757, 17.443543281084342 ], [ 78.357933441121261, 17.44357112470702 ], [ 78.35789060989616, 17.443642507864023 ], [ 78.357895368983506, 17.443737686552751 ], [ 78.357904886863707, 17.443837624591112 ], [ 78.357881093141998, 17.443937562764877 ], [ 78.357833502715224, 17.444032740199713 ], [ 78.35779067280933, 17.444113641827474 ], [ 78.357724047886677, 17.44425641033024 ], [ 78.357635843604868, 17.444500972433687 ], [ 78.35761935216081, 17.444546702678984 ], [ 78.357571762161896, 17.4448132037463 ], [ 78.357571761355118, 17.445008319123737 ], [ 78.357571762617326, 17.445136809639539 ], [ 78.357609832544327, 17.445251025134482 ], [ 78.35768720526454, 17.445265242367995 ], [ 78.357725820900697, 17.445269378665152 ], [ 78.357869941052769, 17.445284820550462 ], [ 78.358320320104539, 17.445333074610378 ], [ 78.358388878983234, 17.445340420814311 ], [ 78.358552100306213, 17.445227230048395 ], [ 78.358590171655649, 17.445179641104282 ], [ 78.358609205843848, 17.445098738873547 ], [ 78.358609206983999, 17.44502259734352 ], [ 78.35859493079883, 17.444917900066386 ], [ 78.358599689678812, 17.444827479978755 ], [ 78.358599998292448, 17.444824863007902 ], [ 78.358609206728119, 17.44474657755412 ], [ 78.358783742399098, 17.444145162763853 ], [ 78.358773639164738, 17.444123697931179 ], [ 78.358668943091317, 17.443999964599307 ], [ 78.358526175269759, 17.443895270125758 ], [ 78.35833581867081, 17.443742983006462 ], [ 78.358126426358439, 17.443590697994395 ], [ 78.358076638322757, 17.443543281084342 ] ] ] } },
{ "type": "Feature", "properties": { "FID": 284, "Descr_1": "Water Bodies", "Descr_2": "Reservoir/Tanks", "Descr_3": "Reservoir/Tanks", "PI_CODE": " ", "LU_Code": "WBRT", "Shape_Area": 0.040893196831399997 }, "geometry": { "type": "Polygon", "coordinates": [ [ [ 78.397933240743797, 17.449284628210147 ], [ 78.397897549822517, 17.449213243063017 ], [ 78.397876134056588, 17.449206104583393 ], [ 78.397833303384772, 17.449206105292916 ], [ 78.397776195591732, 17.449248935903473 ], [ 78.397719089239885, 17.449284627230313 ], [ 78.397619150723642, 17.449327456666911 ], [ 78.397533490680104, 17.449334597274579 ], [ 78.397369309313021, 17.449320319189894 ], [ 78.397233679150659, 17.449277489148017 ], [ 78.397055219060874, 17.449213242629067 ], [ 78.39698273699328, 17.44916492206513 ], [ 78.396876759812926, 17.449027646196011 ], [ 78.396841068016315, 17.448899154697017 ], [ 78.396848207082613, 17.448792078735792 ], [ 78.396812514939683, 17.448656449734809 ], [ 78.396726855103609, 17.448542234794573 ], [ 78.396634055345302, 17.448485127996719 ], [ 78.39650556359922, 17.448463713293613 ], [ 78.396369934982616, 17.448470852284949 ], [ 78.396198614646394, 17.44852081985406 ], [ 78.396098677444442, 17.448606480716983 ], [ 78.395970186396966, 17.448727833365428 ], [ 78.395891448409927, 17.448872185066335 ], [ 78.395828317700506, 17.448987924116196 ], [ 78.396203800692717, 17.449999999008597 ], [ 78.396446233771798, 17.450613740577101 ], [ 78.396601579616515, 17.450644250649017 ], [ 78.396884094908145, 17.450698500930411 ], [ 78.397165753380278, 17.450820695610368 ], [ 78.397412230171454, 17.450925494275342 ], [ 78.397729925331362, 17.450997139031994 ], [ 78.397842571921217, 17.450899183164879 ], [ 78.397935371449122, 17.450820661131893 ], [ 78.398035309069485, 17.450599371262985 ], [ 78.398077640887223, 17.449999999678635 ], [ 78.397968931640335, 17.449477363093269 ], [ 78.397954655695386, 17.449370287951808 ], [ 78.397933240743797, 17.449284628210147 ] ] ] } },
{ "type": "Feature", "properties": { "FID": 285, "Descr_1": "Water Bodies", "Descr_2": "Reservoir/Tanks", "Descr_3": "Reservoir/Tanks", "PI_CODE": " ", "LU_Code": "WBRT", "Shape_Area": 0.389286450216 }, "geometry": { "type": "Polygon", "coordinates": [ [ [ 78.391155010738956, 17.435901478020451 ], [ 78.391207059962184, 17.435837420705777 ], [ 78.391359345446119, 17.435675618420785 ], [ 78.391521148940811, 17.435504297142288 ], [ 78.391673434317624, 17.435323456692792 ], [ 78.391682952404878, 17.43508551078563 ], [ 78.391692469923782, 17.434828527825417 ], [ 78.391711506150756, 17.434676242662594 ], [ 78.391711505464755, 17.434533567171488 ], [ 78.391711506060332, 17.434514439726861 ], [ 78.391692470275231, 17.434266976348816 ], [ 78.391673434058831, 17.434067101886313 ], [ 78.391701987548387, 17.433876744944232 ], [ 78.391759093943421, 17.433829156420185 ], [ 78.391835237646475, 17.433733977271444 ], [ 78.391892344543209, 17.433457958810518 ], [ 78.391825720396753, 17.433305674291141 ], [ 78.391768611584496, 17.43317242365179 ], [ 78.391663916344143, 17.433162906591672 ], [ 78.39169246992094, 17.432820264128019 ], [ 78.391701988344963, 17.432629906030673 ], [ 78.391587773696756, 17.432477621430269 ], [ 78.391425970347839, 17.432363408153495 ], [ 78.391245130960755, 17.432163533279933 ], [ 78.391159471076364, 17.432011246449655 ], [ 78.390845382373882, 17.431487766155939 ], [ 78.390655025011441, 17.431011873638763 ], [ 78.390607436004174, 17.430802480329376 ], [ 78.39056936377807, 17.430526463274632 ], [ 78.390588399720869, 17.430107678935453 ], [ 78.390645507264281, 17.429907804087431 ], [ 78.390750204247183, 17.429717446987851 ], [ 78.390873934686724, 17.429565161446863 ], [ 78.390997666664745, 17.429479501060431 ], [ 78.391178505922014, 17.429355768883486 ], [ 78.391340309869207, 17.429213001106799 ], [ 78.391559221055473, 17.429041680817832 ], [ 78.391768613143867, 17.428946500807672 ], [ 78.391978004172785, 17.428946502319089 ], [ 78.392234985665269, 17.428898910781299 ], [ 78.392577629175477, 17.428832287213265 ], [ 78.392863166240446, 17.428689520094469 ], [ 78.393015450408939, 17.428603859030513 ], [ 78.393186771738101, 17.428518198800599 ], [ 78.393415200407702, 17.428489645148435 ], [ 78.393548448925813, 17.428480125663889 ], [ 78.393710253432928, 17.428508681593122 ], [ 78.393881573891349, 17.428480126590241 ], [ 78.394100484100463, 17.428403985411943 ], [ 78.394214698983717, 17.428327842165437 ], [ 78.394290840551136, 17.428194591381239 ], [ 78.394347947644761, 17.427975681048007 ], [ 78.394433608583824, 17.427832913892953 ], [ 78.394585895241804, 17.427728218256981 ], [ 78.394728661823734, 17.427604485008523 ], [ 78.394755434361059, 17.427563109651256 ], [ 78.394833358654196, 17.427442682288696 ], [ 78.394844673559049, 17.427363475249972 ], [ 78.394861912380165, 17.427242807663763 ], [ 78.394833357755218, 17.427071486293151 ], [ 78.394747697906524, 17.426995344377335 ], [ 78.394626646887133, 17.426963062879786 ], [ 78.394604931212683, 17.426957272391633 ], [ 78.394376502347342, 17.426957271684728 ], [ 78.394110002239628, 17.426985825579635 ], [ 78.393900609532722, 17.426985826118027 ], [ 78.393748324363955, 17.427004860758899 ], [ 78.393424717834463, 17.427071486240624 ], [ 78.393158219429168, 17.427128592787938 ], [ 78.392863164537047, 17.427157147331727 ], [ 78.39263473697055, 17.427147628946461 ], [ 78.392406308467329, 17.4270810035664 ], [ 78.392244505256826, 17.427052452053989 ], [ 78.392111255885581, 17.426738361900675 ], [ 78.392054148441503, 17.426414755383064 ], [ 78.392035110983613, 17.426252951693289 ], [ 78.391978005427234, 17.426224398390932 ], [ 78.391882827329809, 17.42631005921023 ], [ 78.391863790314588, 17.426405237287959 ], [ 78.391806683397832, 17.426519451273624 ], [ 78.391701987657129, 17.426595593837622 ], [ 78.391559220228956, 17.426633666347101 ], [ 78.391283203121631, 17.426633665973096 ], [ 78.39101479894714, 17.42656209174076 ], [ 78.390989734918264, 17.426597180047722 ], [ 78.390956423103063, 17.426692359929135 ], [ 78.39093738818012, 17.42677802029624 ], [ 78.390923111935379, 17.426849403120467 ], [ 78.390913592373536, 17.426939823288265 ], [ 78.390894557074049, 17.427049278190882 ], [ 78.390885038687799, 17.427149215098652 ], [ 78.390908833554391, 17.427206322355122 ], [ 78.390965941124605, 17.427234875952983 ], [ 78.391046843332575, 17.42727294676595 ], [ 78.391113468361766, 17.42731101942092 ], [ 78.391165815566225, 17.427358607945582 ], [ 78.391189611431841, 17.427449028266395 ], [ 78.391189609990676, 17.427534687897094 ], [ 78.391146780126647, 17.427634624675044 ], [ 78.391089672734722, 17.427725044767431 ], [ 78.391013530136902, 17.427786910815861 ], [ 78.390965940753134, 17.427839259077192 ], [ 78.390965939604726, 17.427867812878166 ], [ 78.391004013006395, 17.427934437700308 ], [ 78.391075396528578, 17.427977268090295 ], [ 78.391161056961678, 17.428005819669387 ], [ 78.391260993671978, 17.428034374745486 ], [ 78.391327619826598, 17.428067687155732 ], [ 78.391384725678591, 17.428124794416924 ], [ 78.391408520667611, 17.428177143225167 ], [ 78.391408520654906, 17.428210456303869 ], [ 78.391322861457482, 17.428262801573936 ], [ 78.391251476882502, 17.42829135668784 ], [ 78.391180093375596, 17.428324669250877 ], [ 78.391103949807103, 17.428357982402659 ], [ 78.391027807286434, 17.428396053904336 ], [ 78.390956423032947, 17.428438882208667 ], [ 78.390880281137967, 17.428467436934543 ], [ 78.390804137934495, 17.428481713810267 ], [ 78.39072799460692, 17.428491231388275 ], [ 78.39066612855008, 17.428462678368476 ], [ 78.390604262688058, 17.428362740812826 ], [ 78.39051860233613, 17.428219972873869 ], [ 78.390437700407247, 17.428124794260878 ], [ 78.390375834937188, 17.428115277333212 ], [ 78.390271138906613, 17.428115277161741 ], [ 78.390209272740833, 17.428115276004906 ], [ 78.390171201135402, 17.428077204877415 ], [ 78.390166443225169, 17.428001061691003 ], [ 78.390204513958636, 17.427872571908232 ], [ 78.390304451278951, 17.427810705822644 ], [ 78.390375835188337, 17.42779642882461 ], [ 78.390461495248942, 17.427777393403261 ], [ 78.390542396600125, 17.427734563113578 ], [ 78.390609022011489, 17.427667938292856 ], [ 78.390680405736617, 17.427610831368376 ], [ 78.390751789793441, 17.427491856609464 ], [ 78.390704199980703, 17.427334812243195 ], [ 78.390647092182604, 17.427258671281358 ], [ 78.39055667386576, 17.427182528291347 ], [ 78.390490049263789, 17.427115901638796 ], [ 78.390418664889481, 17.427058795916697 ], [ 78.390356797987621, 17.427054037326425 ], [ 78.390228308292237, 17.427101626576189 ], [ 78.390171200656809, 17.427106384970283 ], [ 78.390095057728473, 17.427068315028979 ], [ 78.39002843269968, 17.426973136202832 ], [ 78.389990361761861, 17.426863679552799 ], [ 78.390042710040348, 17.426758984305373 ], [ 78.390104575817062, 17.426716153861317 ], [ 78.390218790468737, 17.426730429835789 ], [ 78.390266379279765, 17.426739947738522 ], [ 78.390371076345531, 17.426735189564166 ], [ 78.390409147416918, 17.426678082448134 ], [ 78.390418664360993, 17.426587663163239 ], [ 78.390423424258344, 17.426502001971585 ], [ 78.390399627542621, 17.42635447474623 ], [ 78.390373586314837, 17.426258699144338 ], [ 78.390350454017678, 17.426233916105556 ], [ 78.390264793434355, 17.426157773230987 ], [ 78.389998294336863, 17.426034040591013 ], [ 78.38987399928449, 17.426020390322297 ], [ 78.389865045007795, 17.426024524358951 ], [ 78.389693721749111, 17.426072113214921 ], [ 78.389541437015211, 17.426100666122927 ], [ 78.389351080392601, 17.426100666153872 ], [ 78.389198796027145, 17.426100666790663 ], [ 78.389056026917629, 17.426100666129106 ], [ 78.388960848579316, 17.426129219789271 ], [ 78.388884705701741, 17.426176809104291 ], [ 78.388814398874871, 17.426217820821041 ], [ 78.388770491733254, 17.426243432850036 ], [ 78.38864675970926, 17.426319577125845 ], [ 78.388532546769525, 17.426405236946767 ], [ 78.38839929566862, 17.426490897128733 ], [ 78.388294600244492, 17.426548004560441 ], [ 78.388161350702219, 17.426624147869294 ], [ 78.387999545202888, 17.426728843718024 ], [ 78.387856779301515, 17.426814504701547 ], [ 78.387647385848481, 17.426928718940648 ], [ 78.387476065408393, 17.427023896063712 ], [ 78.387352333333112, 17.427100039572338 ], [ 78.387228601173547, 17.427176182102269 ], [ 78.387104868844617, 17.427242807819756 ], [ 78.386781262422886, 17.427528344357967 ], [ 78.386695601600763, 17.427652075051974 ], [ 78.386600422534173, 17.427785325296043 ], [ 78.386505245179379, 17.427899538424459 ], [ 78.386419584808692, 17.427975681707146 ], [ 78.386314888041611, 17.428042305766976 ], [ 78.386238744740751, 17.428108931192028 ], [ 78.386162603304584, 17.42819459188609 ], [ 78.386086459943229, 17.428299287803018 ], [ 78.386010317440224, 17.428413502240126 ], [ 78.385972245691534, 17.42848012707751 ], [ 78.385972245715251, 17.428527716165579 ], [ 78.385981763947356, 17.428613376586874 ], [ 78.386038871292456, 17.428718072573815 ], [ 78.386143566859545, 17.428822769708091 ], [ 78.38625778059162, 17.428841805229972 ], [ 78.386381513410996, 17.428832287662704 ], [ 78.386571869816535, 17.428813252266643 ], [ 78.38675270890468, 17.42878469741764 ], [ 78.386914512356498, 17.428737109277741 ], [ 78.387104868567874, 17.428708554865043 ], [ 78.387209565304786, 17.428765663309708 ], [ 78.387295225852597, 17.428841806416973 ], [ 78.38737136884717, 17.428994091647215 ], [ 78.387428475535998, 17.429146376296337 ], [ 78.387476065098824, 17.429308179650402 ], [ 78.387571243651152, 17.429755517287656 ], [ 78.387580589802056, 17.429811598124974 ], [ 78.387590279229116, 17.429869732985757 ], [ 78.387647386330741, 17.430022018419486 ], [ 78.387752082195675, 17.430193339894785 ], [ 78.387894849829507, 17.430307552913543 ], [ 78.388085208444949, 17.430374179359287 ], [ 78.388266046117792, 17.430440803105249 ], [ 78.388399296263373, 17.430507427861738 ], [ 78.388523027673841, 17.43060260472976 ], [ 78.388608688286936, 17.430726338071967 ], [ 78.388713385353853, 17.43089765992428 ], [ 78.388808562818909, 17.431030907823217 ], [ 78.38901795566936, 17.431535355291558 ], [ 78.389065544282531, 17.431697158985379 ], [ 78.389103617462325, 17.431858962040348 ], [ 78.389113135168216, 17.431992212075251 ], [ 78.389103616174779, 17.432125461707805 ], [ 78.389075063100023, 17.432249194252091 ], [ 78.389008438411935, 17.432372925100619 ], [ 78.388960849283137, 17.432487139603165 ], [ 78.388941812729939, 17.432620388553367 ], [ 78.388922776566318, 17.432782193060724 ], [ 78.388979883957376, 17.432953514051832 ], [ 78.389065543998669, 17.433134352744773 ], [ 78.389111498645164, 17.43321477318273 ], [ 78.38917975880473, 17.433334228548773 ], [ 78.389274938077435, 17.433486513129576 ], [ 78.389332044698889, 17.433638798731319 ], [ 78.389398669666889, 17.433781567329959 ], [ 78.389417705105416, 17.433857708573374 ], [ 78.389569684574198, 17.434475127115306 ], [ 78.389569990107489, 17.434476368644102 ], [ 78.389617580208011, 17.434704797063407 ], [ 78.389646134231683, 17.434876117663187 ], [ 78.389665169615739, 17.435037920917441 ], [ 78.389665168872952, 17.435044309686678 ], [ 78.389665169149723, 17.435161654309699 ], [ 78.389665168881024, 17.435294904397988 ], [ 78.389655769926762, 17.435320752359608 ], [ 78.389589025685723, 17.435504295790185 ], [ 78.389550955365721, 17.435656582215039 ], [ 78.389539110970162, 17.435757256594442 ], [ 78.389531919432528, 17.435818384743374 ], [ 78.389617579957061, 17.435932598843195 ], [ 78.389788900535294, 17.435932599046996 ], [ 78.389979258287951, 17.436027778162853 ], [ 78.390035632299146, 17.436068044661596 ], [ 78.39011250775188, 17.43612295623149 ], [ 78.39018865113276, 17.436151510180864 ], [ 78.390232514233603, 17.43615516462722 ], [ 78.390302865532476, 17.436161025824909 ], [ 78.390405281680074, 17.436193032760293 ], [ 78.390455150281781, 17.43620861683813 ], [ 78.390559846108317, 17.436256205772978 ], [ 78.390712132438452, 17.436284758704414 ], [ 78.390797793100688, 17.436256205586051 ], [ 78.390969114968769, 17.436113438134594 ], [ 78.391083327714867, 17.435989706024667 ], [ 78.391155010738956, 17.435901478020451 ] ] ] } },
{ "type": "Feature", "properties": { "FID": 286, "Descr_1": "Water Bodies", "Descr_2": "Reservoir/Tanks", "Descr_3": "Reservoir/Tanks", "PI_CODE": " ", "LU_Code": "WBRT", "Shape_Area": 0.19993816881400001 }, "geometry": { "type": "Polygon", "coordinates": [ [ [ 78.38726861559654, 17.418440269375651 ], [ 78.387461352770231, 17.418447408613446 ], [ 78.387547013173361, 17.418468823337065 ], [ 78.387668364640916, 17.418454546013159 ], [ 78.387796856558168, 17.41837602325862 ], [ 78.387918209717967, 17.418261809723507 ], [ 78.38801814560091, 17.418190425886522 ], [ 78.38812522086603, 17.418140456636916 ], [ 78.388196605452848, 17.418069073365594 ], [ 78.388189466952539, 17.417969136292268 ], [ 78.38826085197914, 17.417862059660226 ], [ 78.388382201695592, 17.417819229770622 ], [ 78.388503555715531, 17.417819228976736 ], [ 78.38859635467756, 17.417740708140936 ], [ 78.388674876185348, 17.417597939859462 ], [ 78.388753399118656, 17.417498004295513 ], [ 78.388746260690056, 17.417355235383475 ], [ 78.388689154439007, 17.417262436450347 ], [ 78.388639184694128, 17.417176775112853 ], [ 78.388689155239831, 17.417055422984191 ], [ 78.388746262354942, 17.416955487239751 ], [ 78.388760538588002, 17.416812718432755 ], [ 78.388731983560163, 17.416662811725576 ], [ 78.388632048225148, 17.416498629354074 ], [ 78.388532109908695, 17.416448660042622 ], [ 78.388453587366428, 17.416341583836864 ], [ 78.388346511888358, 17.416141710568649 ], [ 78.388303681268951, 17.41602035671006 ], [ 78.388282265715475, 17.415863313275239 ], [ 78.3883679265426, 17.415777652114482 ], [ 78.388432171551855, 17.415670576152298 ], [ 78.388403620401121, 17.415570638826203 ], [ 78.388303680359812, 17.415492117190027 ], [ 78.388168052345932, 17.415406455808373 ], [ 78.388068114409407, 17.415249413340149 ], [ 78.388018146003461, 17.415042399159052 ], [ 78.388053837043358, 17.414899631392789 ], [ 78.388132360340677, 17.414813971134315 ], [ 78.388203744335712, 17.414714032866783 ], [ 78.388203744432118, 17.414564127131055 ], [ 78.388182328859827, 17.414464189757357 ], [ 78.388096667533276, 17.414378528734439 ], [ 78.388046698978997, 17.41431428535774 ], [ 78.387918208428815, 17.414257176915076 ], [ 78.387789717535995, 17.414257178190027 ], [ 78.387682642042094, 17.414264315434625 ], [ 78.387532736091515, 17.414292869389776 ], [ 78.3873540351114, 17.414316470834965 ], [ 78.387325625188708, 17.414336532986404 ], [ 78.38724948184452, 17.414393639615142 ], [ 78.387187617364063, 17.414426952655091 ], [ 78.387087678873954, 17.414426952997459 ], [ 78.386978223721044, 17.41440791716445 ], [ 78.386878286092141, 17.414388881119979 ], [ 78.386792624700377, 17.41436508685673 ], [ 78.386767140450857, 17.414349159095128 ], [ 78.38655615800073, 17.414450011000053 ], [ 78.386383907598059, 17.414568253792719 ], [ 78.386383357682135, 17.414569720137415 ], [ 78.386326250832624, 17.414612550995866 ], [ 78.386292939608481, 17.41464110408932 ], [ 78.38622668638817, 17.414676179664792 ], [ 78.385587689000786, 17.415114824999822 ], [ 78.385166590000679, 17.415320776000048 ], [ 78.384793865000816, 17.415538113999908 ], [ 78.384740751547085, 17.415599273109255 ], [ 78.384703459788767, 17.415659514305808 ], [ 78.384663789292958, 17.415691250185215 ], [ 78.384564172000765, 17.415826597999974 ], [ 78.384546733000789, 17.415850293000066 ], [ 78.384507621767426, 17.415892438301587 ], [ 78.38450358264474, 17.415906978059116 ], [ 78.384475030360861, 17.415978361351815 ], [ 78.384384610934234, 17.416049745353124 ], [ 78.384303709335285, 17.416083057607604 ], [ 78.384213290167153, 17.416111610570336 ], [ 78.384113353326555, 17.41614492372797 ], [ 78.383999138151481, 17.416182994797882 ], [ 78.383937272270515, 17.416244860841509 ], [ 78.383884923045727, 17.41630196844007 ], [ 78.383840610771799, 17.416340564091065 ], [ 78.383863606347774, 17.416512907193219 ], [ 78.383884695064836, 17.416639436384315 ], [ 78.383885021559749, 17.416641397090338 ], [ 78.38396354425079, 17.416784163839086 ], [ 78.384099173991331, 17.416898378223419 ], [ 78.384234802924937, 17.417012594313032 ], [ 78.3842883080641, 17.417080177784417 ], [ 78.384370431627161, 17.417183913713053 ], [ 78.384470369226776, 17.417376649343819 ], [ 78.384541753434149, 17.417519417439053 ], [ 78.384841564733819, 17.418140458318931 ], [ 78.384898814819309, 17.418318561882302 ], [ 78.384905810966444, 17.418340331246288 ], [ 78.384977195457722, 17.418561623383841 ], [ 78.384995752802794, 17.418677619414101 ], [ 78.38500574781196, 17.418740080789728 ], [ 78.385041438535197, 17.418904264091211 ], [ 78.385084269626944, 17.419039892724928 ], [ 78.385112824216293, 17.419161245845459 ], [ 78.385184207733786, 17.419282598137521 ], [ 78.385248454046604, 17.419382534796547 ], [ 78.385319836817516, 17.419489610958482 ], [ 78.385412635559675, 17.419596686674868 ], [ 78.385439984858706, 17.419717804091892 ], [ 78.385462605172108, 17.419817978036107 ], [ 78.385533989115075, 17.419960744715006 ], [ 78.385612511471535, 17.420110650897765 ], [ 78.38565625642822, 17.420145647735794 ], [ 78.386419118170551, 17.419582707982595 ], [ 78.386801992138899, 17.419293558362078 ], [ 78.386901515229255, 17.419218396641728 ], [ 78.386876004798864, 17.419146969110574 ], [ 78.38686172663833, 17.419025617361104 ], [ 78.386904557962779, 17.418961370774241 ], [ 78.386983079991978, 17.418939955607307 ], [ 78.387040187190436, 17.418925677680665 ], [ 78.387090155874318, 17.418882849313764 ], [ 78.38709015628838, 17.418797188408973 ], [ 78.387075879101843, 17.41869725121791 ], [ 78.387025911416359, 17.418583035636956 ], [ 78.387033049167158, 17.418497376622248 ], [ 78.387140124828136, 17.41844026757963 ], [ 78.38726861559654, 17.418440269375651 ] ] ] } },
{ "type": "Feature", "properties": { "FID": 287, "Descr_1": "Water Bodies", "Descr_2": "Reservoir/Tanks", "Descr_3": "Reservoir/Tanks", "PI_CODE": " ", "LU_Code": "WBRT", "Shape_Area": 0.16824949495300001 }, "geometry": { "type": "MultiPolygon", "coordinates": [ [ [ [ 78.372467178202356, 17.412781911048519 ], [ 78.372467177867975, 17.412938954648006 ], [ 78.372467178394487, 17.413021323979464 ], [ 78.37251215556897, 17.4129349678044 ], [ 78.372559806259162, 17.412846473665805 ], [ 78.372480706823595, 17.412750344647659 ], [ 78.372467178202356, 17.412781911048519 ] ] ], [ [ [ 78.372188782434151, 17.41345291928107 ], [ 78.372003183649497, 17.413502888398959 ], [ 78.371874693135808, 17.413595687016297 ], [ 78.371710510169663, 17.413831252596236 ], [ 78.371696233047132, 17.414131065016505 ], [ 78.371803308574357, 17.414316661890044 ], [ 78.372010321691036, 17.414452293204612 ], [ 78.372231612881137, 17.414566507301277 ], [ 78.372474316985404, 17.414623614884082 ], [ 78.372688466877548, 17.414609336598481 ], [ 78.372838373469122, 17.414580783116406 ], [ 78.37303111117086, 17.414516537764367 ], [ 78.373195293842471, 17.414445154147923 ], [ 78.373380890872582, 17.414416602212956 ], [ 78.373502243899964, 17.414430877032284 ], [ 78.373609319909832, 17.414502261413883 ], [ 78.373657873958436, 17.414604224236875 ], [ 78.373680704213413, 17.414652167419185 ], [ 78.373694979758668, 17.414937703217763 ], [ 78.373630734820026, 17.415144715707928 ], [ 78.373616456759166, 17.415308897411688 ], [ 78.373645012439056, 17.41548735767137 ], [ 78.373737811347752, 17.415565880237548 ], [ 78.373823470779996, 17.415651540698303 ], [ 78.373901992183505, 17.415751477578493 ], [ 78.373907056793186, 17.415762528690756 ], [ 78.373930419358459, 17.415813500378242 ], [ 78.373936262358114, 17.415785858781419 ], [ 78.373960158688334, 17.41566688521084 ], [ 78.37403645335192, 17.41550035283489 ], [ 78.374074790818469, 17.415354463162426 ], [ 78.37408897512924, 17.415300486083076 ], [ 78.374160471238525, 17.415181546537948 ], [ 78.374201604845808, 17.415072130955252 ], [ 78.374203403622602, 17.415067346200768 ], [ 78.374260627513451, 17.41493887720139 ], [ 78.374276174310381, 17.414870730508479 ], [ 78.374284512270918, 17.414834182501064 ], [ 78.374341767022798, 17.414667636514817 ], [ 78.374375164020506, 17.414572467865636 ], [ 78.374384884573246, 17.414324974257848 ], [ 78.374280238354032, 17.414234466559094 ], [ 78.374194608901206, 17.41417253021006 ], [ 78.374089854668711, 17.414215291964521 ], [ 78.373945569677659, 17.414263790247269 ], [ 78.373860855955542, 17.414271975322094 ], [ 78.373803382039256, 17.414277528475559 ], [ 78.373577987155358, 17.414279730704205 ], [ 78.373578159613118, 17.414261951748809 ], [ 78.373325931232927, 17.414257948123854 ], [ 78.373111779742402, 17.414234153513462 ], [ 78.372883351485854, 17.414181805371467 ], [ 78.372650164307274, 17.414134216151464 ], [ 78.372378905752655, 17.414024760945324 ], [ 78.372269450546511, 17.413910546816844 ], [ 78.372207584560201, 17.41380109161053 ], [ 78.37219806671628, 17.413639288261997 ], [ 78.37225993270242, 17.413420377849544 ], [ 78.37226205662661, 17.413416281710028 ], [ 78.372188782434151, 17.41345291928107 ] ] ], [ [ [ 78.373894854560575, 17.416422486000339 ], [ 78.373816333549954, 17.416465317307782 ], [ 78.373694980395044, 17.416493870063825 ], [ 78.373643536876472, 17.416517252919956 ], [ 78.373537936291598, 17.416565253673095 ], [ 78.373495104676252, 17.416722298150631 ], [ 78.373500270199912, 17.416732155879163 ], [ 78.373573627925197, 17.416872203694464 ], [ 78.373723534253315, 17.416965003132599 ], [ 78.37384488671961, 17.417029249900427 ], [ 78.374016207766715, 17.417079217073301 ], [ 78.374201805992755, 17.417086356018306 ], [ 78.37435884985544, 17.417086355984715 ], [ 78.374501619146031, 17.417086355714495 ], [ 78.374658662350782, 17.417064939965972 ], [ 78.374772875995845, 17.417029249449641 ], [ 78.374865674791735, 17.416979281248686 ], [ 78.37492278219149, 17.416950726849283 ], [ 78.374983558716892, 17.416850788901414 ], [ 78.374983558141707, 17.416708021681487 ], [ 78.374983559165315, 17.416536699578575 ], [ 78.375044135047389, 17.416279718625848 ], [ 78.375101241567663, 17.416194057986093 ], [ 78.375179764451573, 17.416144088632628 ], [ 78.375346152379535, 17.416071987222331 ], [ 78.375312167000772, 17.416057759999937 ], [ 78.375256858000711, 17.416035766999808 ], [ 78.374885350364508, 17.41599213380567 ], [ 78.374826112049249, 17.416114909064614 ], [ 78.37473078133192, 17.41627666820721 ], [ 78.374678352137579, 17.416362303998991 ], [ 78.374616422275636, 17.41642413486937 ], [ 78.374535460217402, 17.416476432883147 ], [ 78.374430705984963, 17.416519194637257 ], [ 78.374254571372063, 17.416538107236757 ], [ 78.374126067399317, 17.416518976875121 ], [ 78.374068970810328, 17.416490378304839 ], [ 78.37400236969583, 17.416442734436078 ], [ 78.373945296252458, 17.416385578125638 ], [ 78.373940159695977, 17.416352012506877 ], [ 78.373894854560575, 17.416422486000339 ] ] ] ] } },
{ "type": "Feature", "properties": { "FID": 288, "Descr_1": "Water Bodies", "Descr_2": "Reservoir/Tanks", "Descr_3": "Reservoir/Tanks", "PI_CODE": " ", "LU_Code": "WBRT", "Shape_Area": 0.203275839456 }, "geometry": { "type": "Polygon", "coordinates": [ [ [ 78.363361576108588, 17.411958617100797 ], [ 78.36324457065237, 17.41197173904078 ], [ 78.363194535402769, 17.411977351215764 ], [ 78.362976102701779, 17.412079969904873 ], [ 78.362336257882305, 17.412423465110631 ], [ 78.362297957294928, 17.412444026846334 ], [ 78.361941039385201, 17.412579656759902 ], [ 78.361755439721847, 17.412636763641359 ], [ 78.361527011562146, 17.412701008555644 ], [ 78.361341412693065, 17.41277239302012 ], [ 78.361220060162069, 17.412836636725977 ], [ 78.361027324995561, 17.412936575835271 ], [ 78.360877419117401, 17.413036513427834 ], [ 78.360748928438767, 17.41317214373494 ], [ 78.360648990039024, 17.413314909189403 ], [ 78.360413424086772, 17.413607584340784 ], [ 78.360292069885119, 17.413736075000966 ], [ 78.360113611543142, 17.413878841816693 ], [ 78.359949429144649, 17.413993058258029 ], [ 78.359792385668982, 17.414107271073672 ], [ 78.359542540551857, 17.414271452635351 ], [ 78.359464018985761, 17.414357114305506 ], [ 78.359437723840074, 17.414482011027765 ], [ 78.359435465164353, 17.414492742783587 ], [ 78.359456881032969, 17.414664065604477 ], [ 78.359542541242291, 17.414863939030074 ], [ 78.359613925310555, 17.415042399355166 ], [ 78.359621063295847, 17.415156612890978 ], [ 78.359585371269347, 17.415306518237056 ], [ 78.359499711955792, 17.415442149321965 ], [ 78.359399774390099, 17.415549224257035 ], [ 78.359271283023588, 17.415656300420835 ], [ 78.359121376897846, 17.415777653111196 ], [ 78.35901430089416, 17.415856174596115 ], [ 78.358939338366795, 17.416029578371869 ], [ 78.35893219945612, 17.416172344712528 ], [ 78.358932199010795, 17.41625800586284 ], [ 78.358975030227441, 17.416429327219809 ], [ 78.359076358793743, 17.416740552345569 ], [ 78.359257760771726, 17.417297715545292 ], [ 78.359274842358914, 17.417350178998479 ], [ 78.359314008132657, 17.417480138825923 ], [ 78.359344588945319, 17.41758161696459 ], [ 78.359369444794609, 17.417664088905987 ], [ 78.359407916782317, 17.417791742698164 ], [ 78.359431886173567, 17.417871280581007 ], [ 78.35943419156952, 17.41791510185163 ], [ 78.359521125801308, 17.41798341338545 ], [ 78.359606786792625, 17.418047658620967 ], [ 78.359699586172354, 17.418069072944782 ], [ 78.35985663094543, 17.418090488238445 ], [ 78.359992259041249, 17.41805479599514 ], [ 78.36009219760183, 17.417983411590019 ], [ 78.360163580090145, 17.417833506831151 ], [ 78.36019927302064, 17.41763363207177 ], [ 78.360227825703774, 17.417398064665342 ], [ 78.360292070532893, 17.417219605732132 ], [ 78.360370592802013, 17.417105391669889 ], [ 78.360491946282011, 17.41700545513563 ], [ 78.360641851687944, 17.416919793145372 ], [ 78.360891695729762, 17.416805579062622 ], [ 78.361109353578442, 17.416706078759582 ], [ 78.361141537597504, 17.41669136465903 ], [ 78.361291445414267, 17.416627120455377 ], [ 78.361398519883224, 17.416534320836227 ], [ 78.361427073652351, 17.416405829831401 ], [ 78.361427073391781, 17.416248786367245 ], [ 78.361477042758651, 17.416134571626927 ], [ 78.361569842294386, 17.416034634210295 ], [ 78.361748301600556, 17.415899004820531 ], [ 78.363068901621645, 17.415120919906041 ], [ 78.363204533389862, 17.415013845097903 ], [ 78.363361576402724, 17.414892493126384 ], [ 78.363511481853294, 17.414813971195645 ], [ 78.363689941941885, 17.414749725221743 ], [ 78.363904092634428, 17.414685479876255 ], [ 78.364053998959577, 17.414621233683114 ], [ 78.364134345898734, 17.414564992305717 ], [ 78.364196767197782, 17.414521296687759 ], [ 78.364368087812139, 17.414378529282803 ], [ 78.364482302809435, 17.414221485075903 ], [ 78.364546548173806, 17.414114408858762 ], [ 78.364675039254692, 17.413807459342859 ], [ 78.364725007364015, 17.413628998941665 ], [ 78.364725006603734, 17.413443401259933 ], [ 78.364696454321731, 17.413293496342739 ], [ 78.364639346082058, 17.412950852630757 ], [ 78.364575100769045, 17.412722424228178 ], [ 78.364525134403749, 17.412608210143919 ], [ 78.364439472189972, 17.412415474342836 ], [ 78.364310980740001, 17.412258428581996 ], [ 78.364309392763545, 17.412257237913323 ], [ 78.364252076445027, 17.412214250706199 ], [ 78.364028673569635, 17.412272142557796 ], [ 78.364007010149734, 17.412244289589683 ], [ 78.363807135425361, 17.412058691631543 ], [ 78.363726823600274, 17.411987303342542 ], [ 78.363661387674711, 17.411980033194897 ], [ 78.363511481953381, 17.411972894007679 ], [ 78.363361576108588, 17.411958617100797 ] ] ] } },
{ "type": "Feature", "properties": { "FID": 289, "Descr_1": "Water Bodies", "Descr_2": "Reservoir/Tanks", "Descr_3": "Reservoir/Tanks", "PI_CODE": " ", "LU_Code": "WBRT", "Shape_Area": 0.157402381886 }, "geometry": { "type": "Polygon", "coordinates": [ [ [ 78.373954756970349, 17.420839181715905 ], [ 78.373814142865612, 17.420845041428901 ], [ 78.373746554896812, 17.420880822631059 ], [ 78.373597837655765, 17.420946257771803 ], [ 78.373508608806432, 17.420993847355611 ], [ 78.373425327999442, 17.42103548772079 ], [ 78.373342046603526, 17.42107117870745 ], [ 78.37331312517226, 17.421073590214959 ], [ 78.373199279284037, 17.42108307693595 ], [ 78.373056510567636, 17.421029539558901 ], [ 78.372955385035127, 17.420993846863755 ], [ 78.372770976011452, 17.420981949799526 ], [ 78.372610362667487, 17.420981949307276 ], [ 78.372443799706417, 17.421023590247927 ], [ 78.372301032679104, 17.421112820244876 ], [ 78.372205855011401, 17.421184204632823 ], [ 78.372069034951366, 17.421267485311272 ], [ 78.371956010031198, 17.421315074317985 ], [ 78.371854883810443, 17.421368613037679 ], [ 78.371783500249791, 17.421469739326497 ], [ 78.371765654300745, 17.421600609662395 ], [ 78.371765653985747, 17.421749325920004 ], [ 78.371795397379771, 17.421945631593371 ], [ 78.371819191615572, 17.422135990405454 ], [ 78.371819192643528, 17.422266858633822 ], [ 78.371795396585966, 17.422403678034325 ], [ 78.371795398421796, 17.422522651202868 ], [ 78.371866780946931, 17.422837929566789 ], [ 78.371902474250959, 17.42303423534781 ], [ 78.371979805454956, 17.423301923659537 ], [ 78.372033342597987, 17.423480383773946 ], [ 78.37208093236103, 17.423640998388514 ], [ 78.37209877774562, 17.423813508817226 ], [ 78.372074983691249, 17.423962225030383 ], [ 78.371991704433796, 17.424093094836948 ], [ 78.371902474240017, 17.42420017066517 ], [ 78.371753757192494, 17.424271554694784 ], [ 78.371616938389778, 17.424331041303383 ], [ 78.371521758836082, 17.424390528428304 ], [ 78.371462272672474, 17.424450014130269 ], [ 78.37143252941253, 17.424533294614033 ], [ 78.371413332452761, 17.424605291298501 ], [ 78.37140873631482, 17.424622524658719 ], [ 78.371408733945401, 17.424705806204557 ], [ 78.371503913303229, 17.424896162937159 ], [ 78.371569348418376, 17.425068674152271 ], [ 78.371688320935519, 17.425342313159174 ], [ 78.371771603068439, 17.425562412305517 ], [ 78.371825527760294, 17.425710707896194 ], [ 78.371842984783569, 17.425758718158413 ], [ 78.371938164653073, 17.425955023022674 ], [ 78.372045241242645, 17.426139432283996 ], [ 78.372170161387459, 17.426246507145301 ], [ 78.372402160307175, 17.426323839724194 ], [ 78.3725746709395, 17.426365479639941 ], [ 78.372711491458517, 17.426395224210914 ], [ 78.372830461759975, 17.426454710204887 ], [ 78.372866153957119, 17.426549888717226 ], [ 78.372884000845303, 17.426656964435605 ], [ 78.372884001456498, 17.426775937351781 ], [ 78.372812616751474, 17.42690085922402 ], [ 78.372646053934332, 17.426936550947481 ], [ 78.372527081640911, 17.426972243163224 ], [ 78.372467594702982, 17.427091215971018 ], [ 78.372443800530846, 17.427239932003182 ], [ 78.37243785320274, 17.427465979843443 ], [ 78.372455699089812, 17.427626594914351 ], [ 78.372455981192616, 17.42762766980854 ], [ 78.372485441255165, 17.427739619387484 ], [ 78.372521132576622, 17.427834797890849 ], [ 78.372509235000322, 17.427929975789681 ], [ 78.372437851693633, 17.427983513790014 ], [ 78.372372416271617, 17.428037051044541 ], [ 78.372289135279843, 17.428102487244477 ], [ 78.372265340675867, 17.428185767902548 ], [ 78.372247495146041, 17.428292843321326 ], [ 78.372199905552634, 17.42838207340105 ], [ 78.372104727038732, 17.428441560709466 ], [ 78.372003599718582, 17.428512943695871 ], [ 78.371890576444855, 17.428584328046696 ], [ 78.371801346199888, 17.428649762927581 ], [ 78.371741859842246, 17.428721147241195 ], [ 78.37171806535703, 17.428798479405582 ], [ 78.371733499935218, 17.428953712743152 ], [ 78.371743727675707, 17.428965750447347 ], [ 78.371760936660223, 17.428986003289307 ], [ 78.372293821357061, 17.429613118324568 ], [ 78.372573746786017, 17.429942543711302 ], [ 78.372681746393809, 17.429958467022896 ], [ 78.372848308855325, 17.429952518244079 ], [ 78.372988612240576, 17.429899299682209 ], [ 78.373020821289956, 17.429887082705015 ], [ 78.37317548540797, 17.429785956026159 ], [ 78.373240920049767, 17.429559907392729 ], [ 78.373240919910714, 17.429327909382025 ], [ 78.373233020029147, 17.429271021018081 ], [ 78.373211177003327, 17.429113757559463 ], [ 78.373199278536106, 17.428905554613788 ], [ 78.373300405685697, 17.428744941252738 ], [ 78.373407482095516, 17.428620020297164 ], [ 78.373520506334771, 17.42852484059981 ], [ 78.373651376867429, 17.428447509269667 ], [ 78.373764401390858, 17.428328536687122 ], [ 78.373835784653124, 17.428179819092954 ], [ 78.37382983606966, 17.428037051550334 ], [ 78.373758451538151, 17.427947821669402 ], [ 78.373693015752593, 17.427876438068751 ], [ 78.373633531664879, 17.427775310748565 ], [ 78.37361568500323, 17.427656338323022 ], [ 78.37365732510888, 17.427549261586524 ], [ 78.373710863285467, 17.427495723622691 ], [ 78.373785790385185, 17.427401080680337 ], [ 78.373823888661633, 17.427352958208996 ], [ 78.373865527146762, 17.427269675070253 ], [ 78.373829836453581, 17.42710906237593 ], [ 78.373795251427254, 17.427037421238357 ], [ 78.373746554108024, 17.426936550664841 ], [ 78.373669223159922, 17.426769989322334 ], [ 78.373615686092236, 17.426597478334344 ], [ 78.373568096373518, 17.426359532129421 ], [ 78.373532403845672, 17.426204866808632 ], [ 78.373497412725243, 17.426079906589546 ], [ 78.3734907640806, 17.426056150650481 ], [ 78.373484814661253, 17.425901487008151 ], [ 78.373550249188099, 17.425711129332896 ], [ 78.373621633449673, 17.425473182605565 ], [ 78.373698964901152, 17.425181699256957 ], [ 78.373694196264736, 17.425153078583463 ], [ 78.373663274303155, 17.424967546945844 ], [ 78.373490761605666, 17.424705806201803 ], [ 78.373443173998112, 17.424563039105305 ], [ 78.37343722468799, 17.424348886580137 ], [ 78.373502659688242, 17.424188272734796 ], [ 78.373508609684819, 17.424003863559971 ], [ 78.373550249539079, 17.423783764751267 ], [ 78.373550249974741, 17.423581510991887 ], [ 78.373514558106322, 17.423349514099346 ], [ 78.37347291668695, 17.423117516097339 ], [ 78.373437225184773, 17.422867672952094 ], [ 78.373413430597594, 17.422671366873519 ], [ 78.373413430617674, 17.422433420612286 ], [ 78.373389636332718, 17.422040809018192 ], [ 78.373407481990299, 17.421838555585175 ], [ 78.373466969008433, 17.421654147687839 ], [ 78.373562146746977, 17.421487585112235 ], [ 78.373669223050754, 17.421404303598447 ], [ 78.373764401009538, 17.4213210226097 ], [ 78.373871476974188, 17.421255588096351 ], [ 78.373972603648099, 17.42118420403235 ], [ 78.374055885148721, 17.421083077315032 ], [ 78.374085628213663, 17.420976000805229 ], [ 78.374026142003629, 17.42086297726452 ], [ 78.373961049108217, 17.420841279332308 ], [ 78.373954756970349, 17.420839181715905 ] ] ] } },
{ "type": "Feature", "properties": { "FID": 290, "Descr_1": "Water Bodies", "Descr_2": "Reservoir/Tanks", "Descr_3": "Reservoir/Tanks", "PI_CODE": " ", "LU_Code": "WBRT", "Shape_Area": 0.0221903718858 }, "geometry": { "type": "Polygon", "coordinates": [ [ [ 78.365530672554485, 17.431131144211061 ], [ 78.365459289076171, 17.431047862782126 ], [ 78.365399802947479, 17.430988376643779 ], [ 78.36531652105252, 17.430911044594929 ], [ 78.365191600398262, 17.430833711603206 ], [ 78.365096420129262, 17.430762328884935 ], [ 78.365021984374195, 17.430745519085907 ], [ 78.364912013061243, 17.430720686762577 ], [ 78.36488821759572, 17.430726636277971 ], [ 78.364810886320257, 17.430768277191369 ], [ 78.3647692461535, 17.430815866187764 ], [ 78.364727604612256, 17.430911044255414 ], [ 78.364674067318532, 17.431012170832851 ], [ 78.364561042956865, 17.431107350320051 ], [ 78.364489658835396, 17.431154939009524 ], [ 78.364370686215977, 17.431190631170612 ], [ 78.364275506714037, 17.431190630838259 ], [ 78.364221969410451, 17.431160886842591 ], [ 78.364150586647867, 17.431101401333997 ], [ 78.364079201213414, 17.431083554642864 ], [ 78.364031611754484, 17.431089504187113 ], [ 78.364007817914228, 17.43113114408678 ], [ 78.36397312666486, 17.431216488324438 ], [ 78.364015957246181, 17.4313521169456 ], [ 78.3640230967696, 17.431480608182675 ], [ 78.364001681122616, 17.431601960170379 ], [ 78.363965989367742, 17.431701896864528 ], [ 78.363990377047543, 17.431791070190584 ], [ 78.364001868975535, 17.431833084927611 ], [ 78.364006902466926, 17.431842432150166 ], [ 78.364043509783855, 17.431910418111869 ], [ 78.364102995599509, 17.432005595954685 ], [ 78.364168431470631, 17.43208292898872 ], [ 78.364239815368933, 17.432178106728212 ], [ 78.364311199897287, 17.432285183069453 ], [ 78.364370686028366, 17.43236251469672 ], [ 78.364436120656578, 17.432410104680084 ], [ 78.364555093548319, 17.432422001560706 ], [ 78.364703808920822, 17.432422001768366 ], [ 78.364828731826066, 17.432398206667479 ], [ 78.364959602139876, 17.43234466893777 ], [ 78.365084524007329, 17.432303029358263 ], [ 78.365203496851635, 17.432261388406225 ], [ 78.365310572924074, 17.432207849804541 ], [ 78.365370060458972, 17.432112671934803 ], [ 78.365393853742503, 17.432011545108693 ], [ 78.365411699881037, 17.431874724747704 ], [ 78.365441441994463, 17.431720060809255 ], [ 78.365465237077501, 17.431618933979124 ], [ 78.365465238813684, 17.431529704250245 ], [ 78.365435493532644, 17.431434525952362 ], [ 78.365483083450997, 17.431315552705566 ], [ 78.365536622011035, 17.431226322777388 ], [ 78.365530672554485, 17.431131144211061 ] ] ] } },
{ "type": "Feature", "properties": { "FID": 291, "Descr_1": "Water Bodies", "Descr_2": "Reservoir/Tanks", "Descr_3": "Reservoir/Tanks", "PI_CODE": " ", "LU_Code": "WBRT", "Shape_Area": 0.033942680456300001 }, "geometry": { "type": "Polygon", "coordinates": [ [ [ 78.357247075698893, 17.424662280896964 ], [ 78.357343479982148, 17.424664523423967 ], [ 78.357400550337459, 17.424665851119872 ], [ 78.357507625619647, 17.424669419570147 ], [ 78.357514334962033, 17.424670565854584 ], [ 78.357510788883388, 17.424657067220529 ], [ 78.357325194681565, 17.4240037748045 ], [ 78.357061697962493, 17.423076264110353 ], [ 78.356991283397093, 17.423056145779356 ], [ 78.356878259194076, 17.423002607945005 ], [ 78.356765232914981, 17.422925276282655 ], [ 78.356723594201782, 17.422865789348212 ], [ 78.356628414181699, 17.422788456788801 ], [ 78.356550451622823, 17.422759219792606 ], [ 78.356288832528861, 17.42299441313639 ], [ 78.356021654066041, 17.4232346035928 ], [ 78.355545760950605, 17.423829471329285 ], [ 78.355510253969541, 17.423880759171247 ], [ 78.355373248734139, 17.423998412656054 ], [ 78.355316142621291, 17.424162594748548 ], [ 78.355308725336315, 17.424240234602959 ], [ 78.35536196846131, 17.424377145125082 ], [ 78.355419076259295, 17.42448184158793 ], [ 78.355542807276507, 17.424605573010112 ], [ 78.355742681539652, 17.424748342337605 ], [ 78.355942556579919, 17.424776894012197 ], [ 78.356708297873723, 17.42474085897442 ], [ 78.356751572378869, 17.424738821800691 ], [ 78.356954400571638, 17.424687266366497 ], [ 78.357093599577468, 17.424662281593996 ], [ 78.357247075698893, 17.424662280896964 ] ] ] } },
{ "type": "Feature", "properties": { "FID": 292, "Descr_1": "Water Bodies", "Descr_2": "Lakes/Ponds", "Descr_3": "Lakes/Ponds", "PI_CODE": " ", "LU_Code": "WBLP", "Shape_Area": 0.00579133071454 }, "geometry": { "type": "Polygon", "coordinates": [ [ [ 78.393123518371866, 17.414006461238554 ], [ 78.393030717827557, 17.41402073764047 ], [ 78.392952195609155, 17.414042154145271 ], [ 78.392866535559818, 17.414070705595908 ], [ 78.392795152429457, 17.414120675048302 ], [ 78.39274518294107, 17.414177780896633 ], [ 78.392745182663617, 17.414277718947272 ], [ 78.392745182698022, 17.414413348574982 ], [ 78.392766598246865, 17.414527563361762 ], [ 78.392802289658192, 17.414656054045391 ], [ 78.392845120207895, 17.414784543732125 ], [ 78.392923786574471, 17.41492876843639 ], [ 78.393168460210916, 17.414745264446147 ], [ 78.393506317249205, 17.414509467018718 ], [ 78.393501852243006, 17.414320549650103 ], [ 78.393451882043465, 17.414184920763947 ], [ 78.393387638943096, 17.414084983694966 ], [ 78.393316253785784, 17.414027875837842 ], [ 78.393223455007458, 17.414013598354142 ], [ 78.393123518371866, 17.414006461238554 ] ] ] } },
{ "type": "Feature", "properties": { "FID": 293, "Descr_1": "Water Bodies", "Descr_2": "Lakes/Ponds", "Descr_3": "Lakes/Ponds", "PI_CODE": " ", "LU_Code": "WBLP", "Shape_Area": 0.021477377608899999 }, "geometry": { "type": "Polygon", "coordinates": [ [ [ 78.399633723461008, 17.405047790244694 ], [ 78.399548063427162, 17.40511441535843 ], [ 78.39944336461916, 17.405209594100231 ], [ 78.399329152137597, 17.405314290363229 ], [ 78.399224455241765, 17.405371397194006 ], [ 78.399138795247893, 17.405428502600014 ], [ 78.399081688906989, 17.405523683144239 ], [ 78.399024581357139, 17.405685485942065 ], [ 78.398986509171763, 17.405894877779776 ], [ 78.398996027349966, 17.40606619888505 ], [ 78.399081687941617, 17.406446913442903 ], [ 78.399138795078713, 17.406694377339747 ], [ 78.399233973134073, 17.406960876552215 ], [ 78.399328200581209, 17.40708282188708 ], [ 78.399371195391666, 17.407068764695278 ], [ 78.399413268960856, 17.407055009683802 ], [ 78.399485625562548, 17.407031355197617 ], [ 78.399545651595702, 17.407011730840548 ], [ 78.399584688134667, 17.406998968716209 ], [ 78.399674402247939, 17.40696963958802 ], [ 78.400000000139485, 17.406896606131653 ], [ 78.400366837463721, 17.406814318832101 ], [ 78.400385788109389, 17.406731952102064 ], [ 78.400385788256926, 17.406632014659355 ], [ 78.400000000056977, 17.405735605617924 ], [ 78.399881187674524, 17.405476093720413 ], [ 78.399852632539222, 17.405380914980189 ], [ 78.399814561851542, 17.405266700620061 ], [ 78.399786007720778, 17.405171521872781 ], [ 78.399757454966988, 17.40509537859306 ], [ 78.399690830155919, 17.405057307286285 ], [ 78.399633723461008, 17.405047790244694 ] ] ] } },
{ "type": "Feature", "properties": { "FID": 296, "Descr_1": "Water Bodies", "Descr_2": "Lakes/Ponds", "Descr_3": "Lakes/Ponds", "PI_CODE": " ", "LU_Code": "WBLP", "Shape_Area": 0.0047668903726899997 }, "geometry": { "type": "Polygon", "coordinates": [ [ [ 78.360746270330523, 17.448541155227968 ], [ 78.360033789871594, 17.448738838242697 ], [ 78.359705424219854, 17.448810222250259 ], [ 78.359663123947755, 17.448811253334036 ], [ 78.359652056436005, 17.448864265598445 ], [ 78.35969369542191, 17.449018931321209 ], [ 78.359776978092711, 17.449096263058191 ], [ 78.35982093215263, 17.449118241002939 ], [ 78.359860258955479, 17.449137903657245 ], [ 78.359949489193269, 17.449137904415267 ], [ 78.360020871721048, 17.449131956069973 ], [ 78.360098204690487, 17.449126007344788 ], [ 78.360169589558964, 17.449102212080664 ], [ 78.360264766575582, 17.449072468683362 ], [ 78.360342099792163, 17.449042724613026 ], [ 78.360478919278904, 17.449007032800601 ], [ 78.36060384142165, 17.448965393319696 ], [ 78.360710916216306, 17.448899957863226 ], [ 78.360794197135831, 17.448816677049521 ], [ 78.360794197460365, 17.448703651817961 ], [ 78.360764453541464, 17.448602525276655 ], [ 78.360746270330523, 17.448541155227968 ] ] ] } },
{ "type": "Feature", "properties": { "FID": 297, "Descr_1": "Water Bodies", "Descr_2": "Lakes/Ponds", "Descr_3": "Lakes/Ponds", "PI_CODE": " ", "LU_Code": "WBLP", "Shape_Area": 0.0033655456401599998 }, "geometry": { "type": "Polygon", "coordinates": [ [ [ 78.360683750385761, 17.446212059089696 ], [ 78.360562398413876, 17.446212059653348 ], [ 78.360462461538262, 17.446226336293847 ], [ 78.360348246090908, 17.446262028824442 ], [ 78.360276862639708, 17.446290579805652 ], [ 78.36021261654173, 17.446326272861413 ], [ 78.36016978740048, 17.446369102783521 ], [ 78.360119818008187, 17.446440487111683 ], [ 78.360119818053704, 17.446504732763412 ], [ 78.360176925013988, 17.446568978221958 ], [ 78.36026972385983, 17.446640361592387 ], [ 78.360348245906948, 17.446654639323722 ], [ 78.360469598158446, 17.446661778191249 ], [ 78.360548120222091, 17.446661776326142 ], [ 78.360654210804995, 17.446645025746861 ], [ 78.36068375005803, 17.446640361613227 ], [ 78.360826517983256, 17.446561839637482 ], [ 78.360897902184931, 17.446483317839188 ], [ 78.360955008685295, 17.446404794975294 ], [ 78.360964363420933, 17.446390765001706 ], [ 78.360962145886234, 17.446361964589837 ], [ 78.360926455706775, 17.446304857954281 ], [ 78.360861899751811, 17.446266125102397 ], [ 78.360855072902027, 17.446262028692875 ], [ 78.360776549033204, 17.446233474310354 ], [ 78.360683750385761, 17.446212059089696 ] ] ] } },
{ "type": "Feature", "properties": { "FID": 299, "Descr_1": "Water Bodies", "Descr_2": "Canal", "Descr_3": "Canal", "PI_CODE": "Disused", "LU_Code": "WBCN", "Shape_Area": 0.0056085587994200003 }, "geometry": { "type": "Polygon", "coordinates": [ [ [ 78.404891920296123, 17.408606315269445 ], [ 78.404955780839273, 17.408554618674689 ], [ 78.404732111742547, 17.408264325445021 ], [ 78.404289531660297, 17.407797950716521 ], [ 78.403983051453849, 17.407514047878912 ], [ 78.403130566216092, 17.406724364398318 ], [ 78.403068116561627, 17.406795919825072 ], [ 78.403032036299408, 17.406837262790862 ], [ 78.403016547172086, 17.406854204237963 ], [ 78.40323305070406, 17.40703652301265 ], [ 78.403913577306071, 17.407688495211829 ], [ 78.404394228075262, 17.408207217624803 ], [ 78.404503683331271, 17.408316673269805 ], [ 78.404598863354465, 17.408430888230964 ], [ 78.404675005269326, 17.408564136807737 ], [ 78.404755906009001, 17.408649797671913 ], [ 78.404798736736694, 17.408664073599091 ], [ 78.404855843837311, 17.408635521097533 ], [ 78.404881067171871, 17.408615103164621 ], [ 78.404891920296123, 17.408606315269445 ] ] ] } },
{ "type": "Feature", "properties": { "FID": 300, "Descr_1": "Water Bodies", "Descr_2": "Canal", "Descr_3": "Canal", "PI_CODE": "Disused", "LU_Code": "WBCN", "Shape_Area": 0.075312693527299995 }, "geometry": { "type": "Polygon", "coordinates": [ [ [ 78.387999417875179, 17.41345439459516 ], [ 78.387999418174203, 17.413397289298736 ], [ 78.387978001879731, 17.413297352744934 ], [ 78.38788520317739, 17.412947571439339 ], [ 78.387722004999503, 17.412219005958718 ], [ 78.387685329821693, 17.412055272326377 ], [ 78.387678189776111, 17.411941058831829 ], [ 78.387685328961069, 17.41186253716328 ], [ 78.387749573791737, 17.411734046608675 ], [ 78.387804118593806, 17.411612836384819 ], [ 78.387813820294724, 17.411591278128327 ], [ 78.387820957995501, 17.411462785966503 ], [ 78.387813819926237, 17.411362848582129 ], [ 78.387792402857499, 17.411248635792109 ], [ 78.387763851237537, 17.411098730408568 ], [ 78.387763851020594, 17.410977376650575 ], [ 78.387813820894792, 17.410798918119408 ], [ 78.387885201554525, 17.410684703636921 ], [ 78.388035108925536, 17.410527658956649 ], [ 78.388177876255057, 17.410456275303115 ], [ 78.388392028919256, 17.410384892217571 ], [ 78.388584765086136, 17.410342060967359 ], [ 78.388784639562914, 17.410327783637779 ], [ 78.38891313068892, 17.410327783604476 ], [ 78.389162973892681, 17.410320645653396 ], [ 78.389676937875592, 17.410199293970621 ], [ 78.390476435242832, 17.40992803494203 ], [ 78.390591021702448, 17.409883526091534 ], [ 78.391340181429783, 17.409592531456859 ], [ 78.391582885230235, 17.409506870681206 ], [ 78.391839868541666, 17.409485455268495 ], [ 78.392311000005193, 17.409478317333754 ], [ 78.392789273827432, 17.409464040713416 ], [ 78.392826317590973, 17.409463479996496 ], [ 78.393260407088619, 17.409456900702512 ], [ 78.394324025425746, 17.409342688788367 ], [ 78.394682756536938, 17.409248422752061 ], [ 78.394781428685917, 17.409222495164858 ], [ 78.395301983261618, 17.40908570516666 ], [ 78.396529784871973, 17.408471805049665 ], [ 78.397227822650962, 17.407921429187446 ], [ 78.397272176974411, 17.407886457377334 ], [ 78.397436359906735, 17.407779382366677 ], [ 78.397550573585562, 17.407700859366496 ], [ 78.397657649721538, 17.407629475075073 ], [ 78.397729034278854, 17.407600922168488 ], [ 78.397871799636533, 17.407529539206827 ], [ 78.397986014259885, 17.407486707657785 ], [ 78.398093091336463, 17.407465292771032 ], [ 78.398228720865617, 17.407429599728612 ], [ 78.398407180721591, 17.407429602085479 ], [ 78.398564224195056, 17.407429600585747 ], [ 78.398706991425712, 17.407451015991331 ], [ 78.398842621278789, 17.407522401210382 ], [ 78.398963975060852, 17.407615198856845 ], [ 78.399113878583506, 17.407722274952949 ], [ 78.399328031286686, 17.407850764724206 ], [ 78.399477937175732, 17.407850765571101 ], [ 78.399599289931018, 17.407800797054385 ], [ 78.399692088278385, 17.407750828810489 ], [ 78.399750673568377, 17.407710550725803 ], [ 78.399806302888649, 17.40767230733525 ], [ 78.399906239890157, 17.407608059843021 ], [ 78.400000000417663, 17.407561180858107 ], [ 78.400122620242925, 17.407529943876508 ], [ 78.400204712406989, 17.407504959814371 ], [ 78.400343910375128, 17.407454990938692 ], [ 78.400454554355903, 17.40742286870973 ], [ 78.400640152789663, 17.407269392578868 ], [ 78.400818610778529, 17.407123056027306 ], [ 78.400979225727227, 17.40703739492546 ], [ 78.401118422704712, 17.406969581044731 ], [ 78.4013004530009, 17.406898196554167 ], [ 78.401432513340708, 17.406848228242339 ], [ 78.401578851390738, 17.406812536141246 ], [ 78.401768017015783, 17.406783982845649 ], [ 78.402003583622474, 17.406748291061049 ], [ 78.402228442648322, 17.40673758261552 ], [ 78.402389055408946, 17.406726875756952 ], [ 78.402588930955517, 17.4067268761283 ], [ 78.402745976317078, 17.406734013710711 ], [ 78.402784009935445, 17.406743523047137 ], [ 78.402834387441771, 17.406683248978041 ], [ 78.402931698650022, 17.40656682424893 ], [ 78.402914568953904, 17.406547359580575 ], [ 78.402535391558317, 17.406505586046645 ], [ 78.402417610110248, 17.406498448830714 ], [ 78.402264135414882, 17.406498448434359 ], [ 78.402053551765349, 17.406502016693111 ], [ 78.40187509284965, 17.406537708170731 ], [ 78.401653803118009, 17.406609092551438 ], [ 78.401561003640722, 17.406655492390893 ], [ 78.401425373598855, 17.406705460964449 ], [ 78.401318299383689, 17.406741152782566 ], [ 78.401214791784312, 17.406783982852275 ], [ 78.401104147909194, 17.406823243093655 ], [ 78.401039902227325, 17.406855367845875 ], [ 78.400943532643737, 17.406901765774439 ], [ 78.400818611999028, 17.406941026576938 ], [ 78.400729381890613, 17.406973149748445 ], [ 78.400661568797503, 17.407001704417752 ], [ 78.400593753426861, 17.407037394842863 ], [ 78.400536645582406, 17.407083795221283 ], [ 78.400490247750469, 17.407123055681087 ], [ 78.400447416108861, 17.407176593863408 ], [ 78.400404586215856, 17.407215855023789 ], [ 78.400361755889051, 17.407262254686191 ], [ 78.400279664074176, 17.407315791070079 ], [ 78.400215418691843, 17.407330068379256 ], [ 78.400151173300259, 17.407344345668999 ], [ 78.399999999985624, 17.407349354848233 ], [ 78.399970485666245, 17.407348699319876 ], [ 78.399899101578796, 17.407351674051753 ], [ 78.399839616455125, 17.40736357124301 ], [ 78.399768231852548, 17.407399263370223 ], [ 78.399705770668675, 17.407470646761166 ], [ 78.399658182048583, 17.407550952787524 ], [ 78.399613565647726, 17.407625312295451 ], [ 78.399565978328567, 17.407684797793092 ], [ 78.399512439599164, 17.407726439325799 ], [ 78.39942915682218, 17.407726438961568 ], [ 78.399363723179178, 17.407708591557803 ], [ 78.399295314246388, 17.407666951909441 ], [ 78.399238801610636, 17.407622336895507 ], [ 78.398932446027018, 17.407372492983431 ], [ 78.398739116428771, 17.407262443611391 ], [ 78.398569578316852, 17.407229726435013 ], [ 78.398447630905167, 17.407214854831775 ], [ 78.398304863721094, 17.407220803263133 ], [ 78.398245377610209, 17.407232699095147 ], [ 78.398094839571016, 17.407275039144768 ], [ 78.398016948355462, 17.407296945959239 ], [ 78.397545815803653, 17.407461129339662 ], [ 78.397246004124142, 17.407632451024995 ], [ 78.397046127939689, 17.407803770939893 ], [ 78.396885822619197, 17.407948044645067 ], [ 78.396760593002, 17.408060752755716 ], [ 78.396239490946272, 17.40836056469097 ], [ 78.395786897318999, 17.40860057694676 ], [ 78.395297224151292, 17.408860253122878 ], [ 78.394940305171318, 17.408995881172107 ], [ 78.394718992084123, 17.409024437840049 ], [ 78.394276436465319, 17.409081542265994 ], [ 78.393669673081632, 17.409181479216453 ], [ 78.393141433817348, 17.409202894313594 ], [ 78.391892214879221, 17.409224309233679 ], [ 78.391485327981528, 17.409288555797225 ], [ 78.391171239385841, 17.409409906612709 ], [ 78.390871426223612, 17.409566952187376 ], [ 78.390541829986432, 17.409719072889573 ], [ 78.390547036000683, 17.409742605999849 ], [ 78.390553380001066, 17.409782729000035 ], [ 78.390533795000763, 17.409788539999742 ], [ 78.390211375000732, 17.409907063999935 ], [ 78.389434625000575, 17.410157611999704 ], [ 78.389327820000702, 17.410192061999911 ], [ 78.389165512000787, 17.410228766999815 ], [ 78.389037846000704, 17.410236054999711 ], [ 78.388794461000728, 17.410216157999756 ], [ 78.388776801000702, 17.410214714000013 ], [ 78.388514611000645, 17.410274004999859 ], [ 78.388220676000756, 17.410377683999975 ], [ 78.387992194000688, 17.410473260000064 ], [ 78.387815956000708, 17.41061432399983 ], [ 78.387735683000713, 17.410789502999883 ], [ 78.387734498000682, 17.410799054999938 ], [ 78.387714598000827, 17.41095948300006 ], [ 78.387756969000705, 17.41126172100002 ], [ 78.387760218000679, 17.411470850999944 ], [ 78.387707346000767, 17.411688205999901 ], [ 78.387652255000731, 17.411842806000042 ], [ 78.38763746100075, 17.411999448999964 ], [ 78.3876339410008, 17.412036717999918 ], [ 78.387674009000719, 17.412282174 ], [ 78.387718445000715, 17.412466405999968 ], [ 78.387809160000828, 17.412842506999716 ], [ 78.387960546000741, 17.413355261000053 ], [ 78.387990821147355, 17.413510272921744 ], [ 78.387999417875179, 17.41345439459516 ] ] ] } },
{ "type": "Feature", "properties": { "FID": 301, "Descr_1": "Water Bodies", "Descr_2": "Reservoir/Tanks", "Descr_3": "Reservoir/Tanks", "PI_CODE": " ", "LU_Code": "WBRT", "Shape_Area": 0.0149717539232 }, "geometry": { "type": "Polygon", "coordinates": [ [ [ 78.401077736290262, 17.413345307291308 ], [ 78.401034904039449, 17.413345306726221 ], [ 78.400956382625267, 17.413373860156327 ], [ 78.400870722448943, 17.413430967893511 ], [ 78.400770783777276, 17.413495212967646 ], [ 78.400670847854315, 17.413559458929996 ], [ 78.400556634087891, 17.41360228913134 ], [ 78.400442419089842, 17.413616566178415 ], [ 78.400349852223357, 17.413637927284746 ], [ 78.40034961982029, 17.413637981557699 ], [ 78.400185438036701, 17.413702224894728 ], [ 78.400085499822197, 17.413752195371337 ], [ 78.400049807732884, 17.413821199152661 ], [ 78.400040290777753, 17.413854512276501 ], [ 78.400026013731434, 17.413921136772249 ], [ 78.400006977590337, 17.413983002786129 ], [ 78.400016495064634, 17.414087699361652 ], [ 78.400026014444123, 17.414192395049451 ], [ 78.400026012833635, 17.414287572839314 ], [ 78.400016533059059, 17.414372897736758 ], [ 78.400041967870735, 17.414431512701615 ], [ 78.400056947196148, 17.41446603256329 ], [ 78.400128329724623, 17.414665908855479 ], [ 78.400185438198065, 17.414751568122043 ], [ 78.400228267914883, 17.414815814348927 ], [ 78.400246280376919, 17.414822364336938 ], [ 78.400306790451822, 17.414844367337491 ], [ 78.400456696025188, 17.414844367430657 ], [ 78.400573829101077, 17.414844366863253 ], [ 78.400606601598625, 17.414844367418276 ], [ 78.400727955303452, 17.414815812952011 ], [ 78.400799339145664, 17.414737292346334 ], [ 78.400884998875341, 17.414580246672106 ], [ 78.400927829779533, 17.414473171668259 ], [ 78.400984937300677, 17.414358955628714 ], [ 78.401027765601896, 17.414280433634321 ], [ 78.401070598257974, 17.414173357705 ], [ 78.401141981057791, 17.414037729906379 ], [ 78.401184810800729, 17.413894963246175 ], [ 78.401227643360698, 17.413716503222311 ], [ 78.401274399966852, 17.413558696658935 ], [ 78.401234780376257, 17.41347379761002 ], [ 78.401149118557683, 17.413388137326791 ], [ 78.401077736290262, 17.413345307291308 ] ] ] } },
{ "type": "Feature", "properties": { "FID": 302, "Descr_1": "Water Bodies", "Descr_2": "Reservoir/Tanks", "Descr_3": "Reservoir/Tanks", "PI_CODE": " ", "LU_Code": "WBRT", "Shape_Area": 0.016001651021499998 }, "geometry": { "type": "Polygon", "coordinates": [ [ [ 78.417308635416788, 17.441323129058926 ], [ 78.417231300910103, 17.44132312931653 ], [ 78.417118276629992, 17.441340973796006 ], [ 78.417011200610105, 17.441376665862297 ], [ 78.416886279646619, 17.441400460705296 ], [ 78.416791101118676, 17.441412358907389 ], [ 78.416475822974547, 17.441471844704832 ], [ 78.41633900531464, 17.441483741879736 ], [ 78.416225979015081, 17.441483742580743 ], [ 78.416118902871517, 17.441495638934111 ], [ 78.416072256418133, 17.441515074797099 ], [ 78.416047520222122, 17.441525382299123 ], [ 78.416020757329733, 17.441587271059127 ], [ 78.416029101347902, 17.441616476102599 ], [ 78.416069955978571, 17.441759468315379 ], [ 78.416091944745247, 17.441836427551429 ], [ 78.416160253255214, 17.442075503322684 ], [ 78.416172148580415, 17.442384833227475 ], [ 78.416160252341527, 17.442503806151102 ], [ 78.416410094706748, 17.442515702672605 ], [ 78.416612348566574, 17.442491908987261 ], [ 78.416897884762903, 17.442420525237814 ], [ 78.417159624585793, 17.442337244092496 ], [ 78.417361880015036, 17.442277755930974 ], [ 78.417415710414758, 17.442203529001063 ], [ 78.417481143610701, 17.442084556302731 ], [ 78.417510887717683, 17.441941786650411 ], [ 78.41749342703055, 17.441778814783092 ], [ 78.4174930423343, 17.44177522577818 ], [ 78.41746924677976, 17.441602715772923 ], [ 78.417451402466511, 17.441453999069005 ], [ 78.417403812091763, 17.441364768592383 ], [ 78.417308635416788, 17.441323129058926 ] ] ] } },
{ "type": "Feature", "properties": { "FID": 303, "Descr_1": "Water Bodies", "Descr_2": "Reservoir/Tanks", "Descr_3": "Reservoir/Tanks", "PI_CODE": " ", "LU_Code": "WBRT", "Shape_Area": 0.081464504657699999 }, "geometry": { "type": "Polygon", "coordinates": [ [ [ 78.431826954987272, 17.440350722126574 ], [ 78.431753182226842, 17.439953297960198 ], [ 78.431716309552229, 17.439754666929257 ], [ 78.431579024367082, 17.438739389570831 ], [ 78.431562833585986, 17.438619664303587 ], [ 78.431573541654103, 17.437823734845136 ], [ 78.431584895075162, 17.437793083178736 ], [ 78.431533477736778, 17.437788953707564 ], [ 78.431355017973004, 17.437874614923871 ], [ 78.431197974234877, 17.437981690684886 ], [ 78.430912440291394, 17.43816728908299 ], [ 78.430519827618426, 17.438509930610877 ], [ 78.430305676224378, 17.438752636234131 ], [ 78.430279820274819, 17.438784505098852 ], [ 78.429998727007046, 17.439130970617978 ], [ 78.429848819966551, 17.439252321686865 ], [ 78.429648945012531, 17.439402229238024 ], [ 78.429549008052334, 17.439473612842676 ], [ 78.429463346751547, 17.439487890162383 ], [ 78.429277747961251, 17.439495027621088 ], [ 78.429192087584624, 17.439509303938213 ], [ 78.429120705226723, 17.439587826822059 ], [ 78.429149258193661, 17.439680626177445 ], [ 78.429234917793892, 17.439773424040791 ], [ 78.429278980349068, 17.439825496995287 ], [ 78.429313441251225, 17.439866223209457 ], [ 78.429313441369573, 17.439994715278708 ], [ 78.429234919190733, 17.440023268895107 ], [ 78.429142119530184, 17.439994715206446 ], [ 78.429035044332721, 17.439973299795433 ], [ 78.428920830716692, 17.439980438323506 ], [ 78.428887838712512, 17.44000023256352 ], [ 78.4288494459297, 17.44002326908582 ], [ 78.428828030578558, 17.440108929243944 ], [ 78.428828031363892, 17.440216005214264 ], [ 78.428842308327262, 17.440365909851629 ], [ 78.428878000027694, 17.440444432926597 ], [ 78.42894938200233, 17.440572922735971 ], [ 78.429056459673959, 17.440694276653367 ], [ 78.429170673418227, 17.440801352377608 ], [ 78.429184950013365, 17.44085845871539 ], [ 78.429199227554577, 17.44095839723839 ], [ 78.429256333320097, 17.44107261095008 ], [ 78.429384824828361, 17.441108302686324 ], [ 78.429541869195589, 17.441115439975874 ], [ 78.429698913844618, 17.441115440567341 ], [ 78.429827404929, 17.441094025783723 ], [ 78.42993448036087, 17.441079748811067 ], [ 78.430162908100399, 17.4410583340219 ], [ 78.430255707742305, 17.441079748850942 ], [ 78.430319953232626, 17.441193962736797 ], [ 78.430355644867362, 17.441293900704473 ], [ 78.430384197743606, 17.441436667655523 ], [ 78.43040561382692, 17.441543744006371 ], [ 78.431569170046984, 17.441607991378074 ], [ 78.431554892557784, 17.441258208424848 ], [ 78.431590584592371, 17.441215379233004 ], [ 78.431885369095141, 17.441202335203041 ], [ 78.431826954987272, 17.440350722126574 ] ] ] } },
{ "type": "Feature", "properties": { "FID": 304, "Descr_1": "Water Bodies", "Descr_2": "Reservoir/Tanks", "Descr_3": "Reservoir/Tanks", "PI_CODE": " ", "LU_Code": "WBRT", "Shape_Area": 0.041402159608900001 }, "geometry": { "type": "Polygon", "coordinates": [ [ [ 78.419477255108674, 17.416156640386596 ], [ 78.419329729023332, 17.416156641296201 ], [ 78.419296331845203, 17.416157543431211 ], [ 78.41915364823987, 17.416161398925539 ], [ 78.418959417248303, 17.416218948771952 ], [ 78.418977280369489, 17.416460120271054 ], [ 78.418967763382682, 17.416631441732694 ], [ 78.41889161998651, 17.416783727153575 ], [ 78.418767888288386, 17.417002637783384 ], [ 78.418577530592586, 17.417297689782096 ], [ 78.418396692410226, 17.4175451553253 ], [ 78.418139709852085, 17.417706957814836 ], [ 78.4179112824648, 17.417792618594312 ], [ 78.417663818462984, 17.417830690231398 ], [ 78.417387801382546, 17.417944903836922 ], [ 78.417387800838114, 17.418073353868508 ], [ 78.417387800953563, 17.418106707743817 ], [ 78.41754960363572, 17.418220921909128 ], [ 78.417854173757334, 17.418220921784734 ], [ 78.418120675105527, 17.41819236813204 ], [ 78.418377654925266, 17.418135260865839 ], [ 78.418577531446516, 17.418078153709558 ], [ 78.418729816723726, 17.418021046990162 ], [ 78.418939210297438, 17.417944904390726 ], [ 78.419120047666638, 17.417878278572385 ], [ 78.419319922631132, 17.417859244070417 ], [ 78.419662563752425, 17.417821172438124 ], [ 78.420014725407682, 17.417735512143011 ], [ 78.420319295953661, 17.417640332773029 ], [ 78.420576277749674, 17.417469011808173 ], [ 78.420728563952309, 17.417269136877394 ], [ 78.420804707049072, 17.417069263416554 ], [ 78.420804707690763, 17.416897940896899 ], [ 78.420747598971772, 17.416726620194744 ], [ 78.420614350404833, 17.416564816883451 ], [ 78.420456528735883, 17.416453414310563 ], [ 78.419991218658126, 17.416242300611003 ], [ 78.419777066850358, 17.416161399910763 ], [ 78.419477255108674, 17.416156640386596 ] ] ] } },
{ "type": "Feature", "properties": { "FID": 305, "Descr_1": "Water Bodies", "Descr_2": "Reservoir/Tanks", "Descr_3": "Reservoir/Tanks", "PI_CODE": " ", "LU_Code": "WBRT", "Shape_Area": 0.053383189142 }, "geometry": { "type": "Polygon", "coordinates": [ [ [ 78.448623053981734, 17.421066182288104 ], [ 78.448615568013366, 17.421051920568178 ], [ 78.448588156110588, 17.421053768954092 ], [ 78.448438249653165, 17.421082323092918 ], [ 78.448309759864884, 17.421089461374883 ], [ 78.448231237150495, 17.421089461069052 ], [ 78.448174129644897, 17.421075184335319 ], [ 78.448095605983141, 17.421075184872862 ], [ 78.448024223679781, 17.421096599737574 ], [ 78.447959977622631, 17.421132291330583 ], [ 78.447902870791069, 17.421203675045799 ], [ 78.447817211087383, 17.42126792079041 ], [ 78.447731550240675, 17.421310751132985 ], [ 78.447660165939539, 17.421332164947913 ], [ 78.447581643860516, 17.421403549825154 ], [ 78.447531675418574, 17.421517764023818 ], [ 78.447531675336748, 17.421610562973292 ], [ 78.44758164441221, 17.421903236813105 ], [ 78.4476173361398, 17.422031728318103 ], [ 78.447667303656416, 17.422195911805311 ], [ 78.44770299587681, 17.422331539922553 ], [ 78.44767444317273, 17.422460030652861 ], [ 78.447608652720845, 17.422536207588028 ], [ 78.447417461206982, 17.422674181819005 ], [ 78.447060541801278, 17.423045378050126 ], [ 78.446846391011434, 17.423345190152144 ], [ 78.446817836657971, 17.423473680697803 ], [ 78.446832113815546, 17.42360217161481 ], [ 78.446954458641571, 17.423809629369725 ], [ 78.446996295881618, 17.423880567865393 ], [ 78.447053403306555, 17.423937676449004 ], [ 78.447189034417136, 17.424009059904147 ], [ 78.44737463219694, 17.42406616741787 ], [ 78.447581644379412, 17.424101859087905 ], [ 78.448002807613605, 17.424123275317172 ], [ 78.448054941247833, 17.424116431892863 ], [ 78.448063881310091, 17.424076199740458 ], [ 78.448129317086995, 17.423862048880412 ], [ 78.448283981257916, 17.423594358830027 ], [ 78.448411464992432, 17.423477213409662 ], [ 78.448504081622758, 17.423392105171725 ], [ 78.449354738837854, 17.422708010750625 ], [ 78.44940232885331, 17.422666369864707 ], [ 78.449432070962786, 17.422624729387977 ], [ 78.449467763410439, 17.422553344949819 ], [ 78.449473711641872, 17.422493859853091 ], [ 78.449473711119566, 17.422416526072091 ], [ 78.449455865595723, 17.422345142052137 ], [ 78.449426121818604, 17.422273759215777 ], [ 78.449378532991659, 17.42219047729802 ], [ 78.449330945135742, 17.422107196281289 ], [ 78.449271458149354, 17.422023914610779 ], [ 78.449211971311982, 17.421958479042587 ], [ 78.449110843875317, 17.421869249897547 ], [ 78.449015666125305, 17.421780019672219 ], [ 78.449007244181999, 17.421771598968771 ], [ 78.448956179453418, 17.421720534240318 ], [ 78.448884796436573, 17.421643201131971 ], [ 78.448825309666802, 17.421530176379843 ], [ 78.448771769665925, 17.42140525464028 ], [ 78.44871823252592, 17.421274385408719 ], [ 78.448623053981734, 17.421066182288104 ] ] ] } },
{ "type": "Feature", "properties": { "FID": 306, "Descr_1": "Water Bodies", "Descr_2": "Reservoir/Tanks", "Descr_3": "Reservoir/Tanks", "PI_CODE": " ", "LU_Code": "WBRT", "Shape_Area": 0.0466768205245 }, "geometry": { "type": "Polygon", "coordinates": [ [ [ 78.447981809215307, 17.411421720371415 ], [ 78.448082937353917, 17.411451464398844 ], [ 78.448166218670636, 17.411493104656635 ], [ 78.44829114023959, 17.411558539644385 ], [ 78.448374420748863, 17.411635872219367 ], [ 78.448451752930154, 17.411683461806653 ], [ 78.448535033539386, 17.411754845881003 ], [ 78.448588571558901, 17.411820281192117 ], [ 78.448648057947892, 17.411879767025368 ], [ 78.448713493625988, 17.411933305195475 ], [ 78.448802723662439, 17.411986842838321 ], [ 78.448868159351051, 17.412022534756051 ], [ 78.448915748082257, 17.412046330165019 ], [ 78.448963336713376, 17.412040380687355 ], [ 78.449040669546619, 17.411963047550682 ], [ 78.449070413536219, 17.411855973297012 ], [ 78.449094208301901, 17.411760794219635 ], [ 78.449135848097285, 17.411677513395542 ], [ 78.44917153965423, 17.411618027339706 ], [ 78.449231027340545, 17.411552589597544 ], [ 78.449308359008285, 17.411493105255243 ], [ 78.449488976825421, 17.411417361227652 ], [ 78.449491141182961, 17.411270178837889 ], [ 78.449624390983189, 17.410599170728428 ], [ 78.449708620851439, 17.410383698272625 ], [ 78.449587945578614, 17.40976799600821 ], [ 78.449528458578797, 17.409702560122547 ], [ 78.449480870217926, 17.409660918603823 ], [ 78.449421383605241, 17.409649024062716 ], [ 78.449417461445009, 17.409649021940851 ], [ 78.449314308116328, 17.409649022985473 ], [ 78.449207231943362, 17.409696612068704 ], [ 78.449147745693651, 17.409744200936593 ], [ 78.449076362013031, 17.409809635366798 ], [ 78.448927645060422, 17.409892916765003 ], [ 78.448826517836309, 17.409928608652688 ], [ 78.448737289038164, 17.409970249600871 ], [ 78.448636160863089, 17.410029736042997 ], [ 78.448558828592454, 17.410089222882515 ], [ 78.448451752954355, 17.41014870936732 ], [ 78.448368472256789, 17.410184401599462 ], [ 78.448297088127845, 17.41023793978497 ], [ 78.448225703966742, 17.410297426382499 ], [ 78.44817811483496, 17.410362860966405 ], [ 78.4481126798335, 17.410404501206123 ], [ 78.448059142328887, 17.410434245248716 ], [ 78.448043040779012, 17.410436928561754 ], [ 78.448023449725568, 17.410440193398848 ], [ 78.447916373736817, 17.410493731168501 ], [ 78.447803350317798, 17.410559165868921 ], [ 78.447684376584334, 17.410642447702195 ], [ 78.447547557878778, 17.410713831069142 ], [ 78.447380995683503, 17.410773317903619 ], [ 78.447244176902842, 17.410814957987842 ], [ 78.446863463297845, 17.410993417796789 ], [ 78.446809858460284, 17.411042149992308 ], [ 78.446798027675925, 17.411052904735548 ], [ 78.446774232911224, 17.411136185823477 ], [ 78.44678801473755, 17.411214284659266 ], [ 78.446784702775986, 17.411223669664214 ], [ 78.446766857401371, 17.411283156943501 ], [ 78.446737114422518, 17.411342644353162 ], [ 78.446689523770544, 17.41138428392135 ], [ 78.446630038408642, 17.411414026768888 ], [ 78.446552705337496, 17.411425925369343 ], [ 78.446463475715262, 17.411425925393626 ], [ 78.446356399966859, 17.411449719291426 ], [ 78.446308809973743, 17.411509205894056 ], [ 78.446257423260136, 17.411560593797017 ], [ 78.446249324239602, 17.411568691707913 ], [ 78.446148197359236, 17.411622229429621 ], [ 78.445999481215068, 17.411646025316795 ], [ 78.445925268998053, 17.411660867450351 ], [ 78.445880508619169, 17.411669819075527 ], [ 78.445761535109398, 17.411687665227372 ], [ 78.445636612800044, 17.411741202859233 ], [ 78.445428409958637, 17.411788794259859 ], [ 78.445409516948061, 17.411792572310897 ], [ 78.445220207145383, 17.411830433406092 ], [ 78.44505959397074, 17.411860176223303 ], [ 78.444940620726925, 17.411907765899979 ], [ 78.444828260245117, 17.411984644950067 ], [ 78.444827596230752, 17.411985097665951 ], [ 78.444857339213286, 17.412080276143232 ], [ 78.444928723321013, 17.412127866124663 ], [ 78.445006054690509, 17.41212786586463 ], [ 78.445083387090108, 17.412121917154778 ], [ 78.445172618067033, 17.412115968382299 ], [ 78.445244003228098, 17.412098121883826 ], [ 78.445333231757033, 17.412062431753053 ], [ 78.445434359805489, 17.412026738833291 ], [ 78.445547382921973, 17.411967252035144 ], [ 78.445963788539785, 17.411806637837106 ], [ 78.446528910371612, 17.411634128060438 ], [ 78.44719658756631, 17.411439567869031 ], [ 78.447345304248955, 17.411439566700949 ], [ 78.447535661071385, 17.411439568412398 ], [ 78.447720067746005, 17.411433617076721 ], [ 78.447886631252175, 17.411427670436282 ], [ 78.447981809215307, 17.411421720371415 ] ] ] } },
{ "type": "Feature", "properties": { "FID": 307, "Descr_1": "Water Bodies", "Descr_2": "Lakes/Ponds", "Descr_3": "Lakes/Ponds", "PI_CODE": " ", "LU_Code": "WBLP", "Shape_Area": 0.0063487969459599999 }, "geometry": { "type": "Polygon", "coordinates": [ [ [ 78.445601793113696, 17.414770455197605 ], [ 78.445373365018767, 17.41482042402593 ], [ 78.444952201000149, 17.414870393335104 ], [ 78.444909369364069, 17.414970329364568 ], [ 78.444895094712521, 17.415091682561972 ], [ 78.444966477225947, 17.415227310576455 ], [ 78.445158991683286, 17.415497749936296 ], [ 78.445695900652566, 17.415391406249405 ], [ 78.44596715912401, 17.415320022231967 ], [ 78.446034632417678, 17.415278788456213 ], [ 78.445601793113696, 17.414770455197605 ] ] ] } },
{ "type": "Feature", "properties": { "FID": 308, "Descr_1": "Water Bodies", "Descr_2": "Reservoir/Tanks", "Descr_3": "Reservoir/Tanks", "PI_CODE": " ", "LU_Code": "WBRT", "Shape_Area": 0.067267948912799996 }, "geometry": { "type": "Polygon", "coordinates": [ [ [ 78.406502727841854, 17.409568536793984 ], [ 78.406438483388456, 17.409504292408389 ], [ 78.406414179841804, 17.409484039638006 ], [ 78.406352821609858, 17.409432908369777 ], [ 78.406267980627504, 17.409378368159249 ], [ 78.406252885702642, 17.409368662995504 ], [ 78.406138672120804, 17.409304416813622 ], [ 78.406136873035607, 17.409303817230573 ], [ 78.406053010220504, 17.409275863688887 ], [ 78.405981625787888, 17.409225894869575 ], [ 78.405931656543743, 17.409161649249842 ], [ 78.405881688783523, 17.409111680649303 ], [ 78.405581876729826, 17.408883252891368 ], [ 78.405046498556757, 17.408676239445342 ], [ 78.404902263765337, 17.408622934889767 ], [ 78.404881067171871, 17.408615103164621 ], [ 78.404855843837311, 17.408635521097533 ], [ 78.404798736736694, 17.408664073599091 ], [ 78.404755906009001, 17.408649797671913 ], [ 78.404503980955695, 17.408769037988879 ], [ 78.404361213241344, 17.408868975727358 ], [ 78.403897218446872, 17.409197341051101 ], [ 78.402838515577997, 17.410142287269689 ], [ 78.403060956872949, 17.410516127582991 ], [ 78.403229928903983, 17.410816523009299 ], [ 78.403298148940394, 17.410937805794017 ], [ 78.403361839823518, 17.410953383666644 ], [ 78.403540299177493, 17.410996213605848 ], [ 78.403647376151611, 17.411053321286182 ], [ 78.403880395311418, 17.41105332117041 ], [ 78.404389767418252, 17.41105332137078 ], [ 78.404603917652295, 17.411003351125082 ], [ 78.404789515268263, 17.410967659624752 ], [ 78.404967976009289, 17.410924829969883 ], [ 78.405174988662495, 17.410853445952572 ], [ 78.405396279239454, 17.410746370030203 ], [ 78.405553321622065, 17.410653571843213 ], [ 78.405660398734952, 17.410567911168787 ], [ 78.405810306282859, 17.410425143818131 ], [ 78.405931656919662, 17.410318067316336 ], [ 78.406038733351551, 17.410210992730725 ], [ 78.406152946960887, 17.410161022866163 ], [ 78.406295713537077, 17.410068224285759 ], [ 78.406445622466961, 17.409982562713399 ], [ 78.40653841970159, 17.409875488014588 ], [ 78.406566974174424, 17.409775550390307 ], [ 78.406552696789589, 17.409654198683466 ], [ 78.406540118790517, 17.409632636628071 ], [ 78.406502727841854, 17.409568536793984 ] ] ] } },
{ "type": "Feature", "properties": { "FID": 309, "Descr_1": "Water Bodies", "Descr_2": "Reservoir/Tanks", "Descr_3": "Reservoir/Tanks", "PI_CODE": " ", "LU_Code": "WBRT", "Shape_Area": 0.045820616563499998 }, "geometry": { "type": "Polygon", "coordinates": [ [ [ 78.421082993992428, 17.412877773377414 ], [ 78.420990194039973, 17.41280638920674 ], [ 78.420928114111106, 17.412778797229773 ], [ 78.420861704547136, 17.412749282604434 ], [ 78.420829544351577, 17.412744257102943 ], [ 78.420754629103655, 17.412770697142609 ], [ 78.420640414687924, 17.412834941768054 ], [ 78.420567563857944, 17.41285770785289 ], [ 78.420526199853285, 17.412870634176464 ], [ 78.420397711381668, 17.412877772811054 ], [ 78.420204971988511, 17.412820665791269 ], [ 78.420069345347429, 17.412735004860579 ], [ 78.419969406827164, 17.412663621231683 ], [ 78.419890885209512, 17.412635069160046 ], [ 78.419776669789016, 17.412656483278017 ], [ 78.41966959541675, 17.412706451247814 ], [ 78.419605349121937, 17.412799249614949 ], [ 78.419598211165621, 17.412920603125773 ], [ 78.419603561051034, 17.412944678244017 ], [ 78.419626764756174, 17.413049093818319 ], [ 78.419655318177732, 17.413149031445098 ], [ 78.419655318696385, 17.413256106977403 ], [ 78.419626762972257, 17.41340601281831 ], [ 78.419562518856949, 17.413584473026521 ], [ 78.419491134801177, 17.413670132922949 ], [ 78.419369781896904, 17.413748654804937 ], [ 78.419291260110782, 17.413798624080727 ], [ 78.419248429729009, 17.413898559686441 ], [ 78.419227014764786, 17.414005637189124 ], [ 78.419234153813164, 17.414155544439261 ], [ 78.419205599670164, 17.41428403382503 ], [ 78.419141354367753, 17.414398248366449 ], [ 78.419084248173064, 17.414541015866103 ], [ 78.419069970241125, 17.414648092342155 ], [ 78.41914135383783, 17.41481227414198 ], [ 78.41919132395337, 17.41499787157084 ], [ 78.419134215860467, 17.415119225384327 ], [ 78.419091386745706, 17.415162054863767 ], [ 78.418998586985865, 17.415183471089819 ], [ 78.418948617634413, 17.415247716025416 ], [ 78.418955755811254, 17.415326238369484 ], [ 78.419098523836013, 17.415361929586059 ], [ 78.419105327920732, 17.415362355211542 ], [ 78.419222433737204, 17.415369675177946 ], [ 78.419326951680972, 17.415376207140362 ], [ 78.419512549942766, 17.415347653122726 ], [ 78.419769532068798, 17.415147778147798 ], [ 78.420454816915537, 17.414505324394529 ], [ 78.420604721647294, 17.414391109934886 ], [ 78.420818873918989, 17.414298310683385 ], [ 78.421040162657803, 17.414255481366432 ], [ 78.42123289967418, 17.414248342088399 ], [ 78.421368531123903, 17.414226926794484 ], [ 78.42143991382116, 17.414184098097628 ], [ 78.421447051862614, 17.41410557371179 ], [ 78.421347115376179, 17.413984221410363 ], [ 78.421325698940535, 17.413862871161431 ], [ 78.421339976005044, 17.413705824190654 ], [ 78.421425636601683, 17.413605888239225 ], [ 78.421468467007216, 17.413491674317822 ], [ 78.42148274365816, 17.413406013089268 ], [ 78.421418498473756, 17.413277520670189 ], [ 78.421311422957785, 17.413127616287714 ], [ 78.4211972090323, 17.413006265022734 ], [ 78.421082993992428, 17.412877773377414 ] ] ] } },
{ "type": "Feature", "properties": { "FID": 310, "Descr_1": "Water Bodies", "Descr_2": "Reservoir/Tanks", "Descr_3": "Reservoir/Tanks", "PI_CODE": " ", "LU_Code": "WBRT", "Shape_Area": 0.0131280019172 }, "geometry": { "type": "Polygon", "coordinates": [ [ [ 78.414200025691713, 17.409243229184451 ], [ 78.414123785301911, 17.409341893945495 ], [ 78.414159476844048, 17.409420416202845 ], [ 78.414259414287201, 17.409477522970896 ], [ 78.414316522387466, 17.409541766703132 ], [ 78.414452149675171, 17.409741642092957 ], [ 78.414459289253287, 17.409862995833937 ], [ 78.414423597179052, 17.409970071070745 ], [ 78.414373628385135, 17.410091424008542 ], [ 78.414368706340426, 17.410209554878211 ], [ 78.414366488893975, 17.410262746111993 ], [ 78.414395042652743, 17.41033412879813 ], [ 78.41445464190538, 17.410360203819948 ], [ 78.41450925835052, 17.410384097130414 ], [ 78.414616332763444, 17.410462620180724 ], [ 78.414759102375228, 17.410512587831825 ], [ 78.414873314537374, 17.410505449733765 ], [ 78.414987528828675, 17.41045548060082 ], [ 78.415108882414742, 17.410376959298937 ], [ 78.415223096313781, 17.410312713937955 ], [ 78.415351586074237, 17.410248467730963 ], [ 78.415458660642472, 17.410169946068859 ], [ 78.415594292204034, 17.410070008215051 ], [ 78.415732389886983, 17.409850306819486 ], [ 78.415715642831145, 17.409820165208146 ], [ 78.415694229459575, 17.409748780955578 ], [ 78.415658536569495, 17.409684536867342 ], [ 78.415572877342214, 17.409627429091042 ], [ 78.415458661956819, 17.409584598911341 ], [ 78.415337310019581, 17.409563183227696 ], [ 78.41519454228154, 17.409534629657241 ], [ 78.415058912637548, 17.409513214565244 ], [ 78.414923283729095, 17.409477523293361 ], [ 78.414780516006289, 17.409441830940228 ], [ 78.414587780075919, 17.409413277271206 ], [ 78.41444501235442, 17.409370447091916 ], [ 78.414309381592446, 17.409320478396054 ], [ 78.414223721962827, 17.409263370961529 ], [ 78.414200025691713, 17.409243229184451 ] ] ] } },
{ "type": "Feature", "properties": { "FID": 311, "Descr_1": "Water Bodies", "Descr_2": "Reservoir/Tanks", "Descr_3": "Reservoir/Tanks", "PI_CODE": " ", "LU_Code": "WBRT", "Shape_Area": 0.00496985110016 }, "geometry": { "type": "Polygon", "coordinates": [ [ [ 78.417146889150175, 17.410323777614334 ], [ 78.417161166321179, 17.410248825193182 ], [ 78.417143321193493, 17.410205994644812 ], [ 78.417057659740465, 17.410169946668088 ], [ 78.416950585252621, 17.410262745221651 ], [ 78.416786402445979, 17.410326989577275 ], [ 78.416536558323003, 17.410355543724691 ], [ 78.41640092940608, 17.410355545009651 ], [ 78.416286716426839, 17.41031985201349 ], [ 78.416263092665005, 17.410308040770861 ], [ 78.416154654039048, 17.410388023809812 ], [ 78.41606542563828, 17.410516514960637 ], [ 78.416036871124334, 17.410634297302742 ], [ 78.416055104893232, 17.410725466041971 ], [ 78.416093978913651, 17.41074101701868 ], [ 78.41619391615076, 17.410776709143359 ], [ 78.416336683819679, 17.410798124421937 ], [ 78.416479451350824, 17.410812401104657 ], [ 78.416636495986026, 17.41083381623768 ], [ 78.416644988788491, 17.410838534206768 ], [ 78.416854215796889, 17.410641435889946 ], [ 78.416918462302704, 17.410605744437259 ], [ 78.416971999938838, 17.410552207139549 ], [ 78.417000553719163, 17.410516514690443 ], [ 78.417068369127946, 17.410445131150539 ], [ 78.417104058768416, 17.410402300165579 ], [ 78.417146889150175, 17.410323777614334 ] ] ] } },
{ "type": "Feature", "properties": { "FID": 312, "Descr_1": "Water Bodies", "Descr_2": "Lakes/Ponds", "Descr_3": "Lakes/Ponds", "PI_CODE": "Vacant Land", "LU_Code": "WBLP", "Shape_Area": 0.0067581737848199999 }, "geometry": { "type": "Polygon", "coordinates": [ [ [ 78.413156151436368, 17.407644090598254 ], [ 78.412900203410089, 17.407646730657355 ], [ 78.412941863141938, 17.407856883553531 ], [ 78.412513559808247, 17.407922319078079 ], [ 78.412525457606932, 17.408487441293758 ], [ 78.412840735657568, 17.408529082052635 ], [ 78.412906901003481, 17.408595245720452 ], [ 78.413385321306194, 17.408520065556402 ], [ 78.413156151436368, 17.407644090598254 ] ] ] } },
{ "type": "Feature", "properties": { "FID": 313, "Descr_1": "Water Bodies", "Descr_2": "Canal", "Descr_3": "Canal", "PI_CODE": "Disused", "LU_Code": "WBCN", "Shape_Area": 0.14697099959500001 }, "geometry": { "type": "Polygon", "coordinates": [ [ [ 78.406352821609858, 17.409432908369777 ], [ 78.406414179841804, 17.409484039638006 ], [ 78.406438483388456, 17.409504292408389 ], [ 78.406502727841854, 17.409568536793984 ], [ 78.406540118790517, 17.409632636628071 ], [ 78.406645571626939, 17.40963263497456 ], [ 78.406711006874673, 17.409662378847091 ], [ 78.406782391088711, 17.409715916658534 ], [ 78.406824030698203, 17.409739712360953 ], [ 78.406901364122263, 17.409739712391911 ], [ 78.407002490711605, 17.409739712022127 ], [ 78.407097669309138, 17.409733763025002 ], [ 78.40721069271396, 17.409709968102081 ], [ 78.407329667192286, 17.409686174179399 ], [ 78.407448639029539, 17.409638585442828 ], [ 78.407549766627369, 17.409596943844384 ], [ 78.407668740333733, 17.409567201270328 ], [ 78.407781763286451, 17.409549355397246 ], [ 78.407882889949704, 17.409525558989937 ], [ 78.40803160806162, 17.409489868332674 ], [ 78.408198170039938, 17.409454176050087 ], [ 78.408334988905224, 17.409412537402368 ], [ 78.408465858538889, 17.40937089494674 ], [ 78.408584831103298, 17.409317357129421 ], [ 78.408781138466352, 17.409269767970429 ], [ 78.409060724142464, 17.409228128181475 ], [ 78.409167799665568, 17.409204333959639 ], [ 78.409298671798041, 17.409162691925861 ], [ 78.409381952280484, 17.409138898202833 ], [ 78.409465232529342, 17.409121051994308 ], [ 78.409560411184998, 17.409103205897559 ], [ 78.409715075793073, 17.409073461656686 ], [ 78.409863792781749, 17.409049668425443 ], [ 78.41001250860711, 17.409031821722564 ], [ 78.410196915745914, 17.408990182287866 ], [ 78.41031589024584, 17.408942591075842 ], [ 78.410452708684758, 17.408889055059646 ], [ 78.410619271423002, 17.408799824807147 ], [ 78.410750142210432, 17.40872249113896 ], [ 78.410869114842598, 17.408633262220167 ], [ 78.410982138172557, 17.408544033198975 ], [ 78.411045357380203, 17.40848783936713 ], [ 78.411089215232124, 17.408448853856189 ], [ 78.411172495769563, 17.408341778345932 ], [ 78.411345007541314, 17.407967012609816 ], [ 78.411362851871502, 17.407848039891803 ], [ 78.411362853369454, 17.407729068059904 ], [ 78.411339059000355, 17.407616042791165 ], [ 78.411314399791493, 17.407550286814711 ], [ 78.411303366756428, 17.407520863749255 ], [ 78.411220085352966, 17.407413789436692 ], [ 78.411136804062849, 17.407306713278043 ], [ 78.41104162563073, 17.407163945377384 ], [ 78.410952397044326, 17.407033076191514 ], [ 78.41088101321867, 17.406902204321767 ], [ 78.41084531962575, 17.40680107669338 ], [ 78.410762038209612, 17.40659287472198 ], [ 78.410750142379172, 17.406515542879838 ], [ 78.410750141642595, 17.406390619772882 ], [ 78.410773936457872, 17.40629544091604 ], [ 78.410785608009348, 17.406263344896065 ], [ 78.410821526008576, 17.406164572317692 ], [ 78.410958345623328, 17.40594447088241 ], [ 78.411029729184875, 17.405825498342288 ], [ 78.411130856375962, 17.405736269110687 ], [ 78.411261726193118, 17.405647039015737 ], [ 78.411380698722084, 17.405587552024631 ], [ 78.411505621049315, 17.405534014359382 ], [ 78.411666234307674, 17.405474528197981 ], [ 78.41198151332992, 17.405355554620471 ], [ 78.412046947555524, 17.405325811372684 ], [ 78.412118331301897, 17.405278221816335 ], [ 78.412159972215406, 17.405236581637929 ], [ 78.412207561971329, 17.405165199128717 ], [ 78.412261099213097, 17.405081916944958 ], [ 78.412296791310879, 17.404986737855204 ], [ 78.412332483362832, 17.404891559659688 ], [ 78.412362227378424, 17.404790433008142 ], [ 78.412386020675243, 17.404677409406702 ], [ 78.412403868241938, 17.404582230334011 ], [ 78.412421714178407, 17.404475154306436 ], [ 78.412452960328054, 17.404370051600665 ], [ 78.412487147681475, 17.404255053677755 ], [ 78.412516892054256, 17.404171773284641 ], [ 78.412558532243168, 17.404106338233891 ], [ 78.412612070390338, 17.40404685161214 ], [ 78.412665606621644, 17.403987364953579 ], [ 78.412742940116587, 17.40392192885594 ], [ 78.412861912693202, 17.403832699580185 ], [ 78.412957092138242, 17.403773212698336 ], [ 78.413040373301939, 17.40371967519269 ], [ 78.413123654420261, 17.403666137653282 ], [ 78.413242626227245, 17.403600702019208 ], [ 78.41336754930785, 17.403511472439323 ], [ 78.413462726549312, 17.403451986205638 ], [ 78.413587648712578, 17.403404397565833 ], [ 78.413676879028898, 17.403380603010813 ], [ 78.41376016009697, 17.403368705396957 ], [ 78.413855337896948, 17.403380603319555 ], [ 78.413980259891915, 17.403398447592799 ], [ 78.414093283701874, 17.403422243985052 ], [ 78.414224154600433, 17.403451986801802 ], [ 78.414533485051479, 17.403588805309884 ], [ 78.414664354612356, 17.403666138283651 ], [ 78.41477143219187, 17.403713727375493 ], [ 78.414961787839701, 17.403779162435228 ], [ 78.41509860737915, 17.403791059224275 ], [ 78.415223529137123, 17.403767265304158 ], [ 78.415330603799774, 17.403737520399901 ], [ 78.41541983413417, 17.403701829091599 ], [ 78.415538807047753, 17.403636394911487 ], [ 78.415639932671709, 17.403588803642403 ], [ 78.415752959146545, 17.403535267306196 ], [ 78.415877879958472, 17.403469831916098 ], [ 78.416145571243192, 17.403395869839937 ], [ 78.41723009731534, 17.403115160119693 ], [ 78.417394786139525, 17.403106964036219 ], [ 78.417638680632862, 17.403219989431935 ], [ 78.418215700999539, 17.403392499688994 ], [ 78.418346570584617, 17.403422242666412 ], [ 78.418465543738606, 17.403416294234663 ], [ 78.41861425994594, 17.403380601576835 ], [ 78.418727284704303, 17.403344909952548 ], [ 78.418834361045015, 17.403279475226661 ], [ 78.418923591454146, 17.403243784263847 ], [ 78.419012820034254, 17.403214039900099 ], [ 78.419137742744368, 17.403184297043158 ], [ 78.419232919674542, 17.403184297429114 ], [ 78.419357841689276, 17.403178348300926 ], [ 78.41947681481011, 17.40318429714279 ], [ 78.419595789043697, 17.403202142863453 ], [ 78.419756402295391, 17.403255681399337 ], [ 78.419863477004697, 17.403297321240615 ], [ 78.419988398763877, 17.40333301280857 ], [ 78.420137114615585, 17.403356808265187 ], [ 78.420244191141222, 17.403386551001731 ], [ 78.420404805354508, 17.403422242751777 ], [ 78.420660597681461, 17.40351147303884 ], [ 78.420833108957694, 17.403630446098294 ], [ 78.421088899230909, 17.403779162284863 ], [ 78.421172180952951, 17.403856494174615 ], [ 78.421231668098372, 17.403963571189845 ], [ 78.421231666661896, 17.404070646228394 ], [ 78.421207872533444, 17.404124184339199 ], [ 78.42111269408872, 17.404207465114641 ], [ 78.42101751567705, 17.404296695212906 ], [ 78.420928284987426, 17.404463256826311 ], [ 78.4208569017038, 17.404600076259385 ], [ 78.420868799730073, 17.404689306317049 ], [ 78.420874747538122, 17.404766636965093 ], [ 78.420880697321223, 17.404849918807127 ], [ 78.420898543037467, 17.40496294424586 ], [ 78.420934235110934, 17.405075968027141 ], [ 78.421013151345662, 17.405199553259134 ], [ 78.421169955858247, 17.405445114792787 ], [ 78.421249512574377, 17.405569705628139 ], [ 78.421356588542551, 17.405682730702658 ], [ 78.421382377180052, 17.405699923373504 ], [ 78.421481511283289, 17.405766011731309 ], [ 78.421576689077995, 17.40578980580532 ], [ 78.421665919234371, 17.405795754743465 ], [ 78.421767046086231, 17.405777909255743 ], [ 78.421874121890042, 17.405754114084075 ], [ 78.422010940663242, 17.405742217084448 ], [ 78.422611754541236, 17.40562324404717 ], [ 78.422790212757803, 17.405599450245688 ], [ 78.422992469046889, 17.405569706645842 ], [ 78.4230995436358, 17.405545911749719 ], [ 78.423242311081168, 17.405498322898108 ], [ 78.423343440243571, 17.405444785032849 ], [ 78.423474309924629, 17.405385297928227 ], [ 78.423605180445747, 17.405325812560868 ], [ 78.423753897045174, 17.405260375859697 ], [ 78.423860972288821, 17.405183045358523 ], [ 78.423938304464627, 17.405093814131959 ], [ 78.424033482866705, 17.405004583676671 ], [ 78.424122713017354, 17.404915355328942 ], [ 78.424205993983051, 17.404849918404594 ], [ 78.424271429241699, 17.404802329669607 ], [ 78.424372556038549, 17.404778536294351 ], [ 78.424449888384075, 17.404778535395934 ], [ 78.424556963013998, 17.404796381701754 ], [ 78.424628349094803, 17.404820175862131 ], [ 78.424729475393391, 17.4048558678174 ], [ 78.424806808944723, 17.404885610911272 ], [ 78.424949575819824, 17.404939149244537 ], [ 78.425058391899654, 17.40492022492715 ], [ 78.42521834385613, 17.404850544044866 ], [ 78.425318283011222, 17.404804143640828 ], [ 78.425361867868091, 17.404778449709269 ], [ 78.425457590696737, 17.404722022787887 ], [ 78.425614634941098, 17.404700607558393 ], [ 78.425743125721809, 17.404672054823546 ], [ 78.425871615888269, 17.404622085558231 ], [ 78.425978693211974, 17.404579257430072 ], [ 78.426100044572635, 17.404529287405307 ], [ 78.426228535904229, 17.404472180327158 ], [ 78.426364163741709, 17.404386518790595 ], [ 78.426449824833085, 17.404293719901844 ], [ 78.426592593145784, 17.404072429763406 ], [ 78.42664256184284, 17.404008184575247 ], [ 78.426713945719101, 17.403958216373418 ], [ 78.426813883459644, 17.403922523920841 ], [ 78.426942374331858, 17.403879694334758 ], [ 78.427006619253476, 17.403815449314809 ], [ 78.427070866250773, 17.403729787844796 ], [ 78.427137530997982, 17.403616456416085 ], [ 78.427142249983405, 17.403608436136825 ], [ 78.427235047881084, 17.4035370521141 ], [ 78.42737781478705, 17.403458529008436 ], [ 78.427506305616546, 17.403408559656533 ], [ 78.42767048966806, 17.403394283821996 ], [ 78.427827532808067, 17.403387145794806 ], [ 78.427970301108374, 17.403387145996234 ], [ 78.42817017706794, 17.403380008327883 ], [ 78.428341497229525, 17.403358592168786 ], [ 78.428469988004451, 17.403322900175208 ], [ 78.428598478789027, 17.403265792552759 ], [ 78.428691277868197, 17.403194408810993 ], [ 78.428769800204591, 17.403130164307822 ], [ 78.428862599185038, 17.403037364934146 ], [ 78.428969675353571, 17.402901736351208 ], [ 78.429091026443388, 17.40275182986678 ], [ 78.429190965274856, 17.402644753829744 ], [ 78.429319456303531, 17.402566232017044 ], [ 78.42934456089101, 17.402554934165352 ], [ 78.4294622229297, 17.402501986343037 ], [ 78.429597852132716, 17.402452018031084 ], [ 78.429954772186548, 17.402366356787706 ], [ 78.430090401673056, 17.40235207985863 ], [ 78.430247446444824, 17.402352078594298 ], [ 78.430354521041323, 17.402373494893421 ], [ 78.430468735263446, 17.402444879444506 ], [ 78.430568672094438, 17.40252340061247 ], [ 78.430775685728719, 17.40259478466912 ], [ 78.430939867403296, 17.402594785140231 ], [ 78.431068359292055, 17.402580508051877 ], [ 78.431218264661823, 17.402523401082103 ], [ 78.43134675573161, 17.402444878958132 ], [ 78.431453832027088, 17.402359218749329 ], [ 78.431546631473836, 17.402259280584413 ], [ 78.43163943009553, 17.402152204751157 ], [ 78.431760782147066, 17.402073682838708 ], [ 78.432110563262583, 17.40197374594652 ], [ 78.432396098972561, 17.401823839749657 ], [ 78.432802986210319, 17.401645380289914 ], [ 78.432962106306078, 17.40164538000791 ], [ 78.43307424491276, 17.401645380424874 ], [ 78.433331226936573, 17.401623963912673 ], [ 78.433523963018871, 17.401581134581541 ], [ 78.43372383832623, 17.401502612840826 ], [ 78.433945128149674, 17.401381259927717 ], [ 78.434603197406247, 17.401220334384043 ], [ 78.435107860870446, 17.401070294117584 ], [ 78.435268474196761, 17.401028653666717 ], [ 78.435435036631219, 17.400969166142453 ], [ 78.435637291347348, 17.40088588609877 ], [ 78.435809801903289, 17.400820451861424 ], [ 78.435928775255945, 17.400790707974771 ], [ 78.436053698318005, 17.400778809668587 ], [ 78.436154824230073, 17.400772862422517 ], [ 78.436238104694397, 17.400790708317238 ], [ 78.436303540433542, 17.40082045135189 ], [ 78.436380872560022, 17.40089183497501 ], [ 78.436482000242322, 17.401016755661782 ], [ 78.436571229279167, 17.401123831345846 ], [ 78.436640931250253, 17.401238341227813 ], [ 78.436654510536798, 17.401260650915681 ], [ 78.436731843367156, 17.401373676371112 ], [ 78.436850816709239, 17.401677056850783 ], [ 78.436874610695313, 17.40176033799322 ], [ 78.436904353807719, 17.401891207959071 ], [ 78.436940046626148, 17.402010180302124 ], [ 78.436999532812692, 17.402158897569947 ], [ 78.437064968094404, 17.402307614115983 ], [ 78.437181195089067, 17.402499607804977 ], [ 78.437233542731576, 17.402632856737835 ], [ 78.437376310449196, 17.403337178036324 ], [ 78.437457579212392, 17.403544935140815 ], [ 78.437540860249442, 17.403663907914154 ], [ 78.43765388534807, 17.403788828247972 ], [ 78.437790701725774, 17.40388400601843 ], [ 78.437952546255971, 17.403959147565313 ], [ 78.437957267196893, 17.403961339287711 ], [ 78.438314184713221, 17.40401487680889 ], [ 78.438427208719517, 17.404002980365341 ], [ 78.438593772104213, 17.40395539097792 ], [ 78.438658673388701, 17.403939165386895 ], [ 78.438784128741759, 17.403907802975823 ], [ 78.438938792946672, 17.403860212080094 ], [ 78.439087508675286, 17.403818572096799 ], [ 78.439218379917335, 17.403800726330129 ], [ 78.439617420584398, 17.403817827785538 ], [ 78.439634786588897, 17.403818572362479 ], [ 78.439777553423923, 17.403836417243767 ], [ 78.440104729460103, 17.403895905025511 ], [ 78.440414058849342, 17.404020825891543 ], [ 78.440566417742147, 17.404103181906095 ], [ 78.440634158726638, 17.404139799006131 ], [ 78.440878054651407, 17.404270669204884 ], [ 78.441282562406144, 17.404425334405062 ], [ 78.441431279148418, 17.404490768622782 ], [ 78.441710864806353, 17.40456215285031 ], [ 78.441907171464848, 17.404597845053821 ], [ 78.442252192993607, 17.404651383052794 ], [ 78.442567470920437, 17.404716818048318 ], [ 78.442912492667219, 17.40481199686382 ], [ 78.44303741487694, 17.404877431585156 ], [ 78.443174235159958, 17.404948815664273 ], [ 78.443245617876286, 17.405008302382495 ], [ 78.443293206801712, 17.405043993344243 ], [ 78.443364589577442, 17.405103480924218 ], [ 78.443459769682462, 17.405162966803768 ], [ 78.443537101926964, 17.405210555642761 ], [ 78.443596588553063, 17.405270043105489 ], [ 78.443667971787619, 17.40531763186813 ], [ 78.44372150995099, 17.405353322753754 ], [ 78.443780997059747, 17.405394964809815 ], [ 78.443876174720401, 17.40544850291716 ], [ 78.443947559286016, 17.405484193788599 ], [ 78.444042736904294, 17.405543681173807 ], [ 78.444126017943631, 17.405573424444359 ], [ 78.444233093967654, 17.405579372992666 ], [ 78.444346119202237, 17.405579373042929 ], [ 78.444512679714052, 17.40552583510356 ], [ 78.444631654008802, 17.40547229713227 ], [ 78.444708985783947, 17.405460400111572 ], [ 78.444816061871734, 17.405460399012995 ], [ 78.444911240700023, 17.40546039970047 ], [ 78.445042111060545, 17.405472297133706 ], [ 78.445222193640831, 17.40550831406399 ], [ 78.445488259569487, 17.405561527442092 ], [ 78.446249687113564, 17.405632911622234 ], [ 78.447475109804628, 17.405710243401668 ], [ 78.447720751334984, 17.40572532604396 ], [ 78.448153255888116, 17.405751884233339 ], [ 78.448254383025628, 17.405769729569528 ], [ 78.448397150159821, 17.40582921592484 ], [ 78.448522071992571, 17.405906548789613 ], [ 78.448641045732685, 17.405971983901544 ], [ 78.448771916836179, 17.406043368051822 ], [ 78.448920631922633, 17.406192084253828 ], [ 78.448974170467835, 17.406263468101681 ], [ 78.449039605400415, 17.406334851661864 ], [ 78.449122884796665, 17.406388390345857 ], [ 78.449265653623257, 17.406453824561453 ], [ 78.449485753837664, 17.406560901373133 ], [ 78.449724452099744, 17.406694939446101 ], [ 78.449999999213048, 17.406849668852633 ], [ 78.450609315106149, 17.407149996049299 ], [ 78.450886764839737, 17.407220619448559 ], [ 78.451132796908183, 17.407283244906402 ], [ 78.451150016112877, 17.407210928072796 ], [ 78.451180386704962, 17.407083370951014 ], [ 78.450566486380396, 17.406864460190672 ], [ 78.450333299394856, 17.406755004788611 ], [ 78.450000000709238, 17.406578746892841 ], [ 78.44879570962965, 17.405817318344813 ], [ 78.448533968736996, 17.405680500244966 ], [ 78.448349562719926, 17.405603166715558 ], [ 78.447945052741929, 17.405519885623221 ], [ 78.446553068707189, 17.405460400949096 ], [ 78.445512053809907, 17.405365221188333 ], [ 78.445339542552517, 17.40536522113527 ], [ 78.445243805963386, 17.405348325670964 ], [ 78.445137289208077, 17.405329530355601 ], [ 78.445000470226574, 17.405293838285626 ], [ 78.444881497224955, 17.405281939892483 ], [ 78.444762523175541, 17.40527599168141 ], [ 78.444667346309018, 17.405275991853241 ], [ 78.444548372688331, 17.405299785787332 ], [ 78.444459143416481, 17.405329528108918 ], [ 78.444369913263529, 17.405353323739718 ], [ 78.444268785254238, 17.405359273966159 ], [ 78.444120069394813, 17.405359273849403 ], [ 78.443935661346814, 17.405293837870541 ], [ 78.443560896313784, 17.40500830200703 ], [ 78.443471201692191, 17.404922344001029 ], [ 78.443418128324723, 17.404871483368375 ], [ 78.443239669019761, 17.40477035607034 ], [ 78.443025518168682, 17.404675177755568 ], [ 78.442406857929612, 17.404502666843022 ], [ 78.441954758620156, 17.40440748778326 ], [ 78.441669225346416, 17.404353949171917 ], [ 78.441375143256977, 17.404272823812974 ], [ 78.44132420307767, 17.40425877192007 ], [ 78.441032718741624, 17.404139800221689 ], [ 78.44056539633192, 17.403925609079685 ], [ 78.440461649229391, 17.403878058393154 ], [ 78.44015826743761, 17.403747188330126 ], [ 78.439997653814089, 17.403699599229022 ], [ 78.439860835421342, 17.403675804350733 ], [ 78.439724015607439, 17.403663907188108 ], [ 78.439607124751404, 17.403651383041172 ], [ 78.439557452775659, 17.403646060809876 ], [ 78.439420633931363, 17.403634164367286 ], [ 78.439313558137556, 17.403628216098465 ], [ 78.439188636876494, 17.403628214900639 ], [ 78.439081560811616, 17.403628215874747 ], [ 78.439010178156494, 17.403646061282114 ], [ 78.438950691401104, 17.403669855411611 ], [ 78.438891204907023, 17.403687701069295 ], [ 78.438790076067107, 17.403705547408912 ], [ 78.438688950411802, 17.403735290653515 ], [ 78.438608788982933, 17.403752467704638 ], [ 78.438605668642296, 17.403753137394876 ], [ 78.438516439070824, 17.403765033683133 ], [ 78.438391518071398, 17.403776929842824 ], [ 78.438248749555441, 17.403776931195107 ], [ 78.43808813608878, 17.403753136294817 ], [ 78.437945367538831, 17.403699598604469 ], [ 78.437796651279228, 17.40362226590408 ], [ 78.437713370727337, 17.403544934257532 ], [ 78.437647936419111, 17.403449755052808 ], [ 78.43760629483856, 17.403330781818145 ], [ 78.437564655824033, 17.403199911677788 ], [ 78.437484421737025, 17.40274526007066 ], [ 78.437475424222754, 17.402694276057979 ], [ 78.437475425958553, 17.402557456941235 ], [ 78.437457579402576, 17.402444432865313 ], [ 78.437374297475401, 17.402265972640354 ], [ 78.437273171452262, 17.402123206186666 ], [ 78.437177992318851, 17.402004232804838 ], [ 78.437100661245751, 17.401867413714378 ], [ 78.437017378649784, 17.401593775147823 ], [ 78.436951942632916, 17.401296343284553 ], [ 78.436898406105442, 17.401123832301224 ], [ 78.436834564724393, 17.400967775583226 ], [ 78.436791328546903, 17.400862091444505 ], [ 78.436713996650795, 17.400719323659334 ], [ 78.436577177896254, 17.400582504829625 ], [ 78.436416563575094, 17.400540864096147 ], [ 78.436196464689289, 17.400528966928789 ], [ 78.436195703384229, 17.400528988061346 ], [ 78.43597636378486, 17.400534915817978 ], [ 78.435803854070443, 17.400576556334602 ], [ 78.435607547745732, 17.400659836786474 ], [ 78.435435037252219, 17.400725271769197 ], [ 78.435262527188627, 17.400796655988117 ], [ 78.435155449674099, 17.400856143244539 ], [ 78.435030529253666, 17.400897783390491 ], [ 78.434923452663028, 17.400927527300901 ], [ 78.434792582783373, 17.400975116404034 ], [ 78.434667660730625, 17.401010807851438 ], [ 78.434531186160712, 17.401031804174782 ], [ 78.434512994658647, 17.401034601807314 ], [ 78.434310741977825, 17.401052448579545 ], [ 78.434052203216353, 17.401067170208968 ], [ 78.433659591677767, 17.401110000867611 ], [ 78.432942809002824, 17.401247384892109 ], [ 78.432802987002631, 17.401274184429678 ], [ 78.432610249913097, 17.401324153432096 ], [ 78.432396098865311, 17.401409813675361 ], [ 78.432189084668494, 17.401516888754081 ], [ 78.432060595276909, 17.401602549947846 ], [ 78.431932105054344, 17.401681071627376 ], [ 78.431817888677259, 17.401709626201729 ], [ 78.431717952357786, 17.40176673297341 ], [ 78.431603737570995, 17.401802425067313 ], [ 78.431460969819113, 17.401852392414945 ], [ 78.431318202686086, 17.401938054084198 ], [ 78.4311897121611, 17.402066544947125 ], [ 78.431039806166694, 17.402152205072433 ], [ 78.430889899825729, 17.40221645133634 ], [ 78.430718577971334, 17.402216451248581 ], [ 78.430597226468734, 17.402187896588732 ], [ 78.430461597357635, 17.402145066588808 ], [ 78.430261721942998, 17.402123652319801 ], [ 78.429812004400901, 17.402137928891975 ], [ 78.429555021585699, 17.402152205352824 ], [ 78.429312317234618, 17.402202174232677 ], [ 78.429228254303396, 17.402240384887573 ], [ 78.429155273236276, 17.402273559113901 ], [ 78.429005367432808, 17.402394910414216 ], [ 78.428926843882067, 17.402452018296099 ], [ 78.428819769865612, 17.402544816695332 ], [ 78.42874124585525, 17.402630476769382 ], [ 78.428619892786671, 17.402737552833784 ], [ 78.428477125656386, 17.402923150942872 ], [ 78.428377188778981, 17.403037365178399 ], [ 78.428270113048185, 17.403094473387924 ], [ 78.428177313576001, 17.403094471768192 ], [ 78.428034546430169, 17.403094471716141 ], [ 78.427884639698291, 17.403094471906407 ], [ 78.427770425813918, 17.403101609689156 ], [ 78.427577689866752, 17.403123027311608 ], [ 78.42739923026194, 17.403144441372518 ], [ 78.427213631588188, 17.403172994123377 ], [ 78.427028034061763, 17.403265793387828 ], [ 78.426922393928677, 17.403356341113149 ], [ 78.426878126723153, 17.403394282566296 ], [ 78.426763913814014, 17.403565604815352 ], [ 78.426728222465812, 17.403665542912449 ], [ 78.426621146722553, 17.403708373253778 ], [ 78.426464101629875, 17.403744065343055 ], [ 78.426357026376394, 17.40385827891188 ], [ 78.426278503607364, 17.40400818470393 ], [ 78.426192842875679, 17.404143813727753 ], [ 78.426064352966975, 17.404243751897937 ], [ 78.425928723048912, 17.404300859166018 ], [ 78.425764541291116, 17.404386518838862 ], [ 78.425371929057633, 17.404557841087804 ], [ 78.425235703771847, 17.404645595807697 ], [ 78.425211206831875, 17.404661376419511 ], [ 78.425146960755157, 17.404700636976028 ], [ 78.425052729734205, 17.404741886014587 ], [ 78.424997958246024, 17.404749189064407 ], [ 78.424917056105741, 17.404749188924583 ], [ 78.424826636014274, 17.404725393134722 ], [ 78.424717180941897, 17.404706359392076 ], [ 78.424574413592154, 17.404663527756785 ], [ 78.424374540459638, 17.404625457234101 ], [ 78.424274601547154, 17.404620697547859 ], [ 78.424146110619304, 17.404630215770943 ], [ 78.42406520938539, 17.404654010065137 ], [ 78.423936718125447, 17.404734912399686 ], [ 78.423827263456673, 17.4048538846578 ], [ 78.423732085175075, 17.40496333961206 ], [ 78.423632147314308, 17.405072795857865 ], [ 78.423536968989481, 17.405153697567634 ], [ 78.423422754740386, 17.405220321238904 ], [ 78.42330854045953, 17.405277428940309 ], [ 78.423184808234609, 17.405320260415984 ], [ 78.423003968965148, 17.405367849031972 ], [ 78.422785057606973, 17.405420196562542 ], [ 78.422618496743567, 17.405448749980007 ], [ 78.421895140765741, 17.405581999845452 ], [ 78.421761890682063, 17.405582001129261 ], [ 78.42163339968171, 17.405548687669693 ], [ 78.421533461257241, 17.405486823128722 ], [ 78.421447800619447, 17.405410679441879 ], [ 78.421352623256581, 17.405320258579831 ], [ 78.421238409039731, 17.405177492216836 ], [ 78.421153574809665, 17.405064380332615 ], [ 78.421124195185456, 17.405025206258934 ], [ 78.42104329259719, 17.404891956586699 ], [ 78.420990945129546, 17.404749187785871 ], [ 78.420986184960825, 17.404687323429048 ], [ 78.42100046345638, 17.404630215983278 ], [ 78.421048052384634, 17.404573110351517 ], [ 78.421095642354231, 17.404511242694618 ], [ 78.421152749442555, 17.404439859238384 ], [ 78.421224133019066, 17.404363716191718 ], [ 78.42130027528377, 17.404273296597914 ], [ 78.421390695168384, 17.404163841272162 ], [ 78.421447802365137, 17.404073422285279 ], [ 78.421481114406376, 17.403973484804986 ], [ 78.421476355380307, 17.403892583198125 ], [ 78.421457320055111, 17.4038069216491 ], [ 78.421404973239333, 17.403735537171769 ], [ 78.421328829082526, 17.403678430730018 ], [ 78.421238408674654, 17.403616565209521 ], [ 78.421071847184848, 17.403545182671103 ], [ 78.420929078980976, 17.403483315806934 ], [ 78.420162893026983, 17.403183503586838 ], [ 78.419748867011862, 17.403093084291765 ], [ 78.419325323268566, 17.403045494197805 ], [ 78.419219195013724, 17.403039158795771 ], [ 78.419146913434616, 17.403019667780466 ], [ 78.419086236334934, 17.403030374688523 ], [ 78.419004144753004, 17.403055359698421 ], [ 78.418907776815573, 17.4030803438792 ], [ 78.418797132150246, 17.403108898276869 ], [ 78.418686487378054, 17.403148158589911 ], [ 78.418582979303253, 17.403187420594517 ], [ 78.418515166445516, 17.403215972810056 ], [ 78.418436642620009, 17.403240958017751 ], [ 78.418368829225045, 17.40325523494602 ], [ 78.418272461713883, 17.403255233114855 ], [ 78.418161816281881, 17.403223112453237 ], [ 78.418015478799745, 17.403151727256439 ], [ 78.417940526123914, 17.403116036213689 ], [ 78.417833449800696, 17.40310175760424 ], [ 78.417733513397394, 17.403083913303156 ], [ 78.417637145303672, 17.403062498322718 ], [ 78.417547914112291, 17.403012528281621 ], [ 78.417480099997945, 17.402969699451404 ], [ 78.417419425371889, 17.402937574777663 ], [ 78.417326624702838, 17.402912591728484 ], [ 78.417219549454302, 17.402898314628541 ], [ 78.417197493136499, 17.402897554842863 ], [ 78.417116042880181, 17.402894745710213 ], [ 78.417048228176654, 17.402894746063161 ], [ 78.416966136560731, 17.402909024315576 ], [ 78.416884045161623, 17.402930437444919 ], [ 78.416613647819773, 17.403006279124106 ], [ 78.416236782378235, 17.403154949977136 ], [ 78.415675228743524, 17.403369101269959 ], [ 78.415546739252008, 17.40343572612246 ], [ 78.415461077574918, 17.403488076023034 ], [ 78.41535162323828, 17.403526145627605 ], [ 78.415265963100211, 17.403545181159139 ], [ 78.415244196460407, 17.403549717365923 ], [ 78.415151748062584, 17.403568975659393 ], [ 78.414894765395843, 17.403554699377885 ], [ 78.414771033641117, 17.403535663047027 ], [ 78.414671096680934, 17.403507108619049 ], [ 78.414447427067557, 17.40338813690844 ], [ 78.414299901071331, 17.403335788979152 ], [ 78.414185687215266, 17.403302476602281 ], [ 78.414052436942285, 17.403264404842357 ], [ 78.413938222902885, 17.40323585164586 ], [ 78.413828768872904, 17.403231092954865 ], [ 78.413676481738705, 17.403231092751241 ], [ 78.413571784849267, 17.403250127561829 ], [ 78.413414741452968, 17.403292958559451 ], [ 78.413252937741291, 17.403350065776856 ], [ 78.412995955968952, 17.403516627688447 ], [ 78.412639036537328, 17.403768851156993 ], [ 78.412505787159617, 17.403897341856197 ], [ 78.412448678937551, 17.403968725747973 ], [ 78.412405849622488, 17.40404486839223 ], [ 78.412348742594546, 17.404125770898258 ], [ 78.412296395390783, 17.404244743210768 ], [ 78.41225832331358, 17.404368475143976 ], [ 78.412220252102031, 17.40447793003375 ], [ 78.412220252053615, 17.404596902954562 ], [ 78.41221073523586, 17.404682562862035 ], [ 78.41216314468177, 17.404782501262396 ], [ 78.412106038292578, 17.404863402783445 ], [ 78.411996583217388, 17.404991893997419 ], [ 78.411984920041391, 17.405006736213643 ], [ 78.411985196685265, 17.405002324632985 ], [ 78.411885590716423, 17.405093565840442 ], [ 78.411858822259958, 17.405126283289903 ], [ 78.411814207131357, 17.405170899451711 ], [ 78.411778514630825, 17.405200641735355 ], [ 78.411719030117325, 17.40524228275293 ], [ 78.411645596863067, 17.405292187911183 ], [ 78.411587315049445, 17.405315500938833 ], [ 78.411530208344544, 17.40533929505072 ], [ 78.411458823849998, 17.40535357282711 ], [ 78.411363646118986, 17.405363090312754 ], [ 78.411292260976211, 17.405386883939478 ], [ 78.411230395299313, 17.405429715388756 ], [ 78.411163771707535, 17.405477303594608 ], [ 78.411116183178649, 17.405510615898255 ], [ 78.411059074790217, 17.405529652359334 ], [ 78.41097341434444, 17.405534410934301 ], [ 78.410905093596412, 17.405557791317722 ], [ 78.410743176160096, 17.406050903645625 ], [ 78.410707399825185, 17.406159859326177 ], [ 78.410660020417595, 17.4062496309663 ], [ 78.410537354387543, 17.406482050446296 ], [ 78.410694113871941, 17.406922297831006 ], [ 78.410701253197814, 17.406993682288491 ], [ 78.41070839137646, 17.407107895091691 ], [ 78.41071552765699, 17.407222109675427 ], [ 78.410751220838264, 17.4073720168291 ], [ 78.410794052465079, 17.407421985029803 ], [ 78.410922543052862, 17.407507643828687 ], [ 78.411022480565663, 17.407543335749626 ], [ 78.411105433888849, 17.407719614805604 ], [ 78.411136694089535, 17.407786042116019 ], [ 78.411150971357486, 17.407900255980152 ], [ 78.41113685524418, 17.407951076123048 ], [ 78.41111527868955, 17.408028747199747 ], [ 78.411065310301922, 17.408128684868561 ], [ 78.41100469504444, 17.4081933386522 ], [ 78.410902714239185, 17.408295775961491 ], [ 78.410808328102434, 17.40838566618574 ], [ 78.410641773753412, 17.408463672579845 ], [ 78.410446781292151, 17.408554998624954 ], [ 78.41022626380223, 17.408684817332084 ], [ 78.410007352782173, 17.408799030871197 ], [ 78.409128344068804, 17.409015193693154 ], [ 78.408300291871839, 17.409207929820536 ], [ 78.407247179025134, 17.409493834361271 ], [ 78.407132963610891, 17.409503352058216 ], [ 78.407018750926369, 17.409503352018778 ], [ 78.40693784768024, 17.409503352300547 ], [ 78.40687122393976, 17.409484316060283 ], [ 78.406804599772641, 17.409470039099659 ], [ 78.406723697271048, 17.409441486187031 ], [ 78.406633279448926, 17.409412931590108 ], [ 78.406542858420707, 17.409398655739132 ], [ 78.406471473798419, 17.409384378716496 ], [ 78.406366777822882, 17.409360584377424 ], [ 78.406267980627504, 17.409378368159249 ], [ 78.406352821609858, 17.409432908369777 ] ] ] } },
{ "type": "Feature", "properties": { "FID": 314, "Descr_1": "Water Bodies", "Descr_2": "Canal", "Descr_3": "Canal", "PI_CODE": "Disused", "LU_Code": "WBCN", "Shape_Area": 0.0225414129358 }, "geometry": { "type": "Polygon", "coordinates": [ [ [ 78.457638243828825, 17.410033902341141 ], [ 78.4576054010371, 17.41002139072361 ], [ 78.457538306351907, 17.409995830622464 ], [ 78.457386020583399, 17.409948241680748 ], [ 78.457271805606823, 17.409933965346298 ], [ 78.457181387061127, 17.409933965408406 ], [ 78.457062414261387, 17.409953000679188 ], [ 78.456957717762847, 17.409986312904103 ], [ 78.456853021950792, 17.410052938310951 ], [ 78.456748324710375, 17.4101052848733 ], [ 78.456629352418418, 17.410105286363578 ], [ 78.456529414569815, 17.410081492038984 ], [ 78.456448513314768, 17.410052938208072 ], [ 78.456320022543522, 17.409986312701786 ], [ 78.456182013828453, 17.409914930161484 ], [ 78.456024969055434, 17.409838786566624 ], [ 78.45589647836438, 17.409776920992066 ], [ 78.455809687446575, 17.409733524847372 ], [ 78.455668050442469, 17.409662705762596 ], [ 78.45537299707587, 17.409467592102331 ], [ 78.455134959775535, 17.409327412584418 ], [ 78.454944693609363, 17.409215367748619 ], [ 78.454787649042331, 17.409115430360512 ], [ 78.454668675617327, 17.409029769788287 ], [ 78.454554462278779, 17.408934591247288 ], [ 78.454397417867398, 17.408820376578753 ], [ 78.454235615098767, 17.40874423365435 ], [ 78.454050017371983, 17.408691886348322 ], [ 78.453902489670568, 17.4086918857775 ], [ 78.453778757744189, 17.40871092124156 ], [ 78.453626472115047, 17.408715680900695 ], [ 78.453550329898704, 17.408715680596867 ], [ 78.453469428463833, 17.408672851338608 ], [ 78.453379009461443, 17.408620502057882 ], [ 78.453288589298737, 17.408572912922985 ], [ 78.45309823201903, 17.408511047286957 ], [ 78.45282221540117, 17.408434905226986 ], [ 78.452622339761987, 17.408382556313949 ], [ 78.452427223888606, 17.408311172571036 ], [ 78.452327287205378, 17.408258824098038 ], [ 78.452198795964406, 17.408130334215883 ], [ 78.452132171263614, 17.408063709233392 ], [ 78.451818082107081, 17.407787691234255 ], [ 78.451471735472211, 17.407333693710523 ], [ 78.451433190887926, 17.40741292381523 ], [ 78.451389777528433, 17.40750215611547 ], [ 78.451570617658646, 17.407754379261604 ], [ 78.451894225458929, 17.408077984842375 ], [ 78.45227969811458, 17.408363522242034 ], [ 78.452546196601403, 17.408501528976512 ], [ 78.452622339160598, 17.408544359681496 ], [ 78.452731794858153, 17.408568152780543 ], [ 78.45281745638141, 17.408596707879791 ], [ 78.452893598709508, 17.408610985426996 ], [ 78.452955463918897, 17.408615744027244 ], [ 78.453007812798802, 17.408639538384477 ], [ 78.453112508712991, 17.408687127038206 ], [ 78.453155338730554, 17.408725198717484 ], [ 78.453236239787884, 17.408791823657356 ], [ 78.453307624629829, 17.408858449887866 ], [ 78.453369490961748, 17.408915556091934 ], [ 78.453450391574961, 17.408939350006499 ], [ 78.45351225833187, 17.408934590777211 ], [ 78.453583641574355, 17.408925073616324 ], [ 78.453659785317072, 17.408896520874091 ], [ 78.453754963218586, 17.408872724731548 ], [ 78.453840625273713, 17.408858449390681 ], [ 78.453926284735061, 17.408858450059149 ], [ 78.454007185857094, 17.408872726084923 ], [ 78.454092845592086, 17.40888700185813 ], [ 78.45447356145948, 17.409134466455949 ], [ 78.455063667423445, 17.409491385391188 ], [ 78.455739432695822, 17.409938724556248 ], [ 78.45596104070583, 17.410039454365148 ], [ 78.456001174974404, 17.410057696275107 ], [ 78.456177254576232, 17.410105285778904 ], [ 78.456443753562283, 17.410186188657185 ], [ 78.456600799388269, 17.410219500135103 ], [ 78.456719771738165, 17.41021949956497 ], [ 78.456867297618444, 17.410195705318802 ], [ 78.456976753983824, 17.41015763357769 ], [ 78.457090967973741, 17.41011956328876 ], [ 78.457195662797915, 17.410081491690502 ], [ 78.457286084395378, 17.410076732365802 ], [ 78.457371743314212, 17.410110044861639 ], [ 78.457466922840879, 17.410157633732659 ], [ 78.45758589561251, 17.410233776803818 ], [ 78.457657278696942, 17.410300400587744 ], [ 78.457719145265457, 17.410405098371907 ], [ 78.458028475060928, 17.411171285276321 ], [ 78.45810461755255, 17.411361641913143 ], [ 78.458223590601904, 17.411599587678456 ], [ 78.458371117015716, 17.411832774889106 ], [ 78.458485331733428, 17.411937470713145 ], [ 78.458751832219178, 17.412132587144299 ], [ 78.460189025785056, 17.412822630754103 ], [ 78.460227612778937, 17.412836630365994 ], [ 78.460277159250694, 17.412763405011756 ], [ 78.460351479326533, 17.412653569672052 ], [ 78.460338615975246, 17.4126477604085 ], [ 78.460110258108259, 17.412544613140494 ], [ 78.459937999045138, 17.412466803625076 ], [ 78.459776890299167, 17.412387809060945 ], [ 78.459353463119584, 17.412161980429168 ], [ 78.458975127952968, 17.411990658070888 ], [ 78.458589656357447, 17.411819337330353 ], [ 78.458541453936405, 17.411780174126079 ], [ 78.458475440403092, 17.411726538402267 ], [ 78.458445787114684, 17.411685958601502 ], [ 78.458415182449968, 17.411644079396357 ], [ 78.458339812144786, 17.411540939732276 ], [ 78.458252145092985, 17.411371159030782 ], [ 78.45801419860571, 17.410795328651897 ], [ 78.457823841575646, 17.410286124891513 ], [ 78.457787194827119, 17.410206722182263 ], [ 78.457766736048328, 17.410162393313072 ], [ 78.457723903669518, 17.41010052702509 ], [ 78.457638243828825, 17.410033902341141 ] ] ] } },
{ "type": "Feature", "properties": { "FID": 315, "Descr_1": "Water Bodies", "Descr_2": "Canal", "Descr_3": "Canal", "PI_CODE": "Disused", "LU_Code": "WBCN", "Shape_Area": 0.013877545625300001 }, "geometry": { "type": "Polygon", "coordinates": [ [ [ 78.464901717222077, 17.416796868163242 ], [ 78.465103970800854, 17.416758201843262 ], [ 78.465069245012771, 17.416619300253451 ], [ 78.465044484295916, 17.416520255707773 ], [ 78.464193827233544, 17.41682363657123 ], [ 78.463943984351147, 17.416883124075859 ], [ 78.46381906096056, 17.416889072231097 ], [ 78.463711987255223, 17.416889072119428 ], [ 78.463634653621455, 17.416895021244088 ], [ 78.463587064794027, 17.416883123320787 ], [ 78.463551371547865, 17.416829585388356 ], [ 78.463533526609353, 17.416752253105589 ], [ 78.463539476081721, 17.41668086888588 ], [ 78.463539476124026, 17.416597588363615 ], [ 78.463527578272888, 17.416502411173738 ], [ 78.463479989147345, 17.416425077032304 ], [ 78.463414552724004, 17.416359642204046 ], [ 78.463366963620743, 17.416306104408516 ], [ 78.463283683758462, 17.416240669356206 ], [ 78.46318255633939, 17.416121695568009 ], [ 78.463117120154052, 17.416044362902284 ], [ 78.463033839543996, 17.415978927734027 ], [ 78.462956507810787, 17.415943235905054 ], [ 78.462879175246385, 17.415883750369108 ], [ 78.462772098981773, 17.415842109020272 ], [ 78.462653126273608, 17.41580641797578 ], [ 78.462611169977265, 17.415793962309234 ], [ 78.462530407166426, 17.415816782447646 ], [ 78.462187761993221, 17.415898635282726 ], [ 78.461951720635639, 17.415938610171207 ], [ 78.46189881763604, 17.415943277985644 ], [ 78.461757555623052, 17.415955741693171 ], [ 78.461630018313301, 17.415944321029393 ], [ 78.461502479145906, 17.415932899363799 ], [ 78.461392071908378, 17.415906249811805 ], [ 78.461283659179486, 17.415855723309097 ], [ 78.461137335742791, 17.415760328017772 ], [ 78.461121347858565, 17.415749905017183 ], [ 78.461007134183177, 17.415649968307203 ], [ 78.46091671533739, 17.415552409764178 ], [ 78.460864367355555, 17.415469128753788 ], [ 78.460811860298193, 17.415349348782897 ], [ 78.460776009962473, 17.415220284969855 ], [ 78.460640379950206, 17.414452907547798 ], [ 78.460583273275461, 17.41369980885856 ], [ 78.460561099536605, 17.413600178914958 ], [ 78.460544489435222, 17.413592269070275 ], [ 78.460509249274551, 17.413575487847062 ], [ 78.460481214066803, 17.413570128020709 ], [ 78.460435528394356, 17.413568700901866 ], [ 78.460385423315813, 17.413572852930585 ], [ 78.460496768885477, 17.414345009896387 ], [ 78.460606638750079, 17.414958447804061 ], [ 78.460639537360876, 17.41514212900686 ], [ 78.46074066431612, 17.415504997402948 ], [ 78.460895328056935, 17.41571319991364 ], [ 78.460996454928477, 17.415790533181053 ], [ 78.461044907621385, 17.415803846740534 ], [ 78.46108631139964, 17.415840490733103 ], [ 78.461157367110289, 17.415892848784438 ], [ 78.461194813798102, 17.41592044213122 ], [ 78.461302442949744, 17.415977093603463 ], [ 78.461433652017121, 17.416020568787683 ], [ 78.461537754083608, 17.416044362633411 ], [ 78.46172513685201, 17.416059234216725 ], [ 78.461922693662629, 17.416044351196994 ], [ 78.462159388286608, 17.416026516222562 ], [ 78.462546050777107, 17.415978927684606 ], [ 78.462626356620106, 17.41598190175344 ], [ 78.462712612902124, 17.416011645886144 ], [ 78.462810766033144, 17.416065184417864 ], [ 78.462846458105631, 17.416094927008242 ], [ 78.462902969697325, 17.416154413009359 ], [ 78.4629416347952, 17.416199027704398 ], [ 78.46298327698527, 17.416237694197068 ], [ 78.463072506093809, 17.416326923417458 ], [ 78.463149839327386, 17.416392359100861 ], [ 78.463209325089437, 17.41644292438227 ], [ 78.463256914904804, 17.416493487105853 ], [ 78.46329558056955, 17.416567844715416 ], [ 78.463328298019945, 17.416779021820847 ], [ 78.463346144262204, 17.416874200283111 ], [ 78.463361015623292, 17.416930712951505 ], [ 78.4633788617177, 17.416987224902623 ], [ 78.463399681585329, 17.417055633856936 ], [ 78.463426450673623, 17.417109172147597 ], [ 78.463456193111753, 17.417144863556818 ], [ 78.463491886408775, 17.417174606939344 ], [ 78.463542450252859, 17.41718947927879 ], [ 78.463604910883362, 17.417189478581065 ], [ 78.463732807781923, 17.417165683671566 ], [ 78.464901717222077, 17.416796868163242 ] ] ] } },
{ "type": "Feature", "properties": { "FID": 316, "Descr_1": "Water Bodies", "Descr_2": "River/Stream/Drain", "Descr_3": "River/Stream/Drain", "PI_CODE": " ", "LU_Code": "WBRS", "Shape_Area": 0.0061219385812800002 }, "geometry": { "type": "Polygon", "coordinates": [ [ [ 78.486269398042623, 17.422584798124984 ], [ 78.486238432988401, 17.422674603056503 ], [ 78.48623843176405, 17.422745987350357 ], [ 78.486247950056068, 17.422831646642518 ], [ 78.486286021671916, 17.422931584382329 ], [ 78.486328853201044, 17.423031522084464 ], [ 78.486362166197694, 17.423117182982519 ], [ 78.48640975510277, 17.423202842841434 ], [ 78.486452584881135, 17.423302779581057 ], [ 78.486495416409113, 17.423393199627867 ], [ 78.48652872633285, 17.423483618799104 ], [ 78.486552522163251, 17.42357403808775 ], [ 78.486566799217584, 17.423640663891909 ], [ 78.486581076083624, 17.423721564737018 ], [ 78.486619147167715, 17.423983305199101 ], [ 78.486661976551375, 17.424463956674874 ], [ 78.486666735877023, 17.424692385314568 ], [ 78.486666736760782, 17.424949366769912 ], [ 78.486647700321441, 17.42502551042347 ], [ 78.486604869688279, 17.425115930239336 ], [ 78.486581074905743, 17.425149241587501 ], [ 78.486528727306336, 17.425192071695072 ], [ 78.48648113755111, 17.42522538504522 ], [ 78.486377584829157, 17.425242087306962 ], [ 78.486388289084658, 17.425287004579271 ], [ 78.486391651026466, 17.425301112006203 ], [ 78.486457086330034, 17.425330853604382 ], [ 78.486607153390736, 17.425305843827321 ], [ 78.486695290073783, 17.425177796028187 ], [ 78.486719083742898, 17.425134965251303 ], [ 78.486733359603789, 17.42510165306501 ], [ 78.486752396533177, 17.425054064008453 ], [ 78.486780951438973, 17.424982680413287 ], [ 78.486795225984892, 17.424930332109145 ], [ 78.486804746266159, 17.424877982999089 ], [ 78.486828538998367, 17.424739975320826 ], [ 78.486804745298869, 17.424149868193819 ], [ 78.486771432243216, 17.423626387813655 ], [ 78.486752397173575, 17.423512173164227 ], [ 78.486728602556866, 17.42344078911557 ], [ 78.486709566344061, 17.423364645756624 ], [ 78.486690531454286, 17.42328374496266 ], [ 78.486661976095107, 17.423188567365724 ], [ 78.486633424142767, 17.423121939898881 ], [ 78.486576316732496, 17.423031521815616 ], [ 78.4865239679349, 17.422945861113867 ], [ 78.486481138147823, 17.422869717933239 ], [ 78.48647637923834, 17.422788816969767 ], [ 78.486481138182299, 17.422707915922636 ], [ 78.48650493276628, 17.422650808272998 ], [ 78.486513315538133, 17.422632673591004 ], [ 78.486492778440123, 17.422624217236951 ], [ 78.486385990178462, 17.422605372867316 ], [ 78.486269398042623, 17.422584798124984 ] ] ] } },
{ "type": "Feature", "properties": { "FID": 317, "Descr_1": "Water Bodies", "Descr_2": "River/Stream/Drain", "Descr_3": "River/Stream/Drain", "PI_CODE": "Disused", "LU_Code": "WBRS", "Shape_Area": 0.0130204496004 }, "geometry": { "type": "Polygon", "coordinates": [ [ [ 78.453275780374895, 17.437123938938583 ], [ 78.452966449810347, 17.437016862669914 ], [ 78.45265117130316, 17.436987120346572 ], [ 78.452626764233671, 17.436990347161476 ], [ 78.451931383953422, 17.437082297807091 ], [ 78.451497134079958, 17.437177476549763 ], [ 78.450848729015718, 17.437201271069259 ], [ 78.450705961908838, 17.437213169644195 ], [ 78.450616731912206, 17.437213168822542 ], [ 78.450485862005436, 17.437141785264274 ], [ 78.450386327074284, 17.437078331293652 ], [ 78.450388566705783, 17.437204867554932 ], [ 78.450391884694625, 17.437392344745358 ], [ 78.450949857396807, 17.437409474078216 ], [ 78.45175887390927, 17.43732619340588 ], [ 78.4524608144323, 17.437165579809392 ], [ 78.452654275823576, 17.437150978857868 ], [ 78.452776091919148, 17.437141785321764 ], [ 78.453019988654788, 17.437159631983917 ], [ 78.453394752951979, 17.437332141775968 ], [ 78.453989618078992, 17.437659317056625 ], [ 78.454257306858523, 17.43787346880525 ], [ 78.454519046779694, 17.438164952776624 ], [ 78.454840276100526, 17.438539717639816 ], [ 78.455429192395968, 17.439170275058331 ], [ 78.455679034872034, 17.439420118636715 ], [ 78.455725401608845, 17.439466485392245 ], [ 78.45585834703904, 17.439398353294422 ], [ 78.455991458273857, 17.439330137087019 ], [ 78.455839649633035, 17.439188121152103 ], [ 78.455714727627623, 17.439092942615815 ], [ 78.455625497298968, 17.439057251946732 ], [ 78.455512473218235, 17.439021558923073 ], [ 78.455328064976982, 17.438884739442148 ], [ 78.4546618156416, 17.438051928647873 ], [ 78.454340588011959, 17.437695010329882 ], [ 78.45354941824408, 17.437254808892046 ], [ 78.453275780374895, 17.437123938938583 ] ] ] } },
{ "type": "Feature", "properties": { "FID": 318, "Descr_1": "Water Bodies", "Descr_2": "River/Stream/Drain", "Descr_3": "River/Stream/Drain", "PI_CODE": "Disused", "LU_Code": "WBRS", "Shape_Area": 0.0040692550372400001 }, "geometry": { "type": "Polygon", "coordinates": [ [ [ 78.457363693837493, 17.440208909608749 ], [ 78.457442814906244, 17.4402142629685 ], [ 78.457423766094777, 17.440135950672346 ], [ 78.457405752095909, 17.440061892985547 ], [ 78.45725304865779, 17.440080419270977 ], [ 78.457195941838705, 17.440087557600329 ], [ 78.457142402875732, 17.440087558196719 ], [ 78.457106712319003, 17.440076851031495 ], [ 78.457056742656661, 17.440055436228999 ], [ 78.457010344067143, 17.440030451119764 ], [ 78.456942529579493, 17.439998328911987 ], [ 78.456867575698737, 17.439991190551403 ], [ 78.456792623468004, 17.439991189665236 ], [ 78.456721238605255, 17.439998327808887 ], [ 78.456649855121299, 17.440019741812755 ], [ 78.45659631659268, 17.440034019953753 ], [ 78.456542779951306, 17.440048297198349 ], [ 78.456492810606221, 17.440059004100547 ], [ 78.456435703754551, 17.44006614313048 ], [ 78.45639287429097, 17.440066142932732 ], [ 78.456328628269731, 17.440051866278534 ], [ 78.456250106103525, 17.43998761992216 ], [ 78.456196568338854, 17.439919805620175 ], [ 78.456153736751091, 17.439816298737473 ], [ 78.456121614660489, 17.439712793059893 ], [ 78.456100199981989, 17.439627131825823 ], [ 78.456058228101938, 17.439512495737276 ], [ 78.455985151467786, 17.439549699846182 ], [ 78.455881624636419, 17.439602404173652 ], [ 78.455939585572935, 17.439741346072793 ], [ 78.455971709242078, 17.439802022375876 ], [ 78.456014539640918, 17.43987340563741 ], [ 78.456053799602685, 17.43994478998059 ], [ 78.456082354100417, 17.439998328076978 ], [ 78.45610733787953, 17.440059004740739 ], [ 78.4561430302399, 17.440119679894369 ], [ 78.456178721534044, 17.440158941678376 ], [ 78.456217982915618, 17.440183925583973 ], [ 78.456264382999464, 17.440205340784324 ], [ 78.456317920784983, 17.440212478780566 ], [ 78.456385735013328, 17.440212479349505 ], [ 78.456464256859419, 17.440212479268659 ], [ 78.456524933943172, 17.440212479322192 ], [ 78.456599887126387, 17.440201771829351 ], [ 78.456689115632216, 17.440201771923618 ], [ 78.456753362232263, 17.440201771702398 ], [ 78.456810468601333, 17.440208910257681 ], [ 78.456824746874986, 17.440230324569363 ], [ 78.456856868297407, 17.440283864119184 ], [ 78.456874713030018, 17.440312416564666 ], [ 78.456910406298462, 17.440340969761003 ], [ 78.456938960286848, 17.440376661761231 ], [ 78.456996067305937, 17.440380231080404 ], [ 78.45704603635491, 17.440365954865396 ], [ 78.457096003060514, 17.440337400937572 ], [ 78.45715668077419, 17.440276725448111 ], [ 78.457242341088204, 17.440223186748625 ], [ 78.45730658757175, 17.440212478781312 ], [ 78.457363693837493, 17.440208909608749 ] ] ] } },
{ "type": "Feature", "properties": { "FID": 321, "Descr_1": "Water Bodies", "Descr_2": "River/Stream/Drain", "Descr_3": "River/Stream/Drain", "PI_CODE": "Disused", "LU_Code": "WBRS", "Shape_Area": 0.0050271875786599999 }, "geometry": { "type": "Polygon", "coordinates": [ [ [ 78.478903801925171, 17.441332422039618 ], [ 78.478862917722694, 17.441395830890965 ], [ 78.478815165863097, 17.441469889106809 ], [ 78.478981453060868, 17.441610789551309 ], [ 78.479024284199639, 17.441701210330546 ], [ 78.479048079386715, 17.441763075319482 ], [ 78.479062355397986, 17.441867770276069 ], [ 78.479062355452328, 17.442001021072024 ], [ 78.47906235479762, 17.442100958251434 ], [ 78.479062354669722, 17.442243725651856 ], [ 78.47906235457063, 17.442362697875538 ], [ 78.47906235544859, 17.442434081578838 ], [ 78.479062355889425, 17.442548297296966 ], [ 78.479062355188447, 17.442695823875145 ], [ 78.479076631606375, 17.442829074069966 ], [ 78.479186531472038, 17.44338553078104 ], [ 78.479298756900306, 17.443381962825196 ], [ 78.479399862322481, 17.443378748245067 ], [ 78.479347890838227, 17.443124126594107 ], [ 78.479314577108624, 17.44300991281612 ], [ 78.479286024341093, 17.442890939951003 ], [ 78.479286024883621, 17.442767207645041 ], [ 78.479295542560578, 17.442681546549974 ], [ 78.479295542904111, 17.442567332657731 ], [ 78.479300300948495, 17.442443601336286 ], [ 78.479305060701734, 17.442376976982196 ], [ 78.479305059382853, 17.44230083224998 ], [ 78.479300302378974, 17.442200896789334 ], [ 78.479286024913122, 17.442067646560272 ], [ 78.47926698883866, 17.441920118564219 ], [ 78.479243193566191, 17.441810664161899 ], [ 78.479209882190332, 17.441710727064734 ], [ 78.479167050959163, 17.441644100594537 ], [ 78.479124220665767, 17.44157747683666 ], [ 78.479090908800302, 17.441529886561334 ], [ 78.479062354617653, 17.441472780665777 ], [ 78.479024283590746, 17.441415673630225 ], [ 78.478903801925171, 17.441332422039618 ] ] ] } },
{ "type": "Feature", "properties": { "FID": 323, "Descr_1": "Water Bodies", "Descr_2": "Reservoir/Tanks", "Descr_3": "Reservoir/Tanks", "PI_CODE": "Hussain Sagar", "LU_Code": "WBRT", "Shape_Area": 4.6977688796099999 }, "geometry": { "type": "Polygon", "coordinates": [ [ [ 78.472630782966078, 17.431206999287511 ], [ 78.472730720848105, 17.430386085007491 ], [ 78.472695029161059, 17.430279010016999 ], [ 78.472652198545319, 17.430164794841012 ], [ 78.472616506010326, 17.430057718911758 ], [ 78.472595091962603, 17.429872121251524 ], [ 78.472602229106784, 17.429279636443219 ], [ 78.472623644556904, 17.429186835992653 ], [ 78.472695029079162, 17.429086897658443 ], [ 78.472823519968316, 17.428994099960338 ], [ 78.472980563855643, 17.42887274826046 ], [ 78.473587327195105, 17.428701426367763 ], [ 78.473830031818437, 17.428708563609597 ], [ 78.474115566771488, 17.428779950238098 ], [ 78.474600977288915, 17.428965547032821 ], [ 78.47563961958528, 17.429422084396112 ], [ 78.475716951034528, 17.429422083772909 ], [ 78.4757764384008, 17.429332853821798 ], [ 78.4758418742625, 17.428387017668047 ], [ 78.475859720426271, 17.428351325641554 ], [ 78.475889462690276, 17.42835132571739 ], [ 78.475931104196775, 17.428369171884274 ], [ 78.475978694204244, 17.428464350598016 ], [ 78.475996539172456, 17.428500042710294 ], [ 78.476085768857772, 17.428500042899675 ], [ 78.476085769303253, 17.428708245189608 ], [ 78.475978692589123, 17.428732041171944 ], [ 78.475907308361585, 17.429457776444266 ], [ 78.475901359975268, 17.429541057311798 ], [ 78.475966796117433, 17.429624338368686 ], [ 78.476151203044481, 17.429713567969131 ], [ 78.477013758781325, 17.430082383975517 ], [ 78.477334985788744, 17.430314382152631 ], [ 78.477370678455273, 17.430385765204875 ], [ 78.477370678326437, 17.430498789714328 ], [ 78.47734688306744, 17.430564224618323 ], [ 78.477317139661551, 17.430647505568682 ], [ 78.477210063850904, 17.430772427208996 ], [ 78.477055399379211, 17.430820017385358 ], [ 78.476805555596272, 17.430909248023461 ], [ 78.476954271621651, 17.431159090184323 ], [ 78.477198166746376, 17.43143272810244 ], [ 78.477352831633638, 17.431486265554863 ], [ 78.477555085672137, 17.4314803180491 ], [ 78.477727597872402, 17.431480318012103 ], [ 78.477798980686615, 17.43142083115136 ], [ 78.4778763127118, 17.431313754557227 ], [ 78.478007184382875, 17.431284012716386 ], [ 78.478132104713993, 17.431349446545351 ], [ 78.47857825373994, 17.43168851864019 ], [ 78.478661535449206, 17.431849133708617 ], [ 78.478715072722167, 17.431968106840618 ], [ 78.478709122611875, 17.432057336027068 ], [ 78.478685330448741, 17.432116822697701 ], [ 78.478546821951852, 17.43228027579249 ], [ 78.478505672727508, 17.43234200168412 ], [ 78.478412874168072, 17.432434802337639 ], [ 78.478298660800718, 17.432534737561696 ], [ 78.478205861422595, 17.432606122000124 ], [ 78.478127337602771, 17.432677505909268 ], [ 78.47806309311359, 17.432748890251236 ], [ 78.478027400591586, 17.432791720016091 ], [ 78.477984570949346, 17.432870242026453 ], [ 78.477948879697735, 17.432970179901236 ], [ 78.477891771789302, 17.43309153183084 ], [ 78.477848941084503, 17.433248577096577 ], [ 78.477806111011276, 17.433362791049511 ], [ 78.47777755843741, 17.433555526934466 ], [ 78.477784695568062, 17.433755400949444 ], [ 78.478212082305987, 17.434647211424554 ], [ 78.479167171422986, 17.434401106684923 ], [ 78.47989978657337, 17.434182702677067 ], [ 78.480743563576524, 17.433931161813817 ], [ 78.482807746175467, 17.433330348076662 ], [ 78.483473994921496, 17.433110249442951 ], [ 78.48381901723431, 17.432943687222167 ], [ 78.484164038220158, 17.432747380792016 ], [ 78.484360344355977, 17.432670047577925 ], [ 78.484392571949257, 17.432647628247331 ], [ 78.484497162163692, 17.432574870417792 ], [ 78.484622085324901, 17.432396410213297 ], [ 78.48502659275205, 17.432063284945166 ], [ 78.486186580757987, 17.431040117860395 ], [ 78.486650575775542, 17.430516637032603 ], [ 78.486757652087846, 17.430320330272089 ], [ 78.486858776538682, 17.430028846148371 ], [ 78.486846880785521, 17.429594594833503 ], [ 78.486638678085725, 17.428470298943758 ], [ 78.486608934851958, 17.428244251238596 ], [ 78.486430474777535, 17.428036048370569 ], [ 78.486014069761822, 17.427732664869858 ], [ 78.485776124676107, 17.427554206847848 ], [ 78.485544126260535, 17.427500668732208 ], [ 78.485318076535293, 17.427500669137874 ], [ 78.485121771727094, 17.427530410918429 ], [ 78.485008747117959, 17.427524464360655 ], [ 78.484913568608192, 17.427441181792744 ], [ 78.48478269932599, 17.427227030816091 ], [ 78.484675623275905, 17.427000981146449 ], [ 78.484574496121553, 17.426840368784422 ], [ 78.484401984931836, 17.426578628396072 ], [ 78.484259217057399, 17.426572678912269 ], [ 78.484027220257687, 17.426560782312908 ], [ 78.483890401835623, 17.426542935618766 ], [ 78.483777374982438, 17.426495347895411 ], [ 78.483753582170777, 17.426388269716572 ], [ 78.483801170913708, 17.42632878427391 ], [ 78.483961785562116, 17.426322835786465 ], [ 78.484080759147602, 17.426328783607683 ], [ 78.484169986871947, 17.426328783116102 ], [ 78.484259217448582, 17.42625740113262 ], [ 78.484354395682132, 17.426108683582324 ], [ 78.484467420469016, 17.425906429879245 ], [ 78.484550701026336, 17.42576366194702 ], [ 78.484610188161042, 17.425716071737835 ], [ 78.484788645779616, 17.425680380909316 ], [ 78.484967106856388, 17.425668484407886 ], [ 78.485080131088949, 17.425603047687659 ], [ 78.485234795774545, 17.425424589015122 ], [ 78.485389461278743, 17.425341308896051 ], [ 78.485508434663473, 17.425329411679662 ], [ 78.485674997209983, 17.425353205378105 ], [ 78.485817763705015, 17.425371050678958 ], [ 78.485936737150183, 17.425388896951702 ], [ 78.486055710433291, 17.425347256605953 ], [ 78.486093297741363, 17.42528461113417 ], [ 78.486109247811243, 17.425258026636268 ], [ 78.486049761845308, 17.424972493288557 ], [ 78.485746380196048, 17.423651890601576 ], [ 78.485585767124135, 17.423229535619043 ], [ 78.485228847630253, 17.42267036282664 ], [ 78.484984952716275, 17.422539492604898 ], [ 78.484824339062072, 17.422503801297829 ], [ 78.484616136706109, 17.422414570720544 ], [ 78.484455522891921, 17.42233129018183 ], [ 78.484271114829525, 17.42221826570508 ], [ 78.484128347840056, 17.422045754757924 ], [ 78.484033167958387, 17.421784014297842 ], [ 78.483979631423921, 17.421557965433358 ], [ 78.483955836434674, 17.42130217260399 ], [ 78.483926091630764, 17.421111815907192 ], [ 78.483908247249872, 17.420974997096668 ], [ 78.482462724905844, 17.419190401779442 ], [ 78.480392591567224, 17.416662224154571 ], [ 78.480301351669254, 17.416548051181401 ], [ 78.479280195269553, 17.415270239323153 ], [ 78.478947072370673, 17.414800295861177 ], [ 78.478768612241453, 17.414401735782079 ], [ 78.477953645155722, 17.413158467758361 ], [ 78.477269551111547, 17.4121590944196 ], [ 78.476335611888146, 17.41080875007157 ], [ 78.475895412247112, 17.410088962905437 ], [ 78.475681259840286, 17.409791529664229 ], [ 78.475526595408795, 17.409642813598271 ], [ 78.475389776466955, 17.409517892139704 ], [ 78.475169676933234, 17.409416763719062 ], [ 78.474842500433738, 17.409404868727851 ], [ 78.474562913623203, 17.409321587133057 ], [ 78.474521271665409, 17.409220459745256 ], [ 78.474604553625326, 17.409065795056659 ], [ 78.474745091310936, 17.408905180853445 ], [ 78.474867038463415, 17.408789183008206 ], [ 78.474902730811536, 17.408720772734707 ], [ 78.474822380372729, 17.40865012011075 ], [ 78.474730219889736, 17.408569081626066 ], [ 78.474587891799743, 17.408520663056684 ], [ 78.474548786231125, 17.408583953636601 ], [ 78.474159148783698, 17.409134203668678 ], [ 78.473998535281297, 17.409381073323143 ], [ 78.473979500328355, 17.409514323361126 ], [ 78.473989016661264, 17.410052079791086 ], [ 78.473965222553161, 17.41019484901928 ], [ 78.47390335711475, 17.41027575100664 ], [ 78.473822454744507, 17.410347134312207 ], [ 78.473712999790692, 17.410404241872278 ], [ 78.473622580249938, 17.410461348564233 ], [ 78.473546437937401, 17.410489902075902 ], [ 78.473465534871693, 17.410551767568268 ], [ 78.473403669817969, 17.410608874790007 ], [ 78.473341804245834, 17.410656465226037 ], [ 78.473265661114525, 17.410689777007427 ], [ 78.473184759588364, 17.410689776227898 ], [ 78.472961089037469, 17.410580322044346 ], [ 78.472837356831448, 17.410475625319737 ], [ 78.472737421596989, 17.410389965226916 ], [ 78.472508992763466, 17.410337617192308 ], [ 78.472370985423993, 17.410347134999544 ], [ 78.472261529425069, 17.410389964854922 ], [ 78.472156832005922, 17.410432794932582 ], [ 78.472123518934026, 17.410480383991043 ], [ 78.472109242871909, 17.410542250241363 ], [ 78.472118761441379, 17.41059459933755 ], [ 78.472171109021062, 17.410632670394033 ], [ 78.47228056424683, 17.410675499572445 ], [ 78.472356708082657, 17.410718331282492 ], [ 78.472390019730781, 17.410765919735788 ], [ 78.472361466443871, 17.410818268396014 ], [ 78.472285324230171, 17.410856339122361 ], [ 78.472147314833236, 17.410870616048275 ], [ 78.471990270304659, 17.410894411220628 ], [ 78.471842744030312, 17.410941999667138 ], [ 78.471747565226963, 17.411003866358541 ], [ 78.471703124446265, 17.411030005814418 ], [ 78.471514912811443, 17.411033182324324 ], [ 78.47147448242994, 17.411345735138596 ], [ 78.471420115609291, 17.411839202373699 ], [ 78.471276430729404, 17.412498165896718 ], [ 78.47115745901165, 17.41314062234553 ], [ 78.471124146239404, 17.413511817795897 ], [ 78.471090833535285, 17.413664102639501 ], [ 78.471052763312855, 17.413749763606209 ], [ 78.471019449659778, 17.413854460149434 ], [ 78.470962342624929, 17.413940120755932 ], [ 78.47091951344656, 17.413997229328675 ], [ 78.470843370844378, 17.414040057871972 ], [ 78.470733916378748, 17.414087647098309 ], [ 78.470567351896491, 17.414144753705852 ], [ 78.469667915546992, 17.414349387852507 ], [ 78.468939800535765, 17.414430289776597 ], [ 78.468444872989409, 17.414430288628047 ], [ 78.468349694975927, 17.41444456639179 ], [ 78.468259273856674, 17.41450167434294 ], [ 78.468183132601311, 17.414596852197032 ], [ 78.468116507802762, 17.414692029844282 ], [ 78.46801656872583, 17.414777690798992 ], [ 78.467945187235927, 17.414801486113571 ], [ 78.467845249268322, 17.414768173204248 ], [ 78.467740552790161, 17.414653959386822 ], [ 78.467640616045429, 17.414582574882179 ], [ 78.467526401184784, 17.414554021755787 ], [ 78.467450259389949, 17.414544505177652 ], [ 78.467240865627204, 17.414587334214101 ], [ 78.46678400935437, 17.414763413866826 ], [ 78.466763486566492, 17.414773676334512 ], [ 78.466688830634027, 17.414811003112991 ], [ 78.466626964915932, 17.414858593350541 ], [ 78.466579376050987, 17.414949011955255 ], [ 78.466541303809507, 17.415048949900605 ], [ 78.466503233283689, 17.415139369300363 ], [ 78.466446125704977, 17.415220271199409 ], [ 78.466389018711865, 17.415277376703973 ], [ 78.466331911267332, 17.41530593104866 ], [ 78.466265286998137, 17.415315449265954 ], [ 78.466195347820005, 17.415328746112383 ], [ 78.466215628778443, 17.41555182839129 ], [ 78.466228732421612, 17.415695969178959 ], [ 78.466331911788131, 17.415691405302685 ], [ 78.46642709021954, 17.415719958309147 ], [ 78.466498474278325, 17.4157723056171 ], [ 78.466569857120732, 17.415867483651947 ], [ 78.466565099033559, 17.416486143756103 ], [ 78.46649847405466, 17.416733607642243 ], [ 78.466260528777553, 17.417061974299834 ], [ 78.465803672833289, 17.417618767288452 ], [ 78.465760839923192, 17.417718705445829 ], [ 78.465770358871382, 17.41784243741656 ], [ 78.465832225011525, 17.417985204769 ], [ 78.466074930176575, 17.41836115878024 ], [ 78.466146313676177, 17.418451579382992 ], [ 78.46616059113083, 17.418527721717577 ], [ 78.466246251221918, 17.41911782788155 ], [ 78.466265286558667, 17.419541371824401 ], [ 78.466236733048945, 17.419655586345737 ], [ 78.466160590889004, 17.419693658402416 ], [ 78.466013064076037, 17.419741247231592 ], [ 78.465879813654681, 17.419779318680991 ], [ 78.465779877198116, 17.419826907036324 ], [ 78.465713252163539, 17.419912567916807 ], [ 78.465480065353375, 17.421264101564052 ], [ 78.465478565849168, 17.42141188223308 ], [ 78.465470546788083, 17.422201607695364 ], [ 78.465434197806914, 17.422608069913259 ], [ 78.46541819918896, 17.42278695686559 ], [ 78.465380127188922, 17.422939241618938 ], [ 78.46529922560994, 17.423091526999212 ], [ 78.46525163706859, 17.423196222783048 ], [ 78.465170735045874, 17.423319956153296 ], [ 78.464980377907864, 17.42355790163738 ], [ 78.464756709289929, 17.423762536258021 ], [ 78.464647252781432, 17.423843437015847 ], [ 78.464528280074418, 17.423910061772915 ], [ 78.464409307156231, 17.423943374363418 ], [ 78.464271298396426, 17.423990963746579 ], [ 78.464138049435505, 17.424024276636956 ], [ 78.46397148680856, 17.424090901010313 ], [ 78.463838236798438, 17.42414324983023 ], [ 78.463747817428739, 17.424200356606178 ], [ 78.463676431983458, 17.424243187422174 ], [ 78.463581255448631, 17.424328845608315 ], [ 78.4635051118603, 17.424400230546553 ], [ 78.463433728136962, 17.424471615035912 ], [ 78.463386140193748, 17.424538239916458 ], [ 78.463348068310609, 17.424595346296496 ], [ 78.463243372339136, 17.424766668173156 ], [ 78.462824585682682, 17.426118201888613 ], [ 78.462762719657889, 17.426275247321342 ], [ 78.462738926105374, 17.426351389336766 ], [ 78.462691336557157, 17.426413254741245 ], [ 78.46263898810362, 17.42644656683462 ], [ 78.462572363573244, 17.426465603303125 ], [ 78.462472425916246, 17.426479879744143 ], [ 78.462372488364281, 17.426475120933741 ], [ 78.462337761348266, 17.4265882673268 ], [ 78.462286883712721, 17.426754025834974 ], [ 78.462428851657236, 17.426837751318811 ], [ 78.462500236120619, 17.426926980940998 ], [ 78.462506184941162, 17.427081645734223 ], [ 78.462458596348228, 17.428550963368469 ], [ 78.462547825448951, 17.428836497917047 ], [ 78.462761976769968, 17.429282646766964 ], [ 78.463208127409317, 17.430240380429407 ], [ 78.463222402742815, 17.430302244796092 ], [ 78.463222402670425, 17.430323661850146 ], [ 78.463208126206752, 17.430349835818589 ], [ 78.46317719283357, 17.43037838863377 ], [ 78.463136743068276, 17.430406944121049 ], [ 78.463055839835974, 17.430449773678376 ], [ 78.463137306343341, 17.430561042230082 ], [ 78.463250955565115, 17.430716273894198 ], [ 78.463310441831851, 17.430706754560916 ], [ 78.463369929001217, 17.430704375444019 ], [ 78.463446072169248, 17.430701995698151 ], [ 78.46352459391575, 17.430761481349172 ], [ 78.463973122242209, 17.431479127087268 ], [ 78.463994537944856, 17.431504112243374 ], [ 78.464058783128223, 17.431529096989305 ], [ 78.464123026870226, 17.431529096356112 ], [ 78.464219396593762, 17.431486265854005 ], [ 78.464337180367721, 17.431400606407959 ], [ 78.464429979017183, 17.431304237136494 ], [ 78.464508501122467, 17.431215007606095 ], [ 78.464562038711932, 17.431140054558391 ], [ 78.464604868177005, 17.431057963204637 ], [ 78.464619145546791, 17.430954456660881 ], [ 78.464622716304191, 17.430854518553407 ], [ 78.464604868609371, 17.430751012357987 ], [ 78.464601299635973, 17.430629659672697 ], [ 78.464644130438728, 17.43055827592957 ], [ 78.46469053012639, 17.43049760035267 ], [ 78.46477262127992, 17.430436924912119 ], [ 78.464929666058111, 17.430365539926761 ], [ 78.465008187994641, 17.430340555911336 ], [ 78.465061724764368, 17.430344125265478 ], [ 78.465100986844803, 17.430386954605609 ], [ 78.465147385827052, 17.430444061851993 ], [ 78.465172371330894, 17.430526154771595 ], [ 78.465179509568543, 17.43065107539876 ], [ 78.46517593983522, 17.430783134583809 ], [ 78.465158093784837, 17.430936611321577 ], [ 78.465129539923026, 17.431057962631733 ], [ 78.465111695435681, 17.431175747305819 ], [ 78.465090278816746, 17.431300668894238 ], [ 78.465090278652951, 17.431407744157028 ], [ 78.465100985757715, 17.431468419588146 ], [ 78.465175940899059, 17.431600480028891 ], [ 78.465211632272926, 17.43161832612574 ], [ 78.465258031291981, 17.431639741261556 ], [ 78.465300861733269, 17.431639740614937 ], [ 78.465357968913935, 17.431614756809733 ], [ 78.465397229601322, 17.431571926936325 ], [ 78.465429351807316, 17.431504112428588 ], [ 78.465443629053226, 17.431429157688886 ], [ 78.465447199002952, 17.431339929010193 ], [ 78.465447199667594, 17.431257838192032 ], [ 78.465468614933968, 17.431165039405666 ], [ 78.465493598330198, 17.431143622552927 ], [ 78.465529289571791, 17.431154331092014 ], [ 78.465579259342505, 17.431232854922406 ], [ 78.465604243276573, 17.43131494502795 ], [ 78.465632796944789, 17.43138632806011 ], [ 78.465664919174557, 17.431471989346729 ], [ 78.465689904394281, 17.431536234325378 ], [ 78.465729165241214, 17.431607618957862 ], [ 78.466307372661916, 17.432414255593244 ], [ 78.466514387151307, 17.432756898202804 ], [ 78.466650015566458, 17.43306741805339 ], [ 78.466680949173778, 17.433151889216177 ], [ 78.466669051544116, 17.433235170356173 ], [ 78.466621461934864, 17.433258965258883 ], [ 78.466502489399971, 17.433294658106103 ], [ 78.4662704923673, 17.433336296608246 ], [ 78.466080135960368, 17.433395783800353 ], [ 78.465955212655999, 17.433455270407848 ], [ 78.465782701784889, 17.43353260331066 ], [ 78.465628038197039, 17.433603985007235 ], [ 78.465455527262847, 17.433705113827621 ], [ 78.465229479006751, 17.433871675369041 ], [ 78.465818394166078, 17.43472828198653 ], [ 78.46649654011334, 17.43579903903931 ], [ 78.466817768409257, 17.43617380412547 ], [ 78.467085455649595, 17.436435544730266 ], [ 78.467430479364182, 17.436673491216062 ], [ 78.467823090242803, 17.436875745234374 ], [ 78.468519082265558, 17.437095845043448 ], [ 78.469232922009695, 17.437226715995916 ], [ 78.469497422096495, 17.437279178698304 ], [ 78.46995270839308, 17.437369484123028 ], [ 78.470940183552315, 17.437524147179577 ], [ 78.471124593230584, 17.437512250593084 ], [ 78.471356590362362, 17.437446816136152 ], [ 78.472088275138816, 17.437155331958337 ], [ 78.472498730856117, 17.43693523164734 ], [ 78.473016264434406, 17.436625902399737 ], [ 78.474092968642509, 17.435739552554214 ], [ 78.474225739327537, 17.435601488925499 ], [ 78.473708419965519, 17.435160664667894 ], [ 78.473428467301346, 17.434897425075917 ], [ 78.473352930775576, 17.434826398443441 ], [ 78.47312809011872, 17.434614983181397 ], [ 78.473021014527333, 17.434400831379794 ], [ 78.47299722114056, 17.434198575788564 ], [ 78.472997221148788, 17.433960630357277 ], [ 78.473080501983603, 17.433734582048743 ], [ 78.4731756806612, 17.433568019342388 ], [ 78.473188038699774, 17.43355566137253 ], [ 78.473306551052843, 17.433437149112997 ], [ 78.473413625603015, 17.433330071913211 ], [ 78.473532599154055, 17.433246791920819 ], [ 78.473615880901065, 17.433187305762985 ], [ 78.473711059677399, 17.433092126806663 ], [ 78.473782444353446, 17.432996948419454 ], [ 78.473794339931459, 17.432877975775639 ], [ 78.473794339739115, 17.432782797370002 ], [ 78.473690558635568, 17.432586765753907 ], [ 78.473687264080255, 17.432580543360341 ], [ 78.472806863958255, 17.431497887908019 ], [ 78.472750398807861, 17.431432998847615 ], [ 78.472659336722629, 17.431328352021463 ], [ 78.472630782966078, 17.431206999287511 ] ] ] } },
{ "type": "Feature", "properties": { "FID": 324, "Descr_1": "Water Bodies", "Descr_2": "Reservoir/Tanks", "Descr_3": "Reservoir/Tanks", "PI_CODE": " ", "LU_Code": "WBRT", "Shape_Area": 0.089568666024699997 }, "geometry": { "type": "Polygon", "coordinates": [ [ [ 78.480142630843986, 17.435305217764174 ], [ 78.480109317941142, 17.435438468262369 ], [ 78.480099800060984, 17.435524126955965 ], [ 78.480052211750461, 17.435595511698018 ], [ 78.47996179244079, 17.435647860403051 ], [ 78.479909443642256, 17.435704967304652 ], [ 78.47978571181028, 17.435819180661344 ], [ 78.479566800784724, 17.435971467383357 ], [ 78.479466864266342, 17.436090440331071 ], [ 78.479390720694312, 17.43620465364819 ], [ 78.479328855161441, 17.436323627426422 ], [ 78.479295543429288, 17.436433081620027 ], [ 78.479309818221154, 17.436537778614483 ], [ 78.4793240957016, 17.436699581832968 ], [ 78.479324095205115, 17.436823312675937 ], [ 78.479333613030704, 17.436932768782182 ], [ 78.479347890907235, 17.437075537782967 ], [ 78.479395480368609, 17.437199268851721 ], [ 78.479509693575054, 17.437175473605098 ], [ 78.479600114341167, 17.437165956358037 ], [ 78.479681015060137, 17.437161197154808 ], [ 78.479761917091778, 17.437161198065382 ], [ 78.479842818990065, 17.437170714682185 ], [ 78.479947515456388, 17.437204027903757 ], [ 78.480080764909189, 17.437261135073438 ], [ 78.480228291355488, 17.437318240637506 ], [ 78.480371058975066, 17.437380107943998 ], [ 78.481268033946094, 17.437823444256221 ], [ 78.481442946716783, 17.437622292097181 ], [ 78.482347141944601, 17.43658127981848 ], [ 78.482440879313103, 17.436477844785095 ], [ 78.482428698793626, 17.436468773822732 ], [ 78.482232391808267, 17.436296263405406 ], [ 78.482178854411757, 17.436201085755027 ], [ 78.482172905988136, 17.436117804417439 ], [ 78.482172905750531, 17.435975035731889 ], [ 78.482202649239113, 17.435856063279363 ], [ 78.482226443604958, 17.435796577253999 ], [ 78.482279982110953, 17.435725191895209 ], [ 78.482345416968812, 17.435665704702149 ], [ 78.482452493203851, 17.43560621993802 ], [ 78.482559567720614, 17.43555863000589 ], [ 78.482672592889344, 17.43549914405699 ], [ 78.482773720223022, 17.435403964634432 ], [ 78.482839155406324, 17.435326634023038 ], [ 78.482886743860163, 17.435219556707409 ], [ 78.482934333182129, 17.435112481194921 ], [ 78.482946230950347, 17.43504704618103 ], [ 78.482946232428972, 17.434975662277598 ], [ 78.482958127076998, 17.434844790754401 ], [ 78.482958127631932, 17.434725819055508 ], [ 78.482981923331835, 17.434606845721209 ], [ 78.483053306275025, 17.434481924330147 ], [ 78.483166331260023, 17.434404592112053 ], [ 78.483291253155926, 17.434368899775567 ], [ 78.483457815353788, 17.434339157066763 ], [ 78.48355894245033, 17.43432131133973 ], [ 78.483624377250194, 17.434297515695405 ], [ 78.483677915759642, 17.434226131755452 ], [ 78.483677914947904, 17.434107159108127 ], [ 78.483623514454393, 17.434025223381497 ], [ 78.483307384131308, 17.434126650207503 ], [ 78.481965367210748, 17.434519259922673 ], [ 78.480394922732103, 17.435076054400056 ], [ 78.480149089658227, 17.435139431648093 ], [ 78.480142630843986, 17.435305217764174 ] ] ] } },
{ "type": "Feature", "properties": { "FID": 325, "Descr_1": "Water Bodies", "Descr_2": "River/Stream/Drain", "Descr_3": "River/Stream/Drain", "PI_CODE": "Disused", "LU_Code": "WBRS", "Shape_Area": 0.0031084606397 }, "geometry": { "type": "Polygon", "coordinates": [ [ [ 78.480114318263901, 17.434373042782891 ], [ 78.479902288227734, 17.434435354381758 ], [ 78.479572447717047, 17.434532286553253 ], [ 78.479602493220028, 17.434661098014899 ], [ 78.479621529335546, 17.434756275843856 ], [ 78.479645322793601, 17.434851454662201 ], [ 78.479694435452458, 17.435030103607325 ], [ 78.479865254268447, 17.434977544063702 ], [ 78.479907525974596, 17.434964394093036 ], [ 78.480144709760538, 17.434890601225408 ], [ 78.480114318263901, 17.434373042782891 ] ] ] } },
{ "type": "Feature", "properties": { "FID": 326, "Descr_1": "Water Bodies", "Descr_2": "River/Stream/Drain", "Descr_3": "River/Stream/Drain", "PI_CODE": "Disused", "LU_Code": "WBRS", "Shape_Area": 0.024444650745000001 }, "geometry": { "type": "Polygon", "coordinates": [ [ [ 78.479347890907235, 17.437075537782967 ], [ 78.479333613030704, 17.436932768782182 ], [ 78.479324095205115, 17.436823312675937 ], [ 78.4793240957016, 17.436699581832968 ], [ 78.479309818221154, 17.436537778614483 ], [ 78.479295543429288, 17.436433081620027 ], [ 78.479328855161441, 17.436323627426422 ], [ 78.479390720694312, 17.43620465364819 ], [ 78.479466864266342, 17.436090440331071 ], [ 78.479566800784724, 17.435971467383357 ], [ 78.47978571181028, 17.435819180661344 ], [ 78.479909443642256, 17.435704967304652 ], [ 78.47996179244079, 17.435647860403051 ], [ 78.480052211750461, 17.435595511698018 ], [ 78.480099800060984, 17.435524126955965 ], [ 78.480109317941142, 17.435438468262369 ], [ 78.480142630843986, 17.435305217764174 ], [ 78.480149089658227, 17.435139431648093 ], [ 78.479909869625629, 17.435201106887359 ], [ 78.479710689910846, 17.435252458057853 ], [ 78.479733361528616, 17.435329011430579 ], [ 78.479728604114072, 17.43538612028674 ], [ 78.479700050785596, 17.435457502661471 ], [ 78.479666738179205, 17.435528886726793 ], [ 78.479614389531235, 17.435600271248642 ], [ 78.479552523670762, 17.435652618625873 ], [ 78.479409757150947, 17.435785868251664 ], [ 78.479266989294061, 17.435904841884021 ], [ 78.479195605102163, 17.435985744282888 ], [ 78.479152775810434, 17.436047609573091 ], [ 78.479109944786813, 17.436123751613469 ], [ 78.479076631649363, 17.43620465401829 ], [ 78.479052839459953, 17.43628079656165 ], [ 78.479043319549774, 17.436347422769042 ], [ 78.479038561400955, 17.43638549285885 ], [ 78.478979075043867, 17.436502086972833 ], [ 78.479221779127613, 17.437951178288138 ], [ 78.479287214567819, 17.43807372086787 ], [ 78.479305060104608, 17.438228385889744 ], [ 78.479293162831269, 17.43829976807293 ], [ 78.479251522674517, 17.43838305097885 ], [ 78.479215829747446, 17.438448486918887 ], [ 78.479156344036113, 17.438507973024841 ], [ 78.479084960036914, 17.438543664043976 ], [ 78.478965986600599, 17.438620996784067 ], [ 78.478811321960976, 17.438704279129578 ], [ 78.478704247574314, 17.43878160979482 ], [ 78.478638812354674, 17.438870840265931 ], [ 78.478579325159416, 17.439001709994162 ], [ 78.478549581946595, 17.439079043360284 ], [ 78.478484145539056, 17.439192067155144 ], [ 78.47841276304213, 17.439227758863293 ], [ 78.478341378763702, 17.439233707880337 ], [ 78.478269993586807, 17.439233706706041 ], [ 78.478210508710561, 17.439209912948595 ], [ 78.478156971064408, 17.439198015805815 ], [ 78.47793405355705, 17.439224020068018 ], [ 78.477865486590389, 17.439286056865857 ], [ 78.477786964015863, 17.439400268946407 ], [ 78.477694164339553, 17.439528760007999 ], [ 78.477629920118417, 17.439664390340553 ], [ 78.477608505099823, 17.439785743449317 ], [ 78.477608505142541, 17.439892820029332 ], [ 78.477617316263505, 17.439972113131777 ], [ 78.477622781931657, 17.440021310386893 ], [ 78.47763705765351, 17.440121247214147 ], [ 78.477694164726614, 17.44022118360181 ], [ 78.477779825723886, 17.44034253690343 ], [ 78.477894039545276, 17.440442474097857 ], [ 78.478065360845051, 17.440642349303719 ], [ 78.478115330181652, 17.440742285795977 ], [ 78.478158160189352, 17.440863639435207 ], [ 78.478186713818459, 17.440956438242289 ], [ 78.478243821001129, 17.441063512813738 ], [ 78.478272374334196, 17.441113482258103 ], [ 78.478315205408848, 17.44117058868429 ], [ 78.478365172612214, 17.441213418983512 ], [ 78.478465110576508, 17.441270526994977 ], [ 78.478629053046276, 17.44136318978218 ], [ 78.478692828211976, 17.441269634577882 ], [ 78.478741018463893, 17.44119894793749 ], [ 78.478615017167215, 17.4410956360271 ], [ 78.478519837611316, 17.441000458084503 ], [ 78.478448455037679, 17.440893382295254 ], [ 78.47839491738911, 17.440774408700687 ], [ 78.478347327227681, 17.440631640733471 ], [ 78.47831758358231, 17.440530513716414 ], [ 78.478240252238294, 17.440393695253238 ], [ 78.478180765429826, 17.44031636275459 ], [ 78.47813317586359, 17.440280671270347 ], [ 78.478055843353829, 17.44022118392105 ], [ 78.478026116940299, 17.440198889351699 ], [ 78.477984460032616, 17.44016764575267 ], [ 78.477913076001727, 17.440084364914497 ], [ 78.477883333358349, 17.440018929707783 ], [ 78.477871435380877, 17.439959445413901 ], [ 78.477871435006278, 17.439882110570213 ], [ 78.477877383887645, 17.439786933359407 ], [ 78.477901179240561, 17.439709600160125 ], [ 78.477936870986525, 17.43963821610966 ], [ 78.477972562660696, 17.439572781302424 ], [ 78.478055842919204, 17.439513293551332 ], [ 78.478115330036317, 17.439483551337414 ], [ 78.478186713537667, 17.439465704786731 ], [ 78.478305686536103, 17.439453807943611 ], [ 78.478412764004872, 17.439447858612468 ], [ 78.47851983774261, 17.439424065046065 ], [ 78.478609067782628, 17.439388373135248 ], [ 78.47871614360723, 17.439275347940097 ], [ 78.478751835909037, 17.439203964653753 ], [ 78.478793477371553, 17.439120683695624 ], [ 78.478829167715887, 17.439061197067623 ], [ 78.478882705552138, 17.43897196668588 ], [ 78.478942192450376, 17.438900583077125 ], [ 78.479019525786853, 17.438841096837358 ], [ 78.479126601024859, 17.438787559424956 ], [ 78.479209882463152, 17.438751867334108 ], [ 78.479299112083538, 17.438704276615692 ], [ 78.479418083549646, 17.438644791433902 ], [ 78.479477571128953, 17.438591252725857 ], [ 78.479513262099971, 17.438525817629291 ], [ 78.479519212993836, 17.438436587791479 ], [ 78.479519211937685, 17.43835925560613 ], [ 78.479501366268821, 17.438246231781605 ], [ 78.479501366149336, 17.438157001993375 ], [ 78.479477570984102, 17.437710853344321 ], [ 78.479395480368609, 17.437199268851721 ], [ 78.479347890907235, 17.437075537782967 ] ] ] } },
{ "type": "Feature", "properties": { "FID": 327, "Descr_1": "Water Bodies", "Descr_2": "River/Stream/Drain", "Descr_3": "River/Stream/Drain", "PI_CODE": "Disused", "LU_Code": "WBRS", "Shape_Area": 0.070485890330099998 }, "geometry": { "type": "Polygon", "coordinates": [ [ [ 78.459278564771438, 17.440697888600326 ], [ 78.459442747710469, 17.440705027765457 ], [ 78.459642621562708, 17.44074072041013 ], [ 78.459849634782259, 17.440812105161164 ], [ 78.460035232619958, 17.440847794890725 ], [ 78.460199415964865, 17.440840656711309 ], [ 78.460399290677913, 17.440840657645168 ], [ 78.460749071986427, 17.440804964664054 ], [ 78.460984638195626, 17.440733582022901 ], [ 78.461205927959867, 17.44066933504692 ], [ 78.46135583368843, 17.440605089161593 ], [ 78.46152001770335, 17.440512291192494 ], [ 78.461655646360413, 17.440419491831772 ], [ 78.461848383452903, 17.440219618187708 ], [ 78.4619197674037, 17.440091126699762 ], [ 78.461998288140961, 17.43999118990471 ], [ 78.462133918074159, 17.43989839204712 ], [ 78.4622981002112, 17.439805591629774 ], [ 78.462483698228056, 17.439719931233348 ], [ 78.462683574182009, 17.439619993567032 ], [ 78.463004801048413, 17.43944867187799 ], [ 78.463375996627335, 17.439234520260982 ], [ 78.463533042329416, 17.439177414194166 ], [ 78.463711502112886, 17.439184552396721 ], [ 78.463739130900422, 17.439189864596326 ], [ 78.463897099037027, 17.439220245120914 ], [ 78.464075557973402, 17.439248798166087 ], [ 78.464254017986548, 17.439305904615562 ], [ 78.464468169267548, 17.4393487352249 ], [ 78.46466090458749, 17.439391564976518 ], [ 78.465039240064058, 17.439455811348648 ], [ 78.465317637015048, 17.439491502681751 ], [ 78.465574618871187, 17.439520054726149 ], [ 78.465867291785443, 17.439527194865637 ], [ 78.466159965775049, 17.439541471190708 ], [ 78.466366978310234, 17.439555747989296 ], [ 78.466573991607419, 17.439555747827445 ], [ 78.466738175230333, 17.439534333285536 ], [ 78.466764270857041, 17.439533541068545 ], [ 78.466973741575501, 17.439527194910063 ], [ 78.467166476570824, 17.439512918025699 ], [ 78.467402045284118, 17.439484364957561 ], [ 78.467559088824913, 17.43946294874182 ], [ 78.467730410027499, 17.439427256774273 ], [ 78.467851763362319, 17.439370149708466 ], [ 78.467901732296511, 17.439313043362485 ], [ 78.467923146647834, 17.439234521433882 ], [ 78.467923147156228, 17.439170275075679 ], [ 78.467951700149797, 17.439120306782733 ], [ 78.468037359701825, 17.439084615136256 ], [ 78.468130160427108, 17.439063199446938 ], [ 78.468280065652621, 17.43904892279998 ], [ 78.46836572699776, 17.439013231041599 ], [ 78.468479940794396, 17.438913294106147 ], [ 78.468544186928497, 17.438799079784559 ], [ 78.468587015850417, 17.438713417815965 ], [ 78.468615570035553, 17.438570651325488 ], [ 78.46864412154477, 17.438435022274462 ], [ 78.468694091604789, 17.438292254188639 ], [ 78.468765475978188, 17.438199455008466 ], [ 78.468993904996793, 17.438106656417357 ], [ 78.469279437608179, 17.438070964200367 ], [ 78.469600666736227, 17.4380352727913 ], [ 78.469757710616094, 17.437949613089888 ], [ 78.469782963381419, 17.437902992929079 ], [ 78.469350724037653, 17.437825411794073 ], [ 78.469066308663045, 17.437774362775926 ], [ 78.468159735199123, 17.437545933305618 ], [ 78.46780310055847, 17.437435429322495 ], [ 78.467787517294369, 17.437442786958314 ], [ 78.467701856557625, 17.437664076646403 ], [ 78.467751825319397, 17.437935335290824 ], [ 78.467758963618635, 17.438085240649578 ], [ 78.467723272165955, 17.43829225426401 ], [ 78.467837485778446, 17.438499267385954 ], [ 78.467887455157637, 17.438649174238595 ], [ 78.467887455118003, 17.438734833966958 ], [ 78.467837487106578, 17.438784802852204 ], [ 78.467687580028723, 17.438884739795164 ], [ 78.467516258800316, 17.438991815585375 ], [ 78.467359214292955, 17.439041784395695 ], [ 78.467123648168752, 17.439027508038507 ], [ 78.466945187635957, 17.439027506546353 ], [ 78.46668106929387, 17.43907033806645 ], [ 78.46625276442451, 17.439113168366006 ], [ 78.465603172048375, 17.439134583558332 ], [ 78.465372819443814, 17.439134583979577 ], [ 78.465317636848937, 17.439134585232843 ], [ 78.46518200816304, 17.439120306641922 ], [ 78.464953578677424, 17.439027507622864 ], [ 78.464703736095217, 17.438913294396642 ], [ 78.464439615011727, 17.438820493764929 ], [ 78.464018450812475, 17.438756249441685 ], [ 78.463861407433086, 17.438770525573382 ], [ 78.463604424871463, 17.438841909762228 ], [ 78.463340304950876, 17.438956123720455 ], [ 78.463140429016363, 17.439077476277834 ], [ 78.462690712201692, 17.439255936164983 ], [ 78.462462283623765, 17.439327320084193 ], [ 78.462212439701943, 17.439405842168878 ], [ 78.461998289794138, 17.439470086906532 ], [ 78.461834106460287, 17.439505779101442 ], [ 78.461741307290637, 17.439562885811743 ], [ 78.461598540205017, 17.439926943575358 ], [ 78.461498601715078, 17.44006971226862 ], [ 78.46136297299455, 17.440183924885066 ], [ 78.461227343765628, 17.440248171432589 ], [ 78.461041744775798, 17.440326694140531 ], [ 78.460827593159095, 17.440412353726082 ], [ 78.460627718913457, 17.440469462069377 ], [ 78.46034218439398, 17.440533707081773 ], [ 78.460176216617114, 17.4405372758632 ], [ 78.460072708672982, 17.440526567992851 ], [ 78.459958495945415, 17.44049087566242 ], [ 78.459833573752064, 17.440430200608446 ], [ 78.459683667739327, 17.440351677753998 ], [ 78.459580162054166, 17.440283862594413 ], [ 78.459433823798705, 17.440230325433053 ], [ 78.459244656672439, 17.440216048762654 ], [ 78.459112596791115, 17.440216049160785 ], [ 78.458948415072499, 17.440233894999654 ], [ 78.458752108660192, 17.44028743213476 ], [ 78.45859506493035, 17.440287432144228 ], [ 78.458477281192827, 17.440269586102918 ], [ 78.458366636337502, 17.440223186883461 ], [ 78.458248853810048, 17.440180357284813 ], [ 78.458123930435406, 17.440137526258141 ], [ 78.457988301755307, 17.440098265081168 ], [ 78.45770713282549, 17.440050767173098 ], [ 78.45773946529674, 17.440179281926557 ], [ 78.457748740402607, 17.440216155996065 ], [ 78.458202453856146, 17.440315986085647 ], [ 78.458523680796446, 17.440426631011636 ], [ 78.458555805365123, 17.440451614985815 ], [ 78.458559373016683, 17.44048730664403 ], [ 78.45853081911028, 17.4405444138592 ], [ 78.45848085105149, 17.440594383254684 ], [ 78.458402327529058, 17.4406514902258 ], [ 78.458323806417866, 17.440687182948391 ], [ 78.458184607659618, 17.440737151031271 ], [ 78.458091809699127, 17.440776411099424 ], [ 78.457952610588094, 17.440833519218007 ], [ 78.457906239147349, 17.440842216326082 ], [ 78.45793668031115, 17.440963216700553 ], [ 78.457986667986418, 17.441161921813592 ], [ 78.458129285423766, 17.44111191575087 ], [ 78.458307745203953, 17.441040531726269 ], [ 78.458521895623946, 17.440962010332022 ], [ 78.458693218318459, 17.440876348816424 ], [ 78.458935921973975, 17.440790688447876 ], [ 78.459142936096782, 17.440733581197431 ], [ 78.459278564771438, 17.440697888600326 ] ] ] } },
{ "type": "Feature", "properties": { "FID": 328, "Descr_1": "Water Bodies", "Descr_2": "River/Stream/Drain", "Descr_3": "River/Stream/Drain", "PI_CODE": "Disused", "LU_Code": "WBRS", "Shape_Area": 0.0020258117953799999 }, "geometry": { "type": "Polygon", "coordinates": [ [ [ 78.457635668881224, 17.44102407336738 ], [ 78.457583436901189, 17.44104148361545 ], [ 78.457469222724043, 17.441055760429471 ], [ 78.457350250574052, 17.441055758919013 ], [ 78.457250312270091, 17.441051002335154 ], [ 78.457183686024536, 17.441041484408537 ], [ 78.457102786215245, 17.44103672479449 ], [ 78.457069473396658, 17.441065277664286 ], [ 78.457026643015951, 17.44114142063545 ], [ 78.457017125278085, 17.441222322586782 ], [ 78.457031403370422, 17.441279429686308 ], [ 78.457076323707099, 17.441324351841036 ], [ 78.457078989938879, 17.441327018953288 ], [ 78.457155135012272, 17.441450751341634 ], [ 78.457174169731417, 17.441393644904878 ], [ 78.457255071579951, 17.441341295650542 ], [ 78.457378802646161, 17.441303224035259 ], [ 78.457569159697812, 17.441284188615516 ], [ 78.457685901989606, 17.441262682661392 ], [ 78.457654158933963, 17.441111902243641 ], [ 78.457635668881224, 17.44102407336738 ] ] ] } },
{ "type": "Feature", "properties": { "FID": 329, "Descr_1": "Water Bodies", "Descr_2": "Lakes/Ponds", "Descr_3": "Lakes/Ponds", "PI_CODE": " ", "LU_Code": "WBLP", "Shape_Area": 0.057137737293300003 }, "geometry": { "type": "Polygon", "coordinates": [ [ [ 78.465579922739721, 17.414059669040249 ], [ 78.46555137044777, 17.413964489931082 ], [ 78.465518056584358, 17.413864552882576 ], [ 78.465475227352414, 17.413778891926682 ], [ 78.465356297707004, 17.413393565260016 ], [ 78.465165808332287, 17.41342758201931 ], [ 78.464689914815366, 17.413534657229139 ], [ 78.464660172429575, 17.41371906480704 ], [ 78.464434122702812, 17.413826140720868 ], [ 78.463779770811527, 17.414117624563556 ], [ 78.463401391382391, 17.414082608059541 ], [ 78.462340197745263, 17.414064088198078 ], [ 78.461971381177108, 17.414189007985904 ], [ 78.461979286008912, 17.415766108778822 ], [ 78.462058320733334, 17.415753844958779 ], [ 78.462491382868464, 17.415649148550294 ], [ 78.462919684915349, 17.415520657993543 ], [ 78.464038031618927, 17.415192291765354 ], [ 78.465056441124958, 17.414887721310009 ], [ 78.465280110525185, 17.414787784371949 ], [ 78.46535149513268, 17.414759229798744 ], [ 78.465403842740187, 17.414716400145622 ], [ 78.465451432419115, 17.414659292224378 ], [ 78.465489502787847, 17.414611703779705 ], [ 78.465527574876646, 17.414549839319928 ], [ 78.465575163643933, 17.414502248105943 ], [ 78.465589441205154, 17.414449900047327 ], [ 78.465589440586356, 17.414388034841927 ], [ 78.465589440931637, 17.414326167837029 ], [ 78.465589441116194, 17.414250025704121 ], [ 78.465584681533926, 17.4141643663807 ], [ 78.465579922739721, 17.414059669040249 ] ] ] } },
{ "type": "Feature", "properties": { "FID": 330, "Descr_1": "Water Bodies", "Descr_2": "Reservoir/Tanks", "Descr_3": "Reservoir/Tanks", "PI_CODE": " ", "LU_Code": "WBRT", "Shape_Area": 0.021878415141400001 }, "geometry": { "type": "Polygon", "coordinates": [ [ [ 78.484205876549765, 17.412695738091166 ], [ 78.484163047071732, 17.412710014906121 ], [ 78.484091663846783, 17.412771880774446 ], [ 78.484044074042146, 17.412843265243236 ], [ 78.483944136896582, 17.412943201552121 ], [ 78.483758539036629, 17.413066933796777 ], [ 78.483611013236171, 17.413152593692654 ], [ 78.483487280255105, 17.413214459941301 ], [ 78.483334994106414, 17.4133048797786 ], [ 78.483211262818429, 17.413357228235714 ], [ 78.483101808049383, 17.41340481655029 ], [ 78.4830447007961, 17.413442889395057 ], [ 78.482940003682572, 17.413519030593445 ], [ 78.482840066990619, 17.413633246005464 ], [ 78.482749649034645, 17.41374270128701 ], [ 78.482654469442124, 17.413852156448115 ], [ 78.482545013713789, 17.413923539931961 ], [ 78.48246411174577, 17.413952092909042 ], [ 78.482416523039987, 17.413994924061079 ], [ 78.482392727909499, 17.414037753648923 ], [ 78.482392728071744, 17.414128171735772 ], [ 78.482421280546603, 17.414209075189941 ], [ 78.482483148381647, 17.414285217042778 ], [ 78.482592602604839, 17.414332807305883 ], [ 78.482694118253519, 17.414332807023857 ], [ 78.482716335048067, 17.414332806731593 ], [ 78.482825790372672, 17.414332806856091 ], [ 78.482892415804216, 17.414318529636947 ], [ 78.482959040277677, 17.414294735646319 ], [ 78.483054218952432, 17.414280458614488 ], [ 78.483163674242491, 17.414270940921043 ], [ 78.483292164414379, 17.414270940939851 ], [ 78.483411138034924, 17.414242387902412 ], [ 78.483501557412097, 17.414204316073388 ], [ 78.483572940929903, 17.414166245001695 ], [ 78.483682396070023, 17.414137691751691 ], [ 78.483796609930977, 17.414118656109746 ], [ 78.483977449077244, 17.414094861396148 ], [ 78.484096421549864, 17.414066307963498 ], [ 78.484148770996796, 17.414028235750873 ], [ 78.484172565261943, 17.413980645782384 ], [ 78.484182082798227, 17.413918781564323 ], [ 78.484201118668423, 17.413847397017157 ], [ 78.484229672101932, 17.413804566329407 ], [ 78.484282020005395, 17.413761735692528 ], [ 78.484343886168276, 17.413709388324744 ], [ 78.484439065255287, 17.413676076291853 ], [ 78.484519966751506, 17.413638004914706 ], [ 78.484577073690801, 17.413590414935051 ], [ 78.484577074410979, 17.413561862003462 ], [ 78.484558038815095, 17.413519031218673 ], [ 78.48453900234685, 17.413485718972847 ], [ 78.484505690454156, 17.413414335228531 ], [ 78.48452948434371, 17.413338192262035 ], [ 78.484553279363894, 17.413290603151065 ], [ 78.484562796904228, 17.413247773290145 ], [ 78.48454851975761, 17.413166871000417 ], [ 78.48437708466075, 17.412842290047429 ], [ 78.484329501297992, 17.412752194719445 ], [ 78.484272502870098, 17.412705255930295 ], [ 78.484205876549765, 17.412695738091166 ] ] ] } },
{ "type": "Feature", "properties": { "FID": 331, "Descr_1": "Water Bodies", "Descr_2": "River/Stream/Drain", "Descr_3": "River/Stream/Drain", "PI_CODE": " ", "LU_Code": "WBRS", "Shape_Area": 0.038694324962899998 }, "geometry": { "type": "Polygon", "coordinates": [ [ [ 78.486618671866992, 17.422385180677971 ], [ 78.486640085876672, 17.422270966915974 ], [ 78.486661500064855, 17.422206721270019 ], [ 78.486704332158951, 17.422142475900642 ], [ 78.486740022925503, 17.422085369442062 ], [ 78.486789991462388, 17.422021122605241 ], [ 78.48683996088657, 17.421956877573724 ], [ 78.486911344708219, 17.421871216545934 ], [ 78.486982729387506, 17.421785557309793 ], [ 78.487061250683965, 17.421685618819655 ], [ 78.487168326283509, 17.421578544253634 ], [ 78.487246849361298, 17.421471468177668 ], [ 78.48732537133975, 17.421371529586576 ], [ 78.487439584631034, 17.421207348652462 ], [ 78.487632320774765, 17.420993197083536 ], [ 78.488010656473733, 17.420429263650895 ], [ 78.488453234709056, 17.419672593576042 ], [ 78.488574588591632, 17.419415612555994 ], [ 78.488781600398241, 17.4189016504154 ], [ 78.489095691412274, 17.418287748979679 ], [ 78.489195627039479, 17.418045044303952 ], [ 78.489217041861167, 17.417952245424253 ], [ 78.489224182191137, 17.417830892180149 ], [ 78.489224181394917, 17.417745232634015 ], [ 78.48917421256283, 17.417516803859044 ], [ 78.489102828291962, 17.417302652830312 ], [ 78.488945783719927, 17.416924318254448 ], [ 78.488902954034444, 17.416838656814818 ], [ 78.488881537887693, 17.416767273184497 ], [ 78.488881537251814, 17.416681612692862 ], [ 78.488881537769075, 17.416538844614234 ], [ 78.488881538154288, 17.416431768775187 ], [ 78.488881537613125, 17.416317555374604 ], [ 78.488881537177591, 17.416174788165915 ], [ 78.488881537679546, 17.416039157601357 ], [ 78.488881538053775, 17.415932082642215 ], [ 78.488881538465421, 17.415817868322097 ], [ 78.488881537935171, 17.415703653985489 ], [ 78.488895814541152, 17.415603717180293 ], [ 78.48890030634756, 17.415566669923539 ], [ 78.488924368786641, 17.41536815039418 ], [ 78.488902954389658, 17.41511116783742 ], [ 78.488860123419002, 17.414968401375457 ], [ 78.488817294358725, 17.414839910018188 ], [ 78.488760186243198, 17.414732834253154 ], [ 78.488703078058293, 17.414654312289667 ], [ 78.488617417635197, 17.414561513022743 ], [ 78.488567450465411, 17.414482991368313 ], [ 78.488474650671037, 17.414311668673147 ], [ 78.488353297228556, 17.414076102995622 ], [ 78.488310466846741, 17.413940473910031 ], [ 78.488281914364237, 17.413833396611572 ], [ 78.488224806972823, 17.413704906183096 ], [ 78.488167700126738, 17.413640661871987 ], [ 78.488103455279017, 17.413576416302423 ], [ 78.488010655399478, 17.413519307779783 ], [ 78.487903580329217, 17.413469339710439 ], [ 78.487846472703822, 17.41340509619998 ], [ 78.487817918289053, 17.4133408486469 ], [ 78.487803642916532, 17.413262325799042 ], [ 78.487732258612496, 17.412969655309396 ], [ 78.487725119868557, 17.412548489290803 ], [ 78.487717982077271, 17.412227261701133 ], [ 78.487725119889006, 17.412148738943028 ], [ 78.487753673766505, 17.412048801859243 ], [ 78.487796504220228, 17.41198455688961 ], [ 78.487839334581651, 17.411927450373767 ], [ 78.487889303042053, 17.411856066359263 ], [ 78.48793213437321, 17.411791819559028 ], [ 78.487982101753502, 17.411727574876867 ], [ 78.488017793209053, 17.411656190132309 ], [ 78.488096316087777, 17.411484869826875 ], [ 78.488117729771943, 17.41139207077174 ], [ 78.488132007555876, 17.41127071843448 ], [ 78.488167701165381, 17.411142226841751 ], [ 78.488189115760846, 17.41104229021277 ], [ 78.488210530345583, 17.410942352673 ], [ 78.488239082870038, 17.410842414555081 ], [ 78.488260499307174, 17.410735341266761 ], [ 78.488281913784917, 17.410642541270093 ], [ 78.488353298302044, 17.410285622962011 ], [ 78.48842468162259, 17.409771658190817 ], [ 78.488455782332963, 17.409605209893222 ], [ 78.488347381718555, 17.409638641601852 ], [ 78.488151865682696, 17.409698941079263 ], [ 78.488153423353126, 17.409843041888603 ], [ 78.488110594257464, 17.410307036839804 ], [ 78.488103455254773, 17.410449804079274 ], [ 78.48808917754603, 17.41056401979932 ], [ 78.48806062402069, 17.41067109365488 ], [ 78.48803207121216, 17.410799584724096 ], [ 78.488017792563681, 17.410906661039107 ], [ 78.487982101794358, 17.411028013280692 ], [ 78.487967824996574, 17.411135088698273 ], [ 78.48793927229157, 17.411235026766548 ], [ 78.487903579530609, 17.411356378955965 ], [ 78.487853609889086, 17.411470592869879 ], [ 78.487810780927163, 17.411591945610429 ], [ 78.487725119830088, 17.411756127892115 ], [ 78.487660875351665, 17.411827512071991 ], [ 78.487625182721445, 17.411906035205075 ], [ 78.487575214163456, 17.411977418251976 ], [ 78.487539522123868, 17.412084494327029 ], [ 78.487510969215563, 17.412170155368308 ], [ 78.487503830168151, 17.412270091689145 ], [ 78.487532383891661, 17.412741223570396 ], [ 78.487532383626672, 17.412855438964105 ], [ 78.487532384163671, 17.41298393038009 ], [ 78.487560937711393, 17.413119560778654 ], [ 78.487596628573996, 17.413240911876422 ], [ 78.487625182646752, 17.413333710588606 ], [ 78.487668012775885, 17.413433647552363 ], [ 78.487746534882092, 17.413555000745799 ], [ 78.487817919096841, 17.413669215098388 ], [ 78.487875025636939, 17.41375487578178 ], [ 78.487946410251453, 17.413840535344637 ], [ 78.488024932645757, 17.413969025966722 ], [ 78.488124870021508, 17.414133209859465 ], [ 78.488210530764007, 17.41425456317997 ], [ 78.488460374014949, 17.414725695773786 ], [ 78.488531758049845, 17.414854186726028 ], [ 78.488617418282985, 17.415004092746312 ], [ 78.488681664381573, 17.415139721765946 ], [ 78.488703079106273, 17.415261074633477 ], [ 78.488703079412147, 17.41540384190106 ], [ 78.488703078809053, 17.415539470696324 ], [ 78.488698599796862, 17.415601444803446 ], [ 78.488660249149646, 17.41613195668026 ], [ 78.488674525442107, 17.416738720148658 ], [ 78.48868166384085, 17.416895763631064 ], [ 78.488703078592437, 17.417052808640939 ], [ 78.488745908710754, 17.417252682566499 ], [ 78.488781600992937, 17.417381174398074 ], [ 78.488845845987555, 17.417545356985997 ], [ 78.488881538388242, 17.41767384878381 ], [ 78.488910091701356, 17.417802339343421 ], [ 78.488910092273528, 17.417909415126516 ], [ 78.488910091864128, 17.418030766878854 ], [ 78.488852983753873, 17.418166395714987 ], [ 78.48865311006503, 17.418701776444323 ], [ 78.488596001703741, 17.418815988940263 ], [ 78.488524619461757, 17.418951618838221 ], [ 78.488446096691774, 17.419137217444668 ], [ 78.488381853405656, 17.419279984243353 ], [ 78.488196254359352, 17.419615487719909 ], [ 78.488096316339579, 17.419779670725848 ], [ 78.48803207086651, 17.419901022945268 ], [ 78.487967825303031, 17.420022376042844 ], [ 78.487867887901558, 17.420179419580283 ], [ 78.487782227994799, 17.420322187796469 ], [ 78.487668013175707, 17.420529201386518 ], [ 78.487546660597872, 17.420750491422179 ], [ 78.487496691711613, 17.420814736654577 ], [ 78.487418170053786, 17.420914674429898 ], [ 78.487325370734041, 17.421014611435204 ], [ 78.486989866819357, 17.421428637781297 ], [ 78.486889929740855, 17.421521435776469 ], [ 78.486797129628584, 17.421635652102577 ], [ 78.486697193189755, 17.421735588441795 ], [ 78.486582978655846, 17.421856941048283 ], [ 78.486483041973571, 17.421956879085378 ], [ 78.486368828142545, 17.422078229767099 ], [ 78.486333137128469, 17.422142476403408 ], [ 78.486304580720088, 17.422206720674613 ], [ 78.486283167115374, 17.422285243156843 ], [ 78.486268889747379, 17.422378041968649 ], [ 78.486266467802864, 17.422399357786471 ], [ 78.486344776097894, 17.422399357954017 ], [ 78.486442341393811, 17.42240222790527 ], [ 78.486466128404217, 17.422402928443002 ], [ 78.486609643085984, 17.422424302026872 ], [ 78.486618671866992, 17.422385180677971 ] ] ] } },
{ "type": "Feature", "properties": { "FID": 332, "Descr_1": "Water Bodies", "Descr_2": "Reservoir/Tanks", "Descr_3": "Reservoir/Tanks", "PI_CODE": " ", "LU_Code": "WBRT", "Shape_Area": 0.31690514904400002 }, "geometry": { "type": "MultiPolygon", "coordinates": [ [ [ [ 78.379320600111981, 17.384921093568412 ], [ 78.379330807240592, 17.384990372836118 ], [ 78.379336470721626, 17.385067673919313 ], [ 78.379357667917262, 17.38509514921131 ], [ 78.379320600111981, 17.384921093568412 ] ] ], [ [ [ 78.379282810089549, 17.38474364668161 ], [ 78.379278624934784, 17.384771392735221 ], [ 78.379302626067627, 17.384836694618457 ], [ 78.379282810089549, 17.38474364668161 ] ] ], [ [ [ 78.378370147513252, 17.383638687857488 ], [ 78.378315085592078, 17.383691199408588 ], [ 78.378351289495242, 17.383709333239207 ], [ 78.378489224698399, 17.383837941742623 ], [ 78.378612926259393, 17.38390942455834 ], [ 78.378668109639747, 17.38394768650501 ], [ 78.378370147513252, 17.383638687857488 ] ] ] ] } },
{ "type": "Feature", "properties": { "FID": 334, "Descr_1": "Water Bodies", "Descr_2": "Reservoir/Tanks", "Descr_3": "Reservoir/Tanks", "PI_CODE": " ", "LU_Code": "WBRT", "Shape_Area": 0.0195729508417 }, "geometry": { "type": "Polygon", "coordinates": [ [ [ 78.395355197837219, 17.378894809924205 ], [ 78.39533616304594, 17.37882818604939 ], [ 78.395293903866659, 17.378804708739391 ], [ 78.395250501856864, 17.378780595961576 ], [ 78.395145805390541, 17.378733006844353 ], [ 78.394888824745152, 17.378666381738945 ], [ 78.394835804103607, 17.37865147133563 ], [ 78.394574735411453, 17.378723489330323 ], [ 78.394422449698553, 17.378799632392848 ], [ 78.394270163594072, 17.378847220904376 ], [ 78.394108361219537, 17.378885292839971 ], [ 78.393908486173984, 17.37887577539318 ], [ 78.393737165447092, 17.378875776110021 ], [ 78.39358487930798, 17.378904328444136 ], [ 78.393489699636035, 17.378970953104435 ], [ 78.393480183027862, 17.379094684610067 ], [ 78.393594397149542, 17.379170827636347 ], [ 78.393908486075276, 17.379285040846717 ], [ 78.394117878784854, 17.379351666691953 ], [ 78.394289200080749, 17.379399255784676 ], [ 78.394412932071106, 17.379446845273979 ], [ 78.394470038944434, 17.379484915629668 ], [ 78.394470194336961, 17.379486632005861 ], [ 78.394479557459917, 17.379589613227228 ], [ 78.394451002063334, 17.379751416097825 ], [ 78.39438437828845, 17.379884666436961 ], [ 78.39434630676287, 17.379998879660889 ], [ 78.394374859633373, 17.380122611969881 ], [ 78.394460521101337, 17.380189237152834 ], [ 78.394612807309016, 17.38022730997201 ], [ 78.394765091791172, 17.380246345176765 ], [ 78.394888823189007, 17.380246344264346 ], [ 78.394984003294937, 17.380246342981678 ], [ 78.395060145087697, 17.380246344430361 ], [ 78.395085274135809, 17.380237968092001 ], [ 78.395117252421585, 17.380227309382857 ], [ 78.395145806213108, 17.380160683922512 ], [ 78.395154568917079, 17.380141403839723 ], [ 78.39519339456308, 17.380055986084109 ], [ 78.395231466549106, 17.379941772722773 ], [ 78.395288574438283, 17.379779970044648 ], [ 78.395298091401472, 17.379627684087939 ], [ 78.395298091088932, 17.37950395215767 ], [ 78.395260020064427, 17.379361184764061 ], [ 78.395240983993645, 17.379208899398613 ], [ 78.395260019554783, 17.37907564859405 ], [ 78.395317127101166, 17.378970952904346 ], [ 78.39531764302501, 17.378969921664762 ], [ 78.395355197837219, 17.378894809924205 ] ] ] } },
{ "type": "Feature", "properties": { "FID": 335, "Descr_1": "Water Bodies", "Descr_2": "Reservoir/Tanks", "Descr_3": "Reservoir/Tanks", "PI_CODE": " ", "LU_Code": "WBRT", "Shape_Area": 0.0046217655579600002 }, "geometry": { "type": "Polygon", "coordinates": [ [ [ 78.392825989119629, 17.386138683929037 ], [ 78.392745088236268, 17.386148201076448 ], [ 78.39269274043734, 17.386157718813269 ], [ 78.392640391580557, 17.386191030608153 ], [ 78.392602321023162, 17.386262415338106 ], [ 78.39258804445349, 17.386357592706442 ], [ 78.392583285372368, 17.386438496121251 ], [ 78.392578526152505, 17.386514638364336 ], [ 78.392554730680473, 17.386586022923243 ], [ 78.392507142439911, 17.386614574695358 ], [ 78.392445275375891, 17.386647887724347 ], [ 78.39242148142614, 17.386709752661993 ], [ 78.392464311850233, 17.386771620328982 ], [ 78.392578526702238, 17.386804932094083 ], [ 78.392687981404066, 17.38680493164048 ], [ 78.392783159803685, 17.386800172830025 ], [ 78.392883097052831, 17.386790654868687 ], [ 78.392997311931765, 17.386771620706863 ], [ 78.393111525463027, 17.386766860924681 ], [ 78.393235257423328, 17.386747825308088 ], [ 78.393316159535019, 17.386714511199397 ], [ 78.393344713903687, 17.386647888873256 ], [ 78.393344713224153, 17.386605057355386 ], [ 78.393306640443825, 17.386538431635632 ], [ 78.393249534446056, 17.386471806776584 ], [ 78.393125801832596, 17.38636711082728 ], [ 78.393016348187686, 17.386286209649722 ], [ 78.392878337860623, 17.386181512791701 ], [ 78.392836067992818, 17.386139242591085 ], [ 78.392825989119629, 17.386138683929037 ] ] ] } },
{ "type": "Feature", "properties": { "FID": 346, "Descr_1": "Water Bodies", "Descr_2": "Reservoir/Tanks", "Descr_3": "Reservoir/Tanks", "PI_CODE": " ", "LU_Code": "WBRT", "Shape_Area": 0.085021827052700005 }, "geometry": { "type": "Polygon", "coordinates": [ [ [ 78.412563925053547, 17.355382604258335 ], [ 78.41238919742068, 17.35545024132982 ], [ 78.412217876052623, 17.355488313008188 ], [ 78.41201800063719, 17.355507348787611 ], [ 78.411818126443507, 17.355507347626723 ], [ 78.411761176099574, 17.355507348682607 ], [ 78.411646804599314, 17.355507348924352 ], [ 78.411475483748276, 17.35547879539639 ], [ 78.411361271214332, 17.355412170894134 ], [ 78.411275609966182, 17.355307473664233 ], [ 78.411142359959584, 17.355212295823723 ], [ 78.411047180973426, 17.355155189360154 ], [ 78.410923448558549, 17.355155188605384 ], [ 78.410771164077673, 17.355164705668511 ], [ 78.410656950284789, 17.355174224229451 ], [ 78.410438038114236, 17.355117117404813 ], [ 78.410266717804916, 17.355126634636598 ], [ 78.410076360690894, 17.355174223953259 ], [ 78.409866969250032, 17.355250367398089 ], [ 78.409743236396409, 17.355316992392719 ], [ 78.409593648080104, 17.355443599076541 ], [ 78.409627322098061, 17.355523488886501 ], [ 78.409654796036861, 17.355588675127354 ], [ 78.409731396639856, 17.355770411828431 ], [ 78.410062508236351, 17.356286948224763 ], [ 78.4102821992158, 17.356629664644057 ], [ 78.41044523383465, 17.356883999748653 ], [ 78.410839443340677, 17.357354509328108 ], [ 78.41103534035507, 17.357588320566816 ], [ 78.411126436987914, 17.357663863982069 ], [ 78.411531250435388, 17.357999562652346 ], [ 78.41160882789255, 17.358063896135395 ], [ 78.411815802979973, 17.358235533601647 ], [ 78.412196516705862, 17.358625765639825 ], [ 78.4122898073187, 17.358739048331934 ], [ 78.4125605178114, 17.358553059408809 ], [ 78.412599905194881, 17.358489053966913 ], [ 78.412636660620123, 17.358429327171567 ], [ 78.412665214995513, 17.358296077022562 ], [ 78.41258907208298, 17.358162827257136 ], [ 78.412512928671305, 17.358039096274897 ], [ 78.412608107618055, 17.357820184998541 ], [ 78.412750874946937, 17.357572720751168 ], [ 78.412893642541079, 17.357487061079652 ], [ 78.413036410971699, 17.357448989125995 ], [ 78.413160142909391, 17.357401399922463 ], [ 78.413198213631375, 17.357134901023965 ], [ 78.413141106588355, 17.356925508115637 ], [ 78.413026893607594, 17.35681129402813 ], [ 78.412912679279671, 17.356659008152729 ], [ 78.412846054139635, 17.356544793854315 ], [ 78.412817500444746, 17.356392509046227 ], [ 78.412874607467828, 17.356249740602834 ], [ 78.412922195189253, 17.356135527185867 ], [ 78.413059209900467, 17.355911911664649 ], [ 78.412563925053547, 17.355382604258335 ] ] ] } },
{ "type": "Feature", "properties": { "FID": 347, "Descr_1": "Water Bodies", "Descr_2": "Reservoir/Tanks", "Descr_3": "Reservoir/Tanks", "PI_CODE": " ", "LU_Code": "WBRT", "Shape_Area": 0.0124201203624 }, "geometry": { "type": "Polygon", "coordinates": [ [ [ 78.424200506169228, 17.359155403586168 ], [ 78.424126343283135, 17.35919130212703 ], [ 78.423637528808058, 17.359427914792089 ], [ 78.423494176462427, 17.359497306209207 ], [ 78.423477485667078, 17.359654749778194 ], [ 78.423495330701485, 17.359767773663325 ], [ 78.423542921239061, 17.35994623401421 ], [ 78.423626202193503, 17.360130641948999 ], [ 78.423739225927008, 17.360320998652238 ], [ 78.423876045817693, 17.360386433909131 ], [ 78.423980143679898, 17.360376668037201 ], [ 78.42476469674699, 17.359900571321962 ], [ 78.424764304070081, 17.359873904914551 ], [ 78.424762394276854, 17.359743979136045 ], [ 78.424732650042003, 17.359672596076038 ], [ 78.424696959080038, 17.359601211562495 ], [ 78.424637472843457, 17.359511981743221 ], [ 78.424595832121042, 17.359434648952561 ], [ 78.424542294357863, 17.359363266308321 ], [ 78.424417374431115, 17.359256189847919 ], [ 78.424200506169228, 17.359155403586168 ] ] ] } },
{ "type": "Feature", "properties": { "FID": 348, "Descr_1": "Water Bodies", "Descr_2": "Lakes/Ponds", "Descr_3": "Lakes/Ponds", "PI_CODE": " ", "LU_Code": "WBLP", "Shape_Area": 0.050537194977099999 }, "geometry": { "type": "Polygon", "coordinates": [ [ [ 78.444606632958482, 17.350370953650092 ], [ 78.444606633435441, 17.35018059767291 ], [ 78.44462564366809, 17.349999999003202 ], [ 78.444733551557619, 17.349751373957478 ], [ 78.444747829038477, 17.349551499112746 ], [ 78.444819211561324, 17.349308794028364 ], [ 78.444847766349753, 17.349066088886484 ], [ 78.444890596275059, 17.348823383709902 ], [ 78.444819212099333, 17.348652063409663 ], [ 78.444733552123708, 17.348537847999086 ], [ 78.444633615312199, 17.348480741075551 ], [ 78.444419463950751, 17.348423633778452 ], [ 78.444233865907648, 17.348423634031736 ], [ 78.444105374691162, 17.348466464677156 ], [ 78.443891223313486, 17.348552125080953 ], [ 78.44370562520615, 17.348737723387128 ], [ 78.443534303948283, 17.348894766897583 ], [ 78.443391535975394, 17.349094642574389 ], [ 78.443205937684894, 17.349208857219089 ], [ 78.443034616875011, 17.349308793577563 ], [ 78.442820465801319, 17.349423006711554 ], [ 78.442677697547509, 17.349508669321803 ], [ 78.442520653343934, 17.349608606321787 ], [ 78.44220656500336, 17.349751374147463 ], [ 78.442044380467522, 17.349999999619531 ], [ 78.442122476290308, 17.350218669653877 ], [ 78.442217653836366, 17.350313847578736 ], [ 78.442408010962211, 17.350409026669425 ], [ 78.442722100114523, 17.350409026715543 ], [ 78.44292197536582, 17.350409027001014 ], [ 78.443169439393856, 17.350418543645223 ], [ 78.44345497400073, 17.35045661498922 ], [ 78.443692920791747, 17.350504205410743 ], [ 78.443997490922385, 17.350599383745578 ], [ 78.44420688361393, 17.350732633029121 ], [ 78.444406758525872, 17.350951544363447 ], [ 78.444578080394535, 17.351208526250051 ], [ 78.444749400714343, 17.351427436228114 ], [ 78.444939758250143, 17.351522613894506 ], [ 78.445053971650211, 17.351484543093029 ], [ 78.445092042868311, 17.351360810901458 ], [ 78.445053972246654, 17.351208525839034 ], [ 78.444958792618777, 17.351037203051249 ], [ 78.444873133199891, 17.350875400886196 ], [ 78.444768436629317, 17.350694561863172 ], [ 78.444692293813347, 17.350542276625511 ], [ 78.444606632958482, 17.350370953650092 ] ] ] } },
{ "type": "Feature", "properties": { "FID": 349, "Descr_1": "Water Bodies", "Descr_2": "Reservoir/Tanks", "Descr_3": "Reservoir/Tanks", "PI_CODE": " ", "LU_Code": "WBRT", "Shape_Area": 0.0136207329146 }, "geometry": { "type": "Polygon", "coordinates": [ [ [ 78.428344092636848, 17.367246534802614 ], [ 78.428112705357194, 17.36729060798476 ], [ 78.427941384143679, 17.367340575741331 ], [ 78.427798615965997, 17.367390544734729 ], [ 78.427720094161572, 17.367440515194605 ], [ 78.427691540588512, 17.367504759672116 ], [ 78.427691541242964, 17.367640388233013 ], [ 78.427691541088379, 17.367754602695598 ], [ 78.427613017798492, 17.367904507577869 ], [ 78.427513081844964, 17.368025861621966 ], [ 78.427434558846173, 17.368147213720391 ], [ 78.427327482466183, 17.368268567061179 ], [ 78.427241823006327, 17.368368504438319 ], [ 78.42714902304489, 17.368489857045109 ], [ 78.427099055258779, 17.368568378715345 ], [ 78.427084778142557, 17.368646900617559 ], [ 78.427084777678985, 17.368725422799216 ], [ 78.427113332089988, 17.36877539195557 ], [ 78.427177576711756, 17.368818221800392 ], [ 78.427263238261133, 17.368861051601577 ], [ 78.427313206061072, 17.368889605686135 ], [ 78.427377450741119, 17.368932437276946 ], [ 78.427527358202482, 17.368960990447487 ], [ 78.427591603284512, 17.368960990219559 ], [ 78.427755787099116, 17.368903882671592 ], [ 78.427862861884307, 17.368853912682443 ], [ 78.427991353342449, 17.368768253928572 ], [ 78.428105567404771, 17.36861834813498 ], [ 78.428162674607634, 17.368489857317773 ], [ 78.428162672697724, 17.368354227892244 ], [ 78.428148396929956, 17.3681614910614 ], [ 78.4281341195897, 17.368040139580131 ], [ 78.42811270463659, 17.367847402151195 ], [ 78.428141260046473, 17.367704635434595 ], [ 78.428205504139044, 17.367618974167918 ], [ 78.428298302027628, 17.367597559154888 ], [ 78.428369686972658, 17.367554729295666 ], [ 78.428398240877414, 17.367519037448044 ], [ 78.428398241417938, 17.367447653862438 ], [ 78.428344092636848, 17.367246534802614 ] ] ] } },
{ "type": "Feature", "properties": { "FID": 350, "Descr_1": "Water Bodies", "Descr_2": "Reservoir/Tanks", "Descr_3": "Reservoir/Tanks", "PI_CODE": "Disused", "LU_Code": "WBRT", "Shape_Area": 0.020997289834 }, "geometry": { "type": "Polygon", "coordinates": [ [ [ 78.441242807941649, 17.359575146046744 ], [ 78.44110004069698, 17.359462123345626 ], [ 78.440868044257329, 17.359474018915346 ], [ 78.440766916939197, 17.359587044379371 ], [ 78.440701481799252, 17.359664376353297 ], [ 78.440600354925564, 17.359735760820019 ], [ 78.44058250925184, 17.359753606179193 ], [ 78.440487329945299, 17.35977740121081 ], [ 78.440368356002054, 17.359777401399032 ], [ 78.440261281268079, 17.359753604797735 ], [ 78.440136359892662, 17.359676274190026 ], [ 78.440041181359803, 17.359634632914545 ], [ 78.439957900109221, 17.359616787072611 ], [ 78.439868671085691, 17.359646529656352 ], [ 78.43981513239784, 17.359711966294633 ], [ 78.439791334940281, 17.359773838811009 ], [ 78.439785388745676, 17.359789297932604 ], [ 78.439773492287472, 17.359926116645529 ], [ 78.439767542575353, 17.360062936376668 ], [ 78.439737799533987, 17.360235446969369 ], [ 78.43973185205185, 17.360407958137571 ], [ 78.439743749455459, 17.360562623096591 ], [ 78.439832978957355, 17.360735133804081 ], [ 78.439934105854192, 17.360842209559721 ], [ 78.440035233125556, 17.36091954241417 ], [ 78.440144199318809, 17.360998761637717 ], [ 78.440193881281203, 17.36098956170936 ], [ 78.440479416218793, 17.360870589205003 ], [ 78.440663777317013, 17.360759203684825 ], [ 78.441050486042869, 17.360525566957961 ], [ 78.441137625534154, 17.360451498636724 ], [ 78.441524310114119, 17.360122815638505 ], [ 78.441522396330882, 17.360021296391565 ], [ 78.441486703949707, 17.359949912041689 ], [ 78.441242807941649, 17.359575146046744 ] ] ] } },
{ "type": "Feature", "properties": { "FID": 351, "Descr_1": "Water Bodies", "Descr_2": "Reservoir/Tanks", "Descr_3": "Reservoir/Tanks", "PI_CODE": "Disused", "LU_Code": "WBRT", "Shape_Area": 0.12484908822 }, "geometry": { "type": "Polygon", "coordinates": [ [ [ 78.417691260696174, 17.379380709270535 ], [ 78.417577045679252, 17.379280771575971 ], [ 78.417270097168853, 17.378895298644331 ], [ 78.417167510544246, 17.378825354997041 ], [ 78.417117541880117, 17.378839632067482 ], [ 78.416974743462205, 17.378880430899539 ], [ 78.416868477323547, 17.378964326078343 ], [ 78.416748693951931, 17.379058891677879 ], [ 78.416498849966771, 17.379201658782847 ], [ 78.416201418236909, 17.379332529425682 ], [ 78.415808807812738, 17.379403912321276 ], [ 78.415344813186692, 17.379403913160658 ], [ 78.414500103138437, 17.379249248222802 ], [ 78.413533917979137, 17.379196738449188 ], [ 78.413386814691975, 17.379295048836699 ], [ 78.413386816232418, 17.379366432137463 ], [ 78.413429644657626, 17.379459232053396 ], [ 78.413515307353364, 17.379544892436645 ], [ 78.413643799111227, 17.37966624476665 ], [ 78.41372232029012, 17.379737627689085 ], [ 78.413765149533717, 17.379794735443785 ], [ 78.413793704286178, 17.379866120150197 ], [ 78.413807981448755, 17.379923225578398 ], [ 78.413765151357467, 17.379973194981069 ], [ 78.413658075271087, 17.380016024568977 ], [ 78.41350103030878, 17.380016025160817 ], [ 78.413401092822539, 17.380051717068962 ], [ 78.413301155406685, 17.380101686125315 ], [ 78.413229771969498, 17.380144516235632 ], [ 78.413201218460102, 17.380223039300823 ], [ 78.413208355135893, 17.380322976167243 ], [ 78.413256728540659, 17.380499190053193 ], [ 78.413343985794057, 17.380537126918053 ], [ 78.413451061277129, 17.380601372805369 ], [ 78.413522444856852, 17.380665617945013 ], [ 78.413572413885163, 17.380715588177598 ], [ 78.413658075252343, 17.380794108934456 ], [ 78.413729458303777, 17.380886908369909 ], [ 78.413779427051225, 17.380986844182978 ], [ 78.413836534035894, 17.381122474883576 ], [ 78.413857948724058, 17.381229550547957 ], [ 78.413879363759548, 17.381279519272397 ], [ 78.413929333209666, 17.381343764787196 ], [ 78.414007854993017, 17.381400871268259 ], [ 78.414114931058052, 17.381457980012485 ], [ 78.414229146392515, 17.381543638673598 ], [ 78.414329082580039, 17.381650714603531 ], [ 78.414414741640982, 17.38178634372111 ], [ 78.414486126544659, 17.381893420057729 ], [ 78.414521819408051, 17.382007634432515 ], [ 78.414571786814591, 17.382164678708858 ], [ 78.414621754605008, 17.38234313873491 ], [ 78.41467172477455, 17.382421661226473 ], [ 78.41475738553612, 17.38250732095501 ], [ 78.414857323251795, 17.382543013426005 ], [ 78.414985814852599, 17.382543013267799 ], [ 78.415149996643223, 17.382528736255626 ], [ 78.415335596288358, 17.382485905930938 ], [ 78.415514053912901, 17.382428799058001 ], [ 78.415649683269621, 17.382378831154899 ], [ 78.415785312993307, 17.382257478181419 ], [ 78.41590666512117, 17.382057603215969 ], [ 78.416306414747467, 17.381408009728066 ], [ 78.416492013419472, 17.381300932860054 ], [ 78.416763271633542, 17.381265242116218 ], [ 78.417420002132815, 17.381236688593543 ], [ 78.417636648246486, 17.381223148376048 ], [ 78.417648430814978, 17.38122241155224 ], [ 78.417776922310679, 17.381186720378469 ], [ 78.41784830539892, 17.381122474800755 ], [ 78.417912551143246, 17.381015398568728 ], [ 78.417955381985522, 17.380836939130759 ], [ 78.417955380750286, 17.380708448961805 ], [ 78.417898274393778, 17.3804086362371 ], [ 78.417605599832058, 17.379730488754777 ], [ 78.417591324091489, 17.379630552024175 ], [ 78.417662706970077, 17.379544891580892 ], [ 78.417712675838558, 17.379502061807784 ], [ 78.417691260696174, 17.379380709270535 ] ] ] } },
{ "type": "Feature", "properties": { "FID": 352, "Descr_1": "Water Bodies", "Descr_2": "Reservoir/Tanks", "Descr_3": "Reservoir/Tanks", "PI_CODE": "Disused", "LU_Code": "WBRT", "Shape_Area": 0.103342503839 }, "geometry": { "type": "Polygon", "coordinates": [ [ [ 78.406478091210687, 17.394590679152895 ], [ 78.406549474388427, 17.394704894259782 ], [ 78.406470951226368, 17.394826245614464 ], [ 78.406506644232707, 17.394919045948757 ], [ 78.406613720274223, 17.394997568290314 ], [ 78.406692242194708, 17.39499756685283 ], [ 78.406748949360733, 17.394943001388061 ], [ 78.407070577096974, 17.394633510431152 ], [ 78.407177652669034, 17.394533573170662 ], [ 78.407249037258794, 17.394440772705593 ], [ 78.40726331324791, 17.394305145368026 ], [ 78.407263312765664, 17.394162376975991 ], [ 78.407299004833305, 17.393976779863685 ], [ 78.407720169399653, 17.393334324085259 ], [ 78.408479810055141, 17.392194862983036 ], [ 78.408456859630562, 17.392159555727318 ], [ 78.408328836217422, 17.392052867870994 ], [ 78.408328368291649, 17.392052479032468 ], [ 78.408235570081033, 17.392002511415917 ], [ 78.408099941003144, 17.391931126175187 ], [ 78.408014281277389, 17.391923988338874 ], [ 78.407907204903424, 17.391966819419277 ], [ 78.407764437274338, 17.392009648821428 ], [ 78.407621669230352, 17.392023925684683 ], [ 78.407493178907899, 17.392023926012161 ], [ 78.407386102731721, 17.391966817869783 ], [ 78.4071648134599, 17.391802635670228 ], [ 78.406693680191879, 17.391260117565352 ], [ 78.406572326881687, 17.39121728809906 ], [ 78.406479528162393, 17.391217288734445 ], [ 78.406343898571095, 17.39127439559698 ], [ 78.406258238267384, 17.391367195138937 ], [ 78.406172578447382, 17.391474269064837 ], [ 78.406079778902992, 17.391595623298226 ], [ 78.405951287787744, 17.391695559863525 ], [ 78.405779967741111, 17.391774082839106 ], [ 78.405637199540791, 17.39182405118952 ], [ 78.405565815163044, 17.39191684941483 ], [ 78.405494431187947, 17.392023925647585 ], [ 78.405430185148262, 17.392109585660556 ], [ 78.405323110454461, 17.392223801089518 ], [ 78.405201757947637, 17.39237370662385 ], [ 78.405101819839686, 17.392502196732877 ], [ 78.4049661907776, 17.392587857856402 ], [ 78.404802008080367, 17.392659241875801 ], [ 78.404659240849057, 17.392709211381678 ], [ 78.404487918166467, 17.392744902808829 ], [ 78.404338013078672, 17.392780593643096 ], [ 78.404230938114281, 17.39280200992231 ], [ 78.404147897344686, 17.392816451316104 ], [ 78.404172392748819, 17.392991682416319 ], [ 78.404208084907722, 17.393412847002342 ], [ 78.404386543971398, 17.393370016756567 ], [ 78.404529312082204, 17.393412847812861 ], [ 78.404572142041772, 17.393562752906078 ], [ 78.40457928088, 17.393805457981063 ], [ 78.404650664904977, 17.393962502418717 ], [ 78.40520745765609, 17.394069578327091 ], [ 78.405428747776867, 17.394119547305685 ], [ 78.405492994666872, 17.394205207292075 ], [ 78.405564378005522, 17.394769139948298 ], [ 78.405642899685802, 17.394954737673178 ], [ 78.405714283779346, 17.394997568429499 ], [ 78.406242523591857, 17.394876215319684 ], [ 78.406313908104366, 17.394704892891834 ], [ 78.406478091210687, 17.394590679152895 ] ] ] } },
{ "type": "Feature", "properties": { "FID": 353, "Descr_1": "Water Bodies", "Descr_2": "Reservoir/Tanks", "Descr_3": "Reservoir/Tanks", "PI_CODE": "Disused", "LU_Code": "WBRT", "Shape_Area": 0.191794484514 }, "geometry": { "type": "Polygon", "coordinates": [ [ [ 78.41481592042561, 17.395734269173971 ], [ 78.415279915301028, 17.395698577213818 ], [ 78.415339219751161, 17.395576140080724 ], [ 78.415464322655637, 17.395317862977819 ], [ 78.415553551760297, 17.395181043582088 ], [ 78.415720115939649, 17.395181044447639 ], [ 78.415922370726975, 17.395228633343287 ], [ 78.415987804648424, 17.395026378995471 ], [ 78.415755807533714, 17.394752740835909 ], [ 78.415624936749239, 17.394693255425452 ], [ 78.415488117745198, 17.394699203425837 ], [ 78.415315606571582, 17.394758690098755 ], [ 78.415220429204382, 17.394734894855205 ], [ 78.415095505670578, 17.394657561733748 ], [ 78.415006277311917, 17.394615921745359 ], [ 78.414637461125182, 17.394526691870247 ], [ 78.414494692943876, 17.39441961706013 ], [ 78.414280541663715, 17.393759316824529 ], [ 78.414280542257885, 17.393646292745284 ], [ 78.414464950657546, 17.3929621967584 ], [ 78.414583924050405, 17.392736148067723 ], [ 78.414952738612797, 17.392099641674449 ], [ 78.415059814916432, 17.391927130188368 ], [ 78.415190685722322, 17.391861696686153 ], [ 78.41565468127591, 17.391754620179238 ], [ 78.415928317432986, 17.391671339198197 ], [ 78.416023495766481, 17.391594007003611 ], [ 78.416035393640442, 17.391486930203538 ], [ 78.41603539407798, 17.391391752420677 ], [ 78.415996211238252, 17.391247561625846 ], [ 78.415931964028943, 17.391226146353162 ], [ 78.415708906224339, 17.391199855103046 ], [ 78.414936503799439, 17.391223743646627 ], [ 78.414344840791628, 17.391242042742238 ], [ 78.414191311775625, 17.391391752870032 ], [ 78.414102081834145, 17.391445290205532 ], [ 78.413929570630756, 17.391480981817452 ], [ 78.413786803333295, 17.3914809811683 ], [ 78.413679727678399, 17.391504776874925 ], [ 78.413519113988286, 17.391469086078036 ], [ 78.413376346115683, 17.391397701342843 ], [ 78.413144348863057, 17.39126183658777 ], [ 78.412933842622394, 17.39126897565442 ], [ 78.412833905891389, 17.391304668098972 ], [ 78.412762522128872, 17.39136891537856 ], [ 78.412719691388375, 17.391461712998488 ], [ 78.412676860741541, 17.391583063947859 ], [ 78.412641169121329, 17.39169014064554 ], [ 78.412598338420622, 17.391825769592476 ], [ 78.412534093809043, 17.391947122725632 ], [ 78.412469848141342, 17.392054197797801 ], [ 78.412412740607053, 17.392154136264075 ], [ 78.412319941779643, 17.392261212409142 ], [ 78.412198590785223, 17.392368286910102 ], [ 78.412127206440019, 17.392432533042374 ], [ 78.412077237788225, 17.392503917357853 ], [ 78.41203440835622, 17.39260385427734 ], [ 78.412012991804588, 17.39271093027013 ], [ 78.411970161363101, 17.392825144271889 ], [ 78.411884501204071, 17.392925080929277 ], [ 78.411791700776035, 17.393010742030143 ], [ 78.41168462559358, 17.393089264164953 ], [ 78.411598964243538, 17.393160648267557 ], [ 78.4113776760571, 17.393353383958633 ], [ 78.411320567708444, 17.393403353089379 ], [ 78.411234908957809, 17.393460459957389 ], [ 78.411106416679431, 17.393496150708277 ], [ 78.411020756044522, 17.393517568306496 ], [ 78.410942233648029, 17.393560397233902 ], [ 78.410855049622285, 17.393591533770394 ], [ 78.410961192218537, 17.39372362303024 ], [ 78.411056372017256, 17.393884238304064 ], [ 78.411092063208585, 17.393991314069588 ], [ 78.411074218150389, 17.394140029949021 ], [ 78.411008783855067, 17.394259003114584 ], [ 78.410889809629438, 17.394348232566397 ], [ 78.410717298825034, 17.394419617051344 ], [ 78.410598326700637, 17.394407719273797 ], [ 78.410443660927299, 17.394342284699789 ], [ 78.410294944225825, 17.394354182284548 ], [ 78.410229509465353, 17.394443411832466 ], [ 78.410277098060249, 17.394544538419865 ], [ 78.410348482193768, 17.394633768213904 ], [ 78.410419866049438, 17.394705151596117 ], [ 78.410556684950677, 17.39482412517372 ], [ 78.410717298212703, 17.394972841262991 ], [ 78.411098011265082, 17.395246479363308 ], [ 78.411294317535479, 17.395478476725607 ], [ 78.411302748000722, 17.395524840890211 ], [ 78.411318112739636, 17.395609347204779 ], [ 78.411264573934574, 17.395692627653215 ], [ 78.411234831136454, 17.395811601843182 ], [ 78.411312163948736, 17.395871087930296 ], [ 78.411514419132772, 17.395859190691183 ], [ 78.41170477526029, 17.395829447753936 ], [ 78.4119605669149, 17.396073342389318 ], [ 78.41223420463345, 17.396204211797389 ], [ 78.412567330214003, 17.396156623399857 ], [ 78.413465575194692, 17.396013855718348 ], [ 78.414042594691608, 17.395978163872801 ], [ 78.414643409013891, 17.395960316550834 ], [ 78.41481592042561, 17.395734269173971 ] ] ] } },
{ "type": "Feature", "properties": { "FID": 354, "Descr_1": "Water Bodies", "Descr_2": "Lakes/Ponds", "Descr_3": "Lakes/Ponds", "PI_CODE": " ", "LU_Code": "WBLP", "Shape_Area": 0.031767652063200001 }, "geometry": { "type": "Polygon", "coordinates": [ [ [ 78.401846122644514, 17.387805735718413 ], [ 78.401679559848588, 17.387805736616816 ], [ 78.400489987264805, 17.388584748126821 ], [ 78.400549316852519, 17.388805110342652 ], [ 78.401084694275056, 17.389649819082962 ], [ 78.401358332853363, 17.390220888972014 ], [ 78.401548690311472, 17.390113811835825 ], [ 78.401465408290846, 17.389852073330538 ], [ 78.402667037196466, 17.389066851101703 ], [ 78.4026670366666, 17.388983569245855 ], [ 78.401846122644514, 17.387805735718413 ] ] ] } },
{ "type": "Feature", "properties": { "FID": 355, "Descr_1": "Water Bodies", "Descr_2": "River/Stream/Drain", "Descr_3": "River/Stream/Drain", "PI_CODE": " ", "LU_Code": "WBRS", "Shape_Area": 0.049057696178400001 }, "geometry": { "type": "Polygon", "coordinates": [ [ [ 78.490508557648326, 17.341352792832758 ], [ 78.490422897987187, 17.341362311816869 ], [ 78.490394344182022, 17.341467008048266 ], [ 78.490357462343056, 17.3415264937627 ], [ 78.490416949124466, 17.341597877940835 ], [ 78.490482383784936, 17.341681158935369 ], [ 78.490547818585966, 17.341782286618976 ], [ 78.490589459421173, 17.34191910464008 ], [ 78.490589459115924, 17.341978591559329 ], [ 78.490613254608689, 17.342032130240273 ], [ 78.490720329609459, 17.342109461792166 ], [ 78.49081550704652, 17.342163001428681 ], [ 78.490833353708908, 17.342234385346959 ], [ 78.490827405633951, 17.342377152144199 ], [ 78.490851200104714, 17.342585355289124 ], [ 78.490869046462876, 17.342650790587637 ], [ 78.490886891546182, 17.342710276364212 ], [ 78.490904738166577, 17.34276381355529 ], [ 78.490934482095653, 17.342835197603318 ], [ 78.490964225463415, 17.342912530237683 ], [ 78.49097612339439, 17.343096938776906 ], [ 78.490976122393164, 17.343299192923446 ], [ 78.490976123015614, 17.343465754579562 ], [ 78.49099991610656, 17.343537138946139 ], [ 78.491071299855335, 17.343668009896607 ], [ 78.491112940648634, 17.343745341725736 ], [ 78.491214068194992, 17.343846468643903 ], [ 78.491356835934496, 17.343935699230872 ], [ 78.49154124335449, 17.34401898018589 ], [ 78.491654268322705, 17.344102261214388 ], [ 78.491695909056716, 17.344173644315152 ], [ 78.491731601631713, 17.344245029615944 ], [ 78.491755395113316, 17.344316412065815 ], [ 78.491797035943009, 17.344417539924724 ], [ 78.491904112321777, 17.344488922203311 ], [ 78.492153955150698, 17.344601948383708 ], [ 78.492308620196923, 17.344732817635272 ], [ 78.492362158420391, 17.344857739816025 ], [ 78.492363665402124, 17.344860969700228 ], [ 78.492403796989834, 17.344946970315654 ], [ 78.492439490252195, 17.34503619944865 ], [ 78.492475181664062, 17.345125428551384 ], [ 78.492516823299525, 17.345244402919903 ], [ 78.492534668735402, 17.345381221094495 ], [ 78.492534668956225, 17.345660807635269 ], [ 78.492475181929336, 17.34589280507128 ], [ 78.492427592433586, 17.34601772700697 ], [ 78.492374054941877, 17.346118854082121 ], [ 78.492344312197716, 17.346178340257524 ], [ 78.492290773556661, 17.346249725246199 ], [ 78.49208852031343, 17.346356801159285 ], [ 78.491892213767159, 17.34645792696022 ], [ 78.491773240585388, 17.34652931080381 ], [ 78.491422270668494, 17.346713718604416 ], [ 78.490930337081437, 17.346886706410825 ], [ 78.490880944419928, 17.346904075606179 ], [ 78.490559716124892, 17.346975459609553 ], [ 78.490244437984472, 17.347118227664389 ], [ 78.490107618702964, 17.347183663046149 ], [ 78.490018388847048, 17.347260995438873 ], [ 78.489845879363102, 17.347403762603356 ], [ 78.489798290377294, 17.347558427742271 ], [ 78.489798288107792, 17.347724989975941 ], [ 78.489804237109212, 17.347808272569644 ], [ 78.489810186137518, 17.347891553351797 ], [ 78.489828032461247, 17.348040268798183 ], [ 78.489881570054678, 17.348355547981861 ], [ 78.489958902158065, 17.348760056292406 ], [ 78.490176524929666, 17.350000000292567 ], [ 78.49017021971143, 17.350000000274854 ], [ 78.490424886081527, 17.351244108022506 ], [ 78.490674730222949, 17.352338659685863 ], [ 78.490752063198883, 17.35257660690592 ], [ 78.490817497774245, 17.352737219728258 ], [ 78.490954317203133, 17.352927577206501 ], [ 78.491424261428151, 17.35339157170062 ], [ 78.491810923404756, 17.353790131870511 ], [ 78.491882449565807, 17.353870074416857 ], [ 78.491912049709015, 17.353903155988942 ], [ 78.491965587406284, 17.353956693993752 ], [ 78.492019127245598, 17.354028077718592 ], [ 78.492042919878671, 17.354081615908925 ], [ 78.492060765794221, 17.354147050761767 ], [ 78.492060765956126, 17.354206535558642 ], [ 78.491959637553592, 17.354730019278836 ], [ 78.491870409926008, 17.355086937659159 ], [ 78.49183471762079, 17.355211859993855 ], [ 78.49178712864672, 17.355312986146235 ], [ 78.491715744637972, 17.355384371045638 ], [ 78.49158487407567, 17.355491445864388 ], [ 78.491505041860023, 17.355547796974289 ], [ 78.491483747412857, 17.355562829955339 ], [ 78.491454003705968, 17.355634213808788 ], [ 78.491376670822419, 17.355824571203211 ], [ 78.491305288410246, 17.356003030151946 ], [ 78.491239852304304, 17.356086310704654 ], [ 78.491186314186464, 17.356139848550697 ], [ 78.491132777333632, 17.356199335865885 ], [ 78.491091135989379, 17.35626477094613 ], [ 78.491054485232581, 17.356341405675362 ], [ 78.491220013625423, 17.357298104610006 ], [ 78.491246556884306, 17.357451512292148 ], [ 78.491311237391812, 17.357365271658008 ], [ 78.491335031169228, 17.357281991125809 ], [ 78.491329081591175, 17.357204658387271 ], [ 78.491317184985533, 17.357121376586392 ], [ 78.491281494158727, 17.356931020398843 ], [ 78.491245800789059, 17.356835842080319 ], [ 78.49122200621899, 17.356752560122565 ], [ 78.491198213374872, 17.356651434295468 ], [ 78.491198211678807, 17.356562204008469 ], [ 78.491198212441802, 17.356467025181232 ], [ 78.491204160366593, 17.356395641110055 ], [ 78.491227954952009, 17.356342104292274 ], [ 78.491263646816236, 17.356276667757605 ], [ 78.491305288259639, 17.35622907924483 ], [ 78.491400466094319, 17.356116054784106 ], [ 78.491477798091523, 17.355985183953944 ], [ 78.491537285014275, 17.355788879156464 ], [ 78.491584872546881, 17.355675855025176 ], [ 78.491650309325095, 17.355622317194406 ], [ 78.491751434656081, 17.355544982636722 ], [ 78.491755318417177, 17.355540916869906 ], [ 78.491876356995775, 17.355414113860846 ], [ 78.491983434424156, 17.355265396921972 ], [ 78.492001280156614, 17.355110732041442 ], [ 78.492203534958193, 17.354224383173118 ], [ 78.492209482563155, 17.354069718120591 ], [ 78.49219758622381, 17.353950744838041 ], [ 78.492114303291672, 17.353796079604152 ], [ 78.492079836391127, 17.3537501250084 ], [ 78.492025075313364, 17.353677107106115 ], [ 78.491935845285241, 17.353611671684053 ], [ 78.491323132759362, 17.353064395960335 ], [ 78.491097084570441, 17.352826449571896 ], [ 78.490930521655272, 17.352582555084545 ], [ 78.4908353439222, 17.352356507123677 ], [ 78.490710422328618, 17.351838974388382 ], [ 78.490395490961646, 17.350000000576813 ], [ 78.490456086410873, 17.350000000320662 ], [ 78.490403861313908, 17.34978560436905 ], [ 78.490261093598491, 17.34913839037673 ], [ 78.490099291387168, 17.347853481399138 ], [ 78.490099289848075, 17.347653606865002 ], [ 78.490118326989816, 17.347529875313761 ], [ 78.490251575604844, 17.347396625142181 ], [ 78.490575182658588, 17.347272892973432 ], [ 78.490933390239576, 17.347143108642548 ], [ 78.491231912938503, 17.347034945712164 ], [ 78.491879126810062, 17.346825554104484 ], [ 78.492316948121243, 17.346644714674948 ], [ 78.492516822923562, 17.346492429636264 ], [ 78.492659591404276, 17.346216412383058 ], [ 78.492745250243019, 17.345864251677977 ], [ 78.492735733327407, 17.345388360150224 ], [ 78.492659590563562, 17.34500764641178 ], [ 78.492550772845647, 17.34482918575598 ], [ 78.492421642630362, 17.344617414427375 ], [ 78.492212252138856, 17.34431284266492 ], [ 78.492126590693971, 17.344208148017874 ], [ 78.492050448264465, 17.344065378607038 ], [ 78.49198382385093, 17.34400827209889 ], [ 78.491850573604395, 17.343922611899899 ], [ 78.491622145752402, 17.343798880768915 ], [ 78.491422271708942, 17.343722737389072 ], [ 78.491250950117262, 17.343599005180195 ], [ 78.491174806654755, 17.343456237206443 ], [ 78.491136735160097, 17.343332505002969 ], [ 78.491136735294191, 17.343085042224967 ], [ 78.491146251630866, 17.342799505588253 ], [ 78.491117698631641, 17.342713845772213 ], [ 78.491070110686792, 17.342571077893247 ], [ 78.491051074710484, 17.342466381924762 ], [ 78.491041557986634, 17.342352166878545 ], [ 78.491070110565019, 17.342199881781166 ], [ 78.491060592823686, 17.342038078804553 ], [ 78.491032038824102, 17.341923864201082 ], [ 78.490955895775798, 17.341771579001911 ], [ 78.490898788648408, 17.341723989787489 ], [ 78.490841682113071, 17.341666882618281 ], [ 78.490727467247879, 17.341552669113 ], [ 78.490508557648326, 17.341352792832758 ] ] ] } },
{ "type": "Feature", "properties": { "FID": 356, "Descr_1": "Water Bodies", "Descr_2": "River/Stream/Drain", "Descr_3": "River/Stream/Drain", "PI_CODE": " ", "LU_Code": "WBRS", "Shape_Area": 0.013008080660200001 }, "geometry": { "type": "Polygon", "coordinates": [ [ [ 78.490954317334939, 17.357724569557877 ], [ 78.491064191432045, 17.357621909427525 ], [ 78.491050333460407, 17.357553762854195 ], [ 78.491039911180778, 17.357502504745018 ], [ 78.49084367179762, 17.357660323978681 ], [ 78.490729458373622, 17.357760262307544 ], [ 78.490550998384137, 17.357938722112419 ], [ 78.490486753553213, 17.357974413652503 ], [ 78.490440353294645, 17.357967274968676 ], [ 78.490390384821069, 17.357917307047117 ], [ 78.490240478587396, 17.357753124115497 ], [ 78.490083435386339, 17.357499711449506 ], [ 78.489858574885076, 17.357124946120031 ], [ 78.489348181072913, 17.356139849373509 ], [ 78.489166152395839, 17.355782929804558 ], [ 78.488744987797048, 17.354858509917605 ], [ 78.488589191391853, 17.354530518400814 ], [ 78.48847303710761, 17.354561958442162 ], [ 78.488391796653232, 17.354583946842673 ], [ 78.488423759566885, 17.354637219720601 ], [ 78.488562958593221, 17.354883493571872 ], [ 78.48903052211692, 17.355804344853574 ], [ 78.489465964876331, 17.356689504611229 ], [ 78.489567292245837, 17.356872955240817 ], [ 78.489670532668299, 17.357059870835311 ], [ 78.49001204928679, 17.357678171622766 ], [ 78.490094142144329, 17.357792385098243 ], [ 78.4903618309785, 17.358067212697183 ], [ 78.490433214573898, 17.358202842373732 ], [ 78.490515305599814, 17.35860972964052 ], [ 78.490600967055926, 17.358877419066033 ], [ 78.490708043103979, 17.359070156334052 ], [ 78.490932902252467, 17.359377106121379 ], [ 78.491161329681091, 17.359741162964905 ], [ 78.491753625073713, 17.360818959644035 ], [ 78.491859887273236, 17.360819591661581 ], [ 78.491954117394769, 17.360820153304445 ], [ 78.49163960227834, 17.360319372555676 ], [ 78.49127911319485, 17.35966264140993 ], [ 78.491204159558407, 17.359534150605683 ], [ 78.490772287659581, 17.358941666148521 ], [ 78.490672352396203, 17.35874892830179 ], [ 78.49063308895731, 17.358577607710526 ], [ 78.490558136637304, 17.358181426913141 ], [ 78.490561707216798, 17.358131458440372 ], [ 78.490583120734584, 17.358085059047298 ], [ 78.490615243952078, 17.358038659190189 ], [ 78.490679488683455, 17.357985121025376 ], [ 78.490954317334939, 17.357724569557877 ] ] ] } },
{ "type": "Feature", "properties": { "FID": 357, "Descr_1": "Water Bodies", "Descr_2": "River/Stream/Drain", "Descr_3": "River/Stream/Drain", "PI_CODE": " ", "LU_Code": "WBRS", "Shape_Area": 0.0166200521671 }, "geometry": { "type": "Polygon", "coordinates": [ [ [ 78.492298261820721, 17.361326359576971 ], [ 78.492146426254635, 17.361340161101523 ], [ 78.492114303992153, 17.361329453957211 ], [ 78.492024567586725, 17.360963116633226 ], [ 78.491924436034779, 17.360958886267273 ], [ 78.491831951824679, 17.360954978291076 ], [ 78.491903722254975, 17.36107960976975 ], [ 78.491967966638796, 17.361250931604971 ], [ 78.491992952297934, 17.361379424039384 ], [ 78.492032213079952, 17.361722064732241 ], [ 78.492042919612061, 17.362046860599161 ], [ 78.492010797080155, 17.362396642031126 ], [ 78.491932275425711, 17.362860637088321 ], [ 78.491843046998099, 17.363149741880555 ], [ 78.49176095476426, 17.363374600166527 ], [ 78.491454004156438, 17.363906410273014 ], [ 78.49090791775663, 17.364784431074753 ], [ 78.490261894299749, 17.365858758878133 ], [ 78.490026327095322, 17.366272784067053 ], [ 78.489929958649512, 17.366433396935687 ], [ 78.489844297442033, 17.366640411151682 ], [ 78.489797780810022, 17.366882788646883 ], [ 78.489886544885621, 17.366880433292913 ], [ 78.489959879570421, 17.366878485817026 ], [ 78.490050797968721, 17.366878485806982 ], [ 78.490080249202876, 17.366824403134817 ], [ 78.49025870808822, 17.366338993202653 ], [ 78.490458582927829, 17.365924966364243 ], [ 78.491115314157867, 17.364789962900424 ], [ 78.491722077599903, 17.363833419768458 ], [ 78.49200047427972, 17.363326595311651 ], [ 78.492250317119144, 17.362612756784376 ], [ 78.49230742471849, 17.362220146222175 ], [ 78.492314563632178, 17.361549138623616 ], [ 78.492298261820721, 17.361326359576971 ] ] ] } },
{ "type": "Feature", "properties": { "FID": 358, "Descr_1": "Water Bodies", "Descr_2": "River/Stream/Drain", "Descr_3": "River/Stream/Drain", "PI_CODE": " ", "LU_Code": "WBRS", "Shape_Area": 0.0135200460182 }, "geometry": { "type": "Polygon", "coordinates": [ [ [ 78.491239416942747, 17.371213397835668 ], [ 78.491061555303517, 17.371229832980472 ], [ 78.491014789216763, 17.371233572827286 ], [ 78.490942581756002, 17.371239350364757 ], [ 78.490756984352586, 17.371191760666726 ], [ 78.490642770247362, 17.371125136087755 ], [ 78.490533315045951, 17.370977610278462 ], [ 78.490395305756095, 17.370658760614148 ], [ 78.490124048118872, 17.369854503760227 ], [ 78.490052664083237, 17.369640351033862 ], [ 78.490168870098501, 17.369621736604554 ], [ 78.490171466868887, 17.369621004232368 ], [ 78.490014409868209, 17.369142741361109 ], [ 78.489901385683439, 17.368583568870935 ], [ 78.489853797309308, 17.367994651454406 ], [ 78.489877591125449, 17.367548501737986 ], [ 78.489925179867313, 17.36723322376244 ], [ 78.489810958920316, 17.367208503237766 ], [ 78.489693381095904, 17.36718305690642 ], [ 78.489644439085666, 17.367183737240737 ], [ 78.489605324657774, 17.368074665630768 ], [ 78.48963387865399, 17.368564835847366 ], [ 78.489690985412864, 17.368978860893087 ], [ 78.489781404821855, 17.36931198584999 ], [ 78.489842134634969, 17.369571766558323 ], [ 78.489856513326743, 17.369633279253886 ], [ 78.48986706569309, 17.369678423678483 ], [ 78.490204948772941, 17.370682555569033 ], [ 78.490309645806988, 17.370968090595511 ], [ 78.490385788101719, 17.371139412325313 ], [ 78.490447654050499, 17.37124410870079 ], [ 78.490519037824754, 17.371325009811503 ], [ 78.490604698942647, 17.371382118251685 ], [ 78.490728430923355, 17.371424947593216 ], [ 78.490899752370183, 17.371429707044182 ], [ 78.491011240098103, 17.37142671372262 ], [ 78.491399356695695, 17.371416294196443 ], [ 78.491327155745864, 17.371324701681409 ], [ 78.491239416942747, 17.371213397835668 ] ] ] } },
{ "type": "Feature", "properties": { "FID": 359, "Descr_1": "Water Bodies", "Descr_2": "River/Stream/Drain", "Descr_3": "River/Stream/Drain", "PI_CODE": " ", "LU_Code": "WBRS", "Shape_Area": 0.0185466451067 }, "geometry": { "type": "Polygon", "coordinates": [ [ [ 78.49169449106121, 17.371196518360446 ], [ 78.491580614414787, 17.371200743215461 ], [ 78.491676374285021, 17.371324700131233 ], [ 78.492536639186611, 17.372438294870218 ], [ 78.493833444728779, 17.374133661264992 ], [ 78.494452105428508, 17.375008111683766 ], [ 78.494737640216727, 17.375519696706892 ], [ 78.494898253706282, 17.375882566195937 ], [ 78.49505291926144, 17.376310868729483 ], [ 78.495159995272076, 17.37678675955409 ], [ 78.495184960705217, 17.376984220806726 ], [ 78.495228213044385, 17.376981131699171 ], [ 78.495341238340245, 17.37694544006624 ], [ 78.495418569690699, 17.376921644818623 ], [ 78.495450621210125, 17.376910961980695 ], [ 78.495525644821086, 17.376885953581215 ], [ 78.495541863217525, 17.376878468844712 ], [ 78.495496871177806, 17.376731144745765 ], [ 78.495396933020984, 17.376383744930646 ], [ 78.495187541101231, 17.375845986014383 ], [ 78.494968629222626, 17.375403407003002 ], [ 78.494559363428706, 17.37475143443249 ], [ 78.494240515257061, 17.374304095806309 ], [ 78.493916908717452, 17.373904345847798 ], [ 78.493512400104734, 17.373428454149277 ], [ 78.493264935999534, 17.373128642071329 ], [ 78.493012712709216, 17.3727384101336 ], [ 78.49260344584998, 17.372195892776858 ], [ 78.492156106798049, 17.371577233137881 ], [ 78.491941956374191, 17.371296457430976 ], [ 78.4918800902839, 17.371248869336039 ], [ 78.491822983450348, 17.37122507427879 ], [ 78.49169449106121, 17.371196518360446 ] ] ] } },
{ "type": "Feature", "properties": { "FID": 360, "Descr_1": "Water Bodies", "Descr_2": "River/Stream/Drain", "Descr_3": "River/Stream/Drain", "PI_CODE": " ", "LU_Code": "WBRS", "Shape_Area": 0.0083863034952399995 }, "geometry": { "type": "Polygon", "coordinates": [ [ [ 78.49551759510922, 17.380213510800697 ], [ 78.495518852595254, 17.380214349561626 ], [ 78.495583122943799, 17.380257195727033 ], [ 78.495590859345668, 17.380125685290032 ], [ 78.495728868059416, 17.379478471001164 ], [ 78.495757422167074, 17.379388052892299 ], [ 78.495795493251933, 17.379316668057204 ], [ 78.495833564427613, 17.37926907903671 ], [ 78.495904948225672, 17.379192935884944 ], [ 78.496295180292236, 17.378916919105393 ], [ 78.496366563669824, 17.37887408939935 ], [ 78.496409392988795, 17.378840776240835 ], [ 78.496447464561399, 17.37880270580002 ], [ 78.496456984290546, 17.378764633262687 ], [ 78.496461743406869, 17.378693249150011 ], [ 78.496461742194668, 17.378640900847806 ], [ 78.496433189005018, 17.378593311605325 ], [ 78.496390357960067, 17.37850289168777 ], [ 78.496323733095295, 17.378379160292283 ], [ 78.496200001256184, 17.378188802766243 ], [ 78.496023919761612, 17.377898508720044 ], [ 78.495757420589996, 17.377460689125215 ], [ 78.495561336848482, 17.377110217804681 ], [ 78.495502478065305, 17.377118393097845 ], [ 78.495360110613262, 17.377138166148058 ], [ 78.495396544625677, 17.377269324332801 ], [ 78.495646389369355, 17.377747596108762 ], [ 78.495789157082413, 17.377947470852831 ], [ 78.495806710361904, 17.37798477033974 ], [ 78.496157171384169, 17.378417231937938 ], [ 78.496247590904787, 17.37854572330928 ], [ 78.496266625588603, 17.378650418892924 ], [ 78.496257109182224, 17.378731321056794 ], [ 78.496223795613162, 17.378793187035519 ], [ 78.495871636073218, 17.379012096893703 ], [ 78.495771697919835, 17.379078722757058 ], [ 78.495681279056726, 17.379150105657764 ], [ 78.495614654437361, 17.379240525639183 ], [ 78.495557546772289, 17.379321428242793 ], [ 78.495519475907528, 17.379464195075446 ], [ 78.495448091980506, 17.379878219896806 ], [ 78.495416780564426, 17.380197592818977 ], [ 78.49551759510922, 17.380213510800697 ] ] ] } },
{ "type": "Feature", "properties": { "FID": 361, "Descr_1": "Water Bodies", "Descr_2": "River/Stream/Drain", "Descr_3": "River/Stream/Drain", "PI_CODE": " ", "LU_Code": "WBRS", "Shape_Area": 0.01758458224 }, "geometry": { "type": "Polygon", "coordinates": [ [ [ 78.499106111079854, 17.395460533946292 ], [ 78.499225084165431, 17.395484328018846 ], [ 78.499332159337101, 17.3955319180115 ], [ 78.499433286418196, 17.395585455234375 ], [ 78.499546311133926, 17.39562114667498 ], [ 78.499677180985302, 17.395627095653538 ], [ 78.499867537948646, 17.39562709602853 ], [ 78.499999999543974, 17.395600002387276 ], [ 78.500000076053695, 17.395599984249369 ], [ 78.500000075777109, 17.395587304208298 ], [ 78.500352113832363, 17.39555877708306 ], [ 78.500466768193903, 17.395549485707953 ], [ 78.501551898130941, 17.395371900142667 ], [ 78.501681478888599, 17.395331489275875 ], [ 78.501378407377899, 17.395195348929246 ], [ 78.50116370983217, 17.395116651970099 ], [ 78.500926281657115, 17.395208153327935 ], [ 78.500801361974112, 17.395233135909734 ], [ 78.500615762625813, 17.39526525931096 ], [ 78.500476564995012, 17.395268829003637 ], [ 78.500351643232321, 17.39525812144586 ], [ 78.500248135870422, 17.395236706766774 ], [ 78.500158906708123, 17.3952259988089 ], [ 78.500073246247069, 17.395215290781838 ], [ 78.500000081685826, 17.395210481398415 ], [ 78.50000000078461, 17.395210473262743 ], [ 78.499897280629611, 17.395240433915255 ], [ 78.499778308210182, 17.395258280345459 ], [ 78.499683130535061, 17.395264228154147 ], [ 78.499576054076016, 17.395258280249784 ], [ 78.499457080817038, 17.395222587638997 ], [ 78.499284570748429, 17.395151204412706 ], [ 78.499195341318242, 17.395133358437256 ], [ 78.499112059391251, 17.395121460252199 ], [ 78.499022828359188, 17.395115512011401 ], [ 78.498945497335257, 17.395115511898418 ], [ 78.498838420886855, 17.395127409003681 ], [ 78.498743243134541, 17.395151202677663 ], [ 78.498624270190007, 17.395192843205223 ], [ 78.498529090697204, 17.395228536397809 ], [ 78.498416066646072, 17.39528207403275 ], [ 78.498332785778032, 17.395329662871212 ], [ 78.498261402031943, 17.395383200751322 ], [ 78.498219761135957, 17.395436739246925 ], [ 78.498184067839645, 17.39547838020826 ], [ 78.498118634282719, 17.395537866825165 ], [ 78.49807104493641, 17.395585454710744 ], [ 78.498011557994218, 17.395633044664532 ], [ 78.497946122053861, 17.395668737361611 ], [ 78.497868791960244, 17.395710376086321 ], [ 78.497803356154762, 17.395728223362692 ], [ 78.497761714910183, 17.395740119831643 ], [ 78.497684382859191, 17.395752017979607 ], [ 78.497624896021918, 17.395752018342613 ], [ 78.497559460585904, 17.39576391528049 ], [ 78.497482127741563, 17.395787710264774 ], [ 78.497398847455187, 17.395805554634645 ], [ 78.497242858868347, 17.395819708731256 ], [ 78.496617419008558, 17.396289552564877 ], [ 78.496603859621374, 17.396329581863881 ], [ 78.496612781672411, 17.396359326031195 ], [ 78.496728070032148, 17.39648284861801 ], [ 78.496768948011379, 17.396526645743855 ], [ 78.496809930248574, 17.396495598177395 ], [ 78.496964595422796, 17.396340933716793 ], [ 78.497095466304756, 17.396239806615483 ], [ 78.497202542184539, 17.396162474623811 ], [ 78.497297719608099, 17.396097040619821 ], [ 78.497363155019016, 17.396073245941114 ], [ 78.497494027462082, 17.396043501916928 ], [ 78.497607049899074, 17.39602565641913 ], [ 78.497755765791069, 17.395995913184539 ], [ 78.497904482594478, 17.39593642485055 ], [ 78.49801155781195, 17.395876938720825 ], [ 78.498142429385155, 17.395811504439845 ], [ 78.498255453051954, 17.395740118864015 ], [ 78.49836847805102, 17.395644941213355 ], [ 78.498457705838305, 17.395567609448328 ], [ 78.49855883309823, 17.395520019662225 ], [ 78.498636167228454, 17.39550217366525 ], [ 78.498761089011836, 17.395478379714287 ], [ 78.498850317811389, 17.395460534198744 ], [ 78.498927650854625, 17.39546053436721 ], [ 78.499016881449009, 17.395460533276442 ], [ 78.499106111079854, 17.395460533946292 ] ] ] } },
{ "type": "Feature", "properties": { "FID": 362, "Descr_1": "Water Bodies", "Descr_2": "River/Stream/Drain", "Descr_3": "River/Stream/Drain", "PI_CODE": " ", "LU_Code": "WBRS", "Shape_Area": 0.062515625964600002 }, "geometry": { "type": "Polygon", "coordinates": [ [ [ 78.489032634968737, 17.403465371264552 ], [ 78.489269247614956, 17.403490279351999 ], [ 78.489303893367122, 17.403493926134018 ], [ 78.489482351545689, 17.403529617982631 ], [ 78.489617817955519, 17.403559250964634 ], [ 78.489710781167688, 17.403579586024815 ], [ 78.489946345710408, 17.403608140400603 ], [ 78.490296127597119, 17.40365096957753 ], [ 78.490531694957113, 17.403643831787409 ], [ 78.490760121607622, 17.403608140397687 ], [ 78.490952858887113, 17.403586725432366 ], [ 78.491167010727509, 17.403522480071576 ], [ 78.491331193051892, 17.403465372227977 ], [ 78.491466822585608, 17.403401126655911 ], [ 78.491602451718961, 17.403308328836271 ], [ 78.491709529251636, 17.403229806132295 ], [ 78.49178804956864, 17.403165560333726 ], [ 78.491816118235349, 17.403135486236916 ], [ 78.491887987043782, 17.403058485137631 ], [ 78.491995063286822, 17.402972824682127 ], [ 78.492216352404625, 17.402744394945998 ], [ 78.492394813382816, 17.40253024528872 ], [ 78.492787423937088, 17.402023419328813 ], [ 78.493408464358254, 17.401131121060274 ], [ 78.494108023758045, 17.399999999912239 ], [ 78.494496381902948, 17.399407392090392 ], [ 78.494548006042649, 17.399321170718892 ], [ 78.494588592153036, 17.39925338944418 ], [ 78.494989642641002, 17.398583576121776 ], [ 78.4952335380204, 17.398185017033505 ], [ 78.495471484118951, 17.397804302577569 ], [ 78.495715380170381, 17.397459280735951 ], [ 78.495905734871513, 17.39724512935053 ], [ 78.496072298262703, 17.39704882261567 ], [ 78.496345936270245, 17.396810876725588 ], [ 78.496596976991285, 17.396654675369607 ], [ 78.496563296793681, 17.3966248810557 ], [ 78.496458116839861, 17.396531835615257 ], [ 78.496403042543108, 17.396544973649604 ], [ 78.496125836375214, 17.396739494424782 ], [ 78.495840300382596, 17.397030979010033 ], [ 78.495655891998737, 17.397179694076577 ], [ 78.495507175777846, 17.397322461929452 ], [ 78.495310869592814, 17.397613946070596 ], [ 78.494870670338969, 17.398244502682687 ], [ 78.494543494134959, 17.398744190165182 ], [ 78.494418570928161, 17.398892906352724 ], [ 78.494286906189359, 17.399041806706162 ], [ 78.494235002279268, 17.399100506304944 ], [ 78.494173079890857, 17.399170533333116 ], [ 78.493972422256149, 17.399392592668022 ], [ 78.493906987922628, 17.399577000794935 ], [ 78.493859399387233, 17.399826844931887 ], [ 78.493761841805849, 17.400000000144608 ], [ 78.493596439179385, 17.400341140584775 ], [ 78.493196690540245, 17.400983595126817 ], [ 78.492796940812497, 17.401604634167562 ], [ 78.492489990161303, 17.401975830318641 ], [ 78.492311531259134, 17.402161427956003 ], [ 78.492204455325421, 17.402297057153707 ], [ 78.49211165717773, 17.402418409738008 ], [ 78.49202599639969, 17.402525484588242 ], [ 78.491926058054588, 17.402611146189994 ], [ 78.491818981737651, 17.402675391142957 ], [ 78.491726182557827, 17.402739635589484 ], [ 78.49163338532604, 17.402818158810156 ], [ 78.49155486328435, 17.402889543034149 ], [ 78.491462063973458, 17.402960926756766 ], [ 78.491383541801582, 17.403032311817118 ], [ 78.49129074319147, 17.40308941758175 ], [ 78.491169389997495, 17.403139385641857 ], [ 78.491069454404453, 17.403182216811164 ], [ 78.49085530007774, 17.403246462052238 ], [ 78.490676842250267, 17.403267876573139 ], [ 78.490484105210527, 17.403282153704076 ], [ 78.490284231348042, 17.40328215432746 ], [ 78.48995586503824, 17.403239325067414 ], [ 78.489713161375491, 17.403203631900841 ], [ 78.489548975962947, 17.403189356263791 ], [ 78.489420487441123, 17.403189355431579 ], [ 78.489306272380944, 17.4031964926832 ], [ 78.489231467887592, 17.403209695623893 ], [ 78.489184919575635, 17.40321790926992 ], [ 78.489049289583321, 17.403217908774913 ], [ 78.488935076379121, 17.403217909164908 ], [ 78.488785169144947, 17.40321790876574 ], [ 78.488499634882956, 17.403189355287264 ], [ 78.488342589675966, 17.403239323698539 ], [ 78.488298264420422, 17.403256669178273 ], [ 78.488178407550777, 17.403303568653019 ], [ 78.488057055012888, 17.403389229224931 ], [ 78.487999948141621, 17.403474890161458 ], [ 78.487971394644958, 17.403581965240235 ], [ 78.487965141121336, 17.403632000306125 ], [ 78.487957118333256, 17.403696178602306 ], [ 78.487935702454024, 17.403803255815987 ], [ 78.487885734876997, 17.40390319314578 ], [ 78.487821487882869, 17.404024545193323 ], [ 78.4877429663144, 17.404145898335912 ], [ 78.487635891312905, 17.404231559365332 ], [ 78.487514537824254, 17.404331495666032 ], [ 78.487264693579135, 17.404538508892639 ], [ 78.48719331107111, 17.404659862190918 ], [ 78.487150480460784, 17.404774075747802 ], [ 78.487137667294192, 17.404895808306257 ], [ 78.487136204246696, 17.404909705369022 ], [ 78.487129064980351, 17.405031059271877 ], [ 78.487136204465216, 17.405195241248748 ], [ 78.487214725624113, 17.405566436705421 ], [ 78.487721550732076, 17.40730106420925 ], [ 78.487792042894952, 17.407583032234228 ], [ 78.487842902682914, 17.407786474141954 ], [ 78.487878595439881, 17.40792210337446 ], [ 78.487885733625305, 17.4081005638532 ], [ 78.487907148935165, 17.408229053874994 ], [ 78.487949978686274, 17.40837182097324 ], [ 78.487999948238397, 17.408514589319701 ], [ 78.488042778449582, 17.408614526435947 ], [ 78.488099884537789, 17.408828678006987 ], [ 78.488149855320714, 17.408964306921561 ], [ 78.488178406952841, 17.40908565870717 ], [ 78.488178408005126, 17.409199874299802 ], [ 78.4881784081376, 17.409314088067582 ], [ 78.488171268632868, 17.40940688696082 ], [ 78.488156991992241, 17.40952110184546 ], [ 78.48815022660888, 17.409547196282197 ], [ 78.488349692682533, 17.409482186261659 ], [ 78.488487137978836, 17.409437388102294 ], [ 78.488482979180091, 17.409268876660228 ], [ 78.488318796065556, 17.408704945816293 ], [ 78.487997569394651, 17.407484281611623 ], [ 78.487954738099006, 17.407320099007716 ], [ 78.487933322573767, 17.407113086556006 ], [ 78.487933323009713, 17.406948903313708 ], [ 78.48791904724375, 17.406741890285623 ], [ 78.4878904929584, 17.406549154384766 ], [ 78.487833384870939, 17.406342140988549 ], [ 78.487740586781442, 17.406163680638993 ], [ 78.487633511334892, 17.405992359799907 ], [ 78.487547849894227, 17.405863869067449 ], [ 78.487426498998488, 17.40545698097992 ], [ 78.487397944430128, 17.405349905824011 ], [ 78.487390806212701, 17.405221415413632 ], [ 78.487412221116529, 17.405071509192844 ], [ 78.487433635592808, 17.404957295393338 ], [ 78.487455051949468, 17.404843079798589 ], [ 78.487505019984567, 17.404743142611867 ], [ 78.487569266901446, 17.404671759208291 ], [ 78.487654927085345, 17.404586099864968 ], [ 78.487769140944764, 17.40450043829436 ], [ 78.487854800861356, 17.404429054032573 ], [ 78.487969014888776, 17.404300562320852 ], [ 78.488047536584276, 17.404150656955149 ], [ 78.488126059989625, 17.404007890061191 ], [ 78.488225996294005, 17.403879399301427 ], [ 78.488333072904325, 17.403765184925447 ], [ 78.48843300877914, 17.403665248018115 ], [ 78.488582915785372, 17.403593863745193 ], [ 78.488689991743286, 17.403543894692852 ], [ 78.488882728371124, 17.403493925814303 ], [ 78.489032634968737, 17.403465371264552 ] ] ] } },
{ "type": "Feature", "properties": { "FID": 363, "Descr_1": "Water Bodies", "Descr_2": "Reservoir/Tanks", "Descr_3": "Reservoir/Tanks", "PI_CODE": " ", "LU_Code": "WBRT", "Shape_Area": 0.015696620062899999 }, "geometry": { "type": "Polygon", "coordinates": [ [ [ 78.351913704049039, 17.44290596240678 ], [ 78.351901755038739, 17.442943482655565 ], [ 78.351731945618369, 17.443217307154416 ], [ 78.351241360131382, 17.443838504834932 ], [ 78.351258755101242, 17.443865265918983 ], [ 78.351353933297119, 17.44397234191155 ], [ 78.351466958467924, 17.444037776997487 ], [ 78.351574320022848, 17.444098135264515 ], [ 78.352662637338014, 17.444709973932131 ], [ 78.352793507944725, 17.444751614261722 ], [ 78.352804957782212, 17.444749228550556 ], [ 78.352870485652502, 17.444735577582222 ], [ 78.352883034456212, 17.444704534554493 ], [ 78.352897311642181, 17.444583183078045 ], [ 78.352875896683301, 17.444454692414759 ], [ 78.352797374036015, 17.444261956923651 ], [ 78.352497952758171, 17.443803270004278 ], [ 78.35246186987726, 17.443747991996752 ], [ 78.352440567169623, 17.443715269860878 ], [ 78.351913704049039, 17.44290596240678 ] ] ] } },
{ "type": "Feature", "properties": { "FID": 364, "Descr_1": "Water Bodies", "Descr_2": "Lakes/Ponds", "Descr_3": "Lakes/Ponds", "PI_CODE": " ", "LU_Code": "WBLP", "Shape_Area": 0.0077618977720499997 }, "geometry": { "type": "Polygon", "coordinates": [ [ [ 78.362019752557444, 17.418271794370103 ], [ 78.361816457152472, 17.418301587336355 ], [ 78.361558708649937, 17.418339359714071 ], [ 78.361125646306235, 17.418377432184389 ], [ 78.360953146233882, 17.41838273924041 ], [ 78.361480865342529, 17.419004702239043 ], [ 78.361511811821543, 17.419041176424599 ], [ 78.361750790257474, 17.419137822231303 ], [ 78.361905454555369, 17.41913782229102 ], [ 78.36197536238808, 17.419116546264302 ], [ 78.362042274374403, 17.419096180795243 ], [ 78.362089863966901, 17.419018848561638 ], [ 78.362125555963729, 17.418905823779493 ], [ 78.362131504012098, 17.418816594873991 ], [ 78.36212555568919, 17.41869762098046 ], [ 78.362107710162874, 17.418602442611586 ], [ 78.362077965672455, 17.418483470374529 ], [ 78.362054171603759, 17.418388293318479 ], [ 78.362019752557444, 17.418271794370103 ] ] ] } },
{ "type": "Feature", "properties": { "FID": 365, "Descr_1": "Water Bodies", "Descr_2": "Reservoir/Tanks", "Descr_3": "Reservoir/Tanks", "PI_CODE": " ", "LU_Code": "WBRT", "Shape_Area": 0.026957490626199999 }, "geometry": { "type": "Polygon", "coordinates": [ [ [ 78.366122553840938, 17.421178209882719 ], [ 78.36618204235252, 17.421083031363192 ], [ 78.366247476282581, 17.420981903809796 ], [ 78.366324808230587, 17.420910520059675 ], [ 78.366378344845629, 17.420874828162979 ], [ 78.366473524871495, 17.420856982309143 ], [ 78.366574652143896, 17.420862929598698 ], [ 78.366729317295651, 17.420886726232883 ], [ 78.366854239714087, 17.420886726365836 ], [ 78.366979160468389, 17.420874827722837 ], [ 78.367056492652196, 17.420797497081416 ], [ 78.367068390547473, 17.420732061343895 ], [ 78.367056493150386, 17.420654728253314 ], [ 78.367038646930425, 17.420589292594091 ], [ 78.366997005820465, 17.420517908920377 ], [ 78.366925621597773, 17.420446525314148 ], [ 78.366851163789079, 17.420377793986404 ], [ 78.366848289746713, 17.420375141344131 ], [ 78.366782854554828, 17.42033944957495 ], [ 78.366562754988607, 17.420238322970068 ], [ 78.365912817566866, 17.419990118857456 ], [ 78.364940609459296, 17.41963005403418 ], [ 78.364807901545845, 17.419696994561694 ], [ 78.364653236621052, 17.41991709434782 ], [ 78.364611596803911, 17.420095553736804 ], [ 78.364623493746791, 17.420202630998215 ], [ 78.364682979536198, 17.42025022080314 ], [ 78.364754364206433, 17.420291860271366 ], [ 78.364855490754564, 17.420345397698213 ], [ 78.364986362617913, 17.42045842421108 ], [ 78.365111282905247, 17.420619035905407 ], [ 78.365176719149673, 17.420714215295195 ], [ 78.365260001113725, 17.420856982437325 ], [ 78.365265949168005, 17.420916469010514 ], [ 78.365259999633778, 17.420987852572242 ], [ 78.365224308120744, 17.421065184424325 ], [ 78.365218358611969, 17.421261490584143 ], [ 78.365283793560707, 17.421344771213121 ], [ 78.365384919790188, 17.421362617732534 ], [ 78.365486048179434, 17.421350721142186 ], [ 78.365575277945211, 17.421315029069923 ], [ 78.365682354316178, 17.421291233176845 ], [ 78.365761958882374, 17.421312182954775 ], [ 78.365795377586423, 17.421320977133863 ], [ 78.365878659910237, 17.421374514734964 ], [ 78.365955992445436, 17.421374515084572 ], [ 78.366057118001663, 17.421297181773042 ], [ 78.366122553840938, 17.421178209882719 ] ] ] } },
{ "type": "Feature", "properties": { "FID": 366, "Descr_1": "Water Bodies", "Descr_2": "Lakes/Ponds", "Descr_3": "Lakes/Ponds", "PI_CODE": " ", "LU_Code": "WBLP", "Shape_Area": 0.016787724952799999 }, "geometry": { "type": "Polygon", "coordinates": [ [ [ 78.374039120162365, 17.420714413200074 ], [ 78.374105745295793, 17.42062875159726 ], [ 78.374162852359106, 17.42056212672016 ], [ 78.374258031149736, 17.420485984885165 ], [ 78.37431991108194, 17.420408633160967 ], [ 78.37433417257715, 17.42039080591584 ], [ 78.374372244584876, 17.420248038742557 ], [ 78.374362726854514, 17.420086235077871 ], [ 78.374324655459404, 17.419962502713812 ], [ 78.374219959140035, 17.4198958780776 ], [ 78.374124780680816, 17.419829251993953 ], [ 78.374010567131378, 17.419724557020213 ], [ 78.373905870103428, 17.419657932211582 ], [ 78.373763102592662, 17.419629378175497 ], [ 78.373506120775559, 17.419619861359763 ], [ 78.373249139039345, 17.419638897281899 ], [ 78.373049263889413, 17.419715039054573 ], [ 78.373001675105243, 17.419857808296992 ], [ 78.373001674901673, 17.420048163724594 ], [ 78.373020711223347, 17.420267074017762 ], [ 78.37308733719685, 17.420447913172925 ], [ 78.373163480408934, 17.420581163446286 ], [ 78.373239620964952, 17.420742965780388 ], [ 78.373268174941956, 17.420866698757756 ], [ 78.373256802474231, 17.420912188672411 ], [ 78.373239621664723, 17.420980913139584 ], [ 78.373199279284037, 17.42108307693595 ], [ 78.37331312517226, 17.421073590214959 ], [ 78.373342046603526, 17.42107117870745 ], [ 78.373425327999442, 17.42103548772079 ], [ 78.373508608806432, 17.420993847355611 ], [ 78.373597837655765, 17.420946257771803 ], [ 78.373746554896812, 17.420880822631059 ], [ 78.373814142865612, 17.420845041428901 ], [ 78.373954756970349, 17.420839181715905 ], [ 78.373961049108217, 17.420841279332308 ], [ 78.374039120162365, 17.420714413200074 ] ] ] } },
{ "type": "Feature", "properties": { "FID": 367, "Descr_1": "Water Bodies", "Descr_2": "Lakes/Ponds", "Descr_3": "Lakes/Ponds", "PI_CODE": "Vacant Land", "LU_Code": "WBLP", "Shape_Area": 0.0073397528125699997 }, "geometry": { "type": "Polygon", "coordinates": [ [ [ 78.412631862615498, 17.411112212984069 ], [ 78.412531925091074, 17.411126488677514 ], [ 78.412396295692247, 17.411147903816023 ], [ 78.412267805233199, 17.41118359604015 ], [ 78.412189282568889, 17.411205012380261 ], [ 78.41217500554275, 17.41164045317074 ], [ 78.412296358670289, 17.412118725357864 ], [ 78.412703245837363, 17.412018787389201 ], [ 78.412945666281288, 17.411984155621514 ], [ 78.412966943893821, 17.411735913128961 ], [ 78.412896102257022, 17.411401556119969 ], [ 78.412791405141164, 17.411258786985591 ], [ 78.412631862615498, 17.411112212984069 ] ] ] } },
{ "type": "Feature", "properties": { "FID": 368, "Descr_1": "Water Bodies", "Descr_2": "Lakes/Ponds", "Descr_3": "Lakes/Ponds", "PI_CODE": "Nampally Public Garden", "LU_Code": "WBLP", "Shape_Area": 0.0126223812139 }, "geometry": { "type": "Polygon", "coordinates": [ [ [ 78.470365986814926, 17.397600626363815 ], [ 78.470360038611304, 17.397481653294669 ], [ 78.470330295756796, 17.397451910068444 ], [ 78.4703065013437, 17.397451910243102 ], [ 78.470282706000518, 17.397493549652381 ], [ 78.470252962968885, 17.397570884188656 ], [ 78.470205374109156, 17.397612523763812 ], [ 78.470151835328878, 17.397636316831015 ], [ 78.470056657576023, 17.397636318338282 ], [ 78.469991221023761, 17.397600626342655 ], [ 78.46996742806563, 17.397529242217143 ], [ 78.470032862651721, 17.397404321149228 ], [ 78.470199425282857, 17.39734483365342 ], [ 78.470223218607117, 17.397326988085542 ], [ 78.470270809022693, 17.397249655923762 ], [ 78.470306501337348, 17.397160426444163 ], [ 78.47025891128105, 17.397023606650237 ], [ 78.470181579142604, 17.396761865423841 ], [ 78.470122092998125, 17.396595303785027 ], [ 78.470062605573133, 17.396458485339792 ], [ 78.470009066653446, 17.396309769220412 ], [ 78.469932817361467, 17.396210175110404 ], [ 78.469508238791207, 17.39625798489158 ], [ 78.469461793245245, 17.396375203919231 ], [ 78.469420151790601, 17.396541766763878 ], [ 78.469384460174425, 17.396648842434679 ], [ 78.469336871461238, 17.396726172632238 ], [ 78.469348766975187, 17.396767815913563 ], [ 78.46940825437737, 17.396821353308123 ], [ 78.469491536123456, 17.396952221562053 ], [ 78.469545073210767, 17.397094991093802 ], [ 78.469586713757039, 17.397255603790036 ], [ 78.469610509074215, 17.39741026921088 ], [ 78.469634303347846, 17.397529242013587 ], [ 78.469640251768496, 17.397654163571445 ], [ 78.469646200606604, 17.397731497419343 ], [ 78.469705687230899, 17.397808829452327 ], [ 78.469747328318405, 17.397826675339019 ], [ 78.469824659871122, 17.397880213162285 ], [ 78.469901993255561, 17.397915904683384 ], [ 78.469979325603305, 17.397933751679776 ], [ 78.47009234910999, 17.397933750771177 ], [ 78.470217270869867, 17.397880213115133 ], [ 78.470294603944822, 17.397820724561448 ], [ 78.470330297404956, 17.397749343215004 ], [ 78.47035408968496, 17.397672010277287 ], [ 78.470365986814926, 17.397600626363815 ] ] ] } },
{ "type": "Feature", "properties": { "FID": 384, "Descr_1": "Water Bodies", "Descr_2": "Reservoir/Tanks", "Descr_3": "Reservoir/Tanks", "PI_CODE": " ", "LU_Code": "WBRT", "Shape_Area": 0.035781306584599999 }, "geometry": { "type": "Polygon", "coordinates": [ [ [ 78.424382978579374, 17.554158023039118 ], [ 78.424487675804357, 17.554072363140484 ], [ 78.424687551274317, 17.55401525597512 ], [ 78.424739091937184, 17.554007475578047 ], [ 78.4248104223295, 17.553833113234578 ], [ 78.424858011534724, 17.55369034428821 ], [ 78.424858011587958, 17.553576128860403 ], [ 78.424838976398931, 17.553433360706482 ], [ 78.424762833579905, 17.553376254794095 ], [ 78.424572477445395, 17.553376255137341 ], [ 78.424353565538567, 17.553404809427757 ], [ 78.424153691662355, 17.55343336154473 ], [ 78.424074880245684, 17.553433362294221 ], [ 78.424029959758556, 17.553433361700886 ], [ 78.42390848353385, 17.553433362379469 ], [ 78.423811049759735, 17.553433361595964 ], [ 78.423506477601677, 17.553404807902034 ], [ 78.423278050315403, 17.553366737302369 ], [ 78.423011550021286, 17.553309629760228 ], [ 78.422754568001167, 17.553290594590262 ], [ 78.422728434576698, 17.553288503851189 ], [ 78.422671200378815, 17.553283925279185 ], [ 78.422611801378082, 17.553333425679156 ], [ 78.422568971388188, 17.553433362012814 ], [ 78.422533279225988, 17.553540438818203 ], [ 78.422483309913886, 17.553626099323374 ], [ 78.422397649768854, 17.553740313033586 ], [ 78.422304850265334, 17.55409009397647 ], [ 78.422311988742834, 17.554268552170075 ], [ 78.422347680791916, 17.55440418137038 ], [ 78.422411925895148, 17.55453981233827 ], [ 78.422519002099534, 17.554675440975576 ], [ 78.422618938728334, 17.554753962988208 ], [ 78.422818813907298, 17.5547539625525 ], [ 78.42300441222838, 17.554689717637224 ], [ 78.423175733030249, 17.554618334152206 ], [ 78.423404161210911, 17.554604057019176 ], [ 78.423625451097493, 17.55462547176969 ], [ 78.423753943327753, 17.55473968584208 ], [ 78.423803912001247, 17.55488245401628 ], [ 78.42383960389418, 17.554996667983502 ], [ 78.423975231809877, 17.555089466660593 ], [ 78.424139416073828, 17.555110882242534 ], [ 78.424274147424981, 17.555096698879229 ], [ 78.424382978579374, 17.554158023039118 ] ] ] } },
{ "type": "Feature", "properties": { "FID": 385, "Descr_1": "Water Bodies", "Descr_2": "Reservoir/Tanks", "Descr_3": "Reservoir/Tanks", "PI_CODE": "Crop Inside Tank", "LU_Code": "WBRT", "Shape_Area": 0.026769184783899998 }, "geometry": { "type": "Polygon", "coordinates": [ [ [ 78.430215568055502, 17.550563473986831 ], [ 78.430115628588496, 17.550534920589815 ], [ 78.430037106439897, 17.550520643567094 ], [ 78.429965722558563, 17.550484951968294 ], [ 78.429887201299223, 17.550449260836043 ], [ 78.429844370783798, 17.550392152303008 ], [ 78.429794401865635, 17.550313631074911 ], [ 78.429730156735843, 17.550270800897657 ], [ 78.4296373580531, 17.550256523771427 ], [ 78.429516005117833, 17.550263663438155 ], [ 78.429408928214727, 17.550263664078265 ], [ 78.429323269464987, 17.550235109420175 ], [ 78.429301853820107, 17.550163725146383 ], [ 78.429337545771489, 17.550135171657061 ], [ 78.429451760553007, 17.550099481373657 ], [ 78.42953741956012, 17.550099480278057 ], [ 78.429630219287105, 17.550042372713488 ], [ 78.429658772753172, 17.549970988788541 ], [ 78.429658773172477, 17.549871051042302 ], [ 78.429658772980403, 17.549785391140073 ], [ 78.429675429188663, 17.549609310640324 ], [ 78.42960404526643, 17.549614068910181 ], [ 78.429538450959015, 17.549650145655054 ], [ 78.429508867433512, 17.549666418262976 ], [ 78.429445377335824, 17.549707233773397 ], [ 78.429442241669491, 17.54970924773086 ], [ 78.42943169860277, 17.549715838110785 ], [ 78.429366098528476, 17.549756837385967 ], [ 78.429261402394232, 17.549818703999268 ], [ 78.42923386815454, 17.549834588632521 ], [ 78.429137670577205, 17.549890087329199 ], [ 78.429077708309222, 17.549915783684931 ], [ 78.429037734049629, 17.549932917298829 ], [ 78.429005754409118, 17.549932916897983 ], [ 78.428928278213576, 17.549932916646444 ], [ 78.428804546372817, 17.549918640786856 ], [ 78.42868788569487, 17.549901358875253 ], [ 78.428676055279865, 17.549899604653117 ], [ 78.428547564549461, 17.54989960528588 ], [ 78.428490457211169, 17.549909123104314 ], [ 78.428433350132039, 17.549932916957964 ], [ 78.428395279283677, 17.549980506987755 ], [ 78.428361966679773, 17.550028096414994 ], [ 78.428309618020833, 17.550129936791244 ], [ 78.428319136070499, 17.550272704215985 ], [ 78.428357207646613, 17.550424990595808 ], [ 78.428414315473646, 17.550539203654711 ], [ 78.428475432535947, 17.550644771168578 ], [ 78.428517928636936, 17.550718175855593 ], [ 78.428519010107621, 17.550720042839473 ], [ 78.428614188598274, 17.550862811307343 ], [ 78.428680814374729, 17.550986542853231 ], [ 78.42874743891322, 17.551091239335474 ], [ 78.428762550161849, 17.551114743622556 ], [ 78.428833099114897, 17.551224489092434 ], [ 78.428918760363956, 17.551357739721244 ], [ 78.428985385017938, 17.551500506140698 ], [ 78.429004421698764, 17.551624238127054 ], [ 78.429004421252628, 17.551738451824484 ], [ 78.429032975096078, 17.551843149377177 ], [ 78.429099600239525, 17.551909774778675 ], [ 78.42920429522178, 17.551957362991928 ], [ 78.429261403121089, 17.551947844992128 ], [ 78.429337545758045, 17.551881220398094 ], [ 78.429366695428257, 17.551822920427046 ], [ 78.429423206317551, 17.551709898817393 ], [ 78.429439795925589, 17.551660129177197 ], [ 78.429451760243978, 17.551636611569663 ], [ 78.429489832249502, 17.551555710353021 ], [ 78.429542178649839, 17.55145577314693 ], [ 78.429594528285818, 17.551374870977373 ], [ 78.429656392786683, 17.551303487294671 ], [ 78.429737295100722, 17.551232102952998 ], [ 78.429822955623891, 17.5511607197591 ], [ 78.429922892824379, 17.551089335565834 ], [ 78.430003795443326, 17.551036987044732 ], [ 78.430075180267266, 17.550975120877926 ], [ 78.430127527899145, 17.550903738310147 ], [ 78.430137045168578, 17.550887556694704 ], [ 78.430175116037162, 17.550822836577698 ], [ 78.430213187853312, 17.550751452261277 ], [ 78.430241741372143, 17.550651515299347 ], [ 78.430260185829525, 17.550573121607353 ], [ 78.430215568055502, 17.550563473986831 ] ] ] } },
{ "type": "Feature", "properties": { "FID": 386, "Descr_1": "Water Bodies", "Descr_2": "Reservoir/Tanks", "Descr_3": "Reservoir/Tanks", "PI_CODE": "Crop Inside Tank", "LU_Code": "WBRT", "Shape_Area": 0.032804236395399998 }, "geometry": { "type": "Polygon", "coordinates": [ [ [ 78.433468686945204, 17.54773667517572 ], [ 78.433546019042254, 17.547748571869153 ], [ 78.433647145852021, 17.547748571615074 ], [ 78.433778016124236, 17.547748570739625 ], [ 78.433879143853986, 17.547748572194532 ], [ 78.433974321469492, 17.547742622575317 ], [ 78.434039756887657, 17.547718829373618 ], [ 78.434057603160028, 17.547611753322602 ], [ 78.434051653635265, 17.547558215138963 ], [ 78.434099243536579, 17.547486832230238 ], [ 78.434170627218975, 17.547480883390076 ], [ 78.434236063439741, 17.54751062626422 ], [ 78.434277702778516, 17.547623650902494 ], [ 78.434283651813047, 17.547724778042785 ], [ 78.434253909457723, 17.547802109757544 ], [ 78.434236063286349, 17.547909184910818 ], [ 78.434236063086828, 17.548004363742873 ], [ 78.434247960284438, 17.548099543037722 ], [ 78.434247960334261, 17.548164977972576 ], [ 78.434218217040595, 17.548254207573564 ], [ 78.434176575690699, 17.548325591621357 ], [ 78.434158730106176, 17.54839697480627 ], [ 78.434158730115016, 17.548462410635668 ], [ 78.434170626615725, 17.548527846019489 ], [ 78.43420631859864, 17.548611127412467 ], [ 78.434224166346709, 17.548694408116038 ], [ 78.434224165457351, 17.548759842116787 ], [ 78.434188472534885, 17.54880743236069 ], [ 78.434128986673258, 17.548866919588438 ], [ 78.434087345693143, 17.54894425075177 ], [ 78.434063551942003, 17.549045379363619 ], [ 78.434033806557494, 17.549134607974548 ], [ 78.433998117373221, 17.549194095229989 ], [ 78.433962425281962, 17.54924168362836 ], [ 78.433944579019723, 17.549307118705514 ], [ 78.433968372985916, 17.549372553652709 ], [ 78.433998116991305, 17.549420143792435 ], [ 78.433992166839076, 17.549491527383672 ], [ 78.433914834560611, 17.549562910816022 ], [ 78.433837502876571, 17.549586706202319 ], [ 78.433748272983109, 17.549568861084811 ], [ 78.433712580783578, 17.549527218722492 ], [ 78.433688786578003, 17.549491525812762 ], [ 78.433641196545565, 17.549479630424266 ], [ 78.433575761803567, 17.549485579344534 ], [ 78.433468686001206, 17.549527219292496 ], [ 78.43337945720117, 17.549533168045286 ], [ 78.433361610963658, 17.549533168175657 ], [ 78.433355662393012, 17.549443938107672 ], [ 78.433355661774371, 17.549402298123262 ], [ 78.433373507843129, 17.549354708153238 ], [ 78.433427046410586, 17.549330913738281 ], [ 78.433438942352439, 17.549301171261511 ], [ 78.43343894259479, 17.549235734555118 ], [ 78.433427046283711, 17.549170300057437 ], [ 78.433361611927964, 17.549122711020225 ], [ 78.43327833046574, 17.549075122074601 ], [ 78.433236689199816, 17.549027534015867 ], [ 78.43321289273814, 17.54897399504976 ], [ 78.43320694587446, 17.548962096894552 ], [ 78.433195049174671, 17.548890713412185 ], [ 78.433165304458115, 17.548831227030277 ], [ 78.433159356972297, 17.548753893948323 ], [ 78.433147458887319, 17.548688460302024 ], [ 78.433177202821724, 17.548623023086193 ], [ 78.433230739931972, 17.548480256763881 ], [ 78.433242638084664, 17.548408874313015 ], [ 78.433236689613324, 17.548319643288036 ], [ 78.433200997152255, 17.54823636171016 ], [ 78.433159357413345, 17.548147131819732 ], [ 78.433123835178307, 17.548081773195847 ], [ 78.432946832759754, 17.548316298733123 ], [ 78.432539944925963, 17.548951614942201 ], [ 78.432382900630557, 17.549394194862725 ], [ 78.432458854441393, 17.549717501585423 ], [ 78.432468519914735, 17.549758641850008 ], [ 78.432468520227943, 17.549815748746813 ], [ 78.432511349080855, 17.549922824706591 ], [ 78.432561318385737, 17.55002276208451 ], [ 78.432625564399473, 17.55012269920681 ], [ 78.432664042655077, 17.550221642370932 ], [ 78.432749318148268, 17.550193216433694 ], [ 78.432873050129587, 17.550107555896524 ], [ 78.432930157590093, 17.550012376131072 ], [ 78.432939673579682, 17.549907680731675 ], [ 78.432863534287662, 17.54977443031801 ], [ 78.432739800935934, 17.549679254009607 ], [ 78.432606551638358, 17.549593591550714 ], [ 78.432558962461201, 17.54951744919941 ], [ 78.432568479209166, 17.549403234925425 ], [ 78.432663657393149, 17.549289021038629 ], [ 78.432777872378708, 17.549203360091294 ], [ 78.432911121567358, 17.549174806837378 ], [ 78.432977746545461, 17.549250950886186 ], [ 78.433034854663831, 17.549384199591213 ], [ 78.433130032842641, 17.549479378077546 ], [ 78.433206174923413, 17.549565037708636 ], [ 78.433329906905684, 17.549669735317796 ], [ 78.433472674543609, 17.549745878859699 ], [ 78.433605923936469, 17.549822020088719 ], [ 78.433701103205394, 17.549888645315921 ], [ 78.433720139449122, 17.550002858978459 ], [ 78.433596406763726, 17.550126590950409 ], [ 78.433434602719771, 17.550240805062366 ], [ 78.433377496265678, 17.550355019983652 ], [ 78.433387012593982, 17.550459716158709 ], [ 78.433472674732712, 17.550507306042149 ], [ 78.433510744843886, 17.550554893841724 ], [ 78.433529780713599, 17.550640555403639 ], [ 78.433529782167298, 17.550716698207669 ], [ 78.433467647969962, 17.550858716834817 ], [ 78.433482169833056, 17.550857952553734 ], [ 78.433653491255356, 17.550815121726011 ], [ 78.433789121422208, 17.550743739036644 ], [ 78.43391047270913, 17.550636662849438 ], [ 78.434003272089186, 17.550543864213989 ], [ 78.434096070871988, 17.550429648756772 ], [ 78.434203148339904, 17.550301158700741 ], [ 78.434338775989175, 17.550129837910404 ], [ 78.434410159141976, 17.54992282538112 ], [ 78.434395882849344, 17.549744365257222 ], [ 78.434381606448824, 17.549573044041782 ], [ 78.434353052671298, 17.549394583325903 ], [ 78.43429594600174, 17.549201848154496 ], [ 78.434274530926515, 17.549059079605478 ], [ 78.434274530560714, 17.548873481916594 ], [ 78.434303084137781, 17.548744991340023 ], [ 78.434317361298767, 17.548659331070251 ], [ 78.434395882537743, 17.548380933887717 ], [ 78.434417296769766, 17.548145367145079 ], [ 78.43444585215218, 17.547902661745606 ], [ 78.434474404329634, 17.547731341089538 ], [ 78.434502958578776, 17.54754574438029 ], [ 78.434502958751821, 17.547317314762445 ], [ 78.434431575179119, 17.547124577975339 ], [ 78.434374468723774, 17.546953256700085 ], [ 78.434324499152552, 17.546860457625947 ], [ 78.434231699873834, 17.546846181548155 ], [ 78.434131764012335, 17.546896150168703 ], [ 78.434044545987575, 17.546942666291404 ], [ 78.434024729177708, 17.546967145084114 ], [ 78.433820366750496, 17.547206044176082 ], [ 78.433517903893218, 17.547559630380846 ], [ 78.433392869686713, 17.547725302160764 ], [ 78.433468686945204, 17.54773667517572 ] ] ] } },
{ "type": "Feature", "properties": { "FID": 387, "Descr_1": "Water Bodies", "Descr_2": "Reservoir/Tanks", "Descr_3": "Reservoir/Tanks", "PI_CODE": " ", "LU_Code": "WBRT", "Shape_Area": 0.00397756156021 }, "geometry": { "type": "Polygon", "coordinates": [ [ [ 78.429658772980403, 17.549785391140073 ], [ 78.429658773172477, 17.549871051042302 ], [ 78.429658772753172, 17.549970988788541 ], [ 78.429630219287105, 17.550042372713488 ], [ 78.42953741956012, 17.550099480278057 ], [ 78.429451760553007, 17.550099481373657 ], [ 78.429337545771489, 17.550135171657061 ], [ 78.429301853820107, 17.550163725146383 ], [ 78.429323269464987, 17.550235109420175 ], [ 78.429408928214727, 17.550263664078265 ], [ 78.429516005117833, 17.550263663438155 ], [ 78.4296373580531, 17.550256523771427 ], [ 78.429730156735843, 17.550270800897657 ], [ 78.429794401865635, 17.550313631074911 ], [ 78.429844370783798, 17.550392152303008 ], [ 78.429887201299223, 17.550449260836043 ], [ 78.429965722558563, 17.550484951968294 ], [ 78.430037106439897, 17.550520643567094 ], [ 78.430115628588496, 17.550534920589815 ], [ 78.430215568055502, 17.550563473986831 ], [ 78.430260185829525, 17.550573121607353 ], [ 78.430260775089494, 17.550570612781147 ], [ 78.430256017968887, 17.550508746665873 ], [ 78.430241741243677, 17.550437362014108 ], [ 78.430227463005181, 17.550380256097043 ], [ 78.430146562117002, 17.550244150657857 ], [ 78.430003796376326, 17.550025240853522 ], [ 78.429822955061695, 17.549749222607041 ], [ 78.429817847110613, 17.549742410344077 ], [ 78.429808679029975, 17.549728284221199 ], [ 78.429802967303559, 17.549722572724932 ], [ 78.429746812745165, 17.549666418233198 ], [ 78.429707551536495, 17.549635010006895 ], [ 78.429675429188663, 17.549609310640324 ], [ 78.429658772980403, 17.549785391140073 ] ] ] } },
{ "type": "Feature", "properties": { "FID": 413, "Descr_1": "Water Bodies", "Descr_2": "Reservoir/Tanks", "Descr_3": "Reservoir/Tanks", "PI_CODE": "Builtup Inside Tank", "LU_Code": "WBRT", "Shape_Area": 0.0178466725082 }, "geometry": { "type": "Polygon", "coordinates": [ [ [ 78.422839064279614, 17.544360908228828 ], [ 78.422717710643653, 17.544310938732046 ], [ 78.422660604005287, 17.544211000749193 ], [ 78.422660604371657, 17.544096786584166 ], [ 78.422682018896239, 17.543996849596809 ], [ 78.422753403359351, 17.54390405080979 ], [ 78.422781957670495, 17.543818388772365 ], [ 78.422774817892204, 17.543754144757614 ], [ 78.422674880814, 17.543704176323409 ], [ 78.422567805123691, 17.543661347022713 ], [ 78.422467867795788, 17.543639931583186 ], [ 78.422382205930347, 17.543604238628792 ], [ 78.422396484345029, 17.543504300992549 ], [ 78.422432177226796, 17.543461470671165 ], [ 78.422589219858978, 17.543425778959666 ], [ 78.422746266352689, 17.543375811078729 ], [ 78.422846201950009, 17.543283012158248 ], [ 78.422881895283481, 17.543183074653463 ], [ 78.422887192092801, 17.543169297082216 ], [ 78.422763411963217, 17.543175487188616 ], [ 78.422611127064698, 17.543223074706169 ], [ 78.422468358016275, 17.543289699901948 ], [ 78.42233510977448, 17.543356325037809 ], [ 78.422249449000532, 17.54342295100993 ], [ 78.422030537930112, 17.543613307158658 ], [ 78.421916324131544, 17.543708485141064 ], [ 78.421783074015494, 17.54380366390329 ], [ 78.421697415228053, 17.543841734761919 ], [ 78.42148802201902, 17.543879805978275 ], [ 78.421354770717031, 17.543917878264516 ], [ 78.421173931531612, 17.544013056408577 ], [ 78.421050199723638, 17.544165341854782 ], [ 78.42092646752873, 17.544327145213828 ], [ 78.420897914723483, 17.544527020267921 ], [ 78.420926468104597, 17.544669788608886 ], [ 78.420974056160787, 17.544755448168456 ], [ 78.421116824586392, 17.544803037237436 ], [ 78.421269111451764, 17.544736413026943 ], [ 78.421411878201738, 17.544565089770426 ], [ 78.421583198547253, 17.544422324125339 ], [ 78.421754520122207, 17.54436521671337 ], [ 78.421840181061256, 17.544384252945498 ], [ 78.421897286782396, 17.544460394332024 ], [ 78.422021019997885, 17.544565089840582 ], [ 78.42210668076298, 17.54460316285757 ], [ 78.42220185930131, 17.54460316295712 ], [ 78.422392214741151, 17.5445841270176 ], [ 78.422544502422511, 17.544555573891607 ], [ 78.422668234119215, 17.544498465776226 ], [ 78.422915698205216, 17.544384252048534 ], [ 78.422937171086346, 17.544366358036001 ], [ 78.422839064279614, 17.544360908228828 ] ] ] } },
{ "type": "Feature", "properties": { "FID": 414, "Descr_1": "Water Bodies", "Descr_2": "Reservoir/Tanks", "Descr_3": "Reservoir/Tanks", "PI_CODE": " ", "LU_Code": "WBRT", "Shape_Area": 0.039510391644700001 }, "geometry": { "type": "Polygon", "coordinates": [ [ [ 78.401150691367462, 17.500214199242187 ], [ 78.401046086426092, 17.500215218631595 ], [ 78.400928928581024, 17.500223243237372 ], [ 78.400811499814822, 17.500250378829048 ], [ 78.400511634794327, 17.500322917642798 ], [ 78.400107706441929, 17.500493462849068 ], [ 78.399999999565267, 17.500538937004507 ], [ 78.399921553264477, 17.500570789807778 ], [ 78.399891064370351, 17.500583168870747 ], [ 78.399566492440471, 17.50073421392446 ], [ 78.399404598747623, 17.500809552279318 ], [ 78.399103360609047, 17.501010786044215 ], [ 78.39888592819635, 17.501150539726083 ], [ 78.398791577267218, 17.501381569936548 ], [ 78.398840485675962, 17.501553680674306 ], [ 78.398995894272304, 17.501637376916811 ], [ 78.399201065776438, 17.501653951643966 ], [ 78.399507366332315, 17.501684259977868 ], [ 78.399912992680896, 17.501767009874786 ], [ 78.400000000221951, 17.501794661574042 ], [ 78.400078482302931, 17.501799492154372 ], [ 78.40014156517762, 17.50182899391649 ], [ 78.400223270123604, 17.501862323317106 ], [ 78.400338587737096, 17.501896094191206 ], [ 78.400416813719218, 17.501911456265557 ], [ 78.400543438820904, 17.501938204633138 ], [ 78.400651286629, 17.501971877830197 ], [ 78.400773716795783, 17.502030831327261 ], [ 78.400836699208128, 17.502067498850899 ], [ 78.400910986182495, 17.502097148423186 ], [ 78.400981793190908, 17.502108828007071 ], [ 78.401030599675494, 17.502091545870094 ], [ 78.401087284309966, 17.502045691967915 ], [ 78.401129384689284, 17.501974555889316 ], [ 78.401164272866808, 17.501885404746009 ], [ 78.401198956907777, 17.50181058731167 ], [ 78.401256302680338, 17.501718144678737 ], [ 78.401309915337222, 17.501625653308274 ], [ 78.401363832669219, 17.50151166132299 ], [ 78.401414575596945, 17.501358197864434 ], [ 78.401510951213069, 17.501147983394734 ], [ 78.401518655235975, 17.501136821966348 ], [ 78.401563394573486, 17.500977036795845 ], [ 78.401610983870199, 17.500748609036734 ], [ 78.401544358863433, 17.500444037693349 ], [ 78.401439663039639, 17.500301270269826 ], [ 78.401268342300014, 17.500244162659925 ], [ 78.401150691367462, 17.500214199242187 ] ] ] } },
{ "type": "Feature", "properties": { "FID": 415, "Descr_1": "Water Bodies", "Descr_2": "Reservoir/Tanks", "Descr_3": "Reservoir/Tanks", "PI_CODE": " ", "LU_Code": "WBRT", "Shape_Area": 0.097035743432399998 }, "geometry": { "type": "Polygon", "coordinates": [ [ [ 78.439265953579167, 17.50202796614554 ], [ 78.439066079888988, 17.501942305076749 ], [ 78.438818616003374, 17.501913751945033 ], [ 78.43857115295711, 17.501923270369002 ], [ 78.438361758353565, 17.501980376640557 ], [ 78.438161883098957, 17.502018448387219 ], [ 78.437933456094896, 17.502018448338582 ], [ 78.43771454612336, 17.501989893725902 ], [ 78.437543222557167, 17.501894716437963 ], [ 78.437390938749061, 17.501694840427735 ], [ 78.437305913271118, 17.501567302006652 ], [ 78.437219619117599, 17.501475930995898 ], [ 78.436981672471447, 17.501361716806802 ], [ 78.436819869023722, 17.501380752939401 ], [ 78.436762761435162, 17.501456894012986 ], [ 78.436696135918851, 17.501628216650772 ], [ 78.436667583981574, 17.501847126854162 ], [ 78.436667581658412, 17.502027966023423 ], [ 78.436686618446089, 17.50219928761128 ], [ 78.436715172392368, 17.50246578677541 ], [ 78.436753242445192, 17.502684697969862 ], [ 78.436810349892951, 17.50289408973126 ], [ 78.43682938558031, 17.503074929400523 ], [ 78.436819868446378, 17.503274803668301 ], [ 78.436762761187481, 17.503474678294097 ], [ 78.43667710083254, 17.503645999302428 ], [ 78.436562887733629, 17.503826837570063 ], [ 78.436410600711838, 17.503998159975797 ], [ 78.436258315725567, 17.504159962300953 ], [ 78.436153618582438, 17.504283695165121 ], [ 78.436010852168991, 17.504445497616377 ], [ 78.43593470947043, 17.504578748592255 ], [ 78.435810976701418, 17.504702479721011 ], [ 78.435668209678809, 17.504864283718629 ], [ 78.435639655809965, 17.505026087122442 ], [ 78.43564917440996, 17.505206926396024 ], [ 78.435744351252396, 17.505368727747864 ], [ 78.435887121132183, 17.505454389870728 ], [ 78.436144101381515, 17.505463909359957 ], [ 78.436382047181027, 17.505454388900063 ], [ 78.436610475899542, 17.505368728864894 ], [ 78.436800834231491, 17.50527355110664 ], [ 78.436924564852248, 17.505149819416214 ], [ 78.437105402924061, 17.504949943903771 ], [ 78.437276724077904, 17.504759587048948 ], [ 78.437409975098049, 17.504578748114874 ], [ 78.437571778426687, 17.50444549887856 ], [ 78.437790688324242, 17.504359838201491 ], [ 78.437990562873864, 17.50430273136563 ], [ 78.438190438012015, 17.504283695236808 ], [ 78.43835224217942, 17.504283695325675 ], [ 78.438618741152368, 17.504188516686622 ], [ 78.438761509007506, 17.504093337023392 ], [ 78.438923310945242, 17.503893463120416 ], [ 78.439066080010079, 17.503703106923822 ], [ 78.439218365155753, 17.503541302591103 ], [ 78.439370652155915, 17.503369981792137 ], [ 78.439541972786628, 17.503170105734398 ], [ 78.439675221551283, 17.502989267970563 ], [ 78.43980847101281, 17.50280843011857 ], [ 78.439846542798136, 17.502608554358154 ], [ 78.439835045118045, 17.50254340178633 ], [ 78.439817988795411, 17.50244675115739 ], [ 78.439718951177923, 17.502347712331776 ], [ 78.439675220747944, 17.502303983369018 ], [ 78.439494381096168, 17.502161214817477 ], [ 78.439265953579167, 17.50202796614554 ] ] ] } },
{ "type": "Feature", "properties": { "FID": 416, "Descr_1": "Water Bodies", "Descr_2": "Reservoir/Tanks", "Descr_3": "Reservoir/Tanks", "PI_CODE": "Builtup Inside Tank", "LU_Code": "WBRT", "Shape_Area": 0.011868800667 }, "geometry": { "type": "Polygon", "coordinates": [ [ [ 78.405377770240477, 17.509478177192555 ], [ 78.405073197877542, 17.509478175576202 ], [ 78.404863805819375, 17.509516248825719 ], [ 78.404749592281803, 17.509563838173072 ], [ 78.404673449208687, 17.509611427071881 ], [ 78.404632095414087, 17.509721702886846 ], [ 78.40468296690652, 17.509782747667508 ], [ 78.404844769927635, 17.509896962176452 ], [ 78.405006574166293, 17.509963588449022 ], [ 78.40522548398117, 17.510020693892432 ], [ 78.405806071750035, 17.51010635470033 ], [ 78.406063053295426, 17.51010635512792 ], [ 78.406253410930859, 17.510077801028128 ], [ 78.406434250141601, 17.510049247830295 ], [ 78.406615088184978, 17.509992140873859 ], [ 78.406729304264317, 17.509935034212155 ], [ 78.406843518263173, 17.509858891132634 ], [ 78.406853035978997, 17.509773231060649 ], [ 78.406691232098296, 17.5096875698585 ], [ 78.406405696694378, 17.509620945334905 ], [ 78.40610112485669, 17.509563837997636 ], [ 78.405739447906925, 17.509497212938939 ], [ 78.405377770240477, 17.509478177192555 ] ] ] } },
{ "type": "Feature", "properties": { "FID": 417, "Descr_1": "Water Bodies", "Descr_2": "Reservoir/Tanks", "Descr_3": "Reservoir/Tanks", "PI_CODE": " ", "LU_Code": "WBRT", "Shape_Area": 0.68480496874600005 }, "geometry": { "type": "MultiPolygon", "coordinates": [ [ [ [ 78.401520388497772, 17.509698377969521 ], [ 78.401522404000659, 17.509705078999978 ], [ 78.401713303000733, 17.510290634999954 ], [ 78.401808460737016, 17.510470745776377 ], [ 78.401520388497772, 17.509698377969521 ] ] ], [ [ [ 78.400428543260034, 17.507086295189218 ], [ 78.400266739203389, 17.506800759755578 ], [ 78.40010819409909, 17.506726959737676 ], [ 78.399999999910108, 17.506723338872757 ], [ 78.3998891781455, 17.506752334672996 ], [ 78.399801607555858, 17.506928751374424 ], [ 78.399670512221988, 17.507172905228941 ], [ 78.399526054133204, 17.507348660730738 ], [ 78.399310311262667, 17.507537236710672 ], [ 78.398966911323313, 17.50769703397788 ], [ 78.396881838580441, 17.508165685698341 ], [ 78.396810978712537, 17.508200455988121 ], [ 78.397834896000731, 17.507969391000085 ], [ 78.39894068100044, 17.507735354999699 ], [ 78.399625410000723, 17.507534790999806 ], [ 78.40044352400075, 17.507295150999894 ], [ 78.400462609000598, 17.50732146899994 ], [ 78.400644610712689, 17.507572447370823 ], [ 78.400428543260034, 17.507086295189218 ] ] ], [ [ [ 78.393411757558809, 17.508840597402973 ], [ 78.393420603536015, 17.508869475914207 ], [ 78.393464624385544, 17.508860629470071 ], [ 78.393411757558809, 17.508840597402973 ] ] ], [ [ [ 78.391306926994346, 17.509395952344143 ], [ 78.391262189931297, 17.509559214432009 ], [ 78.391118928876296, 17.509639437339835 ], [ 78.391068148624612, 17.510280330836054 ], [ 78.391025304473928, 17.510458963913674 ], [ 78.391053688000611, 17.510438398999909 ], [ 78.391558213000735, 17.509952593999923 ], [ 78.391710728024805, 17.509850339779927 ], [ 78.391575861063643, 17.509674492668246 ], [ 78.391497207834789, 17.509511433798771 ], [ 78.391430852519989, 17.509360547419085 ], [ 78.391426810023205, 17.509348297730131 ], [ 78.391306926994346, 17.509395952344143 ] ] ] ] } },
{ "type": "Feature", "properties": { "FID": 418, "Descr_1": "Water Bodies", "Descr_2": "Reservoir/Tanks", "Descr_3": "Reservoir/Tanks", "PI_CODE": " ", "LU_Code": "WBRT", "Shape_Area": 0.062180265781999998 }, "geometry": { "type": "Polygon", "coordinates": [ [ [ 78.45211536142601, 17.511028990702652 ], [ 78.451990439074578, 17.511040887752412 ], [ 78.451871464602476, 17.511070631656839 ], [ 78.451794133815952, 17.511118221011355 ], [ 78.451734646888767, 17.511177706804894 ], [ 78.451669210658693, 17.511249090933987 ], [ 78.451579981626423, 17.511344270445022 ], [ 78.451496702002828, 17.511439447880132 ], [ 78.451437214762009, 17.51149298723336 ], [ 78.451347984687928, 17.511594112973448 ], [ 78.451258755232203, 17.5117428302474 ], [ 78.451181421713599, 17.511885597043374 ], [ 78.451098141325176, 17.512022415893565 ], [ 78.451008913039843, 17.512147337722769 ], [ 78.450930389317193, 17.512225860227112 ], [ 78.450901835917165, 17.512254412960786 ], [ 78.450794760319866, 17.512343642794718 ], [ 78.450675786631564, 17.512438822046331 ], [ 78.450562762867136, 17.512498307595767 ], [ 78.450556473662928, 17.512500403602036 ], [ 78.450523237183674, 17.512511482691782 ], [ 78.45045568730167, 17.512534000261795 ], [ 78.450372404760557, 17.512545896716222 ], [ 78.450211792204627, 17.512593485599584 ], [ 78.44993815358292, 17.512700562264509 ], [ 78.449813232204974, 17.512748150585502 ], [ 78.449682362302809, 17.51281358709349 ], [ 78.449593131559922, 17.512902816645017 ], [ 78.449438466556913, 17.513015840747226 ], [ 78.449325443367485, 17.5131407634433 ], [ 78.449236211614135, 17.513277582553343 ], [ 78.449152932165532, 17.513426297790495 ], [ 78.449087495614464, 17.513592859608373 ], [ 78.449033959009597, 17.513771320101537 ], [ 78.449004214829912, 17.513943830823152 ], [ 78.448980420979822, 17.514086597923569 ], [ 78.448974471719424, 17.514163931249122 ], [ 78.448974472012054, 17.51424126441599 ], [ 78.448992317245271, 17.514324545217729 ], [ 78.449039909333749, 17.514401877070181 ], [ 78.449123189267553, 17.514449466201512 ], [ 78.44920052135204, 17.514455414830625 ], [ 78.449310625050614, 17.514448277249155 ], [ 78.449604235846408, 17.514429241020437 ], [ 78.44984218276177, 17.514372133867379 ], [ 78.450146754113305, 17.514267438142035 ], [ 78.450432288556058, 17.514086597651218 ], [ 78.450622645793743, 17.513848652358281 ], [ 78.45083203800219, 17.513620225198455 ], [ 78.451117573293786, 17.513401314878358 ], [ 78.451412627049223, 17.513172884763556 ], [ 78.45166960928546, 17.513001563621646 ], [ 78.452115360754632, 17.512843331343426 ], [ 78.452299768964252, 17.512783843713169 ], [ 78.452418741878645, 17.512724356999961 ], [ 78.45244253682975, 17.512712459653493 ], [ 78.452502023462586, 17.51267081905949 ], [ 78.452561511160056, 17.512593486837144 ], [ 78.452561510457912, 17.512550223925768 ], [ 78.452561510111721, 17.512545897088906 ], [ 78.452557112713862, 17.512506326031108 ], [ 78.452555562236284, 17.512492360377866 ], [ 78.452519868962852, 17.512361489036373 ], [ 78.45248417653255, 17.512224670441178 ], [ 78.452466331397943, 17.512117593633164 ], [ 78.452450071170915, 17.511999994884366 ], [ 78.452450072810677, 17.511945084348163 ], [ 78.45245959009695, 17.511735691358517 ], [ 78.452459591082246, 17.511554852279403 ], [ 78.452421516913304, 17.511335942281011 ], [ 78.452381944193334, 17.511280536168758 ], [ 78.452347359400761, 17.511219347954551 ], [ 78.452264077076677, 17.51111822114359 ], [ 78.452198641351828, 17.511064683310277 ], [ 78.452157175768406, 17.511046910426984 ], [ 78.452125919057508, 17.511033516124545 ], [ 78.45211536142601, 17.511028990702652 ] ] ] } },
{ "type": "Feature", "properties": { "FID": 419, "Descr_1": "Water Bodies", "Descr_2": "Reservoir/Tanks", "Descr_3": "Reservoir/Tanks", "PI_CODE": " ", "LU_Code": "WBRT", "Shape_Area": 0.176810012894 }, "geometry": { "type": "Polygon", "coordinates": [ [ [ 78.41664370538038, 17.512414631012437 ], [ 78.416719847275814, 17.512509808333157 ], [ 78.416767437878747, 17.512643059244422 ], [ 78.416815027067273, 17.512766791068287 ], [ 78.416929239732966, 17.512852451201585 ], [ 78.417062488533105, 17.512890522861849 ], [ 78.417167186051557, 17.512871486646592 ], [ 78.417224293303804, 17.512747754948219 ], [ 78.417319472056676, 17.512585953424885 ], [ 78.4173956137722, 17.512547880043272 ], [ 78.417481275159545, 17.512576433925386 ], [ 78.417614525081277, 17.512709683113339 ], [ 78.417747773636833, 17.512833414949757 ], [ 78.417871505414453, 17.512966664633115 ], [ 78.417957165583431, 17.513090397039889 ], [ 78.418033310291207, 17.513157022162041 ], [ 78.418157041648655, 17.513176058441186 ], [ 78.41830932729799, 17.513147505437946 ], [ 78.418461613218398, 17.513080879751072 ], [ 78.418556790563031, 17.512966663900301 ], [ 78.418613896649163, 17.512852450881851 ], [ 78.418613898710987, 17.512728718625706 ], [ 78.418594863460584, 17.512585953294643 ], [ 78.41854727222929, 17.51240511296044 ], [ 78.418452095390606, 17.512195719947194 ], [ 78.418337880912787, 17.51201488089875 ], [ 78.418233185078378, 17.511834041983516 ], [ 78.418157041859914, 17.511681756255385 ], [ 78.418080899081147, 17.511519953244839 ], [ 78.418014274403461, 17.511424774765171 ], [ 78.417881023854974, 17.511405739044186 ], [ 78.417709702994969, 17.511424774959757 ], [ 78.417528864047355, 17.511434292347843 ], [ 78.417386095702426, 17.511424774235959 ], [ 78.417243329371615, 17.511339114443082 ], [ 78.417052971129777, 17.5112534541482 ], [ 78.41685309726779, 17.511196346093087 ], [ 78.416710329671687, 17.511196345688486 ], [ 78.416577080587857, 17.511148757413757 ], [ 78.416424794403028, 17.511044061348681 ], [ 78.416320098060027, 17.510948882067563 ], [ 78.416205883622496, 17.510891775057075 ], [ 78.416044079450359, 17.510891775413345 ], [ 78.415920347908042, 17.510891775083227 ], [ 78.415796615844272, 17.510882258327634 ], [ 78.415644330813834, 17.510806116168236 ], [ 78.415539634862654, 17.510653829356642 ], [ 78.415501562952613, 17.510501543856257 ], [ 78.415463490550806, 17.510301669345257 ], [ 78.415444456392052, 17.510130348165823 ], [ 78.415396867228822, 17.509959026867527 ], [ 78.415377831276928, 17.509787705632029 ], [ 78.415375453164316, 17.509533103093236 ], [ 78.415361174923603, 17.509383196935957 ], [ 78.415275515278196, 17.50924756688552 ], [ 78.415104192656074, 17.509040553775524 ], [ 78.414975700708979, 17.508947756008059 ], [ 78.414832934931596, 17.508962033405911 ], [ 78.414661614405148, 17.509054832208648 ], [ 78.414533122806915, 17.509183322928596 ], [ 78.414426046988083, 17.509290397415814 ], [ 78.414290416681197, 17.509368918915904 ], [ 78.414097682100177, 17.509376059038939 ], [ 78.413904944848341, 17.509304674553377 ], [ 78.413755037970645, 17.509204737671162 ], [ 78.413597994711324, 17.509140492382262 ], [ 78.413405257467986, 17.509140491866919 ], [ 78.41323393683831, 17.509204737740291 ], [ 78.413055476675538, 17.509311813295909 ], [ 78.412731870772703, 17.509511688755012 ], [ 78.412598620172801, 17.509597348597097 ], [ 78.412417780668207, 17.509711563247574 ], [ 78.412341638676097, 17.509844812914316 ], [ 78.412303567603914, 17.510044687033339 ], [ 78.412303567925022, 17.510216010329792 ], [ 78.412332121248852, 17.510406365000232 ], [ 78.412370193310991, 17.510606240092724 ], [ 78.412398746996274, 17.510777561116949 ], [ 78.412436817083673, 17.51089177542902 ], [ 78.41251296030579, 17.511044060598937 ], [ 78.412598621016997, 17.511167791710051 ], [ 78.412703316277955, 17.511253453753973 ], [ 78.412817531237991, 17.511320078088264 ], [ 78.412903191805356, 17.511358150177145 ], [ 78.412998371430874, 17.5113867018135 ], [ 78.413074513051001, 17.511434293345694 ], [ 78.413262492078701, 17.511567542219392 ], [ 78.413512334366089, 17.511638926034657 ], [ 78.413762177437846, 17.511674617841837 ], [ 78.41399060600439, 17.511710310062814 ], [ 78.414154788376507, 17.511774555933499 ], [ 78.414326110137168, 17.511874492554892 ], [ 78.414476017351177, 17.511967291626565 ], [ 78.414549777842822, 17.51203490873306 ], [ 78.414549778941847, 17.512195719928158 ], [ 78.414521225017936, 17.512328971120418 ], [ 78.414492672174092, 17.512424147001248 ], [ 78.414407011173338, 17.512538363257669 ], [ 78.414283279033327, 17.512757273080037 ], [ 78.414283279070247, 17.512966664198366 ], [ 78.414340386400994, 17.513157022172724 ], [ 78.414415875361442, 17.513203154322394 ], [ 78.414511708244177, 17.51326171944584 ], [ 78.414692546470135, 17.513356896963547 ], [ 78.414825795927499, 17.513528217719742 ], [ 78.414825795660875, 17.513680504408299 ], [ 78.414778207765437, 17.51391844990383 ], [ 78.414806760673642, 17.514118324719075 ], [ 78.414940010791767, 17.514251573681133 ], [ 78.415177957229133, 17.514375306343521 ], [ 78.415434938704848, 17.514470484956163 ], [ 78.415606259233158, 17.514480002565477 ], [ 78.41570732396211, 17.514448906794389 ], [ 78.415729991985273, 17.514441931410413 ], [ 78.415853724424025, 17.514327716866688 ], [ 78.415881867813525, 17.514262048198926 ], [ 78.415910830538436, 17.514194467438411 ], [ 78.415948903181544, 17.514042182027175 ], [ 78.415929865847033, 17.513861343030207 ], [ 78.415882276674651, 17.513661467733531 ], [ 78.415796615535129, 17.513499664640477 ], [ 78.415758545763751, 17.513366414814008 ], [ 78.415787099409044, 17.513223648094797 ], [ 78.415872759003705, 17.513128469412003 ], [ 78.41601552724336, 17.513061845155224 ], [ 78.416167813047025, 17.513014255577453 ], [ 78.416301061801022, 17.512966665298681 ], [ 78.416367686051629, 17.51289052303304 ], [ 78.416415275656618, 17.512671613405164 ], [ 78.416472383772899, 17.512471737618359 ], [ 78.416548527331074, 17.512414630972049 ], [ 78.41664370538038, 17.512414631012437 ] ] ] } },
{ "type": "Feature", "properties": { "FID": 420, "Descr_1": "Water Bodies", "Descr_2": "Reservoir/Tanks", "Descr_3": "Reservoir/Tanks", "PI_CODE": " ", "LU_Code": "WBRT", "Shape_Area": 0.0045990363293299998 }, "geometry": { "type": "Polygon", "coordinates": [ [ [ 78.411617568644374, 17.520412364583208 ], [ 78.41154142736265, 17.520435794226898 ], [ 78.411495102230958, 17.520489838771052 ], [ 78.411484319118273, 17.520502418026638 ], [ 78.41144624818125, 17.520588079058935 ], [ 78.4114272124053, 17.520683258289015 ], [ 78.41139865841248, 17.520768917988629 ], [ 78.411393271104743, 17.520822797775548 ], [ 78.411389140546788, 17.520864095902272 ], [ 78.411379622956645, 17.520968791926794 ], [ 78.411370105345, 17.521073488849716 ], [ 78.411379623325701, 17.52116866866254 ], [ 78.411455766163797, 17.521235291318732 ], [ 78.41161756906493, 17.521282882170922 ], [ 78.411769855119474, 17.521244810332902 ], [ 78.411865033116001, 17.521140113234441 ], [ 78.411922138908352, 17.521025899670555 ], [ 78.411950693657943, 17.52091168558599 ], [ 78.411960211559119, 17.5207974723318 ], [ 78.411950693627304, 17.520711810644507 ], [ 78.41192213985903, 17.520626148897176 ], [ 78.411845996791527, 17.520550008270199 ], [ 78.411769855366529, 17.520492901147438 ], [ 78.411703231274103, 17.520445310785323 ], [ 78.411617568644374, 17.520412364583208 ] ] ] } },
{ "type": "Feature", "properties": { "FID": 421, "Descr_1": "Water Bodies", "Descr_2": "Reservoir/Tanks", "Descr_3": "Reservoir/Tanks", "PI_CODE": " ", "LU_Code": "WBRT", "Shape_Area": 0.0032019993788900002 }, "geometry": { "type": "Polygon", "coordinates": [ [ [ 78.416646936900662, 17.524442546739291 ], [ 78.416513687040322, 17.524490137045522 ], [ 78.416493600176437, 17.524502691595625 ], [ 78.416408990910966, 17.524747118001034 ], [ 78.416398282700158, 17.524828020444868 ], [ 78.416404232415019, 17.524875609844837 ], [ 78.416445871047799, 17.524941045309554 ], [ 78.416487512689969, 17.524958891248307 ], [ 78.416560295587246, 17.5249625295592 ], [ 78.416606486007709, 17.524964839601957 ], [ 78.416673327834332, 17.524975979755776 ], [ 78.416677869597677, 17.52497673740455 ], [ 78.416778996123725, 17.524958890944703 ], [ 78.416862365459679, 17.524938172303166 ], [ 78.416980061208619, 17.524908922429361 ], [ 78.41705620379868, 17.524851814976717 ], [ 78.417056204380827, 17.52476615487392 ], [ 78.417037168364089, 17.524690011447117 ], [ 78.416922953741008, 17.524528208988173 ], [ 78.416789704296406, 17.524452066070548 ], [ 78.416646936900662, 17.524442546739291 ] ] ] } },
{ "type": "Feature", "properties": { "FID": 422, "Descr_1": "Water Bodies", "Descr_2": "Reservoir/Tanks", "Descr_3": "Reservoir/Tanks", "PI_CODE": " ", "LU_Code": "WBRT", "Shape_Area": 0.038365157878699999 }, "geometry": { "type": "Polygon", "coordinates": [ [ [ 78.449620734378229, 17.522589999661349 ], [ 78.449531899774669, 17.52260268897632 ], [ 78.449487484376064, 17.522628069808455 ], [ 78.449411341456653, 17.522742283711281 ], [ 78.449344717131126, 17.522846981933572 ], [ 78.449297127157664, 17.522961194916022 ], [ 78.449259055849566, 17.52310396275702 ], [ 78.449211467173384, 17.523237211883735 ], [ 78.449182913092045, 17.523351425164364 ], [ 78.449135323799283, 17.523503712220133 ], [ 78.449068699328464, 17.523617925686889 ], [ 78.448973521819269, 17.523703586615326 ], [ 78.448859305791714, 17.523770211841942 ], [ 78.448668950047576, 17.52388442588629 ], [ 78.448602324452906, 17.523922497268526 ], [ 78.448383412687647, 17.52400815664884 ], [ 78.448174021968754, 17.524065265893285 ], [ 78.448002701170722, 17.524150924623061 ], [ 78.447774271114199, 17.524255621559472 ], [ 78.447669574612718, 17.524284175442471 ], [ 78.447488735744486, 17.524398390003029 ], [ 78.447317416149858, 17.52454115664457 ], [ 78.447203201922648, 17.524674406613464 ], [ 78.447193683598968, 17.524788620987355 ], [ 78.447241271769144, 17.524883798946608 ], [ 78.447403075914565, 17.5250075305546 ], [ 78.447593432574052, 17.525007530055667 ], [ 78.447850414997561, 17.524950423937661 ], [ 78.448059809381263, 17.524883798800033 ], [ 78.44829775433135, 17.524779103117194 ], [ 78.448488110635594, 17.524683923788416 ], [ 78.448697503356598, 17.524607780832483 ], [ 78.448811717302263, 17.524550674669072 ], [ 78.449030628104694, 17.524445977801275 ], [ 78.449240020336802, 17.524407908414187 ], [ 78.449449412924196, 17.524312728563931 ], [ 78.449658803912072, 17.524236586448289 ], [ 78.449915787274207, 17.524169960678147 ], [ 78.450172768554992, 17.524103336383209 ], [ 78.45040119581995, 17.524017675721531 ], [ 78.450553484345406, 17.523941532968436 ], [ 78.450667697086161, 17.523817801962352 ], [ 78.450648660770895, 17.523694069446766 ], [ 78.45060107228754, 17.523513230401743 ], [ 78.4505534829254, 17.523360943749243 ], [ 78.450429752336049, 17.523151552210614 ], [ 78.450277464791881, 17.522961194974858 ], [ 78.450049036984254, 17.52276132030617 ], [ 78.449782536826859, 17.522599517110951 ], [ 78.449620734378229, 17.522589999661349 ] ] ] } },
{ "type": "Feature", "properties": { "FID": 423, "Descr_1": "Water Bodies", "Descr_2": "Reservoir/Tanks", "Descr_3": "Reservoir/Tanks", "PI_CODE": " ", "LU_Code": "WBRT", "Shape_Area": 0.0061487787751100002 }, "geometry": { "type": "Polygon", "coordinates": [ [ [ 78.411465284246177, 17.526984070027158 ], [ 78.411360586530833, 17.526984069948675 ], [ 78.411208302368465, 17.526984070028874 ], [ 78.411027463101391, 17.527003106413627 ], [ 78.410890405593719, 17.527048791886841 ], [ 78.410875176738742, 17.52706021292952 ], [ 78.410799034812499, 17.527136356129812 ], [ 78.41068482044659, 17.52726960566897 ], [ 78.410637230178509, 17.52741237243546 ], [ 78.410694338026261, 17.527526587201901 ], [ 78.410827588181391, 17.527602730206958 ], [ 78.410989391221733, 17.527640801440885 ], [ 78.411151194818885, 17.527631283958314 ], [ 78.411293961697652, 17.527583693912067 ], [ 78.411446248033869, 17.527517070834801 ], [ 78.41157949715776, 17.527459962018217 ], [ 78.41167467602753, 17.527374302364457 ], [ 78.411703230271158, 17.527269605826138 ], [ 78.411674676289238, 17.527174427146825 ], [ 78.411589016386984, 17.527069731067101 ], [ 78.411465284246177, 17.526984070027158 ] ] ] } },
{ "type": "Feature", "properties": { "FID": 424, "Descr_1": "Water Bodies", "Descr_2": "Reservoir/Tanks", "Descr_3": "Reservoir/Tanks", "PI_CODE": " ", "LU_Code": "WBRT", "Shape_Area": 0.0075977083048699998 }, "geometry": { "type": "Polygon", "coordinates": [ [ [ 78.429079482947458, 17.534364364837028 ], [ 78.428974785168478, 17.534364365308708 ], [ 78.428955750133113, 17.534421472325793 ], [ 78.428955749042586, 17.534453565632376 ], [ 78.428955750572541, 17.534488096801901 ], [ 78.428955750058321, 17.534554722169208 ], [ 78.428974785446101, 17.534649900173058 ], [ 78.428993819555657, 17.53477363227125 ], [ 78.429041410236238, 17.534887847291525 ], [ 78.429219675903354, 17.535138140342049 ], [ 78.429279356245658, 17.535193210966717 ], [ 78.429368585966344, 17.535228904248434 ], [ 78.42943402119954, 17.535228902921194 ], [ 78.429499456982015, 17.535222954390047 ], [ 78.429540025561479, 17.535207351058382 ], [ 78.4295407008117, 17.535207092047514 ], [ 78.429576788827802, 17.535193210565801 ], [ 78.42966601913723, 17.535163468361365 ], [ 78.429719558076883, 17.535139672945586 ], [ 78.429808784935645, 17.535086134646214 ], [ 78.429903964595027, 17.53504449380879 ], [ 78.429957503228707, 17.535002854044599 ], [ 78.43000509254037, 17.534931469811188 ], [ 78.430016988615179, 17.534866035132225 ], [ 78.43001698911084, 17.534758960378799 ], [ 78.429990478254894, 17.53472537959037 ], [ 78.4298944922608, 17.534603803004469 ], [ 78.429885141437012, 17.534598050659866 ], [ 78.429783800791569, 17.534535685633699 ], [ 78.429641034244426, 17.534497615602433 ], [ 78.429498267285112, 17.534478578836062 ], [ 78.429365017536497, 17.534440508293688 ], [ 78.42920321337472, 17.534373882626422 ], [ 78.429079482947458, 17.534364364837028 ] ] ] } },
{ "type": "Feature", "properties": { "FID": 425, "Descr_1": "Water Bodies", "Descr_2": "Reservoir/Tanks", "Descr_3": "Reservoir/Tanks", "PI_CODE": " ", "LU_Code": "WBRT", "Shape_Area": 0.048961488346600003 }, "geometry": { "type": "Polygon", "coordinates": [ [ [ 78.407690030644673, 17.535877068258255 ], [ 78.407556780854875, 17.535896104110329 ], [ 78.407375942142565, 17.535981763737791 ], [ 78.407271245871726, 17.536048388942334 ], [ 78.407176066739837, 17.536162603181726 ], [ 78.407090408299183, 17.536305371319731 ], [ 78.407080889694811, 17.536429103377984 ], [ 78.407061853332024, 17.536552834742032 ], [ 78.407052334933823, 17.536705120007721 ], [ 78.407004745660203, 17.536885959346556 ], [ 78.406919084180316, 17.537057279647172 ], [ 78.406814388705357, 17.537209566062838 ], [ 78.406690657219983, 17.537466546718971 ], [ 78.406624031904144, 17.537666423287021 ], [ 78.406614514119866, 17.537828225594208 ], [ 78.406624032006107, 17.537999547337449 ], [ 78.406681139089457, 17.538170868067979 ], [ 78.406814389322207, 17.538389779111846 ], [ 78.406890532451044, 17.538570618277511 ], [ 78.407061852858519, 17.538684831714097 ], [ 78.407280762921147, 17.538713385205547 ], [ 78.407452086284081, 17.538713384681827 ], [ 78.407623406284017, 17.538665795629601 ], [ 78.407775691588824, 17.538551581628003 ], [ 78.407937494672112, 17.538446886193228 ], [ 78.408175441128535, 17.538332672289751 ], [ 78.408413386952063, 17.538256528437024 ], [ 78.408594226214575, 17.538161349979124 ], [ 78.40875602901238, 17.53808520801222 ], [ 78.40897494028205, 17.537942439694046 ], [ 78.409013010621067, 17.537837742794771 ], [ 78.409003493040316, 17.537694976184341 ], [ 78.408908314662511, 17.537571243826502 ], [ 78.408727476368028, 17.537399922974028 ], [ 78.408594226570514, 17.537181012136404 ], [ 78.408470494181103, 17.536981137887533 ], [ 78.408270618851105, 17.536771744968039 ], [ 78.40813736890783, 17.536543316627561 ], [ 78.408042190575713, 17.536267297828822 ], [ 78.407927976577355, 17.536029351635982 ], [ 78.407831439061312, 17.535900635964712 ], [ 78.407690030644673, 17.535877068258255 ] ] ] } },
{ "type": "Feature", "properties": { "FID": 426, "Descr_1": "Water Bodies", "Descr_2": "Reservoir/Tanks", "Descr_3": "Reservoir/Tanks", "PI_CODE": " ", "LU_Code": "WBRT", "Shape_Area": 0.0227782821463 }, "geometry": { "type": "Polygon", "coordinates": [ [ [ 78.42249161498529, 17.546643920938141 ], [ 78.422472801342664, 17.546655210174169 ], [ 78.42238714086389, 17.546664728194482 ], [ 78.422360915754027, 17.546690950676332 ], [ 78.422301479372578, 17.546750388251009 ], [ 78.422301479182423, 17.546836048314017 ], [ 78.422320514780026, 17.546902674215339 ], [ 78.422339550849514, 17.547007370249624 ], [ 78.422368104368843, 17.547102549190996 ], [ 78.422368104207749, 17.547188209239049 ], [ 78.422368103295824, 17.54733097717601 ], [ 78.422349069152816, 17.547435674106005 ], [ 78.422310997139419, 17.547568922236753 ], [ 78.422244372315802, 17.547683138003929 ], [ 78.422187266146935, 17.547835422972987 ], [ 78.422177748430926, 17.547997225927798 ], [ 78.422234854631853, 17.5480543329287 ], [ 78.422416393833785, 17.548123490561821 ], [ 78.422511187680726, 17.548112392020151 ], [ 78.422582572560572, 17.548079078578908 ], [ 78.422649198236329, 17.548045767378184 ], [ 78.422701545620129, 17.548002936827508 ], [ 78.422758652813343, 17.547983900762418 ], [ 78.422839554989523, 17.547945830027039 ], [ 78.422915698002811, 17.547907757914594 ], [ 78.423029912165674, 17.547879205440115 ], [ 78.423148885208676, 17.547879204566701 ], [ 78.423229786043066, 17.547874445694674 ], [ 78.423364477367727, 17.547842769115956 ], [ 78.423500727717652, 17.547797350617095 ], [ 78.423729156380901, 17.547787833079585 ], [ 78.423909995415386, 17.547787832725597 ], [ 78.424081315561352, 17.54770217317272 ], [ 78.424147941079923, 17.547616511700856 ], [ 78.424176495225069, 17.547549887403719 ], [ 78.424205047948561, 17.547350013145344 ], [ 78.4241003520644, 17.547264352196237 ], [ 78.423909994897386, 17.547150137879608 ], [ 78.423872147942248, 17.54710688391329 ], [ 78.423776744867496, 17.546997851977228 ], [ 78.423538798796358, 17.546883637626618 ], [ 78.423281816426794, 17.546778941968043 ], [ 78.422815443197322, 17.546702798721391 ], [ 78.422606049936419, 17.546664728027832 ], [ 78.42249161498529, 17.546643920938141 ] ] ] } },
{ "type": "Feature", "properties": { "FID": 427, "Descr_1": "Water Bodies", "Descr_2": "Reservoir/Tanks", "Descr_3": "Reservoir/Tanks", "PI_CODE": " ", "LU_Code": "WBRT", "Shape_Area": 0.014533559944300001 }, "geometry": { "type": "Polygon", "coordinates": [ [ [ 78.437722976380996, 17.548073488266102 ], [ 78.437663489391369, 17.548073487796366 ], [ 78.437568309790791, 17.548132974235859 ], [ 78.437544517316383, 17.548228154311541 ], [ 78.437520723263617, 17.548335228660484 ], [ 78.43751724768795, 17.548355064928547 ], [ 78.437496928427819, 17.548471140831087 ], [ 78.437450527761939, 17.548736168030569 ], [ 78.437443391169424, 17.548828966712513 ], [ 78.437443389103095, 17.548900352351684 ], [ 78.437443389812572, 17.548918745384611 ], [ 78.437443389909276, 17.548964597285224 ], [ 78.437449594931422, 17.548975765839256 ], [ 78.43747682967637, 17.549024790781949 ], [ 78.43747908214489, 17.549028842164876 ], [ 78.437600433841382, 17.549100226162313 ], [ 78.438139382468989, 17.549227527098228 ], [ 78.438389225893147, 17.549239423740861 ], [ 78.438627173391112, 17.54923942378543 ], [ 78.438793734971398, 17.549203731269472 ], [ 78.438888911869853, 17.549144246090773 ], [ 78.438936500575764, 17.549049068150079 ], [ 78.43893650114363, 17.548918196570199 ], [ 78.438900810303409, 17.548787327085652 ], [ 78.438781836562399, 17.548656455189612 ], [ 78.438615273605208, 17.548537482959937 ], [ 78.438436815318141, 17.548418510381747 ], [ 78.438246457612962, 17.548287640367946 ], [ 78.438091792755259, 17.548204358081577 ], [ 78.437853846808821, 17.548109181351123 ], [ 78.437798477858934, 17.548094080223944 ], [ 78.437722976380996, 17.548073488266102 ] ] ] } },
{ "type": "Feature", "properties": { "FID": 428, "Descr_1": "Water Bodies", "Descr_2": "Reservoir/Tanks", "Descr_3": "Reservoir/Tanks", "PI_CODE": " ", "LU_Code": "WBRT", "Shape_Area": 0.019179785579800001 }, "geometry": { "type": "Polygon", "coordinates": [ [ [ 78.433390592578036, 17.547728318852329 ], [ 78.433157465879091, 17.548037211301867 ], [ 78.433123835178307, 17.548081773195847 ], [ 78.433159357413345, 17.548147131819732 ], [ 78.433200997152255, 17.54823636171016 ], [ 78.433236689613324, 17.548319643288036 ], [ 78.433242638084664, 17.548408874313015 ], [ 78.433230739931972, 17.548480256763881 ], [ 78.433177202821724, 17.548623023086193 ], [ 78.433147458887319, 17.548688460302024 ], [ 78.433159356972297, 17.548753893948323 ], [ 78.433165304458115, 17.548831227030277 ], [ 78.433195049174671, 17.548890713412185 ], [ 78.43320694587446, 17.548962096894552 ], [ 78.43321289273814, 17.54897399504976 ], [ 78.433236689199816, 17.549027534015867 ], [ 78.43327833046574, 17.549075122074601 ], [ 78.433361611927964, 17.549122711020225 ], [ 78.433427046283711, 17.549170300057437 ], [ 78.43343894259479, 17.549235734555118 ], [ 78.433438942352439, 17.549301171261511 ], [ 78.433427046410586, 17.549330913738281 ], [ 78.433373507843129, 17.549354708153238 ], [ 78.433355661774371, 17.549402298123262 ], [ 78.433355662393012, 17.549443938107672 ], [ 78.433361610963658, 17.549533168175657 ], [ 78.43337945720117, 17.549533168045286 ], [ 78.433468686001206, 17.549527219292496 ], [ 78.433575761803567, 17.549485579344534 ], [ 78.433641196545565, 17.549479630424266 ], [ 78.433688786578003, 17.549491525812762 ], [ 78.433712580783578, 17.549527218722492 ], [ 78.433748272983109, 17.549568861084811 ], [ 78.433837502876571, 17.549586706202319 ], [ 78.433914834560611, 17.549562910816022 ], [ 78.433992166839076, 17.549491527383672 ], [ 78.433998116991305, 17.549420143792435 ], [ 78.433968372985916, 17.549372553652709 ], [ 78.433944579019723, 17.549307118705514 ], [ 78.433962425281962, 17.54924168362836 ], [ 78.433998117373221, 17.549194095229989 ], [ 78.434033806557494, 17.549134607974548 ], [ 78.434063551942003, 17.549045379363619 ], [ 78.434087345693143, 17.54894425075177 ], [ 78.434128986673258, 17.548866919588438 ], [ 78.434188472534885, 17.54880743236069 ], [ 78.434224165457351, 17.548759842116787 ], [ 78.434224166346709, 17.548694408116038 ], [ 78.43420631859864, 17.548611127412467 ], [ 78.434170626615725, 17.548527846019489 ], [ 78.434158730115016, 17.548462410635668 ], [ 78.434158730106176, 17.54839697480627 ], [ 78.434176575690699, 17.548325591621357 ], [ 78.434218217040595, 17.548254207573564 ], [ 78.434247960334261, 17.548164977972576 ], [ 78.434247960284438, 17.548099543037722 ], [ 78.434236063086828, 17.548004363742873 ], [ 78.434236063286349, 17.547909184910818 ], [ 78.434253909457723, 17.547802109757544 ], [ 78.434283651813047, 17.547724778042785 ], [ 78.434277702778516, 17.547623650902494 ], [ 78.434236063439741, 17.54751062626422 ], [ 78.434170627218975, 17.547480883390076 ], [ 78.434099243536579, 17.547486832230238 ], [ 78.434051653635265, 17.547558215138963 ], [ 78.434057603160028, 17.547611753322602 ], [ 78.434039756887657, 17.547718829373618 ], [ 78.433974321469492, 17.547742622575317 ], [ 78.433879143853986, 17.547748572194532 ], [ 78.433778016124236, 17.547748570739625 ], [ 78.433647145852021, 17.547748571615074 ], [ 78.433546019042254, 17.547748571869153 ], [ 78.433468686945204, 17.54773667517572 ], [ 78.433392869686713, 17.547725302160764 ], [ 78.433390592578036, 17.547728318852329 ] ] ] } },
{ "type": "Feature", "properties": { "FID": 429, "Descr_1": "Water Bodies", "Descr_2": "Reservoir/Tanks", "Descr_3": "Reservoir/Tanks", "PI_CODE": " ", "LU_Code": "WBRT", "Shape_Area": 0.033526327852300003 }, "geometry": { "type": "Polygon", "coordinates": [ [ [ 78.419583776262513, 17.530544512995963 ], [ 78.419750338988663, 17.530592102403265 ], [ 78.420039944909092, 17.530642601427118 ], [ 78.420089913667695, 17.530499833100155 ], [ 78.420147021285686, 17.530321374133184 ], [ 78.420154158594769, 17.530178604817582 ], [ 78.42016843594368, 17.530050115175666 ], [ 78.420168435604921, 17.529907347803938 ], [ 78.420154157969677, 17.529736024699076 ], [ 78.420104190913563, 17.529257755024574 ], [ 78.420111328645845, 17.529057879935007 ], [ 78.420147020227958, 17.528922250777018 ], [ 78.420196989676, 17.528808035628202 ], [ 78.420201015949374, 17.528793944104343 ], [ 78.420023976203154, 17.528771813677917 ], [ 78.419762234979814, 17.52874802017924 ], [ 78.419441008341465, 17.528759917597117 ], [ 78.419226857358382, 17.528866992657303 ], [ 78.418929424011438, 17.529093042190734 ], [ 78.418750966102266, 17.529223911426833 ], [ 78.418596299627993, 17.529366680310829 ], [ 78.418405943220179, 17.529521344861305 ], [ 78.418322662472875, 17.529652214634012 ], [ 78.418310763561365, 17.529842571891081 ], [ 78.418351248003006, 17.529996406824782 ], [ 78.418370251260356, 17.530068620610876 ], [ 78.418501120642688, 17.530258976077693 ], [ 78.418540586986509, 17.530329138630425 ], [ 78.418608196601483, 17.530449335087788 ], [ 78.418679579774874, 17.530615896628639 ], [ 78.418762862051835, 17.530758664336172 ], [ 78.418905630986146, 17.53079435640602 ], [ 78.419214959455076, 17.530651589147709 ], [ 78.419357727311791, 17.530592102082469 ], [ 78.419583776262513, 17.530544512995963 ] ] ] } },
{ "type": "Feature", "properties": { "FID": 430, "Descr_1": "Water Bodies", "Descr_2": "Reservoir/Tanks", "Descr_3": "Reservoir/Tanks", "PI_CODE": " ", "LU_Code": "WBRT", "Shape_Area": 0.059994284765299999 }, "geometry": { "type": "Polygon", "coordinates": [ [ [ 78.416060975213213, 17.531018208426708 ], [ 78.415918207341988, 17.531018207654775 ], [ 78.415803993901562, 17.531056279954534 ], [ 78.415794475343972, 17.531160975623951 ], [ 78.415794476151163, 17.531265671606484 ], [ 78.415803992624603, 17.531389403982434 ], [ 78.415765922403693, 17.531475065342608 ], [ 78.415708814220281, 17.531522653814562 ], [ 78.415613636004608, 17.531589278983756 ], [ 78.415489903326545, 17.531674940182288 ], [ 78.415404242532773, 17.531779635995733 ], [ 78.415356859666659, 17.531816490099168 ], [ 78.415318582549688, 17.531846261349894 ], [ 78.41512822594153, 17.53198902933898 ], [ 78.414918832844307, 17.532284082682782 ], [ 78.414861725437106, 17.532455402956618 ], [ 78.41479510091645, 17.532579135296217 ], [ 78.41468088696692, 17.53275045614177 ], [ 78.414557155420042, 17.532864670038951 ], [ 78.414414387550366, 17.532997920144055 ], [ 78.414309690347409, 17.533121651744317 ], [ 78.414224030742503, 17.533302490563496 ], [ 78.414185959270796, 17.533426222867313 ], [ 78.414204994431515, 17.533530918566438 ], [ 78.414243067214798, 17.533626097871309 ], [ 78.414300173043628, 17.533692722808556 ], [ 78.414414388301523, 17.533778383319497 ], [ 78.414528602143818, 17.533892597900287 ], [ 78.414652334096218, 17.534054401206721 ], [ 78.414737993001481, 17.534159097442405 ], [ 78.414793009197197, 17.534203108360884 ], [ 78.414954691550292, 17.534110017443016 ], [ 78.415311611815611, 17.533924419232708 ], [ 78.415682806604551, 17.533724544223787 ], [ 78.416054003465021, 17.533524668582082 ], [ 78.416368091843736, 17.533439009061443 ], [ 78.416653628294199, 17.533281963827374 ], [ 78.416910608554758, 17.533082088899604 ], [ 78.416934978244228, 17.5330713334073 ], [ 78.417299206007115, 17.532910572359842 ], [ 78.417307811739406, 17.532864669983354 ], [ 78.417269741143585, 17.53270286665779 ], [ 78.417146007706563, 17.532474438371224 ], [ 78.417109753241164, 17.532414012446104 ], [ 78.417060347897092, 17.532331670786473 ], [ 78.416679634408865, 17.531732048353781 ], [ 78.416365546261687, 17.531227601276179 ], [ 78.416326524154741, 17.53118207594931 ], [ 78.416246716893724, 17.531088965883274 ], [ 78.416060975213213, 17.531018208426708 ] ] ] } },
{ "type": "Feature", "properties": { "FID": 433, "Descr_1": "Water Bodies", "Descr_2": "Reservoir/Tanks", "Descr_3": "Reservoir/Tanks", "PI_CODE": "Builtup Inside Tank", "LU_Code": "WBRT", "Shape_Area": 0.0106225040479 }, "geometry": { "type": "Polygon", "coordinates": [ [ [ 78.461756964711071, 17.506314895702911 ], [ 78.461714135816649, 17.50632203400119 ], [ 78.461635613637114, 17.506350588052857 ], [ 78.461585645241499, 17.506436249420954 ], [ 78.461542815347698, 17.506529048320342 ], [ 78.461528538170626, 17.506607570222485 ], [ 78.461514261440371, 17.506728921992771 ], [ 78.461514260829617, 17.506864551549413 ], [ 78.461514261082272, 17.507007319266357 ], [ 78.461499984393413, 17.507121532854217 ], [ 78.461485707676999, 17.507235747339038 ], [ 78.461457153821286, 17.507335684916033 ], [ 78.461428600714939, 17.507449898809263 ], [ 78.461435738265664, 17.507542697854269 ], [ 78.461448335846413, 17.507570411006245 ], [ 78.461535675769539, 17.507614081669939 ], [ 78.461621336733813, 17.50762121964658 ], [ 78.461685581797724, 17.507621220385385 ], [ 78.461785520350972, 17.507599806240904 ], [ 78.461914009888403, 17.507564113190405 ], [ 78.462071055102982, 17.507507005790412 ], [ 78.462213823266055, 17.507407067891531 ], [ 78.462285205673595, 17.507321407192251 ], [ 78.462363728744393, 17.507207193214541 ], [ 78.462399419997823, 17.507078703128116 ], [ 78.46238514363759, 17.506950211231128 ], [ 78.462306622682704, 17.506793167060266 ], [ 78.462235239084222, 17.506693230190912 ], [ 78.462156716134601, 17.506579014884398 ], [ 78.462078193137486, 17.506479077671603 ], [ 78.46197111832609, 17.506407695614339 ], [ 78.46182834963453, 17.506336311185539 ], [ 78.461756964711071, 17.506314895702911 ] ] ] } },
{ "type": "Feature", "properties": { "FID": 434, "Descr_1": "Water Bodies", "Descr_2": "Reservoir/Tanks", "Descr_3": "Reservoir/Tanks", "PI_CODE": "Builtup Inside Tank", "LU_Code": "WBRT", "Shape_Area": 0.0071265839167699999 }, "geometry": { "type": "Polygon", "coordinates": [ [ [ 78.462392283287727, 17.509777012872433 ], [ 78.462263789595966, 17.509812703428658 ], [ 78.462206684803846, 17.509884087363901 ], [ 78.462156715702875, 17.509976886868554 ], [ 78.462142439171757, 17.510091100336137 ], [ 78.462149577144814, 17.510183900143577 ], [ 78.462170991646559, 17.51028383681378 ], [ 78.462187092170623, 17.510340183691049 ], [ 78.462213821538668, 17.510376636123972 ], [ 78.462313759814037, 17.510448020371179 ], [ 78.462506496452775, 17.510512265212395 ], [ 78.462706371458481, 17.510497987795741 ], [ 78.462927660923469, 17.510462294655149 ], [ 78.463056152161101, 17.510405189237826 ], [ 78.463156089390637, 17.510312389361196 ], [ 78.463206058065268, 17.510226729593299 ], [ 78.463198919545277, 17.510148207022727 ], [ 78.463148951447565, 17.510048270430506 ], [ 78.463077566193377, 17.50996261029627 ], [ 78.463006182798679, 17.509905501846188 ], [ 78.462899108437867, 17.509876949296654 ], [ 78.462713510024301, 17.50982698042467 ], [ 78.462556464660338, 17.509791288693798 ], [ 78.462392283287727, 17.509777012872433 ] ] ] } },
{ "type": "Feature", "properties": { "FID": 435, "Descr_1": "Water Bodies", "Descr_2": "Reservoir/Tanks", "Descr_3": "Reservoir/Tanks", "PI_CODE": "Builtup Inside Tank", "LU_Code": "WBRT", "Shape_Area": 0.122088300809 }, "geometry": { "type": "Polygon", "coordinates": [ [ [ 78.45739744703269, 17.507223281149049 ], [ 78.4571547425994, 17.507223280998481 ], [ 78.456883483593629, 17.507223280597145 ], [ 78.456640778206946, 17.507223280755127 ], [ 78.456355243110238, 17.507266111367638 ], [ 78.456069709433407, 17.507366047803053 ], [ 78.455855556091876, 17.507494540339039 ], [ 78.455655681938168, 17.507708690661939 ], [ 78.455482816708837, 17.507903164088461 ], [ 78.455470084055264, 17.507937119881916 ], [ 78.455427253191161, 17.508065610112013 ], [ 78.455384422990633, 17.508265484623674 ], [ 78.455313040071673, 17.508393975567728 ], [ 78.455198825882675, 17.508565296036803 ], [ 78.455113165032017, 17.508679509573557 ], [ 78.454984672754648, 17.508836556194574 ], [ 78.454856182842477, 17.508979322827674 ], [ 78.454699138718013, 17.509164921662233 ], [ 78.454542094438963, 17.509307688727667 ], [ 78.454413602674933, 17.509436179644357 ], [ 78.454256559159646, 17.509593223705785 ], [ 78.454099514194112, 17.509735992224105 ], [ 78.45394247135323, 17.509907313254285 ], [ 78.453842531947501, 17.510221402414619 ], [ 78.453799701692162, 17.510492660643699 ], [ 78.453799702358054, 17.510721088691852 ], [ 78.453842532255365, 17.510849580454128 ], [ 78.453942470388057, 17.51090668691327 ], [ 78.454099514071146, 17.510906687880226 ], [ 78.454399325963294, 17.510863855921592 ], [ 78.454599200888381, 17.51079247276034 ], [ 78.454841907070332, 17.510706811667127 ], [ 78.455084612380475, 17.510678259099972 ], [ 78.455270209374206, 17.510649704996439 ], [ 78.455498636604474, 17.5105640439469 ], [ 78.455784173068238, 17.510378446083834 ], [ 78.455955494067041, 17.510207123809032 ], [ 78.456141091676074, 17.510050080429401 ], [ 78.456412348907406, 17.509950143976312 ], [ 78.456754993184177, 17.509878759775077 ], [ 78.457069081290811, 17.509835928570777 ], [ 78.457440277211361, 17.509764545894953 ], [ 78.457768642872637, 17.509707438214498 ], [ 78.458025625100987, 17.509607500710857 ], [ 78.458182667596517, 17.509479010124636 ], [ 78.458254053196114, 17.509336242029271 ], [ 78.45823977559256, 17.509207751759973 ], [ 78.458125560669572, 17.509050706894168 ], [ 78.458054178028405, 17.508865109070125 ], [ 78.458054178282481, 17.50869378883808 ], [ 78.458111284676065, 17.508608126955142 ], [ 78.458311159932322, 17.508493913158816 ], [ 78.458568141982511, 17.50836542233866 ], [ 78.458882231123312, 17.508165548135818 ], [ 78.459024996985676, 17.507937118292769 ], [ 78.458982167936995, 17.507737244949286 ], [ 78.458825123587602, 17.507565923603291 ], [ 78.458639525677086, 17.507437433160241 ], [ 78.458311160369718, 17.507323218239392 ], [ 78.457982794695738, 17.507266110791669 ], [ 78.457625874670484, 17.50723755831573 ], [ 78.45739744703269, 17.507223281149049 ] ] ] } },
{ "type": "Feature", "properties": { "FID": 436, "Descr_1": "Water Bodies", "Descr_2": "Reservoir/Tanks", "Descr_3": "Reservoir/Tanks", "PI_CODE": "Builtup Inside Tank", "LU_Code": "WBRT", "Shape_Area": 0.020264580190099999 }, "geometry": { "type": "Polygon", "coordinates": [ [ [ 78.462477942215344, 17.505915145970413 ], [ 78.462342863303945, 17.505926403401403 ], [ 78.462328036249872, 17.505943700414583 ], [ 78.462270928631781, 17.506043637104806 ], [ 78.462285207740038, 17.506164990031834 ], [ 78.462306621811592, 17.506272065946916 ], [ 78.462363729809596, 17.506393417694962 ], [ 78.462435113398698, 17.506486217279651 ], [ 78.462527911935808, 17.506586153950252 ], [ 78.462642126372558, 17.506693230400948 ], [ 78.462742061622905, 17.506835997963776 ], [ 78.462834862158786, 17.506978765265664 ], [ 78.462949076022312, 17.507092979679328 ], [ 78.463120398153791, 17.507221470429645 ], [ 78.463320271386138, 17.507314270225777 ], [ 78.463541561757722, 17.507364237952629 ], [ 78.463734297628463, 17.50736423929072 ], [ 78.46386992811469, 17.507328546210871 ], [ 78.464005556644295, 17.507285715769601 ], [ 78.464141186001456, 17.507214331716664 ], [ 78.46425540026641, 17.507135809734415 ], [ 78.464333923143045, 17.507050148569608 ], [ 78.46435533774806, 17.506935934995091 ], [ 78.464348199795126, 17.506850275094447 ], [ 78.464319646055117, 17.506786029076949 ], [ 78.464176877131976, 17.506678951829254 ], [ 78.464034109287923, 17.50658615442763 ], [ 78.463862789032007, 17.506507632419392 ], [ 78.46365577588746, 17.506379141147754 ], [ 78.463427347196017, 17.506250649890873 ], [ 78.463234611715023, 17.506150713102809 ], [ 78.463056151667246, 17.506072191079461 ], [ 78.462877691732871, 17.506000807065796 ], [ 78.462692094244005, 17.505936560821567 ], [ 78.462477942215344, 17.505915145970413 ] ] ] } },
{ "type": "Feature", "properties": { "FID": 437, "Descr_1": "Water Bodies", "Descr_2": "Reservoir/Tanks", "Descr_3": "Reservoir/Tanks", "PI_CODE": "Builtup Inside Tank", "LU_Code": "WBRT", "Shape_Area": 0.0096884079403799991 }, "geometry": { "type": "Polygon", "coordinates": [ [ [ 78.465012069009362, 17.508113768343584 ], [ 78.464883576697005, 17.508113767020728 ], [ 78.464826471300313, 17.508156599076479 ], [ 78.464769364270595, 17.508249398174996 ], [ 78.464733672366904, 17.508356473198631 ], [ 78.464669426781811, 17.508499240960369 ], [ 78.46466228805248, 17.508699117186239 ], [ 78.464669426714039, 17.508891851995795 ], [ 78.464686902684605, 17.50902583961798 ], [ 78.464705118277948, 17.509077450258413 ], [ 78.464755086987395, 17.509191663739035 ], [ 78.464826470869426, 17.509291601432135 ], [ 78.464890715964884, 17.509370125371326 ], [ 78.465004932185479, 17.509448646898463 ], [ 78.465112006411132, 17.509448645796571 ], [ 78.46522622011814, 17.509427231272333 ], [ 78.465283326728297, 17.509384400050639 ], [ 78.465340435006283, 17.509320155286538 ], [ 78.465383264594848, 17.50922021760918 ], [ 78.465411817669022, 17.509120279607785 ], [ 78.465447509782081, 17.508956098402887 ], [ 78.465440372016829, 17.508734808324082 ], [ 78.465411817815308, 17.508577762916875 ], [ 78.465376126195068, 17.508456410823076 ], [ 78.465311880945379, 17.508349336188285 ], [ 78.465233358540303, 17.508256536600008 ], [ 78.465133420341189, 17.508185151837029 ], [ 78.465012069009362, 17.508113768343584 ] ] ] } },
{ "type": "Feature", "properties": { "FID": 438, "Descr_1": "Water Bodies", "Descr_2": "Reservoir/Tanks", "Descr_3": "Reservoir/Tanks", "PI_CODE": "Builtup Inside Tank", "LU_Code": "WBRT", "Shape_Area": 0.029044233858799999 }, "geometry": { "type": "Polygon", "coordinates": [ [ [ 78.475182677844941, 17.511011316646179 ], [ 78.475030393424561, 17.511011317832143 ], [ 78.474878106605715, 17.511068424003053 ], [ 78.474830517564158, 17.511201673961583 ], [ 78.474782928046352, 17.511344442018029 ], [ 78.474744856852965, 17.511487209550832 ], [ 78.474706784896028, 17.511668048635528 ], [ 78.474582737963473, 17.511895623878548 ], [ 78.474568459733661, 17.511952730164779 ], [ 78.474558941630647, 17.512009837567689 ], [ 78.47455935125015, 17.512012486199417 ], [ 78.474568459672739, 17.512071703934048 ], [ 78.474587072823766, 17.51210582722026 ], [ 78.474597014038423, 17.512124052085575 ], [ 78.474677914744973, 17.512171642439434 ], [ 78.474935214474897, 17.512286708617868 ], [ 78.47512557083742, 17.512353333112777 ], [ 78.475287375960036, 17.512438994393346 ], [ 78.47543965996384, 17.512524655146354 ], [ 78.47555387375769, 17.512619831581446 ], [ 78.475639534535034, 17.512705493301709 ], [ 78.475772785980169, 17.512810190261135 ], [ 78.475867962930323, 17.512886333190682 ], [ 78.476020248726385, 17.512991028846681 ], [ 78.476286748294228, 17.513000547183722 ], [ 78.476410479611815, 17.512924403746965 ], [ 78.476477104961802, 17.512734047318794 ], [ 78.476496141442396, 17.512553208302698 ], [ 78.47648662296325, 17.512334297650625 ], [ 78.476448552110227, 17.512086834396008 ], [ 78.476391445114004, 17.511877442026783 ], [ 78.47634163602865, 17.511765370037537 ], [ 78.476315302013404, 17.511706119635207 ], [ 78.476210606341596, 17.511544317058483 ], [ 78.476020250234654, 17.511353959745115 ], [ 78.475848928023368, 17.511249263293848 ], [ 78.475677607142387, 17.511163602956564 ], [ 78.475496768048103, 17.511077942111129 ], [ 78.475344483229648, 17.511039871027272 ], [ 78.475182677844941, 17.511011316646179 ] ] ] } },
{ "type": "Feature", "properties": { "FID": 439, "Descr_1": "Water Bodies", "Descr_2": "Reservoir/Tanks", "Descr_3": "Reservoir/Tanks", "PI_CODE": " ", "LU_Code": "WBRT", "Shape_Area": 0.14412355364400001 }, "geometry": { "type": "Polygon", "coordinates": [ [ [ 78.474441476157665, 17.506579015969503 ], [ 78.474612797041345, 17.50659329327376 ], [ 78.47475556457006, 17.50664326093408 ], [ 78.47491974842255, 17.50675033688702 ], [ 78.475069654252195, 17.50685741392698 ], [ 78.475240975311792, 17.506950212227061 ], [ 78.475412296006269, 17.50705014943745 ], [ 78.475583619357678, 17.507128671169383 ], [ 78.475747800570474, 17.507178640293489 ], [ 78.475869153136898, 17.50717150162432 ], [ 78.475954814027972, 17.507142947598734 ], [ 78.476026197324529, 17.507064425947966 ], [ 78.476097581658806, 17.506943072648383 ], [ 78.476161827270943, 17.506821720421136 ], [ 78.476211795174265, 17.506664677792283 ], [ 78.476254626314656, 17.506507631746739 ], [ 78.476261763889042, 17.506343449438692 ], [ 78.476261764181743, 17.506225761200032 ], [ 78.476261764195456, 17.50621495811551 ], [ 78.476268902002076, 17.506143575437985 ], [ 78.476254626447741, 17.506050776209875 ], [ 78.476176103365347, 17.505879453624971 ], [ 78.476161827164901, 17.505700994669635 ], [ 78.476204655730413, 17.505551089405415 ], [ 78.476326008929661, 17.505422598176974 ], [ 78.47637597774073, 17.505286968993282 ], [ 78.476390255097499, 17.505158477192285 ], [ 78.476350199799413, 17.505058340301574 ], [ 78.47633314783279, 17.505015710227624 ], [ 78.476240348865787, 17.504872941547006 ], [ 78.476104719822999, 17.504687344142916 ], [ 78.475990504698487, 17.504516024167895 ], [ 78.475933397881491, 17.504387531568391 ], [ 78.475890567278483, 17.504244764942825 ], [ 78.475854875772782, 17.504094859048401 ], [ 78.475840598050922, 17.503930676225011 ], [ 78.475826323109089, 17.503780770652106 ], [ 78.475804907360427, 17.503530924584808 ], [ 78.475783493296476, 17.503323912926728 ], [ 78.475712108007855, 17.503116899805626 ], [ 78.475605032751801, 17.503009822819514 ], [ 78.475483679553889, 17.502995548623144 ], [ 78.475319497305406, 17.50299554812517 ], [ 78.475183868340082, 17.50301696314159 ], [ 78.475055376888463, 17.503038377899017 ], [ 78.474884056386699, 17.503059792637423 ], [ 78.474719872870082, 17.503038378065895 ], [ 78.474534275448107, 17.502924164019735 ], [ 78.474384369072084, 17.502781396419685 ], [ 78.474291570081846, 17.502610074937767 ], [ 78.474163079113239, 17.502460170384698 ], [ 78.474027451217324, 17.502353093099384 ], [ 78.473956066455784, 17.502331678041582 ], [ 78.473827575433759, 17.502281707650887 ], [ 78.473749053980782, 17.50223887905544 ], [ 78.473613424336506, 17.502146079622342 ], [ 78.473390610405062, 17.501917736639925 ], [ 78.473331122628295, 17.50209619843179 ], [ 78.473259738714162, 17.502322246373883 ], [ 78.473176458003294, 17.502702960209817 ], [ 78.473157482834353, 17.502813192851804 ], [ 78.473111997962491, 17.503077441268154 ], [ 78.473106177024206, 17.503111259866593 ], [ 78.473076520577436, 17.503283547688593 ], [ 78.473069382065006, 17.503462007387338 ], [ 78.473055105543239, 17.503611915410797 ], [ 78.473055105658389, 17.50373326604425 ], [ 78.473055104888644, 17.503876032965426 ], [ 78.473112212779554, 17.503990248263651 ], [ 78.473155043880425, 17.504147291822232 ], [ 78.47316218065869, 17.504268645921446 ], [ 78.473162180575585, 17.504404273744974 ], [ 78.473169319781135, 17.504575594997366 ], [ 78.473169320106692, 17.504739778168066 ], [ 78.473176458458994, 17.504932515676643 ], [ 78.473191509124007, 17.504987700712629 ], [ 78.473219287921239, 17.505089560034289 ], [ 78.473290671726005, 17.505246603057753 ], [ 78.47334064098024, 17.505367957380027 ], [ 78.473369621166228, 17.505425913414911 ], [ 78.47338347094518, 17.505453617364932 ], [ 78.473412025101766, 17.505546414821939 ], [ 78.473390609908648, 17.505653491155023 ], [ 78.473319225818358, 17.505746289196427 ], [ 78.473304949586179, 17.505881918949825 ], [ 78.473276395619564, 17.506181731945095 ], [ 78.473262119143968, 17.506274530914592 ], [ 78.47329067189925, 17.506395883674493 ], [ 78.473340641268521, 17.506474405372892 ], [ 78.473343085152493, 17.506479701054154 ], [ 78.473383471805263, 17.506567205280518 ], [ 78.473433440200424, 17.506681417717278 ], [ 78.473476270238393, 17.506838462795486 ], [ 78.473533376898587, 17.506981230410528 ], [ 78.473611899263119, 17.507081168732828 ], [ 78.473711836846775, 17.507202519315658 ], [ 78.473861743014254, 17.507266764651312 ], [ 78.474018787349976, 17.507302458037373 ], [ 78.474095289224636, 17.50733929200484 ], [ 78.474211524243884, 17.507395255857467 ], [ 78.474298708994652, 17.5074641761395 ], [ 78.474370091689153, 17.507464174719061 ], [ 78.474420060641563, 17.507435622016427 ], [ 78.474441475907213, 17.507371376402659 ], [ 78.474412922700054, 17.507257161107287 ], [ 78.474391507952689, 17.507157225584141 ], [ 78.474341539813381, 17.507007319021014 ], [ 78.47431298502741, 17.506914519945262 ], [ 78.474270154332189, 17.506793166720151 ], [ 78.47427729270396, 17.506700366948859 ], [ 78.474320124318425, 17.506628984574849 ], [ 78.474441476157665, 17.506579015969503 ] ] ] } },
{ "type": "Feature", "properties": { "FID": 440, "Descr_1": "Water Bodies", "Descr_2": "Reservoir/Tanks", "Descr_3": "Reservoir/Tanks", "PI_CODE": "Builtup Inside Tank", "LU_Code": "WBRT", "Shape_Area": 0.036342843038700001 }, "geometry": { "type": "Polygon", "coordinates": [ [ [ 78.478756716420875, 17.514413482229873 ], [ 78.478679146279788, 17.514455481216345 ], [ 78.478095631598976, 17.514771415283466 ], [ 78.477389723750875, 17.515153620643133 ], [ 78.477331978114108, 17.515163886767571 ], [ 78.477307772134679, 17.515186625971044 ], [ 78.477271732019503, 17.515220480986692 ], [ 78.477118650364133, 17.515314684600682 ], [ 78.477002631158626, 17.515386081869259 ], [ 78.476977267614203, 17.515478992942782 ], [ 78.47697726832547, 17.515545617850812 ], [ 78.476977267788982, 17.515621760843455 ], [ 78.476985045289453, 17.515646646334517 ], [ 78.477000379783817, 17.515695721278824 ], [ 78.477001061846053, 17.515697903659273 ], [ 78.477034337762348, 17.515753361713681 ], [ 78.477043892782461, 17.515769288013203 ], [ 78.477069522740166, 17.515792947278161 ], [ 78.477070494746215, 17.515793844366122 ], [ 78.477105759041478, 17.515826394872558 ], [ 78.477152934211844, 17.515848804303719 ], [ 78.477277080343171, 17.515907772214597 ], [ 78.477384156267178, 17.515950601803759 ], [ 78.477484093198584, 17.515979157145264 ], [ 78.477591169137909, 17.516007710384731 ], [ 78.477719660164709, 17.516050539944871 ], [ 78.477841011783909, 17.516086230650732 ], [ 78.477969502701995, 17.516100509379697 ], [ 78.478119409172194, 17.516121924440711 ], [ 78.478276453931755, 17.516171891602703 ], [ 78.478440635531669, 17.516243276327138 ], [ 78.47859768057873, 17.516307522204528 ], [ 78.478776141302902, 17.51637890521112 ], [ 78.478926045235681, 17.516400320574718 ], [ 78.479154474887423, 17.516371766588687 ], [ 78.47930438093087, 17.516300383437766 ], [ 78.479382902909833, 17.516193307294831 ], [ 78.4794185957564, 17.516050539705152 ], [ 78.479418595299123, 17.51591491178085 ], [ 78.479418594874915, 17.515779281135252 ], [ 78.479397180428776, 17.515607959918821 ], [ 78.479347211228813, 17.515436639016521 ], [ 78.479290104128467, 17.515265318402797 ], [ 78.479247274212454, 17.515143964920806 ], [ 78.479211582310995, 17.514986922296853 ], [ 78.479190167927086, 17.514837016271603 ], [ 78.479118781650072, 17.514679969682525 ], [ 78.479004567808332, 17.514572895391979 ], [ 78.478861800968218, 17.514472956731336 ], [ 78.478756716420875, 17.514413482229873 ] ] ] } },
{ "type": "Feature", "properties": { "FID": 441, "Descr_1": "Water Bodies", "Descr_2": "Reservoir/Tanks", "Descr_3": "Reservoir/Tanks", "PI_CODE": " ", "LU_Code": "WBRT", "Shape_Area": 0.0047583643876499999 }, "geometry": { "type": "Polygon", "coordinates": [ [ [ 78.492142962167435, 17.505063675933879 ], [ 78.49202874724962, 17.505063675910762 ], [ 78.491876460375678, 17.505092229902818 ], [ 78.491819354155609, 17.505120783811996 ], [ 78.491781282924563, 17.505187406824426 ], [ 78.491771765454132, 17.505244514224383 ], [ 78.491781282660682, 17.505311139931926 ], [ 78.491800319728569, 17.505396801575849 ], [ 78.49183838976586, 17.505472943411807 ], [ 78.491971639796134, 17.505549085186026 ], [ 78.492152478412393, 17.505644264870483 ], [ 78.492254377048198, 17.505702491173743 ], [ 78.492418977792155, 17.505729924567984 ], [ 78.492523675064206, 17.505691854033234 ], [ 78.492599817180647, 17.505596674894409 ], [ 78.492609334971263, 17.505491978588811 ], [ 78.492590300385942, 17.505387282583037 ], [ 78.49252367544355, 17.505282585826166 ], [ 78.492447531997271, 17.505187407567181 ], [ 78.492323799706853, 17.50508271307573 ], [ 78.492142962167435, 17.505063675933879 ] ] ] } },
{ "type": "Feature", "properties": { "FID": 442, "Descr_1": "Water Bodies", "Descr_2": "Reservoir/Tanks", "Descr_3": "Reservoir/Tanks", "PI_CODE": " ", "LU_Code": "WBRT", "Shape_Area": 0.015552008983700001 }, "geometry": { "type": "Polygon", "coordinates": [ [ [ 78.486782035455775, 17.508359230267938 ], [ 78.486553608233265, 17.508463924811032 ], [ 78.486353733104622, 17.508540068864722 ], [ 78.486096749607768, 17.508635246927795 ], [ 78.485858804369755, 17.508739942637462 ], [ 78.485735071641244, 17.508797049941471 ], [ 78.485630375578978, 17.5088731932596 ], [ 78.485573269550031, 17.509006442149854 ], [ 78.485559526218523, 17.509057974179136 ], [ 78.485582787189344, 17.509111138735371 ], [ 78.48563037663672, 17.509263423782162 ], [ 78.48567796460128, 17.50936812087955 ], [ 78.485896875045668, 17.509672692285868 ], [ 78.485982535249661, 17.509691727592898 ], [ 78.486068197354754, 17.509710762886623 ], [ 78.48612530429682, 17.509710763124144 ], [ 78.486268072128695, 17.509710763204488 ], [ 78.486372767727261, 17.509710762771643 ], [ 78.486439392801756, 17.509701245586502 ], [ 78.486525053034399, 17.509606065913029 ], [ 78.486601196265525, 17.509482334686712 ], [ 78.486677338566125, 17.509311013699172 ], [ 78.486763000114024, 17.509149210672589 ], [ 78.486924802361031, 17.508958852938452 ], [ 78.487039017730766, 17.508816085589938 ], [ 78.487115159575509, 17.508701872251546 ], [ 78.487153231399361, 17.508597175847964 ], [ 78.487172267284379, 17.508521033226511 ], [ 78.48713419546263, 17.508435371603326 ], [ 78.486953356245422, 17.508368746694487 ], [ 78.486782035455775, 17.508359230267938 ] ] ] } },
{ "type": "Feature", "properties": { "FID": 444, "Descr_1": "Water Bodies", "Descr_2": "Reservoir/Tanks", "Descr_3": "Reservoir/Tanks", "PI_CODE": " ", "LU_Code": "WBRT", "Shape_Area": 0.0134864940481 }, "geometry": { "type": "Polygon", "coordinates": [ [ [ 78.494139329255233, 17.523903771949634 ], [ 78.494015596668106, 17.523903771783225 ], [ 78.493872828605475, 17.523932325734876 ], [ 78.493730061160377, 17.524008468958886 ], [ 78.4935968121667, 17.524094128787855 ], [ 78.493435008397682, 17.524170271805382 ], [ 78.493339830471129, 17.5242749675906 ], [ 78.49328272329879, 17.524408218434711 ], [ 78.493263687256118, 17.524457711185715 ], [ 78.493263687388179, 17.524541468407488 ], [ 78.493301758000499, 17.524674719346095 ], [ 78.493358865301317, 17.524798450440954 ], [ 78.493463561551295, 17.524874593552173 ], [ 78.493625365415156, 17.524931699602885 ], [ 78.493777650683271, 17.524960252740964 ], [ 78.493977524870076, 17.524960252889702 ], [ 78.49413932858991, 17.524960252967954 ], [ 78.494291615022533, 17.524941218222462 ], [ 78.494443899282999, 17.524884109342135 ], [ 78.494567630904825, 17.524807967566471 ], [ 78.494624739173332, 17.5246747191376 ], [ 78.494624739765399, 17.524522433061708 ], [ 78.494624739268588, 17.524351109956463 ], [ 78.494548595826714, 17.524189307962299 ], [ 78.494415345758, 17.524037022409129 ], [ 78.494272576771465, 17.523932325687603 ], [ 78.494139329255233, 17.523903771949634 ] ] ] } },
{ "type": "Feature", "properties": { "FID": 445, "Descr_1": "Water Bodies", "Descr_2": "Reservoir/Tanks", "Descr_3": "Reservoir/Tanks", "PI_CODE": " ", "LU_Code": "WBRT", "Shape_Area": 0.027696307187600001 }, "geometry": { "type": "Polygon", "coordinates": [ [ [ 78.488452598304434, 17.525417294126314 ], [ 78.488238445953002, 17.525417293635172 ], [ 78.48797755102548, 17.52543576623362 ], [ 78.487132133254931, 17.525495616942823 ], [ 78.487124678142578, 17.525607466878053 ], [ 78.487162749949107, 17.525807339813369 ], [ 78.487219856203922, 17.526007215081712 ], [ 78.487295998719063, 17.526245162159075 ], [ 78.487400694789187, 17.526473589698167 ], [ 78.487514908958261, 17.526644911426615 ], [ 78.487619605544182, 17.526749607869064 ], [ 78.488067124927568, 17.526959184702523 ], [ 78.488424044243018, 17.52695918473848 ], [ 78.488809517164995, 17.52695918526474 ], [ 78.488952103737802, 17.526797195623715 ], [ 78.488971139678668, 17.526654429008051 ], [ 78.488999692928715, 17.526483107994018 ], [ 78.488999693448278, 17.526340340047291 ], [ 78.488999692338467, 17.52620709192616 ], [ 78.488990174722076, 17.526064323301764 ], [ 78.488923549738658, 17.52587396591202 ], [ 78.488666748702641, 17.525431570550104 ], [ 78.488452598304434, 17.525417294126314 ] ] ] } },
{ "type": "Feature", "properties": { "FID": 446, "Descr_1": "Water Bodies", "Descr_2": "Reservoir/Tanks", "Descr_3": "Reservoir/Tanks", "PI_CODE": " ", "LU_Code": "WBRT", "Shape_Area": 1.3621084772800001 }, "geometry": { "type": "Polygon", "coordinates": [ [ [ 78.475535610867567, 17.530742819401421 ], [ 78.475350014198142, 17.530357346681157 ], [ 78.47492171104463, 17.529300866133681 ], [ 78.474778942922924, 17.52855847407103 ], [ 78.475064479292996, 17.528287214861987 ], [ 78.475692654658531, 17.52803023405615 ], [ 78.475764320426478, 17.528229221697863 ], [ 78.475835423343938, 17.528501366921883 ], [ 78.47607812930697, 17.528501367242168 ], [ 78.476203163913908, 17.528440636032951 ], [ 78.475945543599167, 17.528286063844135 ], [ 78.475872566911804, 17.527748848907123 ], [ 78.475799434569083, 17.527424979198535 ], [ 78.475770079677048, 17.527153450722604 ], [ 78.475571542262514, 17.527008752717119 ], [ 78.475521315668885, 17.526972148338341 ], [ 78.475388065862845, 17.526896005310185 ], [ 78.475292888091786, 17.526886488192861 ], [ 78.475073977393677, 17.526905523089479 ], [ 78.474788442223897, 17.526943595707806 ], [ 78.474493389087115, 17.526953113396903 ], [ 78.474360139072601, 17.526953113214674 ], [ 78.474236406612334, 17.5269055231051 ], [ 78.474112674875002, 17.526619987986628 ], [ 78.474084121164239, 17.526420113073097 ], [ 78.474065085824861, 17.526277345974041 ], [ 78.473960389926134, 17.526115540786549 ], [ 78.473712924781921, 17.52595373901784 ], [ 78.473465460996678, 17.525868077787084 ], [ 78.473303658343056, 17.525734829162882 ], [ 78.473303658150698, 17.525458811847198 ], [ 78.473427391042151, 17.525154240738811 ], [ 78.473703408335354, 17.524849669266843 ], [ 78.473874727597405, 17.524449920242368 ], [ 78.4739889430479, 17.524059688397596 ], [ 78.474150745962447, 17.523698009963287 ], [ 78.47418881842826, 17.523383920887547 ], [ 78.474236406880323, 17.523317295568205 ], [ 78.474236406079726, 17.523231635669845 ], [ 78.474274477976181, 17.523069831977747 ], [ 78.474379175460101, 17.522936581706222 ], [ 78.474626639426432, 17.522727190051867 ], [ 78.474797960253781, 17.522489244420772 ], [ 78.474807479291243, 17.522222744262283 ], [ 78.474769406282434, 17.521899137283476 ], [ 78.474721817111615, 17.521689744956809 ], [ 78.474617120801966, 17.521537458683706 ], [ 78.474426764165202, 17.521366138009878 ], [ 78.474255442818801, 17.521213853215652 ], [ 78.474027013851853, 17.521071084723712 ], [ 78.473731961325896, 17.520956870807311 ], [ 78.473465461893298, 17.520842656905259 ], [ 78.473189443964714, 17.520709406940053 ], [ 78.472970533764055, 17.520557122368551 ], [ 78.472846801396301, 17.520376281743523 ], [ 78.472761141061852, 17.520223997198382 ], [ 78.47275162342423, 17.520043156776751 ], [ 78.472751452439937, 17.52004041589327 ], [ 78.472318662036628, 17.520219864931956 ], [ 78.47211184809376, 17.520305617089257 ], [ 78.470672274114392, 17.520924277238894 ], [ 78.47022633482915, 17.521113462622285 ], [ 78.467923996210814, 17.522090213394854 ], [ 78.466688571957661, 17.522625885031442 ], [ 78.466308228149984, 17.522790800315306 ], [ 78.46574892833975, 17.523033309007811 ], [ 78.464878287302369, 17.523410813826516 ], [ 78.463330093818101, 17.524044913600431 ], [ 78.463240017905832, 17.524069220440346 ], [ 78.462969723626145, 17.524192511777546 ], [ 78.462641594191396, 17.52432690484461 ], [ 78.462537437988701, 17.524420980940498 ], [ 78.462498248123609, 17.52459342008121 ], [ 78.462474453443903, 17.524867058090138 ], [ 78.462474453284528, 17.525176387070733 ], [ 78.462474453421791, 17.525438128404886 ], [ 78.462450657820952, 17.525687972038703 ], [ 78.462438760584263, 17.525866430911133 ], [ 78.46237927528523, 17.526056786739115 ], [ 78.462336250763045, 17.526161272811432 ], [ 78.462295992924709, 17.526259041796379 ], [ 78.462200814597878, 17.526425605628251 ], [ 78.462093739248928, 17.526687344731581 ], [ 78.462034253229021, 17.526996675189125 ], [ 78.462022353810383, 17.527365492294042 ], [ 78.462046149925925, 17.527674822403199 ], [ 78.462117533722861, 17.5279722537528 ], [ 78.462153225690429, 17.528233995125294 ], [ 78.462093738875367, 17.528483838005794 ], [ 78.461927177021025, 17.528686092978138 ], [ 78.461736820414401, 17.528805067444491 ], [ 78.461498874012165, 17.528924038663583 ], [ 78.461189544100918, 17.529054909259589 ], [ 78.46086831778274, 17.529233367940222 ], [ 78.460642267666046, 17.529459416546544 ], [ 78.460475705839499, 17.52974495275453 ], [ 78.460380526814987, 17.529982899038234 ], [ 78.460261554197416, 17.530316023112285 ], [ 78.460117750960578, 17.530416685843463 ], [ 78.460289800996961, 17.530588736404425 ], [ 78.459937641069487, 17.531102699308292 ], [ 78.459766318761353, 17.531264500637878 ], [ 78.459452231153904, 17.5310836636645 ], [ 78.459195250137299, 17.531492931162273 ], [ 78.459455567973947, 17.531634068446351 ], [ 78.459985230435706, 17.531921233964841 ], [ 78.460185105426973, 17.531616663256472 ], [ 78.460794246944261, 17.531940269349992 ], [ 78.46069906871179, 17.5322638769285 ], [ 78.462070838202223, 17.533123517924096 ], [ 78.462277733513019, 17.532968346441002 ], [ 78.462454017365289, 17.53274627396511 ], [ 78.46285961961037, 17.532235323224178 ], [ 78.462989967174622, 17.532358429011587 ], [ 78.463128804678178, 17.53221959186823 ], [ 78.463450033015945, 17.531945954232565 ], [ 78.463667388484197, 17.53182218224589 ], [ 78.463787789153301, 17.531716831660457 ], [ 78.465304695544575, 17.53061633094519 ], [ 78.465804766119234, 17.530399633696149 ], [ 78.465865184914506, 17.530351715368017 ], [ 78.466210207099408, 17.530054282959359 ], [ 78.466531433924388, 17.529899617783361 ], [ 78.466840763755101, 17.529792542760696 ], [ 78.466880203840901, 17.529775395044961 ], [ 78.4663533907881, 17.52862182907753 ], [ 78.467673992019783, 17.527836607831972 ], [ 78.46839972657132, 17.527896093600337 ], [ 78.469125463438644, 17.527991271859644 ], [ 78.469280127804907, 17.528669417609549 ], [ 78.469815508102513, 17.528312499875842 ], [ 78.470160528553336, 17.529216695437917 ], [ 78.470576596236214, 17.531190594264277 ], [ 78.470838674996386, 17.531179749138126 ], [ 78.47130267031045, 17.531274928585322 ], [ 78.471489709851213, 17.532056091930233 ], [ 78.471647692273976, 17.532122610760236 ], [ 78.471790460051892, 17.53222730688697 ], [ 78.471933226658123, 17.532322483967473 ], [ 78.472075994998619, 17.53238910960139 ], [ 78.472152137561181, 17.532446217236654 ], [ 78.472218762572069, 17.532588983862691 ], [ 78.472285387102644, 17.532741272092295 ], [ 78.472371047632677, 17.532845965728292 ], [ 78.472504298250513, 17.532960179775859 ], [ 78.472732725964164, 17.533064876825204 ], [ 78.473027779583958, 17.533188609285656 ], [ 78.473322832633031, 17.53331234131991 ], [ 78.473608367965468, 17.533350413032821 ], [ 78.473855832217012, 17.53338848358322 ], [ 78.474065226176378, 17.533388483745423 ], [ 78.474274616641267, 17.533340895370884 ], [ 78.474455455622945, 17.533264751567781 ], [ 78.474617259445353, 17.533207644689778 ], [ 78.47473147434431, 17.533131502451131 ], [ 78.474788740708561, 17.533000041920424 ], [ 78.474621662988824, 17.532811866250384 ], [ 78.474507449046513, 17.532747620784445 ], [ 78.474428926386736, 17.532683375383538 ], [ 78.474393235274306, 17.532597713950395 ], [ 78.474393235900749, 17.532504916390348 ], [ 78.474386096891749, 17.532305039830696 ], [ 78.474303172421713, 17.531532503623058 ], [ 78.474445937603562, 17.531484914934179 ], [ 78.47468388364365, 17.531532504018891 ], [ 78.47485520476144, 17.531599128963524 ], [ 78.474988454699499, 17.531608646828158 ], [ 78.475178811792318, 17.531608646967491 ], [ 78.475359650714125, 17.531484914926953 ], [ 78.475497532540501, 17.531355146081179 ], [ 78.475566121132218, 17.531092223146363 ], [ 78.475762771077441, 17.530718588250423 ], [ 78.475535610867567, 17.530742819401421 ] ] ] } },
{ "type": "Feature", "properties": { "FID": 449, "Descr_1": "Water Bodies", "Descr_2": "Reservoir/Tanks", "Descr_3": "Reservoir/Tanks", "PI_CODE": "Builtup Inside Tank", "LU_Code": "WBRT", "Shape_Area": 0.098576994358999998 }, "geometry": { "type": "Polygon", "coordinates": [ [ [ 78.46069906871179, 17.5322638769285 ], [ 78.460794246944261, 17.531940269349992 ], [ 78.460185105426973, 17.531616663256472 ], [ 78.459985230435706, 17.531921233964841 ], [ 78.459455567973947, 17.531634068446351 ], [ 78.459273284677451, 17.531831542314361 ], [ 78.458923504087764, 17.532281261350562 ], [ 78.458844982037235, 17.532438303969528 ], [ 78.458730768091698, 17.532688148673284 ], [ 78.458680799139728, 17.532923714174888 ], [ 78.458672997742013, 17.533048529138089 ], [ 78.458881841000519, 17.533168531 ], [ 78.458987055000335, 17.533233737000046 ], [ 78.458285285577318, 17.534155779191288 ], [ 78.458077082739266, 17.534453211817041 ], [ 78.458077082739266, 17.534750644442745 ], [ 78.458196055789656, 17.535107563593677 ], [ 78.45873143451594, 17.535137306856321 ], [ 78.459114129014623, 17.535077510840889 ], [ 78.459180485955102, 17.535036676216805 ], [ 78.459373221625711, 17.534915323256261 ], [ 78.459601649910653, 17.534779694800747 ], [ 78.459880047411588, 17.534665479005366 ], [ 78.46012989072095, 17.534551266065915 ], [ 78.46035118196113, 17.534429912615884 ], [ 78.460622438265716, 17.534294284011651 ], [ 78.460808036646341, 17.534222898605957 ], [ 78.460872844157009, 17.534194095717577 ], [ 78.461259611834592, 17.533917833090761 ], [ 78.461765247298402, 17.533352711101944 ], [ 78.462070838202223, 17.533123517924096 ], [ 78.46069906871179, 17.5322638769285 ] ] ] } },
{ "type": "Feature", "properties": { "FID": 450, "Descr_1": "Water Bodies", "Descr_2": "Reservoir/Tanks", "Descr_3": "Reservoir/Tanks", "PI_CODE": "Builtup Inside Tank", "LU_Code": "WBRT", "Shape_Area": 0.038404087526899999 }, "geometry": { "type": "Polygon", "coordinates": [ [ [ 78.47607812930697, 17.528501367242168 ], [ 78.475835423343938, 17.528501366921883 ], [ 78.475764320426478, 17.528229221697863 ], [ 78.475692654658531, 17.52803023405615 ], [ 78.475064479292996, 17.528287214861987 ], [ 78.474778942922924, 17.52855847407103 ], [ 78.47492171104463, 17.529300866133681 ], [ 78.475350014198142, 17.530357346681157 ], [ 78.475535610867567, 17.530742819401421 ], [ 78.475762771077441, 17.530718588250423 ], [ 78.475863553757904, 17.530527101157556 ], [ 78.476458419009376, 17.529694289805398 ], [ 78.476577392059667, 17.529367113917221 ], [ 78.476636878584827, 17.528920964978472 ], [ 78.476309702696483, 17.528504559302483 ], [ 78.476203163913908, 17.528440636032951 ], [ 78.47607812930697, 17.528501367242168 ] ] ] } },
{ "type": "Feature", "properties": { "FID": 451, "Descr_1": "Water Bodies", "Descr_2": "Reservoir/Tanks", "Descr_3": "Reservoir/Tanks", "PI_CODE": " ", "LU_Code": "WBRT", "Shape_Area": 0.0053395165261000003 }, "geometry": { "type": "Polygon", "coordinates": [ [ [ 78.4818177656621, 17.50178533463875 ], [ 78.481722586536449, 17.501785333766367 ], [ 78.481703551664566, 17.501785332693309 ], [ 78.481579820416627, 17.50181388779593 ], [ 78.481465605875215, 17.501870994685586 ], [ 78.481379944679915, 17.50196617265977 ], [ 78.481370720415882, 17.502067648340677 ], [ 78.481370426716595, 17.502070869608826 ], [ 78.48140374041418, 17.502212446964155 ], [ 78.481408497889873, 17.502232673314637 ], [ 78.481475123465529, 17.502337369260108 ], [ 78.481579820276863, 17.502403992924169 ], [ 78.481694033998139, 17.502489653834232 ], [ 78.481751141319251, 17.502537244252995 ], [ 78.48183680091698, 17.502546762260494 ], [ 78.481960533403822, 17.502537243343966 ], [ 78.482055712414805, 17.502461099744377 ], [ 78.482141371911666, 17.502308815263625 ], [ 78.482160406703969, 17.502156530269531 ], [ 78.482129539121999, 17.50200990400268 ], [ 78.482122336911644, 17.501975691297893 ], [ 78.482089023904919, 17.501942378384186 ], [ 78.4820557118408, 17.501909066379472 ], [ 78.481922462415909, 17.501832922735652 ], [ 78.481847119922591, 17.501798677076152 ], [ 78.4818177656621, 17.50178533463875 ] ] ] } },
{ "type": "Feature", "properties": { "FID": 452, "Descr_1": "Water Bodies", "Descr_2": "Reservoir/Tanks", "Descr_3": "Reservoir/Tanks", "PI_CODE": " ", "LU_Code": "WBRT", "Shape_Area": 0.0092006520366499991 }, "geometry": { "type": "Polygon", "coordinates": [ [ [ 78.47629329155393, 17.502689786686158 ], [ 78.476150523036978, 17.502704064339731 ], [ 78.476057724597112, 17.502761172264997 ], [ 78.475986339566433, 17.502846831314859 ], [ 78.475929233550247, 17.503103813225156 ], [ 78.475964926045407, 17.503210888384086 ], [ 78.476036309544639, 17.503339379754443 ], [ 78.47608628047189, 17.503467870811193 ], [ 78.476164800673345, 17.503624916372718 ], [ 78.476229045923162, 17.503767683276667 ], [ 78.476307569136253, 17.503953281449686 ], [ 78.476308880734194, 17.503955611987788 ], [ 78.476350399252482, 17.503981833770325 ], [ 78.476445355271935, 17.503987769123487 ], [ 78.476464613151435, 17.50398897311322 ], [ 78.476571688598511, 17.503924728258895 ], [ 78.476650211852785, 17.503817650728116 ], [ 78.476735871137294, 17.503674883903873 ], [ 78.476778701192885, 17.503546392900386 ], [ 78.47679297860401, 17.503382210142547 ], [ 78.476792978656292, 17.503246225100678 ], [ 78.476792979950275, 17.50318947334879 ], [ 78.476721594109307, 17.502989599628499 ], [ 78.476600241914127, 17.50284683093043 ], [ 78.476450335937315, 17.502746893805416 ], [ 78.47629329155393, 17.502689786686158 ] ] ] } },
{ "type": "Feature", "properties": { "FID": 453, "Descr_1": "Water Bodies", "Descr_2": "Reservoir/Tanks", "Descr_3": "Reservoir/Tanks", "PI_CODE": "Plantation Inside Tank", "LU_Code": "WBRT", "Shape_Area": 0.163222752523 }, "geometry": { "type": "Polygon", "coordinates": [ [ [ 78.47130267031045, 17.531274928585322 ], [ 78.470838674996386, 17.531179749138126 ], [ 78.470576596236214, 17.531190594264277 ], [ 78.470160528553336, 17.529216695437917 ], [ 78.469815508102513, 17.528312499875842 ], [ 78.469280127804907, 17.528669417609549 ], [ 78.469125463438644, 17.527991271859644 ], [ 78.46839972657132, 17.527896093600337 ], [ 78.467673992019783, 17.527836607831972 ], [ 78.4663533907881, 17.52862182907753 ], [ 78.466880203840901, 17.529775395044961 ], [ 78.467114402370456, 17.529673569740648 ], [ 78.467471320768283, 17.529590288899175 ], [ 78.467863932343221, 17.529507006907256 ], [ 78.468185158932414, 17.529483211844045 ], [ 78.46837772312152, 17.529526975671224 ], [ 78.468665684215196, 17.529456343704865 ], [ 78.469320035991899, 17.529486086967449 ], [ 78.46965806456123, 17.529993129821598 ], [ 78.469660424394121, 17.529994795596391 ], [ 78.469779397726754, 17.530185153112587 ], [ 78.469803193390618, 17.53031602267334 ], [ 78.469815089656805, 17.53053017516239 ], [ 78.469802547588685, 17.530574072455604 ], [ 78.469825671455709, 17.53067581747036 ], [ 78.469825671455709, 17.531508628822355 ], [ 78.470212333869114, 17.532311696911918 ], [ 78.470836942383144, 17.533174251526486 ], [ 78.471312834584197, 17.533709630252716 ], [ 78.471729240260359, 17.534155779191298 ], [ 78.47208615941112, 17.534720901180332 ], [ 78.472115902673707, 17.535226536643975 ], [ 78.472175389198938, 17.53585114515802 ], [ 78.472303298449859, 17.536595344436453 ], [ 78.472480502779206, 17.536593022749241 ], [ 78.472349632323798, 17.536021952364813 ], [ 78.47315864998339, 17.53603384960191 ], [ 78.472914203248791, 17.535295725851149 ], [ 78.473301577319532, 17.535272427283072 ], [ 78.473896283107578, 17.535129654329761 ], [ 78.47364643925188, 17.534558583602195 ], [ 78.472885012025145, 17.534832221879494 ], [ 78.472706551534259, 17.533511621653112 ], [ 78.471980817144441, 17.533618697318808 ], [ 78.471707177870385, 17.532964344808843 ], [ 78.471489709851213, 17.532056091930233 ], [ 78.47130267031045, 17.531274928585322 ] ] ] } },
{ "type": "Feature", "properties": { "FID": 454, "Descr_1": "Water Bodies", "Descr_2": "Reservoir/Tanks", "Descr_3": "Reservoir/Tanks", "PI_CODE": "Crop Inside Tank", "LU_Code": "WBRT", "Shape_Area": 0.213782738636 }, "geometry": { "type": "Polygon", "coordinates": [ [ [ 78.475359650714125, 17.531484914926953 ], [ 78.475178811792318, 17.531608646967491 ], [ 78.474988454699499, 17.531608646828158 ], [ 78.47485520476144, 17.531599128963524 ], [ 78.47468388364365, 17.531532504018891 ], [ 78.474445937603562, 17.531484914934179 ], [ 78.474303172421713, 17.531532503623058 ], [ 78.474386096891749, 17.532305039830696 ], [ 78.474393235900749, 17.532504916390348 ], [ 78.474393235274306, 17.532597713950395 ], [ 78.474428926386736, 17.532683375383538 ], [ 78.474507449046513, 17.532747620784445 ], [ 78.474621662988824, 17.532811866250384 ], [ 78.474788740708561, 17.533000041920424 ], [ 78.47473147434431, 17.533131502451131 ], [ 78.474617259445353, 17.533207644689778 ], [ 78.474455455622945, 17.533264751567781 ], [ 78.474274616641267, 17.533340895370884 ], [ 78.474065226176378, 17.533388483745423 ], [ 78.473855832217012, 17.53338848358322 ], [ 78.473608367965468, 17.533350413032821 ], [ 78.473322832633031, 17.53331234131991 ], [ 78.473027779583958, 17.533188609285656 ], [ 78.472732725964164, 17.533064876825204 ], [ 78.472504298250513, 17.532960179775859 ], [ 78.472371047632677, 17.532845965728292 ], [ 78.472285387102644, 17.532741272092295 ], [ 78.472218762572069, 17.532588983862691 ], [ 78.472152137561181, 17.532446217236654 ], [ 78.472075994998619, 17.53238910960139 ], [ 78.471933226658123, 17.532322483967473 ], [ 78.471790460051892, 17.53222730688697 ], [ 78.471647692273976, 17.532122610760236 ], [ 78.471489709851213, 17.532056091930233 ], [ 78.471707177870385, 17.532964344808843 ], [ 78.471980817144441, 17.533618697318808 ], [ 78.472706551534259, 17.533511621653112 ], [ 78.472885012025145, 17.534832221879494 ], [ 78.47364643925188, 17.534558583602195 ], [ 78.473896283107578, 17.535129654329761 ], [ 78.473301577319532, 17.535272427283072 ], [ 78.472914203248791, 17.535295725851149 ], [ 78.47315864998339, 17.53603384960191 ], [ 78.472349632323798, 17.536021952364813 ], [ 78.472480502779206, 17.536593022749241 ], [ 78.472303298449859, 17.536595344436453 ], [ 78.472502565087098, 17.537754713962684 ], [ 78.472740511187737, 17.539033674253421 ], [ 78.473162444923076, 17.539371221241542 ], [ 78.473312899225746, 17.539286591833495 ], [ 78.473538947334234, 17.539108132627788 ], [ 78.473836378555632, 17.538703622591918 ], [ 78.473946856222156, 17.538532885073671 ], [ 78.474346647366659, 17.537695227437624 ], [ 78.474822539567882, 17.536862416085473 ], [ 78.475119972193582, 17.536297294096595 ], [ 78.475357918294108, 17.535613199057497 ], [ 78.47553637786956, 17.535137306856335 ], [ 78.475566121132218, 17.534482955079639 ], [ 78.475566121132218, 17.533858346565598 ], [ 78.475447148081926, 17.533174251526489 ], [ 78.475417404819339, 17.532519899749801 ], [ 78.475387661556738, 17.531776318185468 ], [ 78.475497532540501, 17.531355146081179 ], [ 78.475359650714125, 17.531484914926953 ] ] ] } },
{ "type": "Feature", "properties": { "FID": 457, "Descr_1": "Water Bodies", "Descr_2": "Reservoir/Tanks", "Descr_3": "Reservoir/Tanks", "PI_CODE": "Plantation Inside Tank", "LU_Code": "WBRT", "Shape_Area": 0.052737082709800001 }, "geometry": { "type": "Polygon", "coordinates": [ [ [ 78.475561488769159, 17.524474446259052 ], [ 78.475644769593643, 17.524284090351717 ], [ 78.475823229373503, 17.524069938142599 ], [ 78.476096867428154, 17.523962862296212 ], [ 78.476489477849469, 17.523891478664655 ], [ 78.476539828106411, 17.523881409047839 ], [ 78.476461244059422, 17.523252733851574 ], [ 78.475193249818801, 17.523303738265337 ], [ 78.474550496415119, 17.523602831890376 ], [ 78.474150745962447, 17.523698009963287 ], [ 78.4739889430479, 17.524059688397596 ], [ 78.474150746648917, 17.524192938440049 ], [ 78.474283996270344, 17.524326188025313 ], [ 78.474331585426938, 17.524602204796881 ], [ 78.474226888891394, 17.524859187023612 ], [ 78.474141227727699, 17.52508761581996 ], [ 78.474074604331278, 17.525258936166736 ], [ 78.47406508472757, 17.525392184917873 ], [ 78.474112674571401, 17.525611096884262 ], [ 78.474283996450694, 17.525791935597738 ], [ 78.474493388582573, 17.525820488671208 ], [ 78.474693262616668, 17.525849042954775 ], [ 78.474788442208833, 17.526001327568654 ], [ 78.474769405657042, 17.526182167093726 ], [ 78.47457905004832, 17.526353487881039 ], [ 78.474483870750717, 17.526448666242409 ], [ 78.474483872164427, 17.526543844968387 ], [ 78.474645674298714, 17.526743718978054 ], [ 78.474950245024331, 17.526762755606786 ], [ 78.475519509981396, 17.526716599229669 ], [ 78.475395504036058, 17.52561181470049 ], [ 78.475295808080929, 17.524504080225697 ], [ 78.475561748529728, 17.524480955208276 ], [ 78.475561488769159, 17.524474446259052 ] ] ] } },
{ "type": "Feature", "properties": { "FID": 458, "Descr_1": "Water Bodies", "Descr_2": "Reservoir/Tanks", "Descr_3": "Reservoir/Tanks", "PI_CODE": "Crop Inside Tank", "LU_Code": "WBRT", "Shape_Area": 0.12574420692300001 }, "geometry": { "type": "Polygon", "coordinates": [ [ [ 78.47275162342423, 17.520043156776751 ], [ 78.472761141061852, 17.520223997198382 ], [ 78.472846801396301, 17.520376281743523 ], [ 78.472970533764055, 17.520557122368551 ], [ 78.473189443964714, 17.520709406940053 ], [ 78.473465461893298, 17.520842656905259 ], [ 78.473731961325896, 17.520956870807311 ], [ 78.474027013851853, 17.521071084723712 ], [ 78.474255442818801, 17.521213853215652 ], [ 78.474426764165202, 17.521366138009878 ], [ 78.474617120801966, 17.521537458683706 ], [ 78.474721817111615, 17.521689744956809 ], [ 78.474769406282434, 17.521899137283476 ], [ 78.474807479291243, 17.522222744262283 ], [ 78.474797960253781, 17.522489244420772 ], [ 78.474626639426432, 17.522727190051867 ], [ 78.474379175460101, 17.522936581706222 ], [ 78.474274477976181, 17.523069831977747 ], [ 78.474236406079726, 17.523231635669845 ], [ 78.474236406880323, 17.523317295568205 ], [ 78.47418881842826, 17.523383920887547 ], [ 78.474150745962447, 17.523698009963287 ], [ 78.474550496415119, 17.523602831890376 ], [ 78.475193249818801, 17.523303738265337 ], [ 78.476461244059422, 17.523252733851574 ], [ 78.476539828106411, 17.523881409047839 ], [ 78.476846398388403, 17.523820094590434 ], [ 78.477286597161296, 17.523689224410564 ], [ 78.477595927291745, 17.523570250990005 ], [ 78.47776248875897, 17.52342748361734 ], [ 78.477833875095115, 17.523213331791023 ], [ 78.47784576962529, 17.522892104580304 ], [ 78.477810079680083, 17.522594672193275 ], [ 78.477643516586454, 17.522356725036062 ], [ 78.477417467941663, 17.522154470623583 ], [ 78.477215214449686, 17.522011704143967 ], [ 78.477135203303348, 17.521948537673619 ], [ 78.476989165398919, 17.521833245314312 ], [ 78.47677501459161, 17.521642887209257 ], [ 78.476525169703805, 17.52142873566353 ], [ 78.476263429212892, 17.521178893344409 ], [ 78.476061174786892, 17.52097663905074 ], [ 78.475823228639925, 17.520631616165776 ], [ 78.475656665976985, 17.520334184165623 ], [ 78.475478206964453, 17.520001059650909 ], [ 78.475216466701511, 17.519489475785001 ], [ 78.475038006240439, 17.519334810758298 ], [ 78.474607464725494, 17.519272905130833 ], [ 78.474550795000823, 17.519294346415062 ], [ 78.472751452439937, 17.52004041589327 ], [ 78.47275162342423, 17.520043156776751 ] ] ] } },
{ "type": "Feature", "properties": { "FID": 459, "Descr_1": "Water Bodies", "Descr_2": "Reservoir/Tanks", "Descr_3": "Reservoir/Tanks", "PI_CODE": "Crop Inside Tank", "LU_Code": "WBRT", "Shape_Area": 0.029649819598300001 }, "geometry": { "type": "Polygon", "coordinates": [ [ [ 78.475295808080929, 17.524504080225697 ], [ 78.475395504036058, 17.52561181470049 ], [ 78.475519509981396, 17.526716599229669 ], [ 78.474950245024331, 17.526762755606786 ], [ 78.474645674298714, 17.526743718978054 ], [ 78.474483872164427, 17.526543844968387 ], [ 78.474483870750717, 17.526448666242409 ], [ 78.47457905004832, 17.526353487881039 ], [ 78.474769405657042, 17.526182167093726 ], [ 78.474788442208833, 17.526001327568654 ], [ 78.474693262616668, 17.525849042954775 ], [ 78.474493388582573, 17.525820488671208 ], [ 78.474283996450694, 17.525791935597738 ], [ 78.474112674571401, 17.525611096884262 ], [ 78.47406508472757, 17.525392184917873 ], [ 78.474074604331278, 17.525258936166736 ], [ 78.474141227727699, 17.52508761581996 ], [ 78.474226888891394, 17.524859187023612 ], [ 78.474331585426938, 17.524602204796881 ], [ 78.474283996270344, 17.524326188025313 ], [ 78.474150746648917, 17.524192938440049 ], [ 78.4739889430479, 17.524059688397596 ], [ 78.473874727597405, 17.524449920242368 ], [ 78.473703408335354, 17.524849669266843 ], [ 78.473427391042151, 17.525154240738811 ], [ 78.473303658150698, 17.525458811847198 ], [ 78.473303658343056, 17.525734829162882 ], [ 78.473465460996678, 17.525868077787084 ], [ 78.473712924781921, 17.52595373901784 ], [ 78.473960389926134, 17.526115540786549 ], [ 78.474065085824861, 17.526277345974041 ], [ 78.474084121164239, 17.526420113073097 ], [ 78.474112674875002, 17.526619987986628 ], [ 78.474236406612334, 17.5269055231051 ], [ 78.474360139072601, 17.526953113214674 ], [ 78.474493389087115, 17.526953113396903 ], [ 78.474788442223897, 17.526943595707806 ], [ 78.475073977393677, 17.526905523089479 ], [ 78.475292888091786, 17.526886488192861 ], [ 78.475388065862845, 17.526896005310185 ], [ 78.475521315668885, 17.526972148338341 ], [ 78.475571542262514, 17.527008752717119 ], [ 78.475770079677048, 17.527153450722604 ], [ 78.475751844947666, 17.526984777274482 ], [ 78.475729423607191, 17.526592409672958 ], [ 78.475728050981502, 17.526568372143892 ], [ 78.475704256064517, 17.526056787288653 ], [ 78.475668564181703, 17.525652279996784 ], [ 78.475597179704906, 17.525152592991986 ], [ 78.475573385600512, 17.52477187973556 ], [ 78.475561748529728, 17.524480955208276 ], [ 78.475295808080929, 17.524504080225697 ] ] ] } },
{ "type": "Feature", "properties": { "FID": 460, "Descr_1": "Water Bodies", "Descr_2": "Reservoir/Tanks", "Descr_3": "Reservoir/Tanks", "PI_CODE": " ", "LU_Code": "WBRT", "Shape_Area": 0.14256358517100001 }, "geometry": { "type": "Polygon", "coordinates": [ [ [ 78.409640404795681, 17.503371256329771 ], [ 78.409821244771067, 17.503380773030486 ], [ 78.410011601983641, 17.503437882018151 ], [ 78.410144850918016, 17.503447399161285 ], [ 78.410230511813481, 17.503428363356903 ], [ 78.41034472605611, 17.503342702745854 ], [ 78.410477976036987, 17.503285595954022 ], [ 78.410706404460186, 17.503304631045523 ], [ 78.411077599264885, 17.503314150211718 ], [ 78.411286991536358, 17.503295112654811 ], [ 78.411591564111035, 17.5031904171387 ], [ 78.411839028293414, 17.503028613574855 ], [ 78.411991313307524, 17.502933434940459 ], [ 78.412391061855189, 17.502847775864431 ], [ 78.412695634095655, 17.502819220703824 ], [ 78.412971651211592, 17.502838257450517 ], [ 78.413238151348281, 17.5029048816772 ], [ 78.413447543203276, 17.502961989358639 ], [ 78.413523685776866, 17.502971507291999 ], [ 78.413609347460991, 17.502961989239708 ], [ 78.413666455282254, 17.502866810691899 ], [ 78.413609347008389, 17.502657417864366 ], [ 78.413618863887422, 17.502495615274359 ], [ 78.413637900379271, 17.502305257611326 ], [ 78.413733078811006, 17.502162489673658 ], [ 78.413799703336821, 17.502000686780899 ], [ 78.413790185613095, 17.501829365134427 ], [ 78.413704525000142, 17.501696115709859 ], [ 78.413571275195437, 17.50157238417135 ], [ 78.413438024627723, 17.501448651627211 ], [ 78.413285740088071, 17.501343953650302 ], [ 78.413142972463532, 17.501210705898657 ], [ 78.41298116925978, 17.501029867950667 ], [ 78.412866953890259, 17.500820473864774 ], [ 78.412800329999712, 17.500658671199396 ], [ 78.412756747192532, 17.500513393912872 ], [ 78.412677264153785, 17.500333463407078 ], [ 78.412503285026162, 17.499797033728743 ], [ 78.412440970294568, 17.499673858929661 ], [ 78.412357688894531, 17.499447809760678 ], [ 78.412321996031082, 17.499293144962913 ], [ 78.412214921788461, 17.499162274387587 ], [ 78.412072153115474, 17.49910278691355 ], [ 78.411750926168935, 17.499257453682787 ], [ 78.411453492901472, 17.499459708220261 ], [ 78.411298828557804, 17.499697653070214 ], [ 78.411336335239284, 17.500001023227917 ], [ 78.411363134801022, 17.500277956697769 ], [ 78.41139168909497, 17.500392170406201 ], [ 78.411382170909789, 17.500506384747453 ], [ 78.411363134665194, 17.500677705988593 ], [ 78.411229886228284, 17.500877581046709 ], [ 78.411144224670451, 17.501058420394788 ], [ 78.411030009591883, 17.501220222603585 ], [ 78.410906279075462, 17.501343955040067 ], [ 78.410744475620021, 17.501429616020772 ], [ 78.410516048077938, 17.501505759344056 ], [ 78.410297136888488, 17.501562866564043 ], [ 78.410040154560193, 17.50157238387537 ], [ 78.409840280079308, 17.501591418978737 ], [ 78.409573781419169, 17.501591418769145 ], [ 78.409288246287502, 17.501610455215825 ], [ 78.409097889622018, 17.501629491136104 ], [ 78.408936085053625, 17.501658044232219 ], [ 78.408831389728903, 17.501724669295058 ], [ 78.408764764307136, 17.501848400600409 ], [ 78.408726692973246, 17.501934061885162 ], [ 78.408641031644592, 17.50201020358142 ], [ 78.408536336658017, 17.502057793902782 ], [ 78.408460193153275, 17.502133937068336 ], [ 78.408412602581052, 17.5022100794266 ], [ 78.408393568069698, 17.502305258336111 ], [ 78.4083840510974, 17.502371883286433 ], [ 78.408365015387346, 17.502514651358037 ], [ 78.408336460593475, 17.502647899652281 ], [ 78.408298388674723, 17.502781150004548 ], [ 78.408269835792524, 17.502923918301356 ], [ 78.408241282891481, 17.503066684776279 ], [ 78.408222245793581, 17.503190417286365 ], [ 78.408165140466465, 17.503323667203166 ], [ 78.408127068173513, 17.50344739928563 ], [ 78.408127067996759, 17.503571131288108 ], [ 78.408307906899836, 17.503628238417434 ], [ 78.408441158423187, 17.503618720266097 ], [ 78.408621996219551, 17.503599684278978 ], [ 78.408793316548866, 17.503561612935716 ], [ 78.409012228530287, 17.503504506387873 ], [ 78.40925017402003, 17.503418845321683 ], [ 78.409459566936476, 17.503371255885515 ], [ 78.409640404795681, 17.503371256329771 ] ] ] } },
{ "type": "Feature", "properties": { "FID": 461, "Descr_1": "Water Bodies", "Descr_2": "Reservoir/Tanks", "Descr_3": "Reservoir/Tanks", "PI_CODE": " ", "LU_Code": "WBRT", "Shape_Area": 0.103908294901 }, "geometry": { "type": "Polygon", "coordinates": [ [ [ 78.405581044691445, 17.501665182651298 ], [ 78.405533455955023, 17.502176767275852 ], [ 78.405592941635234, 17.502414712891149 ], [ 78.405830887922363, 17.50260506984737 ], [ 78.406306781002485, 17.502795427076947 ], [ 78.406580418568197, 17.502854912728345 ], [ 78.406830261535518, 17.502854912923457 ], [ 78.407056310768638, 17.502866809721937 ], [ 78.407294256677744, 17.502914400158652 ], [ 78.407437025430667, 17.502961988891922 ], [ 78.407615483744507, 17.503033374421747 ], [ 78.407782047355226, 17.50312855063342 ], [ 78.407873258357455, 17.503196959105253 ], [ 78.408149743273952, 17.502947231034074 ], [ 78.408238774426621, 17.502340087937124 ], [ 78.408552862849348, 17.501412099114198 ], [ 78.408652798831639, 17.501155116551757 ], [ 78.408781292307566, 17.500940965067326 ], [ 78.408881228303557, 17.500769644396819 ], [ 78.408895130012525, 17.500695502345522 ], [ 78.408899412176964, 17.500690394877555 ], [ 78.408907632893502, 17.500628817800639 ], [ 78.408924057617142, 17.500541216113447 ], [ 78.408924057827491, 17.500505775577722 ], [ 78.408955138239648, 17.500272946045943 ], [ 78.40895818773086, 17.500057923670674 ], [ 78.408848517310958, 17.499889219853038 ], [ 78.408636276601086, 17.499751062179183 ], [ 78.408407782848556, 17.499697653216327 ], [ 78.408146042976682, 17.499673858247093 ], [ 78.407884301871292, 17.499697653096884 ], [ 78.407646355917166, 17.499709549765576 ], [ 78.40742030795316, 17.499745241894395 ], [ 78.407241847204048, 17.499745242616186 ], [ 78.407027695673847, 17.499685755107748 ], [ 78.406825441528298, 17.499590578373997 ], [ 78.406456625588191, 17.499542988300398 ], [ 78.406361446348555, 17.499626269350614 ], [ 78.406301960432486, 17.499769036787121 ], [ 78.406258090746874, 17.499927064334209 ], [ 78.406219046838416, 17.500046033166829 ], [ 78.406217351112545, 17.500165490326239 ], [ 78.406217619950567, 17.500405967045314 ], [ 78.406103405996916, 17.500605841365935 ], [ 78.40598919065944, 17.500739091754198 ], [ 78.405874978022865, 17.500881859409134 ], [ 78.405751246310643, 17.500996073402529 ], [ 78.405627514471703, 17.501119804620323 ], [ 78.405548608091024, 17.501189428570765 ], [ 78.405581044691445, 17.501665182651298 ] ] ] } },
{ "type": "Feature", "properties": { "FID": 462, "Descr_1": "Water Bodies", "Descr_2": "Reservoir/Tanks", "Descr_3": "Reservoir/Tanks", "PI_CODE": "Builtup Inside Tank", "LU_Code": "WBRT", "Shape_Area": 0.039428230556199997 }, "geometry": { "type": "Polygon", "coordinates": [ [ [ 78.407782047355226, 17.50312855063342 ], [ 78.407615483744507, 17.503033374421747 ], [ 78.407437025430667, 17.502961988891922 ], [ 78.407294256677744, 17.502914400158652 ], [ 78.407056310768638, 17.502866809721937 ], [ 78.406830261535518, 17.502854912923457 ], [ 78.406580418568197, 17.502854912728345 ], [ 78.406306781002485, 17.502795427076947 ], [ 78.405830887922363, 17.50260506984737 ], [ 78.405592941635234, 17.502414712891149 ], [ 78.405533455955023, 17.502176767275852 ], [ 78.405581044691445, 17.501665182651298 ], [ 78.405548608091024, 17.501189428570765 ], [ 78.40546571169078, 17.501262572683977 ], [ 78.405294388852269, 17.501414858011763 ], [ 78.40509451477449, 17.501548107140216 ], [ 78.404789944031705, 17.501633768839987 ], [ 78.404466337098697, 17.501728945753708 ], [ 78.404161765671319, 17.501833642956093 ], [ 78.404028516199375, 17.501957375093028 ], [ 78.403999963025313, 17.502119178407533 ], [ 78.404057069810861, 17.502271463847908 ], [ 78.404199836159265, 17.502509409736376 ], [ 78.404342605623867, 17.502756873734004 ], [ 78.404513924992827, 17.502956749029202 ], [ 78.40463765784709, 17.503051927182714 ], [ 78.404856569116106, 17.503156624290817 ], [ 78.405104032890449, 17.503232765328718 ], [ 78.405380049976586, 17.503251801949286 ], [ 78.405656067109035, 17.503261320015689 ], [ 78.405884496131605, 17.503318426739792 ], [ 78.406065334265378, 17.503404087653699 ], [ 78.406179549159248, 17.503499265936853 ], [ 78.406312799362155, 17.503603961110766 ], [ 78.406474602367865, 17.503613480056615 ], [ 78.406598335004972, 17.503603961406682 ], [ 78.4066649587418, 17.503499266326102 ], [ 78.406750620788515, 17.503318428029861 ], [ 78.406960011696441, 17.503185176345681 ], [ 78.407121816105075, 17.503175659333888 ], [ 78.407302654821052, 17.503280355598537 ], [ 78.407464458329144, 17.503356496650596 ], [ 78.407540600678445, 17.503356497617187 ], [ 78.407654814711265, 17.503318427596987 ], [ 78.407769027549548, 17.503261320206306 ], [ 78.407854689195005, 17.503213730774185 ], [ 78.407873258357455, 17.503196959105253 ], [ 78.407782047355226, 17.50312855063342 ] ] ] } },
{ "type": "Feature", "properties": { "FID": 468, "Descr_1": "Water Bodies", "Descr_2": "Reservoir/Tanks", "Descr_3": "Reservoir/Tanks", "PI_CODE": " ", "LU_Code": "WBRT", "Shape_Area": 0.0027760268647299999 }, "geometry": { "type": "Polygon", "coordinates": [ [ [ 78.426184166747007, 17.541047544702529 ], [ 78.426112784012858, 17.541061820718216 ], [ 78.426048537963638, 17.541097513223487 ], [ 78.425991430992795, 17.541161759402566 ], [ 78.425962877914543, 17.541226004192012 ], [ 78.42596287766905, 17.541354494607571 ], [ 78.425971963070253, 17.541393106777925 ], [ 78.426012846195306, 17.541454432186988 ], [ 78.426084230963596, 17.541518678444902 ], [ 78.4261556143381, 17.541575784797828 ], [ 78.426276965679733, 17.541618615239898 ], [ 78.426391179686348, 17.541618614043387 ], [ 78.426462564065574, 17.541611476913243 ], [ 78.426505394660012, 17.541568647323846 ], [ 78.426512534113968, 17.541511538923658 ], [ 78.426512533295963, 17.541411601632504 ], [ 78.426491117739118, 17.541340217648592 ], [ 78.426455425640512, 17.541261696330352 ], [ 78.426405457997632, 17.54117603496805 ], [ 78.426348349342135, 17.541126066908415 ], [ 78.426255550720441, 17.541076097916619 ], [ 78.426184166747007, 17.541047544702529 ] ] ] } },
{ "type": "Feature", "properties": { "FID": 469, "Descr_1": "Water Bodies", "Descr_2": "Reservoir/Tanks", "Descr_3": "Reservoir/Tanks", "PI_CODE": " ", "LU_Code": "WBRT", "Shape_Area": 0.124690572013 }, "geometry": { "type": "Polygon", "coordinates": [ [ [ 78.426772292137997, 17.537059504792108 ], [ 78.42673422016621, 17.537164200249503 ], [ 78.426686629862559, 17.537316485113788 ], [ 78.426705665706351, 17.53755443270795 ], [ 78.426696148380017, 17.537706716804021 ], [ 78.426686629989675, 17.53784948465945 ], [ 78.426648559255568, 17.538011288226258 ], [ 78.426524827038364, 17.538163573582526 ], [ 78.42641061281445, 17.538239716303497 ], [ 78.426296397613527, 17.538325377877939 ], [ 78.426267845465148, 17.538382484737276 ], [ 78.426286880950911, 17.538487179028262 ], [ 78.426334469734826, 17.538563323246045 ], [ 78.426486756282188, 17.538582360092576 ], [ 78.426696149351542, 17.538534768636371 ], [ 78.426867468285295, 17.538411037171528 ], [ 78.426962648140687, 17.538287306324719 ], [ 78.42706734415745, 17.538192126562667 ], [ 78.427124450457271, 17.538135018978114 ], [ 78.427286253757615, 17.538087430681973 ], [ 78.427457575417037, 17.538087431261307 ], [ 78.427609861428962, 17.538154055616751 ], [ 78.427686004946494, 17.538287305191503 ], [ 78.427666968599738, 17.538439591296179 ], [ 78.427619378246291, 17.538763197933072 ], [ 78.42762889738826, 17.538991625677188 ], [ 78.427686003890528, 17.539210535999416 ], [ 78.427743110638801, 17.539372339083272 ], [ 78.427847807422708, 17.53950558960771 ], [ 78.428019127762553, 17.539581732032172 ], [ 78.428228522150661, 17.53968643007611 ], [ 78.428409359662751, 17.539810161083299 ], [ 78.428571163269055, 17.539924376289846 ], [ 78.428685378899459, 17.539962445952977 ], [ 78.428828144887063, 17.540019553404342 ], [ 78.428961395325587, 17.540095696198549 ], [ 78.429043962335669, 17.540143048323571 ], [ 78.429097499911606, 17.540153755210209 ], [ 78.42916531531236, 17.540164462097341 ], [ 78.42922242234178, 17.540175170085924 ], [ 78.429279529388523, 17.540185877155047 ], [ 78.429325927579384, 17.540207294226491 ], [ 78.429354482329515, 17.540228706583893 ], [ 78.429418449724395, 17.540373860259535 ], [ 78.429454141809146, 17.540469038076999 ], [ 78.42945414211907, 17.540564217290143 ], [ 78.429442243766559, 17.540706983989178 ], [ 78.429418450127656, 17.540831905727135 ], [ 78.429400604033816, 17.540927083807482 ], [ 78.429370860547522, 17.541046056161278 ], [ 78.429329218695131, 17.54115908238316 ], [ 78.429275682285976, 17.541266157990037 ], [ 78.429186451847187, 17.541355387069448 ], [ 78.429060340910269, 17.541439462326942 ], [ 78.429055582966214, 17.541444221037814 ], [ 78.428912814271996, 17.541539399163668 ], [ 78.428846189358282, 17.541634576728782 ], [ 78.428846188633187, 17.54178686301011 ], [ 78.428874742872736, 17.541939148433023 ], [ 78.428941368214709, 17.542043845364947 ], [ 78.429040709701127, 17.542101050627668 ], [ 78.429104955632496, 17.542126035195054 ], [ 78.42920846159204, 17.54214388054428 ], [ 78.429326247254409, 17.54214387983502 ], [ 78.429440459636709, 17.542143880600975 ], [ 78.429522551306235, 17.542143882063648 ], [ 78.42960821170324, 17.542140311969955 ], [ 78.429676026373741, 17.542140311591812 ], [ 78.429729564360329, 17.542154589141148 ], [ 78.429765255225874, 17.54222954262961 ], [ 78.4297902416657, 17.542275940585839 ], [ 78.429811654678261, 17.542325910011993 ], [ 78.429932971257927, 17.542438620120745 ], [ 78.430068599825972, 17.542581388246759 ], [ 78.430243252069644, 17.542732008239255 ], [ 78.430547823230825, 17.542779596773148 ], [ 78.430949632644825, 17.542672022207793 ], [ 78.431149507846371, 17.542529254949997 ], [ 78.43114950795767, 17.542443593844546 ], [ 78.431149507757226, 17.542348415634255 ], [ 78.431130472197893, 17.542215166192943 ], [ 78.431130472093955, 17.542062879954461 ], [ 78.431120954316867, 17.541891558991594 ], [ 78.431082883429696, 17.541777345400831 ], [ 78.430949633250677, 17.541558434844131 ], [ 78.43076879394664, 17.541196756843846 ], [ 78.430697410161343, 17.541101578192794 ], [ 78.430611749948525, 17.54105398875053 ], [ 78.430536616744988, 17.541042249038913 ], [ 78.430346440387424, 17.541063903007679 ], [ 78.430203671616496, 17.541087697847193 ], [ 78.430090648329909, 17.541129338605703 ], [ 78.4299538275842, 17.541147184640984 ], [ 78.429888393001391, 17.54112933921401 ], [ 78.429834855618779, 17.54109959380731 ], [ 78.429793216097096, 17.541040108726079 ], [ 78.429781318084622, 17.540950878699007 ], [ 78.429781317822531, 17.540873545548205 ], [ 78.429805111823995, 17.540772418804217 ], [ 78.429840804251924, 17.540665343800278 ], [ 78.429870547956412, 17.540540422382168 ], [ 78.429906238981218, 17.540427398356456 ], [ 78.429994887951636, 17.540239773017255 ], [ 78.430018893061288, 17.540107749006328 ], [ 78.429990339596898, 17.539936427588071 ], [ 78.429947613941962, 17.539846705882464 ], [ 78.42989516109121, 17.539736554445057 ], [ 78.42980950046821, 17.539565232244055 ], [ 78.429666733448528, 17.539308250695957 ], [ 78.429571553679352, 17.539146446683791 ], [ 78.429466856643032, 17.53884187626851 ], [ 78.429362163400342, 17.538565859857993 ], [ 78.429264036067309, 17.5382893263479 ], [ 78.429257465333549, 17.538270806351864 ], [ 78.429171804973066, 17.538013824266343 ], [ 78.429209876129235, 17.537709254434947 ], [ 78.429305055095753, 17.537499860282992 ], [ 78.429447822159332, 17.537347575375289 ], [ 78.429590589935088, 17.537233359765658 ], [ 78.429742874818373, 17.537138181585679 ], [ 78.429764991679178, 17.537096161870313 ], [ 78.429838053628032, 17.536957343037276 ], [ 78.429799982314435, 17.536795539678572 ], [ 78.429704804344823, 17.536662289622377 ], [ 78.429504929235293, 17.536519522235832 ], [ 78.429238430590317, 17.536433862257738 ], [ 78.429076626040597, 17.536424343854215 ], [ 78.428895787352175, 17.536433861980679 ], [ 78.428753019589777, 17.53649096898571 ], [ 78.428629287018936, 17.536586146557628 ], [ 78.428457965735262, 17.536690843430375 ], [ 78.428277127314317, 17.536786020591645 ], [ 78.428048698953106, 17.536881199742524 ], [ 78.42789641392811, 17.536947825356794 ], [ 78.427715573880832, 17.536966861404306 ], [ 78.427515699911041, 17.536966860807794 ], [ 78.427249199702686, 17.536966860607222 ], [ 78.427039807955197, 17.536966860682838 ], [ 78.426831846980903, 17.536966860694889 ], [ 78.426772292137997, 17.537059504792108 ] ] ] } },
{ "type": "Feature", "properties": { "FID": 470, "Descr_1": "Water Bodies", "Descr_2": "Reservoir/Tanks", "Descr_3": "Reservoir/Tanks", "PI_CODE": " ", "LU_Code": "WBRT", "Shape_Area": 0.0062322559819100003 }, "geometry": { "type": "Polygon", "coordinates": [ [ [ 78.422881895283481, 17.543183074653463 ], [ 78.422846201950009, 17.543283012158248 ], [ 78.422746266352689, 17.543375811078729 ], [ 78.422589219858978, 17.543425778959666 ], [ 78.422432177226796, 17.543461470671165 ], [ 78.422396484345029, 17.543504300992549 ], [ 78.422382205930347, 17.543604238628792 ], [ 78.422467867795788, 17.543639931583186 ], [ 78.422567805123691, 17.543661347022713 ], [ 78.422674880814, 17.543704176323409 ], [ 78.422774817892204, 17.543754144757614 ], [ 78.422781957670495, 17.543818388772365 ], [ 78.422753403359351, 17.54390405080979 ], [ 78.422682018896239, 17.543996849596809 ], [ 78.422660604371657, 17.544096786584166 ], [ 78.422660604005287, 17.544211000749193 ], [ 78.422717710643653, 17.544310938732046 ], [ 78.422839064279614, 17.544360908228828 ], [ 78.422937171086346, 17.544366358036001 ], [ 78.423029911912423, 17.544289073562886 ], [ 78.423115571580524, 17.544146306926816 ], [ 78.423191715412685, 17.543946432315028 ], [ 78.4231917156241, 17.543708485045887 ], [ 78.423153643667717, 17.543556199887387 ], [ 78.42310605540942, 17.543422949858357 ], [ 78.423029911577402, 17.543242109862732 ], [ 78.422983482587739, 17.543186396994475 ], [ 78.422953769648799, 17.54316596787541 ], [ 78.422887192092801, 17.543169297082216 ], [ 78.422881895283481, 17.543183074653463 ] ] ] } },
{ "type": "Feature", "properties": { "FID": 471, "Descr_1": "Water Bodies", "Descr_2": "Reservoir/Tanks", "Descr_3": "Reservoir/Tanks", "PI_CODE": " ", "LU_Code": "WBRT", "Shape_Area": 0.0265416075835 }, "geometry": { "type": "Polygon", "coordinates": [ [ [ 78.426565819783903, 17.542657262551117 ], [ 78.426442087225752, 17.542666780215125 ], [ 78.426356425614074, 17.542771478031764 ], [ 78.426270765957909, 17.542895209123497 ], [ 78.426204141298712, 17.543009422730375 ], [ 78.426108963310028, 17.543123636812467 ], [ 78.42601378416488, 17.543218814832354 ], [ 78.425899569917291, 17.543352064223544 ], [ 78.425823426879234, 17.543485314743727 ], [ 78.425823426690783, 17.54364711801411 ], [ 78.425842463358563, 17.543751814797091 ], [ 78.425890052326238, 17.543827957097918 ], [ 78.426051855819949, 17.54392313525959 ], [ 78.426261248833342, 17.543989762062512 ], [ 78.426508711786738, 17.544075421186541 ], [ 78.42671810436903, 17.544161081710623 ], [ 78.426908460789335, 17.54423722533193 ], [ 78.427155923810986, 17.544360956572177 ], [ 78.427336763767045, 17.544465653106624 ], [ 78.427555676180802, 17.54455131439315 ], [ 78.427746031954968, 17.544598903257633 ], [ 78.427945907107528, 17.544598902658642 ], [ 78.428126746137195, 17.544551314224254 ], [ 78.428212406469584, 17.544437098686405 ], [ 78.428269513057856, 17.544256260648737 ], [ 78.428193370464783, 17.544113491911034 ], [ 78.428022049117317, 17.543989760755792 ], [ 78.427841210176581, 17.543885064788473 ], [ 78.427650852662566, 17.543799403976831 ], [ 78.427450978124952, 17.543637600147932 ], [ 78.427241587463527, 17.543456763066676 ], [ 78.427089299885466, 17.543266404655757 ], [ 78.426965568543579, 17.543066530247895 ], [ 78.426862534733687, 17.542884240131059 ], [ 78.426765694314412, 17.542800030398439 ], [ 78.426651479820549, 17.542714369775663 ], [ 78.426565819783903, 17.542657262551117 ] ] ] } },
{ "type": "Feature", "properties": { "FID": 474, "Descr_1": "Water Bodies", "Descr_2": "Reservoir/Tanks", "Descr_3": "Reservoir/Tanks", "PI_CODE": " ", "LU_Code": "WBRT", "Shape_Area": 0.0070723941158800001 }, "geometry": { "type": "Polygon", "coordinates": [ [ [ 78.429427810571937, 17.522943953608316 ], [ 78.429299580811957, 17.522982610381703 ], [ 78.429166331681145, 17.523001645264955 ], [ 78.429080669697711, 17.523058752790838 ], [ 78.428947420714181, 17.523134896094842 ], [ 78.428833207157027, 17.523230074039546 ], [ 78.428787201234343, 17.523457203953456 ], [ 78.428825286555295, 17.523576904352673 ], [ 78.428853826166559, 17.523666596398563 ], [ 78.42887058078729, 17.523715001085574 ], [ 78.428911389856097, 17.523832894353518 ], [ 78.428995011396978, 17.523924877233163 ], [ 78.429090188974044, 17.523953430438358 ], [ 78.429194885914285, 17.523953429963974 ], [ 78.429309100064941, 17.523915358587459 ], [ 78.429413795652877, 17.523858252170626 ], [ 78.429508974121319, 17.523763072755784 ], [ 78.429566080947765, 17.523658377346695 ], [ 78.429585116936565, 17.523534645178042 ], [ 78.429594634830352, 17.52344898386265 ], [ 78.429547046371852, 17.523287182390661 ], [ 78.429508973946682, 17.523115860666785 ], [ 78.429427810571937, 17.522943953608316 ] ] ] } },
{ "type": "Feature", "properties": { "FID": 475, "Descr_1": "Water Bodies", "Descr_2": "Reservoir/Tanks", "Descr_3": "Reservoir/Tanks", "PI_CODE": "Builtup Inside Tank", "LU_Code": "WBRT", "Shape_Area": 0.024453025686899998 }, "geometry": { "type": "Polygon", "coordinates": [ [ [ 78.421313211761628, 17.502871883792231 ], [ 78.421313212019015, 17.502805259178089 ], [ 78.421322730367805, 17.502733874635734 ], [ 78.42132273011336, 17.502486410709022 ], [ 78.421327489186694, 17.502376955608959 ], [ 78.421327489350901, 17.502367438322974 ], [ 78.421327490293706, 17.502315090085041 ], [ 78.421356042578438, 17.502248464740767 ], [ 78.421360435974464, 17.502241143787789 ], [ 78.421384596371524, 17.502200876698062 ], [ 78.421401728054605, 17.502174226416901 ], [ 78.421436944390422, 17.502139010165404 ], [ 78.421489293318558, 17.502077143628803 ], [ 78.42154640007945, 17.502024795741512 ], [ 78.421651095774621, 17.501905824380014 ], [ 78.421651095077706, 17.501834438819735 ], [ 78.421651095705869, 17.501796366953343 ], [ 78.421608266202185, 17.501720224312432 ], [ 78.421541641405327, 17.501672634729797 ], [ 78.421446461713984, 17.501634563110446 ], [ 78.421279899909536, 17.501620286874182 ], [ 78.421189482319463, 17.501620286637635 ], [ 78.421084783849167, 17.501629805745647 ], [ 78.421013400460254, 17.501667875649144 ], [ 78.420922980832827, 17.501720225351271 ], [ 78.420918202723271, 17.501724471922941 ], [ 78.420880152144704, 17.501758296391053 ], [ 78.4208040081853, 17.501777332029366 ], [ 78.420708829465767, 17.50178684926038 ], [ 78.420618410206771, 17.501772573279204 ], [ 78.42060562359076, 17.501762737049916 ], [ 78.42055654365565, 17.501724983883058 ], [ 78.420523231267367, 17.501663118406736 ], [ 78.420489918803213, 17.501606011116198 ], [ 78.420425830811268, 17.50145816568936 ], [ 78.420349689593166, 17.501401060145003 ], [ 78.420283064828809, 17.501410576628071 ], [ 78.420149815060498, 17.501515274205047 ], [ 78.420111743137113, 17.501600934757775 ], [ 78.419988011104834, 17.501743702420537 ], [ 78.41993090433651, 17.501857916362805 ], [ 78.41990235064452, 17.50200068436288 ], [ 78.419892833067365, 17.502172005397533 ], [ 78.419828429291712, 17.502353162336284 ], [ 78.419785599238921, 17.502467375057577 ], [ 78.419777984203222, 17.502485141928769 ], [ 78.419728490705509, 17.502600624369229 ], [ 78.419699938378059, 17.502681526778325 ], [ 78.419695178826018, 17.502738633587825 ], [ 78.41973800886727, 17.502810018396627 ], [ 78.419833188447782, 17.502862366230364 ], [ 78.419928365738912, 17.502895677612514 ], [ 78.420018785800664, 17.502895678405277 ], [ 78.420109733607674, 17.502895677999437 ], [ 78.420128240942432, 17.502895677591994 ], [ 78.420132047393267, 17.502895360601631 ], [ 78.42024245529521, 17.502886159951242 ], [ 78.420332874723329, 17.502871885126616 ], [ 78.420399499904548, 17.502867125016337 ], [ 78.420470882819643, 17.502876641758917 ], [ 78.420551785081301, 17.502909954979245 ], [ 78.420642204314603, 17.502948028257947 ], [ 78.420742142461492, 17.502990857987719 ], [ 78.420837319969024, 17.503024168962313 ], [ 78.420937259408404, 17.50305272313787 ], [ 78.420999123539957, 17.503057482317413 ], [ 78.421070506635942, 17.503062240669216 ], [ 78.421146649837695, 17.503057483121303 ], [ 78.421213275413052, 17.503033687287196 ], [ 78.421270382436546, 17.502986098591471 ], [ 78.421294177373554, 17.502938509184364 ], [ 78.421310992432495, 17.502879655655111 ], [ 78.421313211761628, 17.502871883792231 ] ] ] } },
{ "type": "Feature", "properties": { "FID": 476, "Descr_1": "Water Bodies", "Descr_2": "Reservoir/Tanks", "Descr_3": "Reservoir/Tanks", "PI_CODE": "Builtup Inside Tank", "LU_Code": "WBRT", "Shape_Area": 0.0033730317032199999 }, "geometry": { "type": "Polygon", "coordinates": [ [ [ 78.416095212666534, 17.505579393152988 ], [ 78.416019069998939, 17.505588910713794 ], [ 78.415971479915129, 17.505617464617156 ], [ 78.41593341006292, 17.505703126118178 ], [ 78.415930396179576, 17.505712167373009 ], [ 78.415933410331874, 17.505883964297396 ], [ 78.415961963965188, 17.506026731574657 ], [ 78.416038107333065, 17.506131427658669 ], [ 78.416180874052685, 17.506217089431232 ], [ 78.416285569677626, 17.506226607233515 ], [ 78.416361713018404, 17.506207569599667 ], [ 78.416447373150419, 17.506131427668798 ], [ 78.416494963162876, 17.506017213680344 ], [ 78.416494963434502, 17.505922036421182 ], [ 78.416475926635101, 17.505845892218016 ], [ 78.416380748261375, 17.505665053887789 ], [ 78.416257015909579, 17.505607947338284 ], [ 78.416095212666534, 17.505579393152988 ] ] ] } },
{ "type": "Feature", "properties": { "FID": 477, "Descr_1": "Water Bodies", "Descr_2": "Reservoir/Tanks", "Descr_3": "Reservoir/Tanks", "PI_CODE": "Crop Inside Tank", "LU_Code": "WBRT", "Shape_Area": 0.0514764751253 }, "geometry": { "type": "Polygon", "coordinates": [ [ [ 78.426773307735559, 17.536966860791946 ], [ 78.426573432800822, 17.53696686111013 ], [ 78.426387835475055, 17.536966859632557 ], [ 78.426230790782881, 17.537014450342944 ], [ 78.426156016288559, 17.537058435139091 ], [ 78.426068988359731, 17.537109629821604 ], [ 78.425926219721319, 17.537252396276038 ], [ 78.425926219676143, 17.537423717165954 ], [ 78.426011881602363, 17.5375855213351 ], [ 78.426078506023572, 17.537718770775196 ], [ 78.426135612657148, 17.537842503228244 ], [ 78.426154648253728, 17.537985269662101 ], [ 78.426107059287375, 17.538156591311314 ], [ 78.426030915925793, 17.538346947645902 ], [ 78.425907183938037, 17.538499234437946 ], [ 78.425754899100951, 17.538632483748302 ], [ 78.425640685415715, 17.538756216161531 ], [ 78.425583577933168, 17.538918018846044 ], [ 78.425593095447155, 17.539089340360107 ], [ 78.425670896636603, 17.53925358795879 ], [ 78.425678755998604, 17.539260660720746 ], [ 78.425764418115989, 17.539327285555444 ], [ 78.425888149840659, 17.539374874587519 ], [ 78.426005751783407, 17.539402546948427 ], [ 78.426049953091237, 17.539412946697077 ], [ 78.426211755339793, 17.539431982634532 ], [ 78.426440183333341, 17.539517643344627 ], [ 78.426611504678064, 17.539660410323755 ], [ 78.426763789708843, 17.539822212660464 ], [ 78.427039808102791, 17.540012570819357 ], [ 78.427287271639841, 17.540145821148919 ], [ 78.427506181754296, 17.540279070053018 ], [ 78.427744127304649, 17.540298105703915 ], [ 78.427763943586157, 17.540298106044524 ], [ 78.428001110325155, 17.540298106394946 ], [ 78.428343751682448, 17.540288588188368 ], [ 78.428543627137202, 17.540288588891748 ], [ 78.428810126562084, 17.540307624344464 ], [ 78.42893066014453, 17.540326270023101 ], [ 78.429013941375388, 17.540308424813247 ], [ 78.429109119762671, 17.54027868055098 ], [ 78.429245939400502, 17.540266784027118 ], [ 78.429358963052906, 17.540296526992446 ], [ 78.429418449724395, 17.540373860259535 ], [ 78.429354482329515, 17.540228706583893 ], [ 78.429325927579384, 17.540207294226491 ], [ 78.429279529388523, 17.540185877155047 ], [ 78.42922242234178, 17.540175170085924 ], [ 78.42916531531236, 17.540164462097341 ], [ 78.429097499911606, 17.540153755210209 ], [ 78.429043962335669, 17.540143048323571 ], [ 78.428961395325587, 17.540095696198549 ], [ 78.428828144887063, 17.540019553404342 ], [ 78.428685378899459, 17.539962445952977 ], [ 78.428571163269055, 17.539924376289846 ], [ 78.428409359662751, 17.539810161083299 ], [ 78.428228522150661, 17.53968643007611 ], [ 78.428019127762553, 17.539581732032172 ], [ 78.427847807422708, 17.53950558960771 ], [ 78.427743110638801, 17.539372339083272 ], [ 78.427686003890528, 17.539210535999416 ], [ 78.42762889738826, 17.538991625677188 ], [ 78.427619378246291, 17.538763197933072 ], [ 78.427666968599738, 17.538439591296179 ], [ 78.427686004946494, 17.538287305191503 ], [ 78.427609861428962, 17.538154055616751 ], [ 78.427457575417037, 17.538087431261307 ], [ 78.427286253757615, 17.538087430681973 ], [ 78.427124450457271, 17.538135018978114 ], [ 78.42706734415745, 17.538192126562667 ], [ 78.426962648140687, 17.538287306324719 ], [ 78.426867468285295, 17.538411037171528 ], [ 78.426696149351542, 17.538534768636371 ], [ 78.426486756282188, 17.538582360092576 ], [ 78.426334469734826, 17.538563323246045 ], [ 78.426286880950911, 17.538487179028262 ], [ 78.426267845465148, 17.538382484737276 ], [ 78.426296397613527, 17.538325377877939 ], [ 78.42641061281445, 17.538239716303497 ], [ 78.426524827038364, 17.538163573582526 ], [ 78.426648559255568, 17.538011288226258 ], [ 78.426686629989675, 17.53784948465945 ], [ 78.426696148380017, 17.537706716804021 ], [ 78.426705665706351, 17.53755443270795 ], [ 78.426686629862559, 17.537316485113788 ], [ 78.42673422016621, 17.537164200249503 ], [ 78.426772292137997, 17.537059504792108 ], [ 78.426831846980903, 17.536966860694889 ], [ 78.426773307735559, 17.536966860791946 ] ] ] } },
{ "type": "Feature", "properties": { "FID": 478, "Descr_1": "Water Bodies", "Descr_2": "Reservoir/Tanks", "Descr_3": "Reservoir/Tanks", "PI_CODE": "Builtup Inside Tank", "LU_Code": "WBRT", "Shape_Area": 0.0123011391123 }, "geometry": { "type": "Polygon", "coordinates": [ [ [ 78.433529782167298, 17.550716698207669 ], [ 78.433529780713599, 17.550640555403639 ], [ 78.433510744843886, 17.550554893841724 ], [ 78.433472674732712, 17.550507306042149 ], [ 78.433387012593982, 17.550459716158709 ], [ 78.433377496265678, 17.550355019983652 ], [ 78.433434602719771, 17.550240805062366 ], [ 78.433596406763726, 17.550126590950409 ], [ 78.433720139449122, 17.550002858978459 ], [ 78.433701103205394, 17.549888645315921 ], [ 78.433605923936469, 17.549822020088719 ], [ 78.433472674543609, 17.549745878859699 ], [ 78.433329906905684, 17.549669735317796 ], [ 78.433206174923413, 17.549565037708636 ], [ 78.433130032842641, 17.549479378077546 ], [ 78.433034854663831, 17.549384199591213 ], [ 78.432977746545461, 17.549250950886186 ], [ 78.432911121567358, 17.549174806837378 ], [ 78.432777872378708, 17.549203360091294 ], [ 78.432663657393149, 17.549289021038629 ], [ 78.432568479209166, 17.549403234925425 ], [ 78.432558962461201, 17.54951744919941 ], [ 78.432606551638358, 17.549593591550714 ], [ 78.432739800935934, 17.549679254009607 ], [ 78.432863534287662, 17.54977443031801 ], [ 78.432939673579682, 17.549907680731675 ], [ 78.432930157590093, 17.550012376131072 ], [ 78.432873050129587, 17.550107555896524 ], [ 78.432749318148268, 17.550193216433694 ], [ 78.432664042655077, 17.550221642370932 ], [ 78.432675533051892, 17.55025119043146 ], [ 78.432711226232939, 17.550408234880745 ], [ 78.432775470593143, 17.550579555732146 ], [ 78.432861131027821, 17.550715184726368 ], [ 78.43300389811769, 17.550786568644881 ], [ 78.433210912381369, 17.550857952598264 ], [ 78.43334654094123, 17.550865091087726 ], [ 78.433467647969962, 17.550858716834817 ], [ 78.433529782167298, 17.550716698207669 ] ] ] } },
{ "type": "Feature", "properties": { "FID": 506, "Descr_1": "Water Bodies", "Descr_2": "Reservoir/Tanks", "Descr_3": "Reservoir/Tanks", "PI_CODE": " ", "LU_Code": "WBRT", "Shape_Area": 0.13449781968800001 }, "geometry": { "type": "Polygon", "coordinates": [ [ [ 78.60231906823843, 17.320470549308752 ], [ 78.602259904185473, 17.320092803109301 ], [ 78.60211446197242, 17.319298462835544 ], [ 78.602027907392724, 17.318825740905719 ], [ 78.601754268896258, 17.31708278461614 ], [ 78.601705133165311, 17.316857825855216 ], [ 78.60156403072007, 17.316944925918047 ], [ 78.601421262590193, 17.317028207248978 ], [ 78.601337981781953, 17.317170974673669 ], [ 78.601266598146353, 17.317325640561307 ], [ 78.601159523135919, 17.317468407215369 ], [ 78.600981063171247, 17.317611174361115 ], [ 78.600814500740015, 17.317730148121157 ], [ 78.60065983559339, 17.317849121220902 ], [ 78.600552759664367, 17.318003785693083 ], [ 78.600539597430497, 17.318038889319993 ], [ 78.60048137643102, 17.318194143031771 ], [ 78.600447106712764, 17.318372339088583 ], [ 78.600443121996037, 17.318594445774693 ], [ 78.600442376589797, 17.31865179438795 ], [ 78.600431495429547, 17.318723361063583 ], [ 78.60038566133916, 17.31880406899738 ], [ 78.600354938979862, 17.318870618307407 ], [ 78.600294550018035, 17.318922473124978 ], [ 78.600244362463457, 17.318955330331264 ], [ 78.600174208053772, 17.318992728386778 ], [ 78.600079301166119, 17.319020269127787 ], [ 78.599989309298763, 17.319052648872113 ], [ 78.599896308407736, 17.319073801861844 ], [ 78.599782230732885, 17.319139755911952 ], [ 78.599437060265572, 17.319279013453386 ], [ 78.599270633575088, 17.319449090572498 ], [ 78.59916372739572, 17.319634221740948 ], [ 78.599056634338908, 17.319833688853464 ], [ 78.598949912560627, 17.320004482949404 ], [ 78.59884300389443, 17.320189613893461 ], [ 78.59886894400546, 17.320491053241717 ], [ 78.598894785611066, 17.320677319053615 ], [ 78.598966908320833, 17.320994106883564 ], [ 78.599099011094836, 17.321167764623183 ], [ 78.599187079119858, 17.32128353578733 ], [ 78.599513414697356, 17.321445182765821 ], [ 78.600000000563767, 17.321542127779118 ], [ 78.60000022224834, 17.321542171744554 ], [ 78.600255679840217, 17.32158894741367 ], [ 78.600523490059047, 17.321659073942929 ], [ 78.600801872294994, 17.321681528692842 ], [ 78.601100280715173, 17.321694664341049 ], [ 78.601212962463705, 17.321689743582585 ], [ 78.601302289688817, 17.321703847343912 ], [ 78.601516441735782, 17.321810923926567 ], [ 78.601623518039091, 17.321941792788753 ], [ 78.601706799696743, 17.322096459035208 ], [ 78.601778183029083, 17.32222732954973 ], [ 78.601813875306064, 17.322334404653454 ], [ 78.601944744757276, 17.322465275732622 ], [ 78.602051821106699, 17.322548557232285 ], [ 78.60220648580389, 17.322631838015507 ], [ 78.602361150694577, 17.322703222360836 ], [ 78.602480123591704, 17.322727015960769 ], [ 78.602723899338571, 17.322799440766484 ], [ 78.602636773657892, 17.322387272394622 ], [ 78.602569233870639, 17.322067756864389 ], [ 78.602551226425305, 17.321952775002284 ], [ 78.60231906823843, 17.320470549308752 ] ] ] } },
{ "type": "Feature", "properties": { "FID": 507, "Descr_1": "Water Bodies", "Descr_2": "Reservoir/Tanks", "Descr_3": "Reservoir/Tanks", "PI_CODE": " ", "LU_Code": "WBRT", "Shape_Area": 0.531648579063 }, "geometry": { "type": "Polygon", "coordinates": [ [ [ 78.59397268121208, 17.302876088073905 ], [ 78.593850296768267, 17.303104049269876 ], [ 78.593899778715723, 17.303508746406312 ], [ 78.593991787760757, 17.303779920865075 ], [ 78.594339419143509, 17.3038318915719 ], [ 78.594599986812284, 17.303882816885199 ], [ 78.594884186807249, 17.304029622830942 ], [ 78.595069044336697, 17.304163286319167 ], [ 78.595501097841961, 17.304419410416234 ], [ 78.595798823696256, 17.304482728562434 ], [ 78.596283893343141, 17.304488547946345 ], [ 78.596543997119767, 17.30457531430735 ], [ 78.596567007691263, 17.304718983862355 ], [ 78.596564680458144, 17.30489819922294 ], [ 78.59652581381863, 17.30501722796463 ], [ 78.596537165108799, 17.305101012211299 ], [ 78.596623763383249, 17.305137897857271 ], [ 78.596810639393212, 17.305116238848196 ], [ 78.597645513681073, 17.304815563043306 ], [ 78.600000000237443, 17.304069033403778 ], [ 78.60000006826202, 17.304069012426233 ], [ 78.600262781615626, 17.30396196511056 ], [ 78.600615905924428, 17.303830030918075 ], [ 78.600338085293373, 17.303776890784697 ], [ 78.60002061414319, 17.303876374831624 ], [ 78.598842780945262, 17.304204740450444 ], [ 78.597779161875664, 17.304504552537054 ], [ 78.597265198298359, 17.304675873729508 ], [ 78.597172399319192, 17.304418891940912 ], [ 78.597158122553296, 17.30419046368436 ], [ 78.597115292255054, 17.304012004108905 ], [ 78.597036770041981, 17.30391206674668 ], [ 78.596815480168445, 17.30384782129946 ], [ 78.596372900421372, 17.303662223341146 ], [ 78.59573044594967, 17.303519455680686 ], [ 78.595466325778062, 17.303498040531593 ], [ 78.59529500458568, 17.303448071850454 ], [ 78.594895255136663, 17.30309115269969 ], [ 78.594795317774441, 17.302905554741216 ], [ 78.594789910544563, 17.302716301692755 ], [ 78.594572346750098, 17.302674728936225 ], [ 78.59397268121208, 17.302876088073905 ] ] ] } },
{ "type": "Feature", "properties": { "FID": 508, "Descr_1": "Water Bodies", "Descr_2": "Reservoir/Tanks", "Descr_3": "Reservoir/Tanks", "PI_CODE": " ", "LU_Code": "WBRT", "Shape_Area": 0.0038319926672199999 }, "geometry": { "type": "Polygon", "coordinates": [ [ [ 78.602599096276521, 17.340625322269531 ], [ 78.602492021082824, 17.340653876337235 ], [ 78.602406361153442, 17.340718121335577 ], [ 78.602334976275742, 17.340775227960691 ], [ 78.602270731093839, 17.340825197000225 ], [ 78.602185069778869, 17.340903719177426 ], [ 78.602135101888123, 17.340975102632051 ], [ 78.602029236069029, 17.341160358674969 ], [ 78.602202995718429, 17.341184604412152 ], [ 78.60227709860655, 17.341207601878292 ], [ 78.602382402203887, 17.341240281723874 ], [ 78.60245963786069, 17.341264252113213 ], [ 78.602562919641414, 17.34129630441927 ], [ 78.602676835280803, 17.341331659566769 ], [ 78.602764320222207, 17.341358808361743 ], [ 78.602763279178632, 17.341167839053604 ], [ 78.602741864314936, 17.340967963868849 ], [ 78.602713310696529, 17.340775228058735 ], [ 78.602670480435435, 17.340653875651313 ], [ 78.602599096276521, 17.340625322269531 ] ] ] } },
{ "type": "Feature", "properties": { "FID": 516, "Descr_1": "Water Bodies", "Descr_2": "Reservoir/Tanks", "Descr_3": "Reservoir/Tanks", "PI_CODE": " ", "LU_Code": "WBRT", "Shape_Area": 0.039775129801400001 }, "geometry": { "type": "Polygon", "coordinates": [ [ [ 78.529463137036331, 17.415709369921338 ], [ 78.529333901898553, 17.415709230386959 ], [ 78.529144120921615, 17.415786015077504 ], [ 78.529037612974903, 17.415883328063316 ], [ 78.528886025732575, 17.41604873323838 ], [ 78.528759170814396, 17.416226393165129 ], [ 78.528631347597752, 17.416475735049403 ], [ 78.528479440301382, 17.416665033942511 ], [ 78.528277914432508, 17.416841767708071 ], [ 78.52797602833148, 17.417077000688415 ], [ 78.52774961304047, 17.417253425576163 ], [ 78.52745791829706, 17.417656069164828 ], [ 78.527455826334602, 17.417811377975084 ], [ 78.527528562764161, 17.417955667249903 ], [ 78.527726230974636, 17.418065660609031 ], [ 78.527947368125652, 17.418098792868594 ], [ 78.527999049076385, 17.418140738269095 ], [ 78.528594625673819, 17.418279565262434 ], [ 78.528957323950578, 17.418265881419597 ], [ 78.528972866991865, 17.418251943790558 ], [ 78.529292507466678, 17.41813020457144 ], [ 78.529368015729986, 17.418101446187606 ], [ 78.52943244013494, 17.417991232606514 ], [ 78.529473983225486, 17.417904536420817 ], [ 78.529483665757056, 17.417884327264879 ], [ 78.529548782977898, 17.417670055185646 ], [ 78.5295513538846, 17.41747890303974 ], [ 78.529606044351311, 17.416189097849809 ], [ 78.529561569731086, 17.41579423401895 ], [ 78.529463137036331, 17.415709369921338 ] ] ] } },
{ "type": "Feature", "properties": { "FID": 517, "Descr_1": "Water Bodies", "Descr_2": "Reservoir/Tanks", "Descr_3": "Reservoir/Tanks", "PI_CODE": " ", "LU_Code": "WBRT", "Shape_Area": 0.038872115727700003 }, "geometry": { "type": "Polygon", "coordinates": [ [ [ 78.535195433102061, 17.416563699605668 ], [ 78.534854183692943, 17.416630879222449 ], [ 78.534711402654466, 17.417383490620523 ], [ 78.534818434558332, 17.417755233414002 ], [ 78.534968734075036, 17.418031508139009 ], [ 78.535068481406626, 17.41821485791877 ], [ 78.535293674696874, 17.418513895861821 ], [ 78.535552771762312, 17.418684386183315 ], [ 78.53576257120163, 17.41881841982358 ], [ 78.536023109142192, 17.418881386916393 ], [ 78.536271846078222, 17.418896411997402 ], [ 78.536684809893401, 17.418860737031824 ], [ 78.536845832281784, 17.418691281184884 ], [ 78.5369878115375, 17.418541860603451 ], [ 78.537079594906643, 17.418445898813808 ], [ 78.536732566944238, 17.417871192787242 ], [ 78.536202005194994, 17.417338878619152 ], [ 78.535663924114203, 17.416808835226316 ], [ 78.53560252585838, 17.416748355709196 ], [ 78.535355558051279, 17.416601914016983 ], [ 78.535195433102061, 17.416563699605668 ] ] ] } },
{ "type": "Feature", "properties": { "FID": 518, "Descr_1": "Water Bodies", "Descr_2": "Reservoir/Tanks", "Descr_3": "Reservoir/Tanks", "PI_CODE": " ", "LU_Code": "WBRT", "Shape_Area": 0.11173928649000001 }, "geometry": { "type": "Polygon", "coordinates": [ [ [ 78.548148919030282, 17.435780537911899 ], [ 78.547943116790364, 17.435407965159516 ], [ 78.547607234396651, 17.435391878067577 ], [ 78.547487581870001, 17.434590986385363 ], [ 78.547952592287814, 17.434617736445986 ], [ 78.548365371087726, 17.434624218591594 ], [ 78.548739671335014, 17.435386227994083 ], [ 78.548862217703302, 17.435158316166714 ], [ 78.548963829867404, 17.435006618969833 ], [ 78.549035954939299, 17.434825881111855 ], [ 78.549117141098705, 17.434712170345165 ], [ 78.549267769809376, 17.434618431984664 ], [ 78.549535566808643, 17.434615972334647 ], [ 78.54969513131384, 17.434598816726243 ], [ 78.549855204734698, 17.434543431886826 ], [ 78.550000198634564, 17.434468319360768 ], [ 78.550000201768356, 17.433953875846889 ], [ 78.550000210721066, 17.432647412144185 ], [ 78.550000213981235, 17.432008213937461 ], [ 78.549959891569202, 17.432007718187858 ], [ 78.549779651314978, 17.432081974354137 ], [ 78.549506991143232, 17.432365394818021 ], [ 78.54949633486639, 17.432385214318106 ], [ 78.54949187236349, 17.432383790240397 ], [ 78.549385722686011, 17.43249773266616 ], [ 78.549203438836798, 17.432724911161142 ], [ 78.549021537350043, 17.432923416277262 ], [ 78.548811170008037, 17.433016418707336 ], [ 78.548662200942488, 17.432985907193466 ], [ 78.548514510617679, 17.432859819177146 ], [ 78.548250788017796, 17.432474202090663 ], [ 78.548033529288844, 17.432337698655424 ], [ 78.547864904856326, 17.432287824867945 ], [ 78.547616115191119, 17.432275202126089 ], [ 78.547316777628069, 17.432319310618073 ], [ 78.547115598885995, 17.432469780044958 ], [ 78.547045007073166, 17.432535825571868 ], [ 78.546663075334592, 17.432798778265685 ], [ 78.546391047668976, 17.433034405085138 ], [ 78.546198803992638, 17.433261458663569 ], [ 78.546056213699742, 17.433498683149846 ], [ 78.546002978757585, 17.433756123868822 ], [ 78.545987652991428, 17.434157423321953 ], [ 78.546083767874904, 17.434416705948784 ], [ 78.54625047586299, 17.434609945134039 ], [ 78.546368552105662, 17.434716552276072 ], [ 78.546537048967025, 17.434775983993703 ], [ 78.546754310283575, 17.434912489715572 ], [ 78.546831919641789, 17.43506639423234 ], [ 78.546888465095805, 17.435306070925424 ], [ 78.546955734714416, 17.435488525348219 ], [ 78.547081979890152, 17.435729060585086 ], [ 78.547209116960133, 17.435902692568561 ], [ 78.547337278802331, 17.435999864556699 ], [ 78.547505907228725, 17.436049738686918 ], [ 78.548181940542435, 17.435922054097947 ], [ 78.548295183428095, 17.435858716303116 ], [ 78.548486663361615, 17.435689008355006 ], [ 78.548496534048255, 17.435677798121528 ], [ 78.548148919030282, 17.435780537911899 ] ] ] } },
{ "type": "Feature", "properties": { "FID": 519, "Descr_1": "Water Bodies", "Descr_2": "Reservoir/Tanks", "Descr_3": "Reservoir/Tanks", "PI_CODE": "Buitup Inside Tank", "LU_Code": "WBRT", "Shape_Area": 0.094558615988 }, "geometry": { "type": "Polygon", "coordinates": [ [ [ 78.543653985830503, 17.431929071819287 ], [ 78.543792646878188, 17.431799342645458 ], [ 78.544042363262562, 17.431742678765808 ], [ 78.544353508359393, 17.431746515865573 ], [ 78.544700709461424, 17.431846390341097 ], [ 78.544972918601985, 17.431969236341875 ], [ 78.545145402017155, 17.432102801292029 ], [ 78.545167276164335, 17.432341267106164 ], [ 78.545568201306082, 17.432242469352175 ], [ 78.545568920722971, 17.431901869770716 ], [ 78.545569225083796, 17.431757571894703 ], [ 78.545570034897551, 17.431373195269103 ], [ 78.545509495796779, 17.431030255188688 ], [ 78.5454094687978, 17.430463616122989 ], [ 78.545229738433065, 17.429506324338323 ], [ 78.545037799826972, 17.428728289662224 ], [ 78.544892482295552, 17.428425383714611 ], [ 78.544719932089492, 17.42849296658456 ], [ 78.544123496137345, 17.42865094938481 ], [ 78.543844716916212, 17.42864751096932 ], [ 78.543504150044626, 17.428796256998183 ], [ 78.543161279937621, 17.429117040998705 ], [ 78.542916950436663, 17.429515513725907 ], [ 78.542852091666305, 17.429897081400313 ], [ 78.542805611221738, 17.430393585914111 ], [ 78.542656236079736, 17.431137360389581 ], [ 78.542670656931122, 17.431353658955842 ], [ 78.542927084697283, 17.431733372700677 ], [ 78.543343470062382, 17.431872339362332 ], [ 78.543420689728535, 17.431899358126504 ], [ 78.543614953901994, 17.431967327382996 ], [ 78.543653985830503, 17.431929071819287 ] ] ] } },
{ "type": "Feature", "properties": { "FID": 520, "Descr_1": "Water Bodies", "Descr_2": "Reservoir/Tanks", "Descr_3": "Reservoir/Tanks", "PI_CODE": "Crop Inside Tank", "LU_Code": "WBRT", "Shape_Area": 0.0077992610802699999 }, "geometry": { "type": "Polygon", "coordinates": [ [ [ 78.545145402017155, 17.432102801292029 ], [ 78.544972918601985, 17.431969236341875 ], [ 78.544700709461424, 17.431846390341097 ], [ 78.544353508359393, 17.431746515865573 ], [ 78.544042363262562, 17.431742678765808 ], [ 78.543792646878188, 17.431799342645458 ], [ 78.543653985830503, 17.431929071819287 ], [ 78.543614953901994, 17.431967327382996 ], [ 78.543739944434208, 17.432011058563159 ], [ 78.54433324784091, 17.432324272352904 ], [ 78.544749892323665, 17.432444119875374 ], [ 78.545167276164335, 17.432341267106164 ], [ 78.545145402017155, 17.432102801292029 ] ] ] } },
{ "type": "Feature", "properties": { "FID": 521, "Descr_1": "Water Bodies", "Descr_2": "Reservoir/Tanks", "Descr_3": "Reservoir/Tanks", "PI_CODE": "Buitup Inside Tank", "LU_Code": "WBRT", "Shape_Area": 0.0114810993611 }, "geometry": { "type": "Polygon", "coordinates": [ [ [ 78.548628230119533, 17.435528245145591 ], [ 78.548739671335014, 17.435386227994083 ], [ 78.548365371087726, 17.434624218591594 ], [ 78.547952592287814, 17.434617736445986 ], [ 78.547487581870001, 17.434590986385363 ], [ 78.547607234396651, 17.435391878067577 ], [ 78.547943116790364, 17.435407965159516 ], [ 78.548148919030282, 17.435780537911899 ], [ 78.548496534048255, 17.435677798121528 ], [ 78.548628230119533, 17.435528245145591 ] ] ] } },
{ "type": "Feature", "properties": { "FID": 522, "Descr_1": "Water Bodies", "Descr_2": "Reservoir/Tanks", "Descr_3": "Reservoir/Tanks", "PI_CODE": "Buitup Inside Tank", "LU_Code": "WBRT", "Shape_Area": 0.0090603211964800003 }, "geometry": { "type": "Polygon", "coordinates": [ [ [ 78.514489914132099, 17.44318871279193 ], [ 78.514194611045099, 17.44331563938978 ], [ 78.514087227877226, 17.443508689793344 ], [ 78.514084397155912, 17.443525524095932 ], [ 78.514252222246483, 17.443826198201879 ], [ 78.514388899373358, 17.444028644930604 ], [ 78.514546140043137, 17.44418355264931 ], [ 78.514754030095872, 17.444288704280368 ], [ 78.514962653070981, 17.444313020706442 ], [ 78.515083562276075, 17.444209383357599 ], [ 78.515106326708775, 17.443999368682327 ], [ 78.515051248047811, 17.443654555725729 ], [ 78.514866079124744, 17.443355912981602 ], [ 78.514698752615345, 17.443210439329111 ], [ 78.514489914132099, 17.44318871279193 ] ] ] } },
{ "type": "Feature", "properties": { "FID": 523, "Descr_1": "Water Bodies", "Descr_2": "Reservoir/Tanks", "Descr_3": "Reservoir/Tanks", "PI_CODE": "Buitup Inside Tank", "LU_Code": "WBRT", "Shape_Area": 0.053656534475200003 }, "geometry": { "type": "Polygon", "coordinates": [ [ [ 78.513218821071675, 17.413159401934706 ], [ 78.513069232225632, 17.413176653432437 ], [ 78.512941302727512, 17.413196067309354 ], [ 78.5127731243753, 17.413633936663778 ], [ 78.51271607444464, 17.413726955326251 ], [ 78.512623138456348, 17.413878484362932 ], [ 78.512488031771568, 17.414098771095464 ], [ 78.512365847326379, 17.414297986334759 ], [ 78.512223671953706, 17.414473130259619 ], [ 78.512247254151831, 17.414758930366698 ], [ 78.512274596248972, 17.414945671238588 ], [ 78.512361475745507, 17.4151474961627 ], [ 78.512538346369851, 17.415321766261499 ], [ 78.512774169961716, 17.415554126094907 ], [ 78.513038892773821, 17.415858539275156 ], [ 78.513095519632827, 17.416088662895785 ], [ 78.513107348254735, 17.416318227804304 ], [ 78.513126583888535, 17.416356395626472 ], [ 78.513240971208091, 17.416377248731486 ], [ 78.513377117717454, 17.416249901398512 ], [ 78.513527807661035, 17.416151411700682 ], [ 78.513663955711607, 17.416024064192463 ], [ 78.513830745177557, 17.415839743133347 ], [ 78.513967279739575, 17.415683722042335 ], [ 78.514060178462458, 17.415441125893686 ], [ 78.514048154859182, 17.415225897178573 ], [ 78.513963794613119, 17.414837704627264 ], [ 78.51393722760325, 17.414593617223506 ], [ 78.514043698870282, 17.414451558955026 ], [ 78.514434874284959, 17.414241359933953 ], [ 78.514796178626298, 17.414030786097605 ], [ 78.514962576668935, 17.413875138266949 ], [ 78.515000734866348, 17.413791297313431 ], [ 78.514876799418118, 17.413761898793577 ], [ 78.514486384361177, 17.413672283211316 ], [ 78.514476113583143, 17.413666858612068 ], [ 78.514448623137568, 17.413652338833987 ], [ 78.514338089442901, 17.413593962171547 ], [ 78.514170269025598, 17.413486719096024 ], [ 78.513933020993647, 17.41335949270864 ], [ 78.513645738352011, 17.413250758899949 ], [ 78.513407715092896, 17.413180875988829 ], [ 78.513218821071675, 17.413159401934706 ] ] ] } },
{ "type": "Feature", "properties": { "FID": 524, "Descr_1": "Water Bodies", "Descr_2": "Reservoir/Tanks", "Descr_3": "Reservoir/Tanks", "PI_CODE": "Buitup Inside Tank", "LU_Code": "WBRT", "Shape_Area": 0.0040464742840299996 }, "geometry": { "type": "Polygon", "coordinates": [ [ [ 78.508262167679973, 17.402613645710801 ], [ 78.508127585762338, 17.402626302857112 ], [ 78.507946454720681, 17.402767425058936 ], [ 78.50783959668577, 17.402938150928222 ], [ 78.507792468089875, 17.403109624068527 ], [ 78.507790135724932, 17.403281657903054 ], [ 78.507828074532242, 17.403327376984503 ], [ 78.507923748227753, 17.403340681605204 ], [ 78.50814831386063, 17.403300473300749 ], [ 78.508374435858826, 17.403145575251745 ], [ 78.508465777285124, 17.403017668765099 ], [ 78.508423895763968, 17.402802068120526 ], [ 78.508262167679973, 17.402613645710801 ] ] ] } },
{ "type": "Feature", "properties": { "FID": 525, "Descr_1": "Water Bodies", "Descr_2": "Reservoir/Tanks", "Descr_3": "Reservoir/Tanks", "PI_CODE": " ", "LU_Code": "WBRT", "Shape_Area": 0.17033694426500001 }, "geometry": { "type": "Polygon", "coordinates": [ [ [ 78.525356979247803, 17.39984280100693 ], [ 78.525973403539666, 17.399907802573299 ], [ 78.526328173436625, 17.400179858647729 ], [ 78.526663034989411, 17.400451667659325 ], [ 78.527155755644344, 17.400681306767964 ], [ 78.527393899810789, 17.400741615083522 ], [ 78.527575399948972, 17.400571800832111 ], [ 78.527578228171663, 17.400361535114744 ], [ 78.527511815054808, 17.400001552736356 ], [ 78.527517998074529, 17.399807469151732 ], [ 78.527493146933182, 17.399434354617838 ], [ 78.52751020029622, 17.399276840026065 ], [ 78.527648830786589, 17.398963107331738 ], [ 78.527877823078782, 17.398593139391696 ], [ 78.528060862929934, 17.398308633730938 ], [ 78.528184944611397, 17.397966043547338 ], [ 78.528189377849657, 17.397636307311615 ], [ 78.528089287140915, 17.397305276565103 ], [ 78.527837950054916, 17.397115758285825 ], [ 78.527424875115628, 17.397033609668636 ], [ 78.527180334436267, 17.397124671098535 ], [ 78.526704665666685, 17.397353123149845 ], [ 78.526040441533937, 17.397672135166633 ], [ 78.525540622325778, 17.397821270555077 ], [ 78.525104460661112, 17.397863653770212 ], [ 78.524859694428159, 17.397860617370672 ], [ 78.523934793052817, 17.397849137748779 ], [ 78.523424296322645, 17.397866696852788 ], [ 78.52308736233482, 17.39793420662037 ], [ 78.522700171330413, 17.39803693789025 ], [ 78.522363258162315, 17.398163869698202 ], [ 78.522362432187649, 17.398164180702892 ], [ 78.522185205777546, 17.39820875974808 ], [ 78.522168400257314, 17.398212987224397 ], [ 78.522289892314575, 17.398556979417783 ], [ 78.52258899165372, 17.398742595643245 ], [ 78.522805380916424, 17.398968352863719 ], [ 78.522839359451382, 17.39900380079062 ], [ 78.522970268959838, 17.39926352308624 ], [ 78.523012554970393, 17.399450452179625 ], [ 78.523009271607791, 17.399694167279456 ], [ 78.523057217732941, 17.4000015590603 ], [ 78.52282716469594, 17.400806023590615 ], [ 78.522829345153582, 17.401060973170871 ], [ 78.52282146375282, 17.401483189908486 ], [ 78.522989301406469, 17.401704204163643 ], [ 78.523099522203424, 17.401837010970127 ], [ 78.523285531872162, 17.401887117063875 ], [ 78.523448102810349, 17.401829389850111 ], [ 78.52356073772718, 17.401782994124709 ], [ 78.523700674680612, 17.401557703091342 ], [ 78.523767902924874, 17.401353009228316 ], [ 78.523841970607279, 17.401127485322938 ], [ 78.523888008094858, 17.400831944845137 ], [ 78.523951085007369, 17.400584189683528 ], [ 78.524093026269611, 17.400394770174053 ], [ 78.524333742989597, 17.400263931044829 ], [ 78.524857956002009, 17.399932198663812 ], [ 78.525356979247803, 17.39984280100693 ] ] ] } },
{ "type": "Feature", "properties": { "FID": 526, "Descr_1": "Water Bodies", "Descr_2": "Reservoir/Tanks", "Descr_3": "Reservoir/Tanks", "PI_CODE": " ", "LU_Code": "WBRT", "Shape_Area": 0.066565307421100006 }, "geometry": { "type": "Polygon", "coordinates": [ [ [ 78.541685179320211, 17.40108697223426 ], [ 78.541682502939253, 17.401033152961759 ], [ 78.54167175156752, 17.40081689962517 ], [ 78.541616006859215, 17.400807658022948 ], [ 78.541611755010877, 17.400806881721593 ], [ 78.541610249782579, 17.400806573160047 ], [ 78.541166588444739, 17.400713065320478 ], [ 78.540332853720855, 17.400582779390849 ], [ 78.539948414913809, 17.400456307735446 ], [ 78.539659290099834, 17.400395367294461 ], [ 78.539652198125168, 17.400393671826642 ], [ 78.539643751700964, 17.400391106965017 ], [ 78.539640906853236, 17.400390108208295 ], [ 78.53881137485601, 17.400087693237584 ], [ 78.538785588062737, 17.400079857097804 ], [ 78.538781640908908, 17.400083163340501 ], [ 78.538756166783216, 17.400104485003375 ], [ 78.538571603762051, 17.400503694027659 ], [ 78.538550145095073, 17.400990948155084 ], [ 78.538583965881912, 17.401041038590943 ], [ 78.538773746962747, 17.401022384819516 ], [ 78.538949480460658, 17.401282652232368 ], [ 78.539110666262687, 17.401514062372211 ], [ 78.539242563030953, 17.40170209543027 ], [ 78.539299414200883, 17.4019178781828 ], [ 78.539326399814044, 17.402133292999761 ], [ 78.539337876915454, 17.402391532408522 ], [ 78.539335381962147, 17.4025779057108 ], [ 78.539333079068342, 17.402749942662421 ], [ 78.539406205576128, 17.402865557131634 ], [ 78.539660059582019, 17.402868688963892 ], [ 78.540004276195191, 17.402815580369872 ], [ 78.540423536785553, 17.402734719239184 ], [ 78.540858307188671, 17.40261103167709 ], [ 78.541008016059536, 17.402584200055408 ], [ 78.54127718597249, 17.402558841566641 ], [ 78.541427084763228, 17.402517674195487 ], [ 78.541458482962796, 17.402403350155183 ], [ 78.54147591015672, 17.40221716108179 ], [ 78.541464429335647, 17.401958919949269 ], [ 78.541497552688227, 17.401715568765511 ], [ 78.541604188994171, 17.401559155950501 ], [ 78.541777603630408, 17.401487073880627 ], [ 78.541685179320211, 17.40108697223426 ] ] ] } },
{ "type": "Feature", "properties": { "FID": 527, "Descr_1": "Water Bodies", "Descr_2": "Reservoir/Tanks", "Descr_3": "Reservoir/Tanks", "PI_CODE": "Buitup Inside Tank", "LU_Code": "WBRT", "Shape_Area": 0.057695767893499998 }, "geometry": { "type": "Polygon", "coordinates": [ [ [ 78.541604188994171, 17.401559155950501 ], [ 78.541497552688227, 17.401715568765511 ], [ 78.541464429335647, 17.401958919949269 ], [ 78.54147591015672, 17.40221716108179 ], [ 78.541458482962796, 17.402403350155183 ], [ 78.541427084763228, 17.402517674195487 ], [ 78.54127718597249, 17.402558841566641 ], [ 78.541008016059536, 17.402584200055408 ], [ 78.540858307188671, 17.40261103167709 ], [ 78.540423536785553, 17.402734719239184 ], [ 78.540004276195191, 17.402815580369872 ], [ 78.539660059582019, 17.402868688963892 ], [ 78.539406205576128, 17.402865557131634 ], [ 78.539333079068342, 17.402749942662421 ], [ 78.539335381962147, 17.4025779057108 ], [ 78.539337876915454, 17.402391532408522 ], [ 78.539326399814044, 17.402133292999761 ], [ 78.539299414200883, 17.4019178781828 ], [ 78.539242563030953, 17.40170209543027 ], [ 78.539110666262687, 17.401514062372211 ], [ 78.538949480460658, 17.401282652232368 ], [ 78.538773746962747, 17.401022384819516 ], [ 78.538583965881912, 17.401041038590943 ], [ 78.53860872433745, 17.40107770405864 ], [ 78.538666916594821, 17.401193131696708 ], [ 78.538784263679972, 17.401352307923922 ], [ 78.538871555188237, 17.401525449762694 ], [ 78.539045561439806, 17.401914745015624 ], [ 78.53908728799864, 17.402144680628972 ], [ 78.53899289533588, 17.402501985313698 ], [ 78.538884911763247, 17.40275875110056 ], [ 78.538637928982666, 17.40335793335613 ], [ 78.538214633127922, 17.403739854778319 ], [ 78.538019655918333, 17.404085589097743 ], [ 78.538064130150062, 17.4041973604266 ], [ 78.53812257986381, 17.404344255655044 ], [ 78.538184265432974, 17.404499279724991 ], [ 78.538292810726347, 17.404772073999599 ], [ 78.538454278125272, 17.404803884256005 ], [ 78.538559383434077, 17.404762163774478 ], [ 78.538635965537551, 17.404619722777873 ], [ 78.538789707653734, 17.404291828105354 ], [ 78.538910512564541, 17.404192948373481 ], [ 78.539178916644943, 17.404224937853407 ], [ 78.539402522271487, 17.404256375621145 ], [ 78.539717450580142, 17.404159888834418 ], [ 78.540060711250902, 17.404178462736873 ], [ 78.540420627675175, 17.404068193412488 ], [ 78.540617246026542, 17.403884212707428 ], [ 78.540843537934492, 17.403714939443692 ], [ 78.541053745364877, 17.403631497829501 ], [ 78.541248636271092, 17.40357654621392 ], [ 78.541310091620488, 17.403448252633083 ], [ 78.541177042914811, 17.403346241743442 ], [ 78.541015468351574, 17.403143506013791 ], [ 78.541077692375467, 17.402957869857865 ], [ 78.541499255733669, 17.402704967868537 ], [ 78.541920434246165, 17.402480738599412 ], [ 78.5419970130351, 17.402338295345515 ], [ 78.542000081089284, 17.402108911159623 ], [ 78.541943035978335, 17.401907464594768 ], [ 78.541798120170526, 17.401575884622098 ], [ 78.541777603630408, 17.401487073880627 ], [ 78.541604188994171, 17.401559155950501 ] ] ] } },
{ "type": "Feature", "properties": { "FID": 528, "Descr_1": "Water Bodies", "Descr_2": "Canal", "Descr_3": "Canal", "PI_CODE": " ", "LU_Code": "WBCN", "Shape_Area": 0.00059608036127100001 }, "geometry": { "type": "Polygon", "coordinates": [ [ [ 78.572559492298367, 17.401707648693645 ], [ 78.572596581773766, 17.401848087580234 ], [ 78.572653690092295, 17.401919472247013 ], [ 78.572782180849103, 17.401983717949115 ], [ 78.572853565470226, 17.401955163613277 ], [ 78.572846426068537, 17.401890919021678 ], [ 78.572796456769339, 17.40180525770916 ], [ 78.572770421271784, 17.401725421654898 ], [ 78.572559492298367, 17.401707648693645 ] ] ] } },
{ "type": "Feature", "properties": { "FID": 529, "Descr_1": "Water Bodies", "Descr_2": "Reservoir/Tanks", "Descr_3": "Reservoir/Tanks", "PI_CODE": " ", "LU_Code": "WBRT", "Shape_Area": 0.40022916892299998 }, "geometry": { "type": "Polygon", "coordinates": [ [ [ 78.527427422598109, 17.357531951265749 ], [ 78.527426880918171, 17.357544742186345 ], [ 78.527466543947952, 17.357523555198416 ], [ 78.528210431896525, 17.357245246644588 ], [ 78.528356928674555, 17.357190437955371 ], [ 78.529696707582843, 17.35674816125206 ], [ 78.530086645886641, 17.356619151947001 ], [ 78.530257119337762, 17.356525666153129 ], [ 78.530348100323891, 17.35642163867303 ], [ 78.530480939077719, 17.356165182609402 ], [ 78.530523564706513, 17.355955406624048 ], [ 78.530455238290415, 17.355830599930872 ], [ 78.53029140821819, 17.355799898623129 ], [ 78.53000814935713, 17.355767721331137 ], [ 78.529845279180734, 17.355665337421339 ], [ 78.529816765785199, 17.355564612672627 ], [ 78.529895634316247, 17.355250134773431 ], [ 78.530201313180342, 17.354723376632379 ], [ 78.530248981143515, 17.354508883997195 ], [ 78.530251860932324, 17.354293838012168 ], [ 78.530224309016646, 17.354121432779653 ], [ 78.530153124321288, 17.35386245527118 ], [ 78.530098210708246, 17.353503307126562 ], [ 78.530088661279237, 17.353101703237748 ], [ 78.530106661595241, 17.352872504615394 ], [ 78.530168488039237, 17.352715541647331 ], [ 78.530319307940374, 17.352602696084084 ], [ 78.530380558020028, 17.352488742086464 ], [ 78.530412142578726, 17.352360083168062 ], [ 78.530578082367086, 17.352233083965057 ], [ 78.530699428895502, 17.352091194773653 ], [ 78.530717236705627, 17.351876332658499 ], [ 78.530690069999011, 17.351675254910248 ], [ 78.530565463176998, 17.351304414043152 ], [ 78.530307986914409, 17.351205643134691 ], [ 78.530169808807159, 17.35111790310922 ], [ 78.529992205658345, 17.351000999206232 ], [ 78.529979899358835, 17.350990736409059 ], [ 78.529608298438035, 17.350680804453248 ], [ 78.529530218377815, 17.350565128270294 ], [ 78.529472426245519, 17.350421025807684 ], [ 78.529434282097583, 17.35029628475688 ], [ 78.529385162821185, 17.350247881619627 ], [ 78.529276073533026, 17.350217856016688 ], [ 78.529077031063167, 17.350215398428986 ], [ 78.528937574123688, 17.350223232024902 ], [ 78.528858726347494, 17.350164903139596 ], [ 78.528779095694404, 17.350001528792987 ], [ 78.528713413868886, 17.349866771207726 ], [ 78.528410919015769, 17.349298748137841 ], [ 78.528344459621508, 17.349173950977228 ], [ 78.52825514793615, 17.349153728312192 ], [ 78.528025737882842, 17.349189129003502 ], [ 78.527944578950184, 17.349250128234207 ], [ 78.527853084068383, 17.349318899211799 ], [ 78.527894766544563, 17.349690636559579 ], [ 78.528068907594005, 17.350065598632895 ], [ 78.528155977902415, 17.350253079135996 ], [ 78.528183720287856, 17.350411148269185 ], [ 78.528152133631622, 17.350539807859569 ], [ 78.528076532926391, 17.350610566161652 ], [ 78.527999777974358, 17.350767342577264 ], [ 78.527996126316779, 17.351039733678697 ], [ 78.527992089908793, 17.351340798057571 ], [ 78.528002212538368, 17.351699393298873 ], [ 78.527982478105187, 17.352057618093458 ], [ 78.527889833460364, 17.352285893339321 ], [ 78.527737668065285, 17.352499091045253 ], [ 78.527524441553098, 17.352811906049769 ], [ 78.527385856583308, 17.3531256460872 ], [ 78.527261814995754, 17.353468242712552 ], [ 78.52715366336696, 17.353739340366278 ], [ 78.527000338553179, 17.354038557205115 ], [ 78.52683305010197, 17.354265908191266 ], [ 78.526681458000724, 17.354436096850336 ], [ 78.526486040371623, 17.354534049925554 ], [ 78.526276464728923, 17.354574471885392 ], [ 78.525337899179732, 17.354419467697447 ], [ 78.52499550737798, 17.354343535018444 ], [ 78.524608328723289, 17.354267048196419 ], [ 78.52422115321616, 17.354190558891219 ], [ 78.52389272807963, 17.354186491258179 ], [ 78.523547642361734, 17.354311264619813 ], [ 78.523366698795684, 17.354550940837775 ], [ 78.523331360403503, 17.354973105618381 ], [ 78.523306747309064, 17.355267145632993 ], [ 78.523300725345095, 17.355339084935068 ], [ 78.523378417451212, 17.356965102047052 ], [ 78.523368241011156, 17.35709172611654 ], [ 78.523522893694278, 17.35726473318072 ], [ 78.523670255339624, 17.357409947102109 ], [ 78.523981251773279, 17.357600202844374 ], [ 78.524159626970459, 17.357659766772656 ], [ 78.524367086840584, 17.357777047865433 ], [ 78.524484976774602, 17.357893217069844 ], [ 78.524512907552179, 17.35803695042566 ], [ 78.524495091460494, 17.358251811437928 ], [ 78.524432875386822, 17.35843744290618 ], [ 78.524326063249617, 17.358608184985219 ], [ 78.524219826530754, 17.358735917156817 ], [ 78.52409847123387, 17.35887780134582 ], [ 78.524037021464522, 17.359006088001632 ], [ 78.523990501629271, 17.359134561023023 ], [ 78.524009741144511, 17.359343900180484 ], [ 78.524192702909886, 17.359404493977127 ], [ 78.524344871255522, 17.359454892838123 ], [ 78.524469417044045, 17.359295693652214 ], [ 78.524567690169633, 17.359170081887715 ], [ 78.524810272803236, 17.358895870981904 ], [ 78.525892459539392, 17.358364399909011 ], [ 78.527427422598109, 17.357531951265749 ] ] ] } },
{ "type": "Feature", "properties": { "FID": 530, "Descr_1": "Water Bodies", "Descr_2": "Lakes/Ponds", "Descr_3": "Lakes/Ponds", "PI_CODE": " ", "LU_Code": "WBLP", "Shape_Area": 0.0123074735828 }, "geometry": { "type": "Polygon", "coordinates": [ [ [ 78.525896094780819, 17.363829404449501 ], [ 78.525771524237356, 17.363839810081853 ], [ 78.525683955912982, 17.363874572266322 ], [ 78.52538055782648, 17.364229282931934 ], [ 78.525203334121329, 17.364454115862376 ], [ 78.525075875642997, 17.364679567837957 ], [ 78.525123392070455, 17.364847441856341 ], [ 78.525307762042118, 17.36501701085918 ], [ 78.525604742976043, 17.365140179388689 ], [ 78.525756384605856, 17.365155313239399 ], [ 78.525916733325602, 17.365072348788587 ], [ 78.526131119933581, 17.364859923217551 ], [ 78.526234658443144, 17.364562481036671 ], [ 78.526226547783267, 17.364239759308134 ], [ 78.526117465858079, 17.36402332758891 ], [ 78.525994822326467, 17.363890371244821 ], [ 78.525896094780819, 17.363829404449501 ] ] ] } },
{ "type": "Feature", "properties": { "FID": 531, "Descr_1": "Water Bodies", "Descr_2": "Reservoir/Tanks", "Descr_3": "Reservoir/Tanks", "PI_CODE": "Builtup Inside Tank", "LU_Code": "WBRT", "Shape_Area": 0.081736483639900007 }, "geometry": { "type": "Polygon", "coordinates": [ [ [ 78.530674570654995, 17.363804875969404 ], [ 78.530362746259527, 17.363860765842674 ], [ 78.530100360658381, 17.363941166022595 ], [ 78.529899543299095, 17.364070121831343 ], [ 78.529685322051606, 17.364270606231919 ], [ 78.529471420358576, 17.364447195802573 ], [ 78.529270119718731, 17.364611990596835 ], [ 78.52896880959608, 17.364811397309332 ], [ 78.52878011056049, 17.364964399808269 ], [ 78.528652813540631, 17.365177907004568 ], [ 78.528637168874653, 17.36541669237776 ], [ 78.528719607659809, 17.365764232312188 ], [ 78.528865537827983, 17.366016965438615 ], [ 78.529369055996582, 17.366513099642571 ], [ 78.529657447779798, 17.366349380759473 ], [ 78.530138479294038, 17.366213511076019 ], [ 78.530397519553844, 17.366140342005647 ], [ 78.530631901564888, 17.366074137664231 ], [ 78.532501107357561, 17.365819808694525 ], [ 78.53281074274706, 17.365777677807031 ], [ 78.532730149784413, 17.365479231099858 ], [ 78.532631579642867, 17.36540631881941 ], [ 78.532434121797593, 17.365284391441207 ], [ 78.532335391575955, 17.365223425857092 ], [ 78.532176217907846, 17.365030275321786 ], [ 78.53205420805368, 17.364849534223175 ], [ 78.531912114671158, 17.364310075217087 ], [ 78.531691377006695, 17.364068368007651 ], [ 78.531432035381883, 17.363921776114655 ], [ 78.530998038641656, 17.363808873015529 ], [ 78.530674570654995, 17.363804875969404 ] ] ] } },
{ "type": "Feature", "properties": { "FID": 532, "Descr_1": "Water Bodies", "Descr_2": "Reservoir/Tanks", "Descr_3": "Reservoir/Tanks", "PI_CODE": "Builtup Inside Tank", "LU_Code": "WBRT", "Shape_Area": 0.073311977688800004 }, "geometry": { "type": "Polygon", "coordinates": [ [ [ 78.540780707387142, 17.394628676073442 ], [ 78.540639297927839, 17.394779879222856 ], [ 78.540519205124923, 17.394826194219569 ], [ 78.540270467059202, 17.394813568159606 ], [ 78.540126404132351, 17.394656859552651 ], [ 78.540001169882729, 17.394466310388449 ], [ 78.539864108246334, 17.394292555446409 ], [ 78.539735337777813, 17.394243170230784 ], [ 78.539466437299978, 17.394249412910838 ], [ 78.539207106561449, 17.394284450659875 ], [ 78.538820664290355, 17.394347567902418 ], [ 78.538653015411867, 17.394374951066414 ], [ 78.538425568436509, 17.394293733041795 ], [ 78.538276888653385, 17.394244103399913 ], [ 78.538198530673128, 17.394147543879882 ], [ 78.53812030337005, 17.394041427364165 ], [ 78.538012467299822, 17.393915826932901 ], [ 78.537904119252417, 17.393828457120922 ], [ 78.537830103929764, 17.39377256959207 ], [ 78.537842845204736, 17.393677301658467 ], [ 78.537892406200456, 17.39330673685977 ], [ 78.537935767711687, 17.392982509736807 ], [ 78.537684475144545, 17.393161033254728 ], [ 78.537463683643324, 17.393292136912631 ], [ 78.537281201840884, 17.393352183167526 ], [ 78.53721146971651, 17.393375128174625 ], [ 78.537183679171733, 17.393384272387216 ], [ 78.536828342935664, 17.393464207027183 ], [ 78.536757606379624, 17.393513380795213 ], [ 78.536731722635665, 17.393550342081113 ], [ 78.536713266861582, 17.393590262305722 ], [ 78.536706679928741, 17.393636064935311 ], [ 78.536706066237102, 17.393681942126175 ], [ 78.536712920765638, 17.393710299133929 ], [ 78.536725469414492, 17.393762189571039 ], [ 78.537009455672788, 17.394235785380651 ], [ 78.537071214071076, 17.394352047825699 ], [ 78.537066574193858, 17.3946985126504 ], [ 78.536926019167353, 17.394971602624761 ], [ 78.536773499063884, 17.395208702356193 ], [ 78.536782261854199, 17.395483636083597 ], [ 78.536953426538176, 17.395712778788571 ], [ 78.537176606461387, 17.395775279664086 ], [ 78.53741446767566, 17.395670675835863 ], [ 78.537878708221442, 17.395389630072053 ], [ 78.538378516622117, 17.395240462934769 ], [ 78.538838756762374, 17.395258090321303 ], [ 78.539098146120153, 17.395404678418807 ], [ 78.539368861441417, 17.395635048320102 ], [ 78.539563797846881, 17.395948127250577 ], [ 78.539746131115763, 17.396272999143719 ], [ 78.539868005728408, 17.396465687223849 ], [ 78.540016848382095, 17.39650336903712 ], [ 78.540142560591789, 17.396409326689053 ], [ 78.540356972621368, 17.396196888014483 ], [ 78.540472551361916, 17.396110428216343 ], [ 78.54056585558051, 17.395971438171994 ], [ 78.540706086689099, 17.395722236576876 ], [ 78.54077780155751, 17.395478165275005 ], [ 78.540813381823014, 17.395144032996349 ], [ 78.540817697407149, 17.394821460654939 ], [ 78.540797885584567, 17.394597928260033 ], [ 78.540780707387142, 17.394628676073442 ] ] ] } },
{ "type": "Feature", "properties": { "FID": 533, "Descr_1": "Water Bodies", "Descr_2": "Reservoir/Tanks", "Descr_3": "Reservoir/Tanks", "PI_CODE": " ", "LU_Code": "WBRT", "Shape_Area": 0.0516527483498 }, "geometry": { "type": "Polygon", "coordinates": [ [ [ 78.540790663295184, 17.394516429231935 ], [ 78.540781014644637, 17.394307201892204 ], [ 78.540772358920151, 17.394125314088246 ], [ 78.54072463109884, 17.393971776705659 ], [ 78.540679105927921, 17.39363114857915 ], [ 78.54041016183514, 17.393150545867641 ], [ 78.540216345695328, 17.392753838612101 ], [ 78.540017476697898, 17.392621148940613 ], [ 78.539882259688866, 17.392605033612053 ], [ 78.539643737433636, 17.392573416349496 ], [ 78.539444136454577, 17.392609191015893 ], [ 78.53919399624904, 17.392701697022769 ], [ 78.538973976465797, 17.392775457601985 ], [ 78.538753391037673, 17.392810033168779 ], [ 78.53863475498126, 17.392828628369958 ], [ 78.538365729583376, 17.392844426675147 ], [ 78.538195001565597, 17.392885319361238 ], [ 78.538175954119481, 17.392889881625806 ], [ 78.537935767711687, 17.392982509736807 ], [ 78.537892406200456, 17.39330673685977 ], [ 78.537842845204736, 17.393677301658467 ], [ 78.537830103929764, 17.39377256959207 ], [ 78.537904119252417, 17.393828457120922 ], [ 78.538012467299822, 17.393915826932901 ], [ 78.53812030337005, 17.394041427364165 ], [ 78.538198530673128, 17.394147543879882 ], [ 78.538276888653385, 17.394244103399913 ], [ 78.538425568436509, 17.394293733041795 ], [ 78.538653015411867, 17.394374951066414 ], [ 78.538820664290355, 17.394347567902418 ], [ 78.539207106561449, 17.394284450659875 ], [ 78.539466437299978, 17.394249412910838 ], [ 78.539735337777813, 17.394243170230784 ], [ 78.539864108246334, 17.394292555446409 ], [ 78.540001169882729, 17.394466310388449 ], [ 78.540126404132351, 17.394656859552651 ], [ 78.540270467059202, 17.394813568159606 ], [ 78.540519205124923, 17.394826194219569 ], [ 78.540639297927839, 17.394779879222856 ], [ 78.540780707387142, 17.394628676073442 ], [ 78.540797885584567, 17.394597928260033 ], [ 78.540790663295184, 17.394516429231935 ] ] ] } },
{ "type": "Feature", "properties": { "FID": 534, "Descr_1": "Water Bodies", "Descr_2": "Reservoir/Tanks", "Descr_3": "Reservoir/Tanks", "PI_CODE": " ", "LU_Code": "WBRT", "Shape_Area": 0.039886924323799998 }, "geometry": { "type": "Polygon", "coordinates": [ [ [ 78.513039152860387, 17.395917937120242 ], [ 78.513012909683866, 17.395649955974889 ], [ 78.51311529830123, 17.395440933976662 ], [ 78.513228156597719, 17.395193805144508 ], [ 78.513241858770641, 17.394916765054841 ], [ 78.513206046660628, 17.394619987213382 ], [ 78.513199454125598, 17.39437136939576 ], [ 78.513202813587171, 17.39412287537337 ], [ 78.513296151224438, 17.393846825934947 ], [ 78.513334464101646, 17.393779081839622 ], [ 78.513308983926507, 17.393769080183819 ], [ 78.513206207614346, 17.393638752001788 ], [ 78.513222786544304, 17.393517079971282 ], [ 78.513231512634107, 17.393423988024903 ], [ 78.513195348134232, 17.393337505594612 ], [ 78.513114097238471, 17.393271969913553 ], [ 78.513010934307417, 17.393170314364554 ], [ 78.512916684797005, 17.393030680318912 ], [ 78.512728050019149, 17.393234966772379 ], [ 78.512285148646697, 17.393592688397224 ], [ 78.51196402517489, 17.393779864969648 ], [ 78.511639888111873, 17.393851133856344 ], [ 78.511592686886331, 17.393861511849039 ], [ 78.511671756420441, 17.393913558944469 ], [ 78.511759793249396, 17.394029366049313 ], [ 78.511832705341192, 17.394159322259966 ], [ 78.511928208251305, 17.394275221992544 ], [ 78.512053573833356, 17.394391494285042 ], [ 78.512178359358188, 17.394550773799729 ], [ 78.512213650938662, 17.394701770895466 ], [ 78.512129879227246, 17.394822602179453 ], [ 78.511994816365757, 17.394871101793814 ], [ 78.511808754941825, 17.394825767832433 ], [ 78.511689592256246, 17.394802772657599 ], [ 78.511599615281568, 17.394830328281248 ], [ 78.511553365744263, 17.39493729016521 ], [ 78.511452332651501, 17.395229970225568 ], [ 78.511413687411206, 17.395276718852482 ], [ 78.511415034074119, 17.395276343127769 ], [ 78.511624592971174, 17.395240722239841 ], [ 78.511783734098572, 17.39525226643492 ], [ 78.511902283365131, 17.39532065761696 ], [ 78.511977650328944, 17.395637046932215 ], [ 78.512003246849886, 17.395952813960918 ], [ 78.512000389412066, 17.396163972285137 ], [ 78.511999883025979, 17.396201306826047 ], [ 78.512352590241122, 17.396022649803211 ], [ 78.512704940063429, 17.395919505017396 ], [ 78.512868701408451, 17.395957393780719 ], [ 78.513061941462453, 17.396024325827135 ], [ 78.513155645212606, 17.396048062717036 ], [ 78.513039152860387, 17.395917937120242 ] ] ] } },
{ "type": "Feature", "properties": { "FID": 535, "Descr_1": "Water Bodies", "Descr_2": "Reservoir/Tanks", "Descr_3": "Reservoir/Tanks", "PI_CODE": "Buitup Inside Tank", "LU_Code": "WBRT", "Shape_Area": 0.0156183744271 }, "geometry": { "type": "Polygon", "coordinates": [ [ [ 78.511452332651501, 17.395229970225568 ], [ 78.511553365744263, 17.39493729016521 ], [ 78.511599615281568, 17.394830328281248 ], [ 78.511689592256246, 17.394802772657599 ], [ 78.511808754941825, 17.394825767832433 ], [ 78.511994816365757, 17.394871101793814 ], [ 78.512129879227246, 17.394822602179453 ], [ 78.512213650938662, 17.394701770895466 ], [ 78.512178359358188, 17.394550773799729 ], [ 78.512053573833356, 17.394391494285042 ], [ 78.511928208251305, 17.394275221992544 ], [ 78.511832705341192, 17.394159322259966 ], [ 78.511759793249396, 17.394029366049313 ], [ 78.511671756420441, 17.393913558944469 ], [ 78.511592686886331, 17.393861511849039 ], [ 78.511563376283391, 17.393867956452116 ], [ 78.511506894125532, 17.393875197616975 ], [ 78.51091467178459, 17.394334392095342 ], [ 78.510808016933979, 17.394490783755085 ], [ 78.510685848627062, 17.394689999848179 ], [ 78.510653463081596, 17.394875996123307 ], [ 78.510710665440271, 17.39506311168509 ], [ 78.510842915273216, 17.395222484672455 ], [ 78.510916883580791, 17.395270736177341 ], [ 78.511065336213591, 17.39536757127874 ], [ 78.511185177152797, 17.395340388627829 ], [ 78.511413687411206, 17.395276718852482 ], [ 78.511452332651501, 17.395229970225568 ] ] ] } },
{ "type": "Feature", "properties": { "FID": 536, "Descr_1": "Water Bodies", "Descr_2": "Reservoir/Tanks", "Descr_3": "Reservoir/Tanks", "PI_CODE": "Buitup Inside Tank", "LU_Code": "WBRT", "Shape_Area": 0.0038375767036400001 }, "geometry": { "type": "Polygon", "coordinates": [ [ [ 78.513010934307417, 17.393170314364554 ], [ 78.513114097238471, 17.393271969913553 ], [ 78.513195348134232, 17.393337505594612 ], [ 78.513231512634107, 17.393423988024903 ], [ 78.513222786544304, 17.393517079971282 ], [ 78.513206207614346, 17.393638752001788 ], [ 78.513308983926507, 17.393769080183819 ], [ 78.513334464101646, 17.393779081839622 ], [ 78.513398149765237, 17.39366647636195 ], [ 78.513517759020772, 17.393425911213548 ], [ 78.513542613714264, 17.39326309220451 ], [ 78.51353059012952, 17.393047863104503 ], [ 78.513413271239799, 17.392888676035664 ], [ 78.513279470228625, 17.392843992777184 ], [ 78.513015786034785, 17.392895555178168 ], [ 78.512920025694541, 17.3930270612675 ], [ 78.512916684797005, 17.393030680318912 ], [ 78.513010934307417, 17.393170314364554 ] ] ] } },
{ "type": "Feature", "properties": { "FID": 537, "Descr_1": "Water Bodies", "Descr_2": "Reservoir/Tanks", "Descr_3": "Reservoir/Tanks", "PI_CODE": "Buitup Inside Tank", "LU_Code": "WBRT", "Shape_Area": 0.00704915958635 }, "geometry": { "type": "Polygon", "coordinates": [ [ [ 78.513061941462453, 17.396024325827135 ], [ 78.512868701408451, 17.395957393780719 ], [ 78.512704940063429, 17.395919505017396 ], [ 78.512352590241122, 17.396022649803211 ], [ 78.511999883025979, 17.396201306826047 ], [ 78.512126704578961, 17.396394070427565 ], [ 78.512274600431041, 17.396501063630829 ], [ 78.512851570633231, 17.396536935761606 ], [ 78.513140251183898, 17.396540535810022 ], [ 78.513280518352531, 17.396475370930922 ], [ 78.513312284466579, 17.396359775959922 ], [ 78.513332875535852, 17.396284842692189 ], [ 78.513186272991277, 17.396082275130457 ], [ 78.513155645212606, 17.396048062717036 ], [ 78.513061941462453, 17.396024325827135 ] ] ] } },
{ "type": "Feature", "properties": { "FID": 538, "Descr_1": "Water Bodies", "Descr_2": "Reservoir/Tanks", "Descr_3": "Reservoir/Tanks", "PI_CODE": "Buitup Inside Tank", "LU_Code": "WBRT", "Shape_Area": 0.0149784359808 }, "geometry": { "type": "Polygon", "coordinates": [ [ [ 78.551812047243459, 17.397269996414632 ], [ 78.551349185077569, 17.397271803594052 ], [ 78.55088648377783, 17.39733048701158 ], [ 78.550705005792949, 17.397500324960067 ], [ 78.550672659458854, 17.397686334331556 ], [ 78.550700040348758, 17.397873076278195 ], [ 78.550801510786997, 17.398103744442686 ], [ 78.551007699173397, 17.398321360362232 ], [ 78.55127993353166, 17.398494150396694 ], [ 78.551363782633032, 17.398497798927234 ], [ 78.551663763758341, 17.398401109785375 ], [ 78.551891185831494, 17.398145799788018 ], [ 78.552000100875119, 17.397817342230557 ], [ 78.551974817538508, 17.397472896611365 ], [ 78.551812047243459, 17.397269996414632 ] ] ] } },
{ "type": "Feature", "properties": { "FID": 539, "Descr_1": "Water Bodies", "Descr_2": "Reservoir/Tanks", "Descr_3": "Reservoir/Tanks", "PI_CODE": "Buitup Inside Tank", "LU_Code": "WBRT", "Shape_Area": 0.0240372353803 }, "geometry": { "type": "Polygon", "coordinates": [ [ [ 78.553301545831729, 17.394261869928918 ], [ 78.553047875980155, 17.394274142773913 ], [ 78.552777954580222, 17.394356866343045 ], [ 78.552730870945609, 17.394528356441693 ], [ 78.552877963442569, 17.394841357700088 ], [ 78.553157032394964, 17.395049785047881 ], [ 78.553438451650109, 17.395225303234305 ], [ 78.553944998231984, 17.395317548906434 ], [ 78.554392578826366, 17.395351714393279 ], [ 78.554752283, 17.395255751441407 ], [ 78.5550995330223, 17.394973228652024 ], [ 78.555089557289207, 17.394600294349054 ], [ 78.554824211057422, 17.394338941341868 ], [ 78.554559904390089, 17.394287767102004 ], [ 78.553967626653957, 17.394275579776405 ], [ 78.553571435577325, 17.394267426131037 ], [ 78.553414916788725, 17.394264204233721 ], [ 78.553301545831729, 17.394261869928918 ] ] ] } },
{ "type": "Feature", "properties": { "FID": 540, "Descr_1": "Water Bodies", "Descr_2": "Reservoir/Tanks", "Descr_3": "Reservoir/Tanks", "PI_CODE": " ", "LU_Code": "WBRT", "Shape_Area": 0.048651379309499997 }, "geometry": { "type": "Polygon", "coordinates": [ [ [ 78.508574416811001, 17.342478500007825 ], [ 78.508652689447459, 17.342456204153461 ], [ 78.508798768644141, 17.342414594343925 ], [ 78.509391902088623, 17.342245640303499 ], [ 78.509673924312906, 17.342165305503141 ], [ 78.509661107000667, 17.342141239000043 ], [ 78.508891745000753, 17.342361076000017 ], [ 78.508566481072179, 17.342468157819535 ], [ 78.508574416811001, 17.342478500007825 ] ] ] } },
{ "type": "Feature", "properties": { "FID": 541, "Descr_1": "Water Bodies", "Descr_2": "Reservoir/Tanks", "Descr_3": "Reservoir/Tanks", "PI_CODE": " ", "LU_Code": "WBRT", "Shape_Area": 0.14230427954 }, "geometry": { "type": "Polygon", "coordinates": [ [ [ 78.522415511379364, 17.337597472660089 ], [ 78.522435260931346, 17.337640671093876 ], [ 78.522536377007242, 17.33786184668865 ], [ 78.522544121341213, 17.33787087035066 ], [ 78.522539987594968, 17.337777149721649 ], [ 78.522575648052879, 17.337627295870213 ], [ 78.522593749752701, 17.337572998386001 ], [ 78.52252664800065, 17.337424271000014 ], [ 78.522398821212008, 17.337464147622899 ], [ 78.522415511379364, 17.337597472660089 ] ] ] } },
{ "type": "Feature", "properties": { "FID": 553, "Descr_1": "Water Bodies", "Descr_2": "Reservoir/Tanks", "Descr_3": "Reservoir/Tanks", "PI_CODE": "Crop Inside Tank", "LU_Code": "WBRT", "Shape_Area": 0.062184691458399999 }, "geometry": { "type": "Polygon", "coordinates": [ [ [ 78.512594062309546, 17.329998497008376 ], [ 78.512596991896984, 17.329781034175507 ], [ 78.512552666064309, 17.329784433083592 ], [ 78.512429705000599, 17.329963810000134 ], [ 78.512472129000727, 17.330009744000208 ], [ 78.512510898418725, 17.330098510874233 ], [ 78.512594062309546, 17.329998497008376 ] ] ] } },
{ "type": "Feature", "properties": { "FID": 554, "Descr_1": "Water Bodies", "Descr_2": "Reservoir/Tanks", "Descr_3": "Reservoir/Tanks", "PI_CODE": " ", "LU_Code": "WBRT", "Shape_Area": 0.020609774528800001 }, "geometry": { "type": "Polygon", "coordinates": [ [ [ 78.503785336581601, 17.33109645080269 ], [ 78.503659012996721, 17.331238260690835 ], [ 78.503645119932841, 17.331345627165128 ], [ 78.503741560138181, 17.331573856718002 ], [ 78.503753413296877, 17.331589626130391 ], [ 78.503947183447934, 17.33184739572248 ], [ 78.504031356374639, 17.33196347489659 ], [ 78.504096294228319, 17.332053026102621 ], [ 78.50441341113644, 17.332490345781146 ], [ 78.504548135535472, 17.332647361341792 ], [ 78.50481231203517, 17.332860515361975 ], [ 78.504818881399771, 17.332865815399799 ], [ 78.504980422594173, 17.332879778749565 ], [ 78.505077646730271, 17.33286627330455 ], [ 78.50521724403319, 17.332846884360464 ], [ 78.505340601982539, 17.332792995786857 ], [ 78.505457452908416, 17.332563105558446 ], [ 78.505522713853978, 17.332336892842033 ], [ 78.50545066515997, 17.332144814337958 ], [ 78.505340816218322, 17.331988110292702 ], [ 78.505132104276271, 17.331782377765787 ], [ 78.505027648179649, 17.331688767384776 ], [ 78.50486168058039, 17.331540030892896 ], [ 78.504589000704613, 17.331464938051479 ], [ 78.504391759061448, 17.331331041373261 ], [ 78.504033462907145, 17.331147341366545 ], [ 78.503785336581601, 17.33109645080269 ] ] ] } },
{ "type": "Feature", "properties": { "FID": 555, "Descr_1": "Water Bodies", "Descr_2": "Reservoir/Tanks", "Descr_3": "Reservoir/Tanks", "PI_CODE": " ", "LU_Code": "WBRT", "Shape_Area": 0.037395638007 }, "geometry": { "type": "Polygon", "coordinates": [ [ [ 78.507773016144782, 17.35546897908478 ], [ 78.507676240751778, 17.355264642074527 ], [ 78.507589803649324, 17.355215768825865 ], [ 78.507427595820758, 17.355249593259764 ], [ 78.507226289908289, 17.355414366127988 ], [ 78.507093052461727, 17.355503273641531 ], [ 78.506962621015518, 17.355590308670486 ], [ 78.506749844047235, 17.35568324624121 ], [ 78.506537550549155, 17.355740342063271 ], [ 78.506238015304362, 17.355808298283598 ], [ 78.506051572618389, 17.355794020572706 ], [ 78.505872186094706, 17.355801911654865 ], [ 78.505750818409396, 17.356168232946789 ], [ 78.505783536680042, 17.356292527095047 ], [ 78.505868355869254, 17.356460868812565 ], [ 78.505966262202691, 17.3565815793818 ], [ 78.506239446573787, 17.356792225675001 ], [ 78.506475497723073, 17.356854151024724 ], [ 78.506641157459057, 17.35689760831324 ], [ 78.507147559887215, 17.356989955622911 ], [ 78.507312716841767, 17.357012086763156 ], [ 78.507959977938356, 17.357098815743505 ], [ 78.508427724282939, 17.35716148978576 ], [ 78.508434623100285, 17.357150060841267 ], [ 78.508449810164194, 17.356947121248304 ], [ 78.50840263145237, 17.356755350992827 ], [ 78.508026680281048, 17.355987243917276 ], [ 78.507773016144782, 17.35546897908478 ] ] ] } },
{ "type": "Feature", "properties": { "FID": 556, "Descr_1": "Water Bodies", "Descr_2": "Reservoir/Tanks", "Descr_3": "Reservoir/Tanks", "PI_CODE": "Buitup Inside Tank", "LU_Code": "WBRT", "Shape_Area": 0.0045528764874200002 }, "geometry": { "type": "Polygon", "coordinates": [ [ [ 78.515369576852848, 17.361594294832553 ], [ 78.515229339002076, 17.361659464843264 ], [ 78.515078632374284, 17.361762741264283 ], [ 78.514957525461782, 17.361885503108031 ], [ 78.51493568583011, 17.36202861771001 ], [ 78.514993597724327, 17.362163165348488 ], [ 78.515231043443322, 17.362271269283646 ], [ 78.51531499608592, 17.36232010720089 ], [ 78.515598646626884, 17.362323634373787 ], [ 78.5156590072325, 17.362276589419583 ], [ 78.515660422713296, 17.362171456619677 ], [ 78.515652276267929, 17.362037527876343 ], [ 78.515605218167039, 17.361836201619756 ], [ 78.515508011541442, 17.361662929799838 ], [ 78.515369576852848, 17.361594294832553 ] ] ] } },
{ "type": "Feature", "properties": { "FID": 557, "Descr_1": "Water Bodies", "Descr_2": "Reservoir/Tanks", "Descr_3": "Reservoir/Tanks", "PI_CODE": "Buitup Inside Tank", "LU_Code": "WBRT", "Shape_Area": 0.040583766544999997 }, "geometry": { "type": "Polygon", "coordinates": [ [ [ 78.56713287794436, 17.31558876624813 ], [ 78.567394545550215, 17.315658313020862 ], [ 78.567948511845401, 17.31600016830836 ], [ 78.568125168834001, 17.316188722444487 ], [ 78.568280689268747, 17.31649866918201 ], [ 78.568846339932762, 17.316972589239402 ], [ 78.569703333807581, 17.31719426173543 ], [ 78.570210387071725, 17.31720354397806 ], [ 78.570140399156401, 17.316951649162114 ], [ 78.570009895233753, 17.316940177829302 ], [ 78.569989247581333, 17.316587425713998 ], [ 78.56974677559036, 17.316612293220381 ], [ 78.56975447414554, 17.316026868600154 ], [ 78.569470438282906, 17.31586808190432 ], [ 78.569122640836113, 17.315828012654251 ], [ 78.569112559991908, 17.31564865121193 ], [ 78.569497515617982, 17.315701120189985 ], [ 78.56953696560943, 17.315467369646303 ], [ 78.569114800616418, 17.315384808214485 ], [ 78.568972418073628, 17.314953889807637 ], [ 78.568900304415877, 17.314761825820923 ], [ 78.568489061142728, 17.314816579950559 ], [ 78.568579290765186, 17.315522685210919 ], [ 78.568206147915902, 17.315518154957253 ], [ 78.568256162190366, 17.314963885450076 ], [ 78.568136105611458, 17.314762625195026 ], [ 78.567967604756376, 17.314738553645011 ], [ 78.567809739225311, 17.315251148017737 ], [ 78.567337820681203, 17.315234354798005 ], [ 78.567126460679063, 17.315226834193322 ], [ 78.5669927286892, 17.315569843663575 ], [ 78.56713287794436, 17.31558876624813 ] ] ] } },
{ "type": "Feature", "properties": { "FID": 558, "Descr_1": "Water Bodies", "Descr_2": "Reservoir/Tanks", "Descr_3": "Reservoir/Tanks", "PI_CODE": "Buitup Inside Tank", "LU_Code": "WBRT", "Shape_Area": 0.013049881224599999 }, "geometry": { "type": "Polygon", "coordinates": [ [ [ 78.566549529964547, 17.314358103582464 ], [ 78.56641718557033, 17.314389921793261 ], [ 78.565803723086589, 17.314497180554834 ], [ 78.565482486775721, 17.314614174070076 ], [ 78.565409989066112, 17.314922569555399 ], [ 78.565526562167548, 17.315139073973359 ], [ 78.565733823191408, 17.315270644918094 ], [ 78.566090339818459, 17.315404030125492 ], [ 78.566575694873904, 17.315503131314436 ], [ 78.566736219023383, 17.315386323334174 ], [ 78.566305472383959, 17.315315830134189 ], [ 78.566292381955151, 17.315082869144618 ], [ 78.566520375633843, 17.315122222129272 ], [ 78.566749640111212, 17.315190145382413 ], [ 78.566774466672854, 17.314827286547647 ], [ 78.566800364875036, 17.314539376105326 ], [ 78.566828401310261, 17.314291059314108 ], [ 78.566549529964547, 17.314358103582464 ] ] ] } },
{ "type": "Feature", "properties": { "FID": 559, "Descr_1": "Water Bodies", "Descr_2": "Reservoir/Tanks", "Descr_3": "Reservoir/Tanks", "PI_CODE": "Buitup Inside Tank", "LU_Code": "WBRT", "Shape_Area": 0.00146160454594 }, "geometry": { "type": "Polygon", "coordinates": [ [ [ 78.567569480854999, 17.314174492273278 ], [ 78.567224870905534, 17.314270680914383 ], [ 78.567053110063824, 17.314279509725342 ], [ 78.567076150600187, 17.314417045678695 ], [ 78.567723558249156, 17.314377113332654 ], [ 78.567746908662997, 17.314073211108113 ], [ 78.567569480854999, 17.314174492273278 ] ] ] } },
{ "type": "Feature", "properties": { "FID": 560, "Descr_1": "Water Bodies", "Descr_2": "Reservoir/Tanks", "Descr_3": "Reservoir/Tanks", "PI_CODE": "Buitup Inside Tank", "LU_Code": "WBRT", "Shape_Area": 0.0056721472499099996 }, "geometry": { "type": "Polygon", "coordinates": [ [ [ 78.568544931975424, 17.313784839640569 ], [ 78.56829081730811, 17.313810433143459 ], [ 78.568083341860543, 17.313903006373536 ], [ 78.56815826226503, 17.314430186762973 ], [ 78.568479925474037, 17.314565534701604 ], [ 78.568731366035266, 17.314496391421621 ], [ 78.56878268209627, 17.314246578297524 ], [ 78.56889088787473, 17.31378165512519 ], [ 78.568544931975424, 17.313784839640569 ] ] ] } },
{ "type": "Feature", "properties": { "FID": 561, "Descr_1": "Water Bodies", "Descr_2": "Reservoir/Tanks", "Descr_3": "Reservoir/Tanks", "PI_CODE": " ", "LU_Code": "WBRT", "Shape_Area": 0.10560122274 }, "geometry": { "type": "Polygon", "coordinates": [ [ [ 78.56878268209627, 17.314246578297524 ], [ 78.568731366035266, 17.314496391421621 ], [ 78.568479925474037, 17.314565534701604 ], [ 78.56815826226503, 17.314430186762973 ], [ 78.568083341860543, 17.313903006373536 ], [ 78.567908125866836, 17.313981182765932 ], [ 78.567746908662997, 17.314073211108113 ], [ 78.567723558249156, 17.314377113332654 ], [ 78.567076150600187, 17.314417045678695 ], [ 78.567053110063824, 17.314279509725342 ], [ 78.566828401310261, 17.314291059314108 ], [ 78.566800364875036, 17.314539376105326 ], [ 78.566774466672854, 17.314827286547647 ], [ 78.566749640111212, 17.315190145382413 ], [ 78.566520375633843, 17.315122222129272 ], [ 78.566292381955151, 17.315082869144618 ], [ 78.566305472383959, 17.315315830134189 ], [ 78.566736219023383, 17.315386323334174 ], [ 78.566575694873904, 17.315503131314436 ], [ 78.566726123898576, 17.315533846685344 ], [ 78.5669927286892, 17.315569843663575 ], [ 78.567126460679063, 17.315226834193322 ], [ 78.567337820681203, 17.315234354798005 ], [ 78.567809739225311, 17.315251148017737 ], [ 78.567967604756376, 17.314738553645011 ], [ 78.568136105611458, 17.314762625195026 ], [ 78.568256162190366, 17.314963885450076 ], [ 78.568206147915902, 17.315518154957253 ], [ 78.568579290765186, 17.315522685210919 ], [ 78.568489061142728, 17.314816579950559 ], [ 78.568900304415877, 17.314761825820923 ], [ 78.568972418073628, 17.314953889807637 ], [ 78.569114800616418, 17.315384808214485 ], [ 78.56953696560943, 17.315467369646303 ], [ 78.569497515617982, 17.315701120189985 ], [ 78.569112559991908, 17.31564865121193 ], [ 78.569122640836113, 17.315828012654251 ], [ 78.569470438282906, 17.31586808190432 ], [ 78.56975447414554, 17.316026868600154 ], [ 78.56974677559036, 17.316612293220381 ], [ 78.569989247581333, 17.316587425713998 ], [ 78.570009895233753, 17.316940177829302 ], [ 78.570140399156401, 17.316951649162114 ], [ 78.570210387071725, 17.31720354397806 ], [ 78.570551639021389, 17.317003949221927 ], [ 78.570637847453213, 17.316678944400209 ], [ 78.570732230136983, 17.316323118119776 ], [ 78.570844300109385, 17.315883088809755 ], [ 78.570886699745714, 17.315716601895438 ], [ 78.571089018120077, 17.314922205857236 ], [ 78.571378182391882, 17.314122717339536 ], [ 78.571531459014835, 17.313818672915769 ], [ 78.571568424001242, 17.313754678281295 ], [ 78.571495485714124, 17.313675084257227 ], [ 78.571462040969777, 17.313569524443604 ], [ 78.571332467650578, 17.313072658655031 ], [ 78.571237282401924, 17.312707656022738 ], [ 78.571208122378934, 17.312595842016325 ], [ 78.571172554327873, 17.312438276741894 ], [ 78.571125141001502, 17.312228244661295 ], [ 78.570909928465014, 17.312164525716216 ], [ 78.570731011231118, 17.312148018676886 ], [ 78.570526641159475, 17.312330359554778 ], [ 78.570522430829286, 17.312488200123717 ], [ 78.570516527229842, 17.312709618114308 ], [ 78.570500345273274, 17.313316364405424 ], [ 78.570479439221799, 17.313392586293027 ], [ 78.570210525809856, 17.313408443423334 ], [ 78.569682107845409, 17.31358355231599 ], [ 78.569254890304236, 17.313690517195386 ], [ 78.56889088787473, 17.31378165512519 ], [ 78.56878268209627, 17.314246578297524 ] ] ] } },
{ "type": "Feature", "properties": { "FID": 562, "Descr_1": "Water Bodies", "Descr_2": "Reservoir/Tanks", "Descr_3": "Reservoir/Tanks", "PI_CODE": " ", "LU_Code": "WBRT", "Shape_Area": 0.021516226714100001 }, "geometry": { "type": "Polygon", "coordinates": [ [ [ 78.57503586318613, 17.324356862410962 ], [ 78.574719753209862, 17.32437352355991 ], [ 78.574611408155462, 17.324533928881934 ], [ 78.574637823754287, 17.325905377349027 ], [ 78.574799480951256, 17.326127860443655 ], [ 78.574993906009425, 17.32610153804843 ], [ 78.575202354399877, 17.32607075659833 ], [ 78.576084998745216, 17.324867238635015 ], [ 78.576087070774861, 17.324709533110394 ], [ 78.575954423624339, 17.324578873807759 ], [ 78.575478465965233, 17.324444056949016 ], [ 78.57503586318613, 17.324356862410962 ] ] ] } },
{ "type": "Feature", "properties": { "FID": 563, "Descr_1": "Water Bodies", "Descr_2": "Reservoir/Tanks", "Descr_3": "Reservoir/Tanks", "PI_CODE": "Buitup Inside Tank", "LU_Code": "WBRT", "Shape_Area": 0.015668514036899998 }, "geometry": { "type": "Polygon", "coordinates": [ [ [ 78.575930524986774, 17.326399665436583 ], [ 78.575810358159643, 17.326455567148209 ], [ 78.575687557471241, 17.326712184793355 ], [ 78.575668865622077, 17.326998742737491 ], [ 78.575665699652561, 17.327239885062873 ], [ 78.57560346859772, 17.327519123834435 ], [ 78.575657210998187, 17.327846832046681 ], [ 78.57569850628019, 17.32796284775603 ], [ 78.575966897291238, 17.328178167945467 ], [ 78.576273298348625, 17.328270064918982 ], [ 78.576476757760616, 17.328289050039078 ], [ 78.576688619596553, 17.328269606133642 ], [ 78.576651724784469, 17.327994421937213 ], [ 78.576630736899517, 17.327837887691857 ], [ 78.576555172780814, 17.327676974792375 ], [ 78.57644073083587, 17.327337892283296 ], [ 78.576225108286678, 17.326704356154977 ], [ 78.576123445134712, 17.326488035975768 ], [ 78.575930524986774, 17.326399665436583 ] ] ] } },
{ "type": "Feature", "properties": { "FID": 564, "Descr_1": "Water Bodies", "Descr_2": "Reservoir/Tanks", "Descr_3": "Reservoir/Tanks", "PI_CODE": " ", "LU_Code": "WBRT", "Shape_Area": 0.063250291807700004 }, "geometry": { "type": "Polygon", "coordinates": [ [ [ 78.595486204360171, 17.32217138508128 ], [ 78.595450552879541, 17.322177284207406 ], [ 78.595284228300585, 17.322204807578025 ], [ 78.595246836114072, 17.322354726331671 ], [ 78.595304675724606, 17.322498813667362 ], [ 78.595419983131663, 17.322815665692396 ], [ 78.595417261136049, 17.323024755998066 ], [ 78.595417184416817, 17.323030722783184 ], [ 78.595414757723731, 17.323217106049601 ], [ 78.595381731241375, 17.323460477730826 ], [ 78.595347210822084, 17.323818549035664 ], [ 78.595544780442367, 17.32489822486184 ], [ 78.59562988491993, 17.324995011091794 ], [ 78.595883637845134, 17.325043840031459 ], [ 78.595957584927319, 17.325017236366929 ], [ 78.596153627379664, 17.324946706171445 ], [ 78.596905194261083, 17.324554226438703 ], [ 78.597095886153994, 17.324479071359566 ], [ 78.597432198812811, 17.324346525417965 ], [ 78.597505438180917, 17.324317660086205 ], [ 78.598029926574981, 17.324166220034918 ], [ 78.598642485964845, 17.324130549962788 ], [ 78.598777572352063, 17.324074811955317 ], [ 78.598823656967909, 17.323974988086913 ], [ 78.598779291163893, 17.323797800263584 ], [ 78.59851185212419, 17.323698996917386 ], [ 78.598386185274933, 17.323604281603011 ], [ 78.598187969681533, 17.32344803437368 ], [ 78.598127578243933, 17.323400428707551 ], [ 78.59771989135487, 17.323180446318442 ], [ 78.597489923229418, 17.323070142146165 ], [ 78.596999208283918, 17.322920857778712 ], [ 78.596700042738107, 17.322821069965443 ], [ 78.596687052195691, 17.322816735936946 ], [ 78.596538159990232, 17.322786269963544 ], [ 78.596411748998179, 17.322748903766833 ], [ 78.596337861732295, 17.322690658631121 ], [ 78.596227310766992, 17.322581787334894 ], [ 78.596117228155464, 17.32243707102948 ], [ 78.596036063866265, 17.32236440001622 ], [ 78.595939787299017, 17.322305886344441 ], [ 78.595776619737791, 17.322225059302898 ], [ 78.595612985871099, 17.322180077104019 ], [ 78.595486204360171, 17.32217138508128 ] ] ] } },
{ "type": "Feature", "properties": { "FID": 565, "Descr_1": "Water Bodies", "Descr_2": "Reservoir/Tanks", "Descr_3": "Reservoir/Tanks", "PI_CODE": " ", "LU_Code": "WBRT", "Shape_Area": 0.0241167162313 }, "geometry": { "type": "Polygon", "coordinates": [ [ [ 78.58415546374863, 17.332802008567267 ], [ 78.584138719041647, 17.332746675202994 ], [ 78.584050992469059, 17.33284583364243 ], [ 78.58384250966138, 17.332805079253692 ], [ 78.583602922028859, 17.332859543913155 ], [ 78.583483377360793, 17.332867659761003 ], [ 78.583292294728068, 17.333018305142428 ], [ 78.583141146321907, 17.333159871841609 ], [ 78.583076113547421, 17.333228889803177 ], [ 78.582978165296495, 17.333444688714255 ], [ 78.582876145537142, 17.333634647244889 ], [ 78.582844414154451, 17.333777656348232 ], [ 78.582843287792372, 17.333863678162725 ], [ 78.582891669327864, 17.333969416633675 ], [ 78.583000011008124, 17.334056762315754 ], [ 78.583217944571842, 17.334135869890019 ], [ 78.58366800437733, 17.334336410635995 ], [ 78.583802339236968, 17.334353237378505 ], [ 78.584160598447198, 17.334357560913073 ], [ 78.584359755769611, 17.334350407143312 ], [ 78.584609172284246, 17.334305620375851 ], [ 78.584726890020519, 17.334241110107911 ], [ 78.584574549118173, 17.333860844764029 ], [ 78.584491087653163, 17.33365251478175 ], [ 78.584350111273707, 17.333300612214469 ], [ 78.584331466560712, 17.333254073730977 ], [ 78.58427890864742, 17.333122882090763 ], [ 78.584240870019983, 17.33302792963385 ], [ 78.58415546374863, 17.332802008567267 ] ] ] } },
{ "type": "Feature", "properties": { "FID": 566, "Descr_1": "Water Bodies", "Descr_2": "Reservoir/Tanks", "Descr_3": "Reservoir/Tanks", "PI_CODE": " ", "LU_Code": "WBRT", "Shape_Area": 0.0308118105385 }, "geometry": { "type": "Polygon", "coordinates": [ [ [ 78.600384052835381, 17.341800024664405 ], [ 78.600303037191679, 17.341811001927141 ], [ 78.600215565632723, 17.341839827387705 ], [ 78.600096840411723, 17.341880225372716 ], [ 78.599996462634664, 17.341944742729517 ], [ 78.599877582051377, 17.341997090323058 ], [ 78.599614083016718, 17.342167195227937 ], [ 78.599488436671081, 17.342261283948996 ], [ 78.599402380243632, 17.342321241562278 ], [ 78.599227709175963, 17.342478790342856 ], [ 78.599089437172609, 17.342778257028371 ], [ 78.599085517179162, 17.343079338355778 ], [ 78.599097834959139, 17.34328023705768 ], [ 78.599185726169495, 17.343410345710705 ], [ 78.599300983921125, 17.343512503083137 ], [ 78.599520009877182, 17.343659754972879 ], [ 78.599680023666451, 17.343793120298141 ], [ 78.599846258944325, 17.343926559145462 ], [ 78.599938628598821, 17.343999363824604 ], [ 78.60006186708722, 17.344090464830767 ], [ 78.600166832749082, 17.344151472376211 ], [ 78.600271799428029, 17.344212478974288 ], [ 78.600370700104719, 17.344261463067639 ], [ 78.60044503083428, 17.344286254098375 ], [ 78.600501810294844, 17.344286935138648 ], [ 78.600516062749918, 17.344014537763286 ], [ 78.600592838198068, 17.342234762845152 ], [ 78.600608372989328, 17.341874622649023 ], [ 78.600539322563137, 17.341819812377782 ], [ 78.600483497384474, 17.341807191942145 ], [ 78.600384052835381, 17.341800024664405 ] ] ] } },
{ "type": "Feature", "properties": { "FID": 575, "Descr_1": "Water Bodies", "Descr_2": "Reservoir/Tanks", "Descr_3": "Reservoir/Tanks", "PI_CODE": " ", "LU_Code": "WBRT", "Shape_Area": 0.12667716380300001 }, "geometry": { "type": "Polygon", "coordinates": [ [ [ 78.582610135562248, 17.372452305611784 ], [ 78.58223845399462, 17.372512561261825 ], [ 78.582201630970914, 17.372518530548533 ], [ 78.58186013732788, 17.3725738906322 ], [ 78.581432401400818, 17.372756923754391 ], [ 78.580990179836007, 17.373158921268566 ], [ 78.581007826918508, 17.373674279582151 ], [ 78.581072781222474, 17.374462506802402 ], [ 78.581034963294812, 17.374762576188886 ], [ 78.58081246341203, 17.375027546025414 ], [ 78.580611125904127, 17.375197176966147 ], [ 78.580529486244941, 17.375349139364499 ], [ 78.580406523189978, 17.375615313980063 ], [ 78.580363492201982, 17.376060988885818 ], [ 78.580360427244756, 17.376092729367201 ], [ 78.580515354407339, 17.376516382209019 ], [ 78.580533819144435, 17.376534565677773 ], [ 78.580770955275057, 17.376671270963087 ], [ 78.580969028094842, 17.376750147025788 ], [ 78.581168608304594, 17.376714326930607 ], [ 78.581430423705982, 17.376488070697953 ], [ 78.581554138019015, 17.376164546673177 ], [ 78.58179504201577, 17.376014512643035 ], [ 78.582134476994142, 17.375942147789914 ], [ 78.582336601759096, 17.37589300469827 ], [ 78.582434097911502, 17.375869299928642 ], [ 78.58257445588734, 17.3757945218507 ], [ 78.582755883537743, 17.375624648780548 ], [ 78.583076165091754, 17.375494692298453 ], [ 78.583178713401935, 17.375266506961861 ], [ 78.583183732906861, 17.374884187622996 ], [ 78.5831885002668, 17.374520986032767 ], [ 78.583292553910624, 17.374178104430307 ], [ 78.583632989673333, 17.374029270345002 ], [ 78.584212065653574, 17.373902442998833 ], [ 78.58441364881763, 17.373713693431409 ], [ 78.584437067234845, 17.373446311015755 ], [ 78.584423798879001, 17.373348329799846 ], [ 78.583886677000649, 17.372981512999925 ], [ 78.582988088420421, 17.372391034439897 ], [ 78.582610135562248, 17.372452305611784 ] ] ] } },
{ "type": "Feature", "properties": { "FID": 576, "Descr_1": "Water Bodies", "Descr_2": "Reservoir/Tanks", "Descr_3": "Reservoir/Tanks", "PI_CODE": " ", "LU_Code": "WBRT", "Shape_Area": 0.074998867549799994 }, "geometry": { "type": "Polygon", "coordinates": [ [ [ 78.563778223018829, 17.345456911312436 ], [ 78.563434686675379, 17.345467063975867 ], [ 78.563180909106137, 17.345463972159088 ], [ 78.562912389975168, 17.345446361436302 ], [ 78.562734199693935, 17.345372494665575 ], [ 78.56257188637781, 17.345227125088318 ], [ 78.562425634832508, 17.344995916850696 ], [ 78.562294125092507, 17.344779228045475 ], [ 78.562103661169559, 17.344504464606057 ], [ 78.561941534697795, 17.344344756815794 ], [ 78.561763725580477, 17.344242215740678 ], [ 78.561495021610099, 17.344238940891895 ], [ 78.561314937382079, 17.344308441127833 ], [ 78.561239350037823, 17.344379214084658 ], [ 78.561102152969298, 17.344592627319894 ], [ 78.561024859143473, 17.34479243075528 ], [ 78.560896594629725, 17.345070071068054 ], [ 78.560900750246788, 17.345089403376633 ], [ 78.560974967923073, 17.345401291046251 ], [ 78.561006833826937, 17.345535207650936 ], [ 78.561060731663872, 17.345946131950026 ], [ 78.561074650145343, 17.346052241369723 ], [ 78.56110618666041, 17.346489966238643 ], [ 78.561144997907192, 17.346718060899761 ], [ 78.561147750043048, 17.346734238179291 ], [ 78.561168151891295, 17.346885046657036 ], [ 78.561233527861845, 17.347022065206236 ], [ 78.561328570888307, 17.3471737852629 ], [ 78.561473684158258, 17.347491014299479 ], [ 78.561599762979569, 17.347609898229951 ], [ 78.561777006729955, 17.347755452142813 ], [ 78.562029841109378, 17.347830229199793 ], [ 78.562194621241844, 17.347789219994695 ], [ 78.562360158852385, 17.34769086471352 ], [ 78.562467688656852, 17.347462751380668 ], [ 78.562666681258435, 17.34709236019409 ], [ 78.5629542983162, 17.34679474527562 ], [ 78.56339005937528, 17.346584970233383 ], [ 78.563825628372015, 17.346389528270784 ], [ 78.564007795565161, 17.346162322015818 ], [ 78.564100393561347, 17.345934025024636 ], [ 78.564073188863929, 17.345732947350402 ], [ 78.563956225450156, 17.345545113041513 ], [ 78.563778223018829, 17.345456911312436 ] ] ] } },
{ "type": "Feature", "properties": { "FID": 577, "Descr_1": "Water Bodies", "Descr_2": "Reservoir/Tanks", "Descr_3": "Reservoir/Tanks", "PI_CODE": " ", "LU_Code": "WBRT", "Shape_Area": 0.039933608715100002 }, "geometry": { "type": "Polygon", "coordinates": [ [ [ 78.55981493017741, 17.351041447442341 ], [ 78.559565488738372, 17.351086198560992 ], [ 78.559294243794994, 17.351274075558965 ], [ 78.559121891423956, 17.351510956170706 ], [ 78.558980913860836, 17.351633504677412 ], [ 78.558691533965757, 17.351687327779484 ], [ 78.558402535158933, 17.351712477138562 ], [ 78.558222885316482, 17.351748520763607 ], [ 78.558043362208267, 17.351775005245162 ], [ 78.557893315788945, 17.351830529136961 ], [ 78.557772241683708, 17.35195332035514 ], [ 78.557669300380724, 17.352210165575588 ], [ 78.557466788393, 17.352656980727918 ], [ 78.557476064835541, 17.352896078092815 ], [ 78.557573689222167, 17.35304066085207 ], [ 78.557697935668699, 17.353054128640316 ], [ 78.558456487386863, 17.352774926356297 ], [ 78.559417131180467, 17.352518292145337 ], [ 78.560676703901947, 17.352113052594703 ], [ 78.560767414405433, 17.352028125405496 ], [ 78.560750543057225, 17.351798495184621 ], [ 78.560643722340302, 17.351596445412639 ], [ 78.560496459714898, 17.351441697644624 ], [ 78.560338358865366, 17.351353733849717 ], [ 78.560209483703716, 17.351313922671427 ], [ 78.560061084216358, 17.351245199241902 ], [ 78.559943172581427, 17.351129045713716 ], [ 78.55981493017741, 17.351041447442341 ] ] ] } },
{ "type": "Feature", "properties": { "FID": 578, "Descr_1": "Water Bodies", "Descr_2": "Reservoir/Tanks", "Descr_3": "Reservoir/Tanks", "PI_CODE": "Crop Inside Tank", "LU_Code": "WBRT", "Shape_Area": 0.0100629471259 }, "geometry": { "type": "Polygon", "coordinates": [ [ [ 78.553262094375796, 17.340803778399419 ], [ 78.55317710281372, 17.34083300864825 ], [ 78.553116757729256, 17.340880068279663 ], [ 78.553094699782704, 17.34104230712121 ], [ 78.55320973656643, 17.341733281276039 ], [ 78.553330716004879, 17.3419044250067 ], [ 78.553753793005072, 17.342004708222635 ], [ 78.553922720693322, 17.342025893200695 ], [ 78.554032952923052, 17.341969884986163 ], [ 78.554054250252349, 17.341864992175786 ], [ 78.554036372758972, 17.341711823631957 ], [ 78.554017863235543, 17.341606444837954 ], [ 78.553999732766002, 17.341472393443365 ], [ 78.553962334784174, 17.341290308417552 ], [ 78.553914473978779, 17.341146332995372 ], [ 78.553796448767272, 17.341039737348076 ], [ 78.553668214742729, 17.340952134987248 ], [ 78.553519952388129, 17.340873846758456 ], [ 78.553262094375796, 17.340803778399419 ] ] ] } },
{ "type": "Feature", "properties": { "FID": 579, "Descr_1": "Water Bodies", "Descr_2": "Reservoir/Tanks", "Descr_3": "Reservoir/Tanks", "PI_CODE": "Buitup Inside Tank", "LU_Code": "WBRT", "Shape_Area": 0.021417620924399999 }, "geometry": { "type": "Polygon", "coordinates": [ [ [ 78.548667668212332, 17.335630111293494 ], [ 78.548442997609527, 17.335684714712869 ], [ 78.548199973126216, 17.335997194236452 ], [ 78.548060484656588, 17.33638263478408 ], [ 78.548010891673783, 17.336550345050473 ], [ 78.548057057068831, 17.336640696632056 ], [ 78.548279061342811, 17.336786805667288 ], [ 78.548591010338328, 17.336905339843756 ], [ 78.549037876757836, 17.336982509559647 ], [ 78.549425795992079, 17.337001600119347 ], [ 78.54990480221494, 17.336907094202076 ], [ 78.550115307448294, 17.336794961259052 ], [ 78.5501177819106, 17.336608584163411 ], [ 78.549940556789664, 17.336463024378489 ], [ 78.549733288754254, 17.336331434787866 ], [ 78.549319133211355, 17.336039583231123 ], [ 78.548993779676564, 17.335806173051768 ], [ 78.548667668212332, 17.335630111293494 ] ] ] } },
{ "type": "Feature", "properties": { "FID": 580, "Descr_1": "Water Bodies", "Descr_2": "Reservoir/Tanks", "Descr_3": "Reservoir/Tanks", "PI_CODE": "Buitup Inside Tank", "LU_Code": "WBRT", "Shape_Area": 0.086423171244099997 }, "geometry": { "type": "Polygon", "coordinates": [ [ [ 78.552286770186782, 17.342861839077955 ], [ 78.552282085879099, 17.342658780327266 ], [ 78.552068963131362, 17.342583147388439 ], [ 78.55160467900582, 17.342692176378062 ], [ 78.551259818342231, 17.342802665694656 ], [ 78.550840316911916, 17.342912240991627 ], [ 78.550571426601607, 17.342923287313436 ], [ 78.550243585780336, 17.342876255441638 ], [ 78.549383107272689, 17.342464223102716 ], [ 78.549175070958398, 17.342389980235758 ], [ 78.548994414906701, 17.342502477625384 ], [ 78.548793686957296, 17.343001881012622 ], [ 78.548771940807953, 17.343234602243804 ], [ 78.548733026077031, 17.343244558099563 ], [ 78.548742045949112, 17.343517451068326 ], [ 78.548838778543811, 17.34417354043428 ], [ 78.549119712941348, 17.344462666388939 ], [ 78.550000077796312, 17.345363919270913 ], [ 78.550356293318927, 17.345728582638259 ], [ 78.55042306882963, 17.345730105883554 ], [ 78.550812006262561, 17.345569383894198 ], [ 78.550993173536227, 17.345418653589611 ], [ 78.551134784392602, 17.345248320360689 ], [ 78.551257126809162, 17.34502995412986 ], [ 78.551370533454659, 17.344735004452541 ], [ 78.551576919360016, 17.344207964329925 ], [ 78.551645743018312, 17.34409789912586 ], [ 78.551873847860847, 17.343785233276989 ], [ 78.552299153090928, 17.343398709778317 ], [ 78.55229232968928, 17.343102872264687 ], [ 78.552286770186782, 17.342861839077955 ] ] ] } },
{ "type": "Feature", "properties": { "FID": 581, "Descr_1": "Water Bodies", "Descr_2": "Reservoir/Tanks", "Descr_3": "Reservoir/Tanks", "PI_CODE": " ", "LU_Code": "WBRT", "Shape_Area": 0.022534238236900001 }, "geometry": { "type": "Polygon", "coordinates": [ [ [ 78.544330164110818, 17.34185976055797 ], [ 78.544068453640435, 17.341892395363804 ], [ 78.543918381557717, 17.341950297629779 ], [ 78.543755074782894, 17.34206778411626 ], [ 78.543541373188717, 17.342232447099779 ], [ 78.543339792535036, 17.342421156175796 ], [ 78.543176485033996, 17.342538641290911 ], [ 78.543012700348967, 17.342691968092339 ], [ 78.542911114277828, 17.342846056782989 ], [ 78.542896411229322, 17.342936608599402 ], [ 78.543713503685609, 17.342946647081757 ], [ 78.544462253023895, 17.342873430839791 ], [ 78.545073869921126, 17.342752051068469 ], [ 78.545680216687401, 17.342546931186572 ], [ 78.545678144992024, 17.342473761241944 ], [ 78.54559265802294, 17.342353221299405 ], [ 78.545468736217217, 17.342315853340256 ], [ 78.5452711312644, 17.342205886284173 ], [ 78.545073843638775, 17.342072025081642 ], [ 78.544851679116277, 17.34193785823064 ], [ 78.544628557768334, 17.341875372958366 ], [ 78.544330164110818, 17.34185976055797 ] ] ] } },
{ "type": "Feature", "properties": { "FID": 582, "Descr_1": "Water Bodies", "Descr_2": "Reservoir/Tanks", "Descr_3": "Reservoir/Tanks", "PI_CODE": " ", "LU_Code": "WBRT", "Shape_Area": 0.061022716345799997 }, "geometry": { "type": "Polygon", "coordinates": [ [ [ 78.541967790114128, 17.329412058174167 ], [ 78.541803406663135, 17.32942437939532 ], [ 78.541667921611477, 17.329508746664381 ], [ 78.541576452532979, 17.329651012895052 ], [ 78.541377825380067, 17.329992707283726 ], [ 78.54128501953312, 17.330235328261985 ], [ 78.541112625142603, 17.330529866291524 ], [ 78.541101698199327, 17.330548531145453 ], [ 78.541010230110004, 17.330690797090661 ], [ 78.54099320294911, 17.330848315776176 ], [ 78.541080470842246, 17.331021453971513 ], [ 78.541183049574983, 17.331166103725469 ], [ 78.541314715996378, 17.331368467292002 ], [ 78.541324678554631, 17.331741399138817 ], [ 78.541060993789259, 17.332483783239319 ], [ 78.540998422439927, 17.332698097919604 ], [ 78.540891068655966, 17.332911862387864 ], [ 78.540707361348325, 17.333253738130235 ], [ 78.540087144087224, 17.333862685839616 ], [ 78.539797799744235, 17.334289296285892 ], [ 78.539732497307199, 17.334427799571579 ], [ 78.539690252755975, 17.334517396778132 ], [ 78.539582898460452, 17.334731158633531 ], [ 78.539550558574405, 17.33491716697311 ], [ 78.539567055033643, 17.334970246738603 ], [ 78.53976660959016, 17.334990201589342 ], [ 78.539911200639921, 17.334980563384168 ], [ 78.540181101291992, 17.334864891275885 ], [ 78.540875132022506, 17.33438292517609 ], [ 78.541015765462973, 17.334321398322114 ], [ 78.541183590175109, 17.334247974429054 ], [ 78.541386016189861, 17.334180499000947 ], [ 78.541733032351786, 17.334122663091708 ], [ 78.541907851457282, 17.333913738017987 ], [ 78.541925641593991, 17.333698874150116 ], [ 78.541914150906962, 17.333440633290312 ], [ 78.541848679643508, 17.332751560999238 ], [ 78.541854599373636, 17.332307126925858 ], [ 78.541918315775575, 17.332006793030097 ], [ 78.541967104034541, 17.331706273944395 ], [ 78.541955805201923, 17.331433696986728 ], [ 78.541885179255644, 17.331131712217136 ], [ 78.541918276920185, 17.330888357807812 ], [ 78.541995583734817, 17.330688561910513 ], [ 78.542060251747117, 17.330316546448941 ], [ 78.542124539755221, 17.329973200016525 ], [ 78.542114193163343, 17.329628938815684 ], [ 78.541967790114128, 17.329412058174167 ] ] ] } },
{ "type": "Feature", "properties": { "FID": 583, "Descr_1": "Water Bodies", "Descr_2": "Reservoir/Tanks", "Descr_3": "Reservoir/Tanks", "PI_CODE": " ", "LU_Code": "WBRT", "Shape_Area": 0.034682991528099998 }, "geometry": { "type": "Polygon", "coordinates": [ [ [ 78.542690616919131, 17.32557810261358 ], [ 78.542539827621837, 17.325690962790592 ], [ 78.542417938152113, 17.325875872677514 ], [ 78.542310590567709, 17.326089639396212 ], [ 78.542143540053075, 17.3263026719778 ], [ 78.541916972558113, 17.326500634309479 ], [ 78.541840071641928, 17.326530307761619 ], [ 78.54155683112495, 17.32663960087989 ], [ 78.541454710021441, 17.326684536070839 ], [ 78.540968977444905, 17.327062548171416 ], [ 78.540994173382117, 17.327192151967665 ], [ 78.541074826164106, 17.327335011876837 ], [ 78.541116433939834, 17.327404584810356 ], [ 78.541306938215087, 17.327468187569149 ], [ 78.541596084783819, 17.327546065240199 ], [ 78.541753204914286, 17.327588380580668 ], [ 78.541898704170634, 17.327614719450402 ], [ 78.543067825694877, 17.327826347445672 ], [ 78.543094106803252, 17.327791249880068 ], [ 78.543067114952962, 17.327575834740585 ], [ 78.543024813961367, 17.327388909969059 ], [ 78.543058673634917, 17.327088207715981 ], [ 78.54321156209754, 17.326817644889697 ], [ 78.543230684563497, 17.32650242337597 ], [ 78.543221862309764, 17.326043468899652 ], [ 78.543047321676283, 17.325697193418932 ], [ 78.542929440069855, 17.325581033779304 ], [ 78.542690616919131, 17.32557810261358 ] ] ] } },
{ "type": "Feature", "properties": { "FID": 584, "Descr_1": "Water Bodies", "Descr_2": "Reservoir/Tanks", "Descr_3": "Reservoir/Tanks", "PI_CODE": " ", "LU_Code": "WBRT", "Shape_Area": 0.011825462383499999 }, "geometry": { "type": "Polygon", "coordinates": [ [ [ 78.554126587728334, 17.362590023715715 ], [ 78.553768027632131, 17.362604753207854 ], [ 78.553587096916971, 17.362736367724821 ], [ 78.553463347923952, 17.363059871120683 ], [ 78.553459283086511, 17.363365985129541 ], [ 78.553874110249822, 17.363498059931722 ], [ 78.553890102587445, 17.363487263048043 ], [ 78.554139942915214, 17.363413848329799 ], [ 78.554390987598026, 17.36338253735715 ], [ 78.554419135032546, 17.363379026739238 ], [ 78.554752950561635, 17.363371868916822 ], [ 78.554986708652535, 17.363366855281555 ], [ 78.554837112058323, 17.363057566577034 ], [ 78.554701322134704, 17.362788244629918 ], [ 78.554364950878465, 17.362631179635503 ], [ 78.554126587728334, 17.362590023715715 ] ] ] } },
{ "type": "Feature", "properties": { "FID": 585, "Descr_1": "Water Bodies", "Descr_2": "Reservoir/Tanks", "Descr_3": "Reservoir/Tanks", "PI_CODE": "Buitup Inside Tank", "LU_Code": "WBRT", "Shape_Area": 0.0243064595602 }, "geometry": { "type": "Polygon", "coordinates": [ [ [ 78.5587119238605, 17.369256385875691 ], [ 78.558472094294657, 17.369325149851083 ], [ 78.558244913212192, 17.369566136367698 ], [ 78.558062140982528, 17.369836343209791 ], [ 78.557895059050111, 17.370049384897019 ], [ 78.55774442563964, 17.370147917004886 ], [ 78.557534647170257, 17.370202707770787 ], [ 78.557509290897585, 17.370207509745683 ], [ 78.5575569190773, 17.370653650979541 ], [ 78.559603089863572, 17.370744196216421 ], [ 78.559694380151612, 17.37061625868262 ], [ 78.55946100686198, 17.370197575976835 ], [ 78.559301336044967, 17.369851489012099 ], [ 78.559142234725485, 17.369462392151732 ], [ 78.55899521625166, 17.369288526742491 ], [ 78.5587119238605, 17.369256385875691 ] ] ] } },
{ "type": "Feature", "properties": { "FID": 586, "Descr_1": "Water Bodies", "Descr_2": "Reservoir/Tanks", "Descr_3": "Reservoir/Tanks", "PI_CODE": "Buitup Inside Tank", "LU_Code": "WBRT", "Shape_Area": 0.00128356307361 }, "geometry": { "type": "Polygon", "coordinates": [ [ [ 78.557243339112944, 17.370257886871361 ], [ 78.556965780765353, 17.370310462406142 ], [ 78.556919278804969, 17.370438944680739 ], [ 78.556947619382441, 17.370554001725363 ], [ 78.557045430323242, 17.37063101421878 ], [ 78.557284301021937, 17.370641584989833 ], [ 78.557243339112944, 17.370257886871361 ] ] ] } },
{ "type": "Feature", "properties": { "FID": 587, "Descr_1": "Water Bodies", "Descr_2": "Reservoir/Tanks", "Descr_3": "Reservoir/Tanks", "PI_CODE": " ", "LU_Code": "WBRT", "Shape_Area": 0.140539580187 }, "geometry": { "type": "Polygon", "coordinates": [ [ [ 78.568336830383444, 17.364333177028286 ], [ 78.568070176870066, 17.364172199579649 ], [ 78.567919553984879, 17.364270740949951 ], [ 78.567668021290899, 17.364095609699891 ], [ 78.567222746232062, 17.36402921937103 ], [ 78.5671723122435, 17.364319000452735 ], [ 78.565948265331841, 17.364289752573971 ], [ 78.565895377972637, 17.364021895038636 ], [ 78.565611236824935, 17.364009332210994 ], [ 78.565574261965637, 17.364225151867828 ], [ 78.565628674834628, 17.36462730896033 ], [ 78.565637733576281, 17.365071929952595 ], [ 78.565590728978876, 17.365605240790448 ], [ 78.565372371374664, 17.365943380718075 ], [ 78.565263313692782, 17.366286190023402 ], [ 78.565259145703607, 17.366601597852618 ], [ 78.565343799252361, 17.366975444797482 ], [ 78.565414659410081, 17.367263091331044 ], [ 78.565482140222798, 17.367673572566208 ], [ 78.565724405349258, 17.367768225743379 ], [ 78.565936222410429, 17.367850983649785 ], [ 78.56611350512577, 17.367920249424888 ], [ 78.566361865434956, 17.367959122614099 ], [ 78.566586446241686, 17.367914061856531 ], [ 78.566692389628201, 17.367870383786514 ], [ 78.566811657860626, 17.367821211626808 ], [ 78.566958981809918, 17.367745893222036 ], [ 78.567502164296826, 17.367468198256141 ], [ 78.567838974277862, 17.367296006001951 ], [ 78.568065287695717, 17.36711952277453 ], [ 78.568341843285779, 17.366907803333145 ], [ 78.568567684370166, 17.366767160147841 ], [ 78.568731001552493, 17.366649655054701 ], [ 78.568906131115426, 17.366580090905288 ], [ 78.569130709763257, 17.366535027439923 ], [ 78.569542228369968, 17.366468338283234 ], [ 78.56979169082453, 17.366423575828705 ], [ 78.569819195652187, 17.366169592014998 ], [ 78.569747005451376, 17.365982305743664 ], [ 78.569555375453675, 17.365793565689259 ], [ 78.569334266268129, 17.365575787655878 ], [ 78.569203657847609, 17.365424782008123 ], [ 78.568998635554607, 17.364983801699356 ], [ 78.568853500114059, 17.364666574800665 ], [ 78.568736331935753, 17.364493080367954 ], [ 78.568559067008152, 17.364347532385754 ], [ 78.568489962311745, 17.364258666391603 ], [ 78.568336830383444, 17.364333177028286 ] ] ] } },
{ "type": "Feature", "properties": { "FID": 588, "Descr_1": "Water Bodies", "Descr_2": "Reservoir/Tanks", "Descr_3": "Reservoir/Tanks", "PI_CODE": "Buitup Inside Tank", "LU_Code": "WBRT", "Shape_Area": 0.034758586336500003 }, "geometry": { "type": "Polygon", "coordinates": [ [ [ 78.568221359119647, 17.363913250370668 ], [ 78.567853416758609, 17.363507275280366 ], [ 78.567508803033206, 17.363186860590897 ], [ 78.567380193544892, 17.36297068298401 ], [ 78.56692136887024, 17.362850668247201 ], [ 78.566624480560108, 17.362718001706071 ], [ 78.566501814933645, 17.362705274391111 ], [ 78.566311339435757, 17.362685510408248 ], [ 78.565992010102704, 17.362789888821066 ], [ 78.565903262363449, 17.36305748355192 ], [ 78.565655161466225, 17.363752948345315 ], [ 78.565611236824935, 17.364009332210994 ], [ 78.565895377972637, 17.364021895038636 ], [ 78.565948265331841, 17.364289752573971 ], [ 78.5671723122435, 17.364319000452735 ], [ 78.567222746232062, 17.36402921937103 ], [ 78.567668021290899, 17.364095609699891 ], [ 78.567919553984879, 17.364270740949951 ], [ 78.568070176870066, 17.364172199579649 ], [ 78.568336830383444, 17.364333177028286 ], [ 78.568489962311745, 17.364258666391603 ], [ 78.568221359119647, 17.363913250370668 ] ] ] } },
{ "type": "Feature", "properties": { "FID": 589, "Descr_1": "Water Bodies", "Descr_2": "Reservoir/Tanks", "Descr_3": "Reservoir/Tanks", "PI_CODE": " ", "LU_Code": "WBRT", "Shape_Area": 0.076775877760900002 }, "geometry": { "type": "Polygon", "coordinates": [ [ [ 78.565372934319683, 17.376702170591891 ], [ 78.565549337449028, 17.376537033232118 ], [ 78.565738498561117, 17.376348151361 ], [ 78.565815994851292, 17.376134009771722 ], [ 78.565889069006687, 17.375875255396586 ], [ 78.56574781868963, 17.37564326056609 ], [ 78.565637891835166, 17.375486580553694 ], [ 78.565497533863123, 17.375379374218536 ], [ 78.565093280999818, 17.375264855411039 ], [ 78.564647566171132, 17.375190610716576 ], [ 78.564258235290666, 17.375362213685449 ], [ 78.563933316537387, 17.375465792879972 ], [ 78.563707145373911, 17.375630323330757 ], [ 78.563592635924721, 17.375820113366686 ], [ 78.563490884770772, 17.375986160006743 ], [ 78.563475122139494, 17.37623690082982 ], [ 78.563472277352901, 17.376451952422332 ], [ 78.563431945181762, 17.376678495347498 ], [ 78.563244203586962, 17.376759849366739 ], [ 78.562908422813535, 17.376743801355133 ], [ 78.562586507171289, 17.376620380104175 ], [ 78.562414055801653, 17.37648683311799 ], [ 78.562191290641806, 17.376438229022718 ], [ 78.562084295718208, 17.376551813854956 ], [ 78.562141739560914, 17.376724585212113 ], [ 78.562298216773584, 17.376936801416345 ], [ 78.562494889055074, 17.377120829740299 ], [ 78.562701513794948, 17.377304980295527 ], [ 78.562839221335366, 17.377430932902467 ], [ 78.563016113182087, 17.377605159647679 ], [ 78.563302877182934, 17.377752050774486 ], [ 78.563425109936048, 17.377812613421646 ], [ 78.563658939195776, 17.377928464136044 ], [ 78.563807107924546, 17.378016304753299 ], [ 78.563974172670981, 17.378180853888143 ], [ 78.56434685518056, 17.378606012881868 ], [ 78.564619911254695, 17.378802495446184 ], [ 78.564836252335155, 17.37870309475861 ], [ 78.564938636116082, 17.378489257776067 ], [ 78.564979280735827, 17.378238820220883 ], [ 78.564982599803102, 17.377987926589149 ], [ 78.564985129147246, 17.37779676965263 ], [ 78.564987815868321, 17.377593664986769 ], [ 78.564978058911521, 17.377390409171699 ], [ 78.565031620887893, 17.377104283105897 ], [ 78.565171172446114, 17.376902848716838 ], [ 78.565372934319683, 17.376702170591891 ] ] ] } },
{ "type": "Feature", "properties": { "FID": 590, "Descr_1": "Water Bodies", "Descr_2": "Reservoir/Tanks", "Descr_3": "Reservoir/Tanks", "PI_CODE": " ", "LU_Code": "WBRT", "Shape_Area": 0.10396340121 }, "geometry": { "type": "Polygon", "coordinates": [ [ [ 78.554246173844135, 17.388710262960508 ], [ 78.5541457529593, 17.389462795361037 ], [ 78.554179215719415, 17.389941169423107 ], [ 78.55450826369821, 17.390652589615062 ], [ 78.554918728122104, 17.391231178879242 ], [ 78.555173988641627, 17.39150196725117 ], [ 78.55553082794593, 17.391621051009146 ], [ 78.556148009242392, 17.391628611848958 ], [ 78.55674731214566, 17.391483002364357 ], [ 78.557289173087554, 17.391164619684588 ], [ 78.557631178881408, 17.390901146726726 ], [ 78.557744736066908, 17.390759566755495 ], [ 78.557874148273328, 17.390598222063471 ], [ 78.558136264404908, 17.390352887235888 ], [ 78.558337384125224, 17.390202399045084 ], [ 78.558727854698915, 17.390089909387417 ], [ 78.558710866236737, 17.389604291838033 ], [ 78.558707090860608, 17.389567500249825 ], [ 78.557939466939985, 17.389414795351836 ], [ 78.557723894451854, 17.389371910710622 ], [ 78.557466850989769, 17.389320775445363 ], [ 78.556598855142056, 17.38908311639328 ], [ 78.556177381367064, 17.388958463353941 ], [ 78.555878908832355, 17.388942857426102 ], [ 78.55574381069718, 17.388941204058938 ], [ 78.555592719921123, 17.388939353087274 ], [ 78.555318973543422, 17.388935999134336 ], [ 78.554896706186739, 17.388871079928787 ], [ 78.55459423278073, 17.388796306691244 ], [ 78.554246173844135, 17.388710262960508 ] ] ] } },
{ "type": "Feature", "properties": { "FID": 591, "Descr_1": "Water Bodies", "Descr_2": "Reservoir/Tanks", "Descr_3": "Reservoir/Tanks", "PI_CODE": " ", "LU_Code": "WBRT", "Shape_Area": 0.19837292042 }, "geometry": { "type": "Polygon", "coordinates": [ [ [ 78.570642504380132, 17.430117962407813 ], [ 78.571187358345668, 17.430333718683965 ], [ 78.571271502579634, 17.430364395766254 ], [ 78.571402716683593, 17.430213980592718 ], [ 78.571576790752218, 17.430303079727356 ], [ 78.571621118853869, 17.430207022381566 ], [ 78.571812087740525, 17.429793183281266 ], [ 78.571752938116049, 17.429789838856852 ], [ 78.571676732657352, 17.42977076264437 ], [ 78.571533847014507, 17.429746861400719 ], [ 78.571390960718304, 17.42974194680399 ], [ 78.571252835833604, 17.429779757761384 ], [ 78.571171866023178, 17.429803395907431 ], [ 78.571109947250477, 17.429841296430322 ], [ 78.570971821549392, 17.429902840696705 ], [ 78.570566974293229, 17.429968818146691 ], [ 78.57040503663211, 17.429959134497111 ], [ 78.570295491163051, 17.429935272438073 ], [ 78.570252626532067, 17.429897248763059 ], [ 78.570238339846114, 17.429840272028073 ], [ 78.570266920405004, 17.429745372379067 ], [ 78.570305026401215, 17.429659977249131 ], [ 78.570357421696826, 17.429555612265645 ], [ 78.570405054600315, 17.42943700169873 ], [ 78.570414587715049, 17.429223413113181 ], [ 78.570409828099898, 17.429128474279498 ], [ 78.570405068648085, 17.429028788783526 ], [ 78.570386020387161, 17.428933833156364 ], [ 78.570152655504387, 17.428458892682571 ], [ 78.570147897032712, 17.428330727216252 ], [ 78.570157427370305, 17.428197831881349 ], [ 78.570186007275822, 17.42812191887943 ], [ 78.570204924501851, 17.428095548455492 ], [ 78.569912249293509, 17.428059478554136 ], [ 78.569907266355983, 17.428090171061033 ], [ 78.569928676142709, 17.428353315344751 ], [ 78.569999871752444, 17.428617065631538 ], [ 78.570121165681925, 17.428857530583038 ], [ 78.570115471135011, 17.429287631717724 ], [ 78.570011157564949, 17.429644834411608 ], [ 78.569975846830204, 17.429718561022309 ], [ 78.569947212706879, 17.429778348913157 ], [ 78.569806327677, 17.430072507663585 ], [ 78.569792850264008, 17.430101086356135 ], [ 78.56962702237071, 17.430452692647464 ], [ 78.569699799092618, 17.430596972178616 ], [ 78.570073810300528, 17.430553739023456 ], [ 78.570349833982874, 17.430389817342753 ], [ 78.57035693563553, 17.430388472577391 ], [ 78.570642504380132, 17.430117962407813 ] ] ] } },
{ "type": "Feature", "properties": { "FID": 592, "Descr_1": "Water Bodies", "Descr_2": "Reservoir/Tanks", "Descr_3": "Reservoir/Tanks", "PI_CODE": "Crop Inside Tank", "LU_Code": "WBRT", "Shape_Area": 0.022853604352100002 }, "geometry": { "type": "Polygon", "coordinates": [ [ [ 78.561099936664036, 17.414662003709672 ], [ 78.560903703922648, 17.4148173316248 ], [ 78.560812197759304, 17.414959600659309 ], [ 78.560675129245425, 17.415158668755559 ], [ 78.560568688420162, 17.415300755655593 ], [ 78.560462056906104, 17.415457178765401 ], [ 78.560383961026076, 17.415714326101075 ], [ 78.560426763898064, 17.416007427249124 ], [ 78.56046708888374, 17.416202865849893 ], [ 78.560702983323594, 17.416435178140542 ], [ 78.56104360607624, 17.41665443316143 ], [ 78.561356479679034, 17.416779039795866 ], [ 78.561571144829287, 17.4166629504486 ], [ 78.561621302124479, 17.416635822684714 ], [ 78.56164811020345, 17.416267862745521 ], [ 78.561656875074107, 17.416147530668098 ], [ 78.561660935549043, 17.415841682388979 ], [ 78.561589331648307, 17.415525463818202 ], [ 78.561583028974766, 17.415494108985264 ], [ 78.56152497469887, 17.415205378418044 ], [ 78.561449717610941, 17.414702102157847 ], [ 78.56132756330868, 17.414688097588513 ], [ 78.561099936664036, 17.414662003709672 ] ] ] } },
{ "type": "Feature", "properties": { "FID": 593, "Descr_1": "Water Bodies", "Descr_2": "Reservoir/Tanks", "Descr_3": "Reservoir/Tanks", "PI_CODE": "Buitup Inside Tank", "LU_Code": "WBRT", "Shape_Area": 0.011860665381699999 }, "geometry": { "type": "Polygon", "coordinates": [ [ [ 78.567232759920515, 17.412006705160042 ], [ 78.567049691219552, 17.412017479311992 ], [ 78.567004225170976, 17.412067110784395 ], [ 78.566935694601796, 17.412166648769443 ], [ 78.566894993441139, 17.412254716020719 ], [ 78.566866500170988, 17.412316361978363 ], [ 78.566859021199619, 17.412372334972716 ], [ 78.566841632306435, 17.412502466952692 ], [ 78.566838687597581, 17.412724686789765 ], [ 78.566835841233328, 17.412939736684923 ], [ 78.566871464593021, 17.413069221769071 ], [ 78.566899703623406, 17.413105008936103 ], [ 78.566922876977941, 17.413134375993025 ], [ 78.56700244915092, 17.413175829886807 ], [ 78.567063797997747, 17.413207793137765 ], [ 78.567246560910192, 17.413272122076279 ], [ 78.567254188000518, 17.413204111000098 ], [ 78.567510802871723, 17.412862738745744 ], [ 78.567550235189927, 17.412869619571563 ], [ 78.567659780658985, 17.412893481630775 ], [ 78.567759799873912, 17.412931572479486 ], [ 78.567943544689598, 17.413007716935251 ], [ 78.567948016798979, 17.412981989424079 ], [ 78.567912429335649, 17.412874980023052 ], [ 78.567912107312779, 17.412874007144278 ], [ 78.567794915983924, 17.412700511439088 ], [ 78.567699934687568, 17.412541620595679 ], [ 78.567582933788557, 17.412353785736997 ], [ 78.567436444037995, 17.412136912410322 ], [ 78.567395104003126, 17.412110483924174 ], [ 78.567232759920515, 17.412006705160042 ] ] ] } },
{ "type": "Feature", "properties": { "FID": 594, "Descr_1": "Water Bodies", "Descr_2": "Reservoir/Tanks", "Descr_3": "Reservoir/Tanks", "PI_CODE": "Pedda Cheruvu", "LU_Code": "WBRT", "Shape_Area": 0.38342483192100002 }, "geometry": { "type": "Polygon", "coordinates": [ [ [ 78.555554368893311, 17.42232652189924 ], [ 78.555673366266703, 17.42236382943824 ], [ 78.555754360289285, 17.422450857833685 ], [ 78.555834494013226, 17.422602399176409 ], [ 78.555906779133124, 17.422782521754002 ], [ 78.5559552323204, 17.423069896065133 ], [ 78.556062755022509, 17.423408179099564 ], [ 78.556226770558581, 17.423990917755219 ], [ 78.556416911048359, 17.424294368071479 ], [ 78.55671245086441, 17.42453458481025 ], [ 78.556890615588898, 17.424615634792879 ], [ 78.557047618085235, 17.424603222258167 ], [ 78.557190737233086, 17.42451177370835 ], [ 78.557247929140985, 17.424410139295681 ], [ 78.55727487929569, 17.42436224672301 ], [ 78.557292102718179, 17.424190390800121 ], [ 78.557294298080905, 17.42402552075173 ], [ 78.557321849194366, 17.42363870634976 ], [ 78.557284009173671, 17.423114871419973 ], [ 78.557285153850685, 17.423028851390256 ], [ 78.557308032201234, 17.422993286003518 ], [ 78.557338281706876, 17.422964977121644 ], [ 78.557465893264947, 17.422916355654547 ], [ 78.557534049884353, 17.422845497247422 ], [ 78.557580283838817, 17.422738522245492 ], [ 78.557589943112148, 17.422573741352636 ], [ 78.557629283201308, 17.422423665654765 ], [ 78.557683841867544, 17.422252266888819 ], [ 78.557722511860831, 17.422152368821635 ], [ 78.557746726180781, 17.422016447086023 ], [ 78.557747284017864, 17.421974498067705 ], [ 78.557747965558164, 17.421923257987828 ], [ 78.557719241325145, 17.421836871685205 ], [ 78.557630494072001, 17.421771259063085 ], [ 78.557572474433528, 17.421641497817408 ], [ 78.557465996984078, 17.421224360549001 ], [ 78.557449161250915, 17.421052875667019 ], [ 78.557426535046901, 17.420822387580802 ], [ 78.557460407736244, 17.42052168564997 ], [ 78.557485428954749, 17.420403044419075 ], [ 78.557516206419081, 17.420257099430369 ], [ 78.557577659189647, 17.420128802157265 ], [ 78.557601585836224, 17.420014383753429 ], [ 78.557603206754976, 17.419892522994612 ], [ 78.557590084709119, 17.419756141966925 ], [ 78.557546807709628, 17.41964089994417 ], [ 78.557219632538278, 17.419264852877561 ], [ 78.556973056815707, 17.418981443717264 ], [ 78.556766651262748, 17.41877816824265 ], [ 78.556661567262807, 17.418705614336712 ], [ 78.556544644141923, 17.418624887126683 ], [ 78.556449195266964, 17.418501835067644 ], [ 78.55635450893017, 17.418321437046899 ], [ 78.556152396610415, 17.417795587987758 ], [ 78.556033355256133, 17.417608511686716 ], [ 78.555991463282709, 17.417542681714938 ], [ 78.555732506083515, 17.417360268628272 ], [ 78.555449619930371, 17.417292274407931 ], [ 78.55520311507577, 17.417296418870301 ], [ 78.554821346772286, 17.417363429123021 ], [ 78.554750401924466, 17.417367599879551 ], [ 78.55461954928704, 17.417375291896303 ], [ 78.554278266318377, 17.417206206315566 ], [ 78.554129500319718, 17.417161363060735 ], [ 78.554009553204949, 17.4171957385804 ], [ 78.553970021329306, 17.417360150230447 ], [ 78.553941284029236, 17.419046461852076 ], [ 78.55393581879153, 17.419367179790228 ], [ 78.553892858650315, 17.419711959402271 ], [ 78.553868921151903, 17.419904065198345 ], [ 78.553792531350069, 17.420032178022826 ], [ 78.553747441215449, 17.420053134005883 ], [ 78.553612557584486, 17.420087325860298 ], [ 78.552392850538993, 17.420265920388765 ], [ 78.552026010230435, 17.420333107228455 ], [ 78.551845844546449, 17.420402587991074 ], [ 78.551613412430413, 17.420471425799583 ], [ 78.551527487837276, 17.420499512410075 ], [ 78.551380881242977, 17.420547432336139 ], [ 78.551207895667375, 17.420638509131244 ], [ 78.551064205715363, 17.420772961640079 ], [ 78.550807648106357, 17.420970554191026 ], [ 78.550685707115647, 17.421103638412099 ], [ 78.550625761005307, 17.421169061760221 ], [ 78.550480731363606, 17.421403869225287 ], [ 78.550298749281367, 17.421609546411663 ], [ 78.550117721456431, 17.421743538678584 ], [ 78.550019117117373, 17.421857036984832 ], [ 78.550000227909038, 17.421902862611635 ], [ 78.550000230221087, 17.422478942196324 ], [ 78.550036149552483, 17.422675448327954 ], [ 78.550125772979413, 17.422819051736685 ], [ 78.550136641650681, 17.422993317838543 ], [ 78.550347591052045, 17.423291085808035 ], [ 78.550365590818572, 17.42343469667852 ], [ 78.550343001157202, 17.423635163014371 ], [ 78.550341213628101, 17.423768970925011 ], [ 78.550340447549573, 17.423826316653219 ], [ 78.550358449254247, 17.423969926605789 ], [ 78.550768480570667, 17.424352513124244 ], [ 78.550919068168085, 17.424493019728814 ], [ 78.551128223746517, 17.424650869365131 ], [ 78.551247699278079, 17.424652337012226 ], [ 78.551456781197743, 17.424654907717304 ], [ 78.551845841599388, 17.424602333945899 ], [ 78.552041328460376, 17.424504365325383 ], [ 78.552177075103458, 17.424405660697133 ], [ 78.552313015573887, 17.424292619801708 ], [ 78.552434209197344, 17.42416505908739 ], [ 78.552585084316519, 17.424052203302026 ], [ 78.552736147586387, 17.42392500754671 ], [ 78.552946948617674, 17.423798547281987 ], [ 78.553261797086591, 17.423431152621525 ], [ 78.553424180754433, 17.423333650548738 ], [ 78.554232989527179, 17.422848013384122 ], [ 78.554902436211563, 17.422490588584679 ], [ 78.555180151962901, 17.422386454788121 ], [ 78.555382434196048, 17.422338750980543 ], [ 78.555554368893311, 17.42232652189924 ] ] ] } },
{ "type": "Feature", "properties": { "FID": 596, "Descr_1": "Water Bodies", "Descr_2": "Reservoir/Tanks", "Descr_3": "Reservoir/Tanks", "PI_CODE": "Crop Inside Tank", "LU_Code": "WBRT", "Shape_Area": 0.0067999115552500001 }, "geometry": { "type": "Polygon", "coordinates": [ [ [ 78.5924990959453, 17.446251265149318 ], [ 78.592411338463762, 17.446297999825703 ], [ 78.592334301314821, 17.446476308445565 ], [ 78.592307210196651, 17.44664327138943 ], [ 78.592304071103541, 17.44688222015219 ], [ 78.592338744555278, 17.447085779031493 ], [ 78.592396310948629, 17.447216538714919 ], [ 78.592502919838267, 17.447197410654432 ], [ 78.592544407822857, 17.447195564216177 ], [ 78.592789719077686, 17.447184640223597 ], [ 78.592889743152213, 17.447139109149905 ], [ 78.592962407159092, 17.447106030918544 ], [ 78.592999234620464, 17.447034021930268 ], [ 78.593076113739812, 17.446867663168867 ], [ 78.593065706170123, 17.446712196355616 ], [ 78.593017486316427, 17.446592117715099 ], [ 78.592932080888687, 17.446459642339342 ], [ 78.592784125741275, 17.446350307830038 ], [ 78.5924990959453, 17.446251265149318 ] ] ] } },
{ "type": "Feature", "properties": { "FID": 602, "Descr_1": "Water Bodies", "Descr_2": "Reservoir/Tanks", "Descr_3": "Reservoir/Tanks", "PI_CODE": "Nalla Cheruvu", "LU_Code": "WBRT", "Shape_Area": 0.276303909071 }, "geometry": { "type": "Polygon", "coordinates": [ [ [ 78.581515069225944, 17.405051724043844 ], [ 78.581668960912154, 17.40470705980939 ], [ 78.581808990784381, 17.404469771612714 ], [ 78.581961622995365, 17.404220687671565 ], [ 78.582076292357627, 17.404018939917812 ], [ 78.582185548136323, 17.403752596869111 ], [ 78.582182015103442, 17.403716196140092 ], [ 78.581772435511198, 17.402894542235199 ], [ 78.581691472071142, 17.402733060570732 ], [ 78.581577174664389, 17.402391166573146 ], [ 78.581558130160261, 17.402187037724239 ], [ 78.581558136367391, 17.40200666457579 ], [ 78.581605774334932, 17.401740907493171 ], [ 78.58164388196451, 17.401608045745224 ], [ 78.581615308266066, 17.40150358559875 ], [ 78.581613240125193, 17.401501178457718 ], [ 78.581501665782696, 17.401425522959201 ], [ 78.581180198670324, 17.401292324985452 ], [ 78.580672163276361, 17.401272971795173 ], [ 78.580017204904252, 17.40144605384133 ], [ 78.580015487414954, 17.401446494731339 ], [ 78.57908644022244, 17.401678983842718 ], [ 78.57908585456461, 17.401679128551766 ], [ 78.577527548670503, 17.40206170204338 ], [ 78.577522764418362, 17.402062785367601 ], [ 78.576803906853826, 17.402211782167175 ], [ 78.576802844722934, 17.402211996789468 ], [ 78.576798810455713, 17.402212736413933 ], [ 78.576319822086546, 17.402292949862829 ], [ 78.576315149689194, 17.402293649138841 ], [ 78.576313041540459, 17.402293908546 ], [ 78.575864299242085, 17.402345810965716 ], [ 78.575857621724452, 17.402346416264248 ], [ 78.575841535116865, 17.402346508636789 ], [ 78.575498268555279, 17.40232799769262 ], [ 78.57549670987801, 17.402327904919851 ], [ 78.575468869735616, 17.402453055791401 ], [ 78.575457531372848, 17.402533378168648 ], [ 78.575454116388642, 17.40255757990473 ], [ 78.575467250604305, 17.402693962709058 ], [ 78.575517246659089, 17.402866639770906 ], [ 78.575567337983117, 17.403032148629947 ], [ 78.575587468300057, 17.403204462822398 ], [ 78.57555590036327, 17.403333131826727 ], [ 78.575494750135221, 17.403439930724478 ], [ 78.575410726992331, 17.403582300860084 ], [ 78.575372070565876, 17.403682204791341 ], [ 78.575363281993418, 17.403782470682348 ], [ 78.575472159226067, 17.404020390617056 ], [ 78.575618760866149, 17.404404542934628 ], [ 78.575692603754078, 17.405184949924781 ], [ 78.575927499142139, 17.405493705921302 ], [ 78.576244813161068, 17.405593157601121 ], [ 78.576483744272323, 17.405596062928048 ], [ 78.576804586140355, 17.405427894291339 ], [ 78.576924302950061, 17.405410230020649 ], [ 78.577083337808929, 17.40543128065891 ], [ 78.577155772328368, 17.405449604584124 ], [ 78.577480295674391, 17.405531699260802 ], [ 78.577758039637757, 17.405611547712482 ], [ 78.578036791562056, 17.40561493464153 ], [ 78.578477351659899, 17.405429096748534 ], [ 78.57932000405323, 17.405331786388235 ], [ 78.579723387894518, 17.405322342947777 ], [ 78.579990674949656, 17.405440301065603 ], [ 78.580212596120717, 17.405600725104001 ], [ 78.580449640352398, 17.405746993170837 ], [ 78.580634950479734, 17.405905163436309 ], [ 78.580986287006112, 17.405824231763884 ], [ 78.581005508928854, 17.405874544597246 ], [ 78.581019823095957, 17.405936387429481 ], [ 78.581165491273225, 17.405827375091185 ], [ 78.581308098356814, 17.405646679164331 ], [ 78.581398825224795, 17.405372945272777 ], [ 78.581515069225944, 17.405051724043844 ] ] ] } },
{ "type": "Feature", "properties": { "FID": 604, "Descr_1": "Water Bodies", "Descr_2": "Reservoir/Tanks", "Descr_3": "Reservoir/Tanks", "PI_CODE": " ", "LU_Code": "WBRT", "Shape_Area": 0.0096677459701800007 }, "geometry": { "type": "Polygon", "coordinates": [ [ [ 78.55141027462291, 17.401787241972968 ], [ 78.55119707786605, 17.401816893888206 ], [ 78.550842071893996, 17.401837619716471 ], [ 78.550691600906291, 17.401921806378244 ], [ 78.550660398450233, 17.402021795442788 ], [ 78.550658488882746, 17.402165160776146 ], [ 78.550700993078379, 17.40233774868944 ], [ 78.550752828254176, 17.402519526430556 ], [ 78.550822960406762, 17.402693919333775 ], [ 78.550934757830944, 17.402727772159679 ], [ 78.551173681326048, 17.402730704909992 ], [ 78.551383692132134, 17.402661589420251 ], [ 78.551609783152998, 17.402506639185692 ], [ 78.551731536386526, 17.40233606403833 ], [ 78.551764838255778, 17.402078374046212 ], [ 78.55163273620397, 17.401904685098287 ], [ 78.55141027462291, 17.401787241972968 ] ] ] } },
{ "type": "Feature", "properties": { "FID": 605, "Descr_1": "Water Bodies", "Descr_2": "Reservoir/Tanks", "Descr_3": "Reservoir/Tanks", "PI_CODE": "Buitup Inside Tank", "LU_Code": "WBRT", "Shape_Area": 0.050335877313299998 }, "geometry": { "type": "Polygon", "coordinates": [ [ [ 78.553019539218781, 17.438841695379097 ], [ 78.552581609877635, 17.438076348788861 ], [ 78.552334210431383, 17.437585786293631 ], [ 78.552020171005594, 17.437397382025345 ], [ 78.55200695195785, 17.437295807155486 ], [ 78.551299588579965, 17.437368047658232 ], [ 78.551032131922383, 17.437603443071044 ], [ 78.550868711771884, 17.437939887392918 ], [ 78.550471680841383, 17.438351512896276 ], [ 78.550334006001904, 17.438593579590794 ], [ 78.55024171117843, 17.438793187840712 ], [ 78.550240701769056, 17.439104360696728 ], [ 78.550326954262488, 17.439223469070932 ], [ 78.550506339459574, 17.439111899214701 ], [ 78.550673694443574, 17.438884536692754 ], [ 78.551023735063225, 17.438915642174809 ], [ 78.551388794222561, 17.439031333909629 ], [ 78.551638920029532, 17.439301901311413 ], [ 78.551818900738198, 17.439496588710458 ], [ 78.552096602863486, 17.439719356646204 ], [ 78.552424229733134, 17.439795080336228 ], [ 78.552648265837249, 17.439797834266788 ], [ 78.552857940979166, 17.439757397111894 ], [ 78.553008252637653, 17.439687550132049 ], [ 78.553054015721756, 17.439616419017401 ], [ 78.553136680872299, 17.439254692110698 ], [ 78.553019539218781, 17.438841695379097 ] ] ] } },
{ "type": "Feature", "properties": { "FID": 606, "Descr_1": "Water Bodies", "Descr_2": "Reservoir/Tanks", "Descr_3": "Reservoir/Tanks", "PI_CODE": "Buitup Inside Tank", "LU_Code": "WBRT", "Shape_Area": 0.0087821976612400005 }, "geometry": { "type": "Polygon", "coordinates": [ [ [ 78.556977893532107, 17.365268250006935 ], [ 78.556449237092366, 17.365287147736865 ], [ 78.556218263387635, 17.365409572102358 ], [ 78.556120530792114, 17.365677450099177 ], [ 78.556080670819156, 17.365868148546742 ], [ 78.55607876933351, 17.366011515360043 ], [ 78.556076866903567, 17.36615488215412 ], [ 78.55611244842693, 17.366286757902973 ], [ 78.556185828825988, 17.366383248856781 ], [ 78.556340703848889, 17.366356372133041 ], [ 78.55700767711177, 17.365819040694657 ], [ 78.556977893532107, 17.365268250006935 ] ] ] } },
{ "type": "Feature", "properties": { "FID": 607, "Descr_1": "Water Bodies", "Descr_2": "Reservoir/Tanks", "Descr_3": "Reservoir/Tanks", "PI_CODE": "Buitup Inside Tank", "LU_Code": "WBRT", "Shape_Area": 0.0060863047540400004 }, "geometry": { "type": "Polygon", "coordinates": [ [ [ 78.550319211857285, 17.351088210795709 ], [ 78.55012456852981, 17.351128844366009 ], [ 78.549913284898707, 17.351298320613168 ], [ 78.549776071667679, 17.351511724121693 ], [ 78.549761023025752, 17.351746408580965 ], [ 78.550412663883492, 17.351921015300483 ], [ 78.550532664142381, 17.351879468824649 ], [ 78.550610162589862, 17.351665334946389 ], [ 78.550598662321647, 17.351407092059279 ], [ 78.550482282940052, 17.3511762417189 ], [ 78.550319211857285, 17.351088210795709 ] ] ] } },
{ "type": "Feature", "properties": { "FID": 609, "Descr_1": "Water Bodies", "Descr_2": "Canal", "Descr_3": "Canal", "PI_CODE": " ", "LU_Code": "WBCN", "Shape_Area": 0.22732009391800001 }, "geometry": { "type": "Polygon", "coordinates": [ [ [ 78.553946639690921, 17.392382212380245 ], [ 78.554146873787857, 17.392298632759189 ], [ 78.554366383141868, 17.392263087303373 ], [ 78.554525529105987, 17.392274596946162 ], [ 78.554744527656766, 17.392277280923185 ], [ 78.554933537858517, 17.392289156906681 ], [ 78.555152157445946, 17.392320514231645 ], [ 78.555420675871417, 17.392342922816191 ], [ 78.555689451032933, 17.392346216165791 ], [ 78.555868377842913, 17.392367524632181 ], [ 78.556087124556072, 17.392389324889969 ], [ 78.556325778956989, 17.392411365872295 ], [ 78.556613828350706, 17.39246269130501 ], [ 78.556832320582856, 17.392503604809889 ], [ 78.557031032170869, 17.392534714772193 ], [ 78.55722999657992, 17.392546709611395 ], [ 78.557409307072589, 17.392539345778591 ], [ 78.557638897691561, 17.392494360830632 ], [ 78.557879329767104, 17.392382592879752 ], [ 78.55813979786916, 17.392261509343228 ], [ 78.558650147289981, 17.392067008284439 ], [ 78.558823004401361, 17.392018599563706 ], [ 78.558803668745924, 17.39167072622228 ], [ 78.558685084656929, 17.391685063048293 ], [ 78.558344220086724, 17.391862519045091 ], [ 78.558103533392782, 17.391993404267261 ], [ 78.557652659324944, 17.39220774874099 ], [ 78.557462761141309, 17.392262779684568 ], [ 78.557273497095409, 17.392270022681402 ], [ 78.556975113404306, 17.392247250991083 ], [ 78.556747301074509, 17.392158427126002 ], [ 78.556588790447336, 17.392099129565427 ], [ 78.556419815738906, 17.392077940794312 ], [ 78.556330098157233, 17.392086403091383 ], [ 78.556170062020982, 17.392141799289195 ], [ 78.556009901715967, 17.39220675240858 ], [ 78.55586045567938, 17.392214480654616 ], [ 78.555632643891371, 17.392125655597088 ], [ 78.555464940534236, 17.392008888728956 ], [ 78.555316639010528, 17.391930598072928 ], [ 78.555117675331161, 17.391918602348895 ], [ 78.554908504006121, 17.391925596760338 ], [ 78.554549758838164, 17.391949878009537 ], [ 78.554320167206484, 17.391994859631158 ], [ 78.55402983387016, 17.392115571779982 ], [ 78.553719717744073, 17.392226480783997 ], [ 78.553699120426188, 17.392235432374498 ], [ 78.553249057792215, 17.39243101500707 ], [ 78.553119648021067, 17.392429427384659 ], [ 78.553011673374826, 17.392313391429923 ], [ 78.552894508392242, 17.392139886849758 ], [ 78.552857486794565, 17.391929129246208 ], [ 78.552791492530318, 17.391651100204381 ], [ 78.552706227259378, 17.391325038433326 ], [ 78.552600796885997, 17.39101784837122 ], [ 78.552626047188141, 17.390616667921602 ], [ 78.552508881674143, 17.390443162977945 ], [ 78.552332372651591, 17.390240252968763 ], [ 78.552075973768652, 17.390055480545396 ], [ 78.551888876313939, 17.389900236821092 ], [ 78.551692967689675, 17.389658851341814 ], [ 78.5515663593536, 17.389446993875584 ], [ 78.551413577253243, 17.388957595678608 ], [ 78.551406802921264, 17.388718529947653 ], [ 78.551479536866083, 17.388489999566392 ], [ 78.55158073398637, 17.388366969827612 ], [ 78.55174191143341, 17.388225559212106 ], [ 78.551873479325664, 17.388064664650351 ], [ 78.552006446071559, 17.387798636363911 ], [ 78.552149238933652, 17.387542286114705 ], [ 78.552182917135738, 17.387255922339037 ], [ 78.552255395470695, 17.38704650560863 ], [ 78.552398949007184, 17.386732810184501 ], [ 78.552461599536343, 17.386513715180755 ], [ 78.552443724905061, 17.386360546837857 ], [ 78.552325293085758, 17.386282619979109 ], [ 78.552156451877693, 17.386251869844703 ], [ 78.551947159338098, 17.386268422019995 ], [ 78.551608333915937, 17.386292944288826 ], [ 78.55131991721224, 17.386270286714346 ], [ 78.55110194162252, 17.386191138402847 ], [ 78.550884602948898, 17.386064200178637 ], [ 78.55066688303468, 17.385965936449686 ], [ 78.550439208949314, 17.385867548570069 ], [ 78.550170573697031, 17.38585469069276 ], [ 78.549901556825674, 17.385870509008925 ], [ 78.549681292389252, 17.385963396720886 ], [ 78.548511431425965, 17.386340961278243 ], [ 78.548291675880634, 17.386395616702956 ], [ 78.548062729547411, 17.386392802959342 ], [ 78.547804811972085, 17.386322721231451 ], [ 78.547567059041953, 17.38623376601851 ], [ 78.547269961789524, 17.38611540405519 ], [ 78.547032463093956, 17.386007333256508 ], [ 78.546834177301307, 17.385912183332657 ], [ 78.546725796055185, 17.385860175358459 ], [ 78.545692349815653, 17.385713639426235 ], [ 78.545463276891027, 17.385720380828001 ], [ 78.545144234872311, 17.385754693673931 ], [ 78.544934305048542, 17.385819026845759 ], [ 78.544703829945234, 17.38593090202307 ], [ 78.544512659537617, 17.386081498231523 ], [ 78.544370878531524, 17.38626138006466 ], [ 78.544269040616541, 17.386432192549794 ], [ 78.544250084868793, 17.386507785307224 ], [ 78.544216462932141, 17.386641847818641 ], [ 78.544195151712032, 17.386746739362422 ], [ 78.544071237158875, 17.387079788120502 ], [ 78.543969269168471, 17.387260159214332 ], [ 78.543857987783682, 17.387392618215323 ], [ 78.543717352805274, 17.387486479051287 ], [ 78.543506784040858, 17.387598597709871 ], [ 78.543356448339779, 17.387673221801037 ], [ 78.543175995866036, 17.387766591584658 ], [ 78.543015068650448, 17.387888880812771 ], [ 78.542774763058574, 17.387991074316638 ], [ 78.54241475165469, 17.388110910874037 ], [ 78.542184270546102, 17.388222783192916 ], [ 78.541863564206167, 17.388381339581738 ], [ 78.54168272660479, 17.388503381833335 ], [ 78.541441143405152, 17.38870114941972 ], [ 78.541229420568172, 17.388899284323372 ], [ 78.541079212540126, 17.388964347960549 ], [ 78.540808786598404, 17.389085284678643 ], [ 78.540478634779561, 17.389205484687562 ], [ 78.540228882379594, 17.389269322810765 ], [ 78.539959604701693, 17.389304239874729 ], [ 78.539770984208062, 17.38926367687268 ], [ 78.539652299306752, 17.389204858902872 ], [ 78.539567581053049, 17.38907553332507 ], [ 78.539544975742544, 17.389041029104288 ], [ 78.539399625008699, 17.388742900567806 ], [ 78.539240758435355, 17.387966645884642 ], [ 78.539172613370241, 17.387851095060121 ], [ 78.539074349432397, 17.387754291217377 ], [ 78.538936140827218, 17.387666553749085 ], [ 78.538677588000212, 17.387644246146866 ], [ 78.538359310176773, 17.387621201276694 ], [ 78.538100500957484, 17.387618009718857 ], [ 78.537633421827834, 17.387554891684026 ], [ 78.537266652862712, 17.387435655095313 ], [ 78.53673194332579, 17.387218753707312 ], [ 78.535437040350047, 17.386524063688206 ], [ 78.535001621792873, 17.386327501850477 ], [ 78.534636009164032, 17.386122242931407 ], [ 78.534359729091463, 17.385937206833418 ], [ 78.534193455041333, 17.385715291138094 ], [ 78.534016844009884, 17.385521924406085 ], [ 78.53386971154174, 17.385357599968891 ], [ 78.533664682238552, 17.385293240898516 ], [ 78.533427882653896, 17.385274055930022 ], [ 78.533111789376235, 17.385088524712813 ], [ 78.532806931373258, 17.384807541133732 ], [ 78.532592300628139, 17.38447987484356 ], [ 78.532426415837122, 17.384229285646732 ], [ 78.532240493856008, 17.383988008289453 ], [ 78.532122328539359, 17.383890956069035 ], [ 78.531954521844284, 17.383783730067726 ], [ 78.531707340980489, 17.383656404184077 ], [ 78.531449692834727, 17.383567184035478 ], [ 78.531163080751682, 17.383410692591404 ], [ 78.531025522133532, 17.383275163776357 ], [ 78.530860151931023, 17.382986342358723 ], [ 78.530769124997718, 17.38279594574259 ], [ 78.530726640626796, 17.382623354141938 ], [ 78.530699088111589, 17.382450949342598 ], [ 78.530612389341542, 17.382234796015819 ], [ 78.530405089841281, 17.382103182152775 ], [ 78.530257513926074, 17.381972307322716 ], [ 78.529920649203149, 17.381480622343144 ], [ 78.52965456818697, 17.381025299744216 ], [ 78.529473518371915, 17.380715484693269 ], [ 78.529229960800365, 17.380298700930076 ], [ 78.529138796714719, 17.380351445688905 ], [ 78.529040456776741, 17.380181177816407 ], [ 78.528892833366314, 17.379925567560878 ], [ 78.528477375531423, 17.379768335860934 ], [ 78.528258908048514, 17.379727394924519 ], [ 78.527961067368267, 17.379666351673201 ], [ 78.52769244581998, 17.379653466380404 ], [ 78.527443091022334, 17.379688614180068 ], [ 78.527193221973562, 17.379761992581148 ], [ 78.526982653942682, 17.3798740953216 ], [ 78.526832065977146, 17.379967820351688 ], [ 78.526741197746063, 17.380062286372745 ], [ 78.526609229692866, 17.38025183441631 ], [ 78.526528188892513, 17.380355980629016 ], [ 78.526297711624252, 17.380467834388856 ], [ 78.52538678496613, 17.380838910256184 ], [ 78.525217572156222, 17.38083681169865 ], [ 78.525128502280637, 17.380797472099971 ], [ 78.525089458998394, 17.380739633064987 ], [ 78.525101083353007, 17.380615507586686 ], [ 78.525241976264567, 17.380502544628836 ], [ 78.525402521399471, 17.380408944050508 ], [ 78.525563449649553, 17.380286670384496 ], [ 78.52558592832743, 17.380095766123699 ], [ 78.525588111756704, 17.379933287314234 ], [ 78.525480805899079, 17.379769451581506 ], [ 78.525302797350292, 17.37968121279054 ], [ 78.525114320318636, 17.379631081439882 ], [ 78.524905679356976, 17.379599817410185 ], [ 78.524787005682072, 17.37954099092315 ], [ 78.524569826343537, 17.379404471235457 ], [ 78.524412752273733, 17.379240018310668 ], [ 78.524245853809319, 17.379065883976391 ], [ 78.524038243101018, 17.378958160004096 ], [ 78.523859463278555, 17.378927264061009 ], [ 78.523650437846669, 17.378924670845354 ], [ 78.523441025067925, 17.378950751263552 ], [ 78.523271172366819, 17.378996440030672 ], [ 78.523081539057657, 17.379032323912142 ], [ 78.522942315646148, 17.379021036646172 ], [ 78.522653664339899, 17.37901745621382 ], [ 78.52236462275286, 17.379042545578489 ], [ 78.522104928075436, 17.379106236667319 ], [ 78.521744443731123, 17.379238236170224 ], [ 78.52157468506887, 17.379300397379541 ], [ 78.520624330157688, 17.379642282730011 ], [ 78.520397510256103, 17.379757577976878 ], [ 78.520454665872833, 17.379934851003437 ], [ 78.520602079570821, 17.379945270883898 ], [ 78.520771034355874, 17.379966486288033 ], [ 78.520950456743336, 17.37994959596417 ], [ 78.521137209423642, 17.379881479099435 ], [ 78.521330625948323, 17.37981092983269 ], [ 78.52178047033054, 17.379673128079759 ], [ 78.522130520066284, 17.379553203336478 ], [ 78.522589544313448, 17.379472869170922 ], [ 78.522997387122004, 17.379497049097001 ], [ 78.523534109650754, 17.379561060206587 ], [ 78.52377171235247, 17.379659598596053 ], [ 78.523948691549691, 17.379824300447126 ], [ 78.52447102108566, 17.380958754869869 ], [ 78.524637662618545, 17.381152003846495 ], [ 78.524825112675757, 17.381278597320737 ], [ 78.525083652752386, 17.381300919947346 ], [ 78.525252996236205, 17.381293461591405 ], [ 78.525502737703718, 17.381229641629847 ], [ 78.526043323118515, 17.381006924367409 ], [ 78.526413539469104, 17.380868125107011 ], [ 78.526636373888394, 17.380584113101698 ], [ 78.526797560085001, 17.380442719924218 ], [ 78.52690936131377, 17.380272043038318 ], [ 78.527070676281326, 17.380121094407453 ], [ 78.52735079114224, 17.380019412777258 ], [ 78.527679392445506, 17.380013922561549 ], [ 78.527898116652096, 17.380035749992647 ], [ 78.528086723035528, 17.380076321826099 ], [ 78.52833453923428, 17.380155864173599 ], [ 78.528562319190996, 17.38024471609835 ], [ 78.528720424305945, 17.380332705916963 ], [ 78.528829350950872, 17.380530479906561 ], [ 78.528837045234482, 17.380544451033163 ], [ 78.528953923790823, 17.380737081082618 ], [ 78.52906072022256, 17.380939144981355 ], [ 78.529147737714169, 17.381131404651924 ], [ 78.529273929121857, 17.381371946403831 ], [ 78.529468899939374, 17.381680251703418 ], [ 78.529683265134281, 17.382027034709377 ], [ 78.530140373365398, 17.382664535304915 ], [ 78.530481138812789, 17.383403867858888 ], [ 78.530588449870521, 17.383567701704948 ], [ 78.530716567580015, 17.383664877816344 ], [ 78.530914108244303, 17.383782031820065 ], [ 78.531121856856458, 17.38388019274792 ], [ 78.531290049375343, 17.383958747419126 ], [ 78.531636769664701, 17.384087303690517 ], [ 78.531814659776202, 17.384185095891734 ], [ 78.532021256613021, 17.38436927463237 ], [ 78.53211848897331, 17.384542541713273 ], [ 78.532215593438281, 17.384725366670626 ], [ 78.532303128863234, 17.384879394816608 ], [ 78.532459828903001, 17.385072518017644 ], [ 78.532557703170426, 17.385197997002624 ], [ 78.532675868546235, 17.385295048915285 ], [ 78.532932366324005, 17.385470285269925 ], [ 78.533050662889536, 17.385557779967435 ], [ 78.533139224418463, 17.385635347896319 ], [ 78.533385511704708, 17.385829575700772 ], [ 78.533672386009272, 17.385966949044349 ], [ 78.533988738112072, 17.386133365318521 ], [ 78.534274715656991, 17.386337640598718 ], [ 78.535005556986079, 17.386776832762042 ], [ 78.53661950455745, 17.387437226623575 ], [ 78.537601002305664, 17.387745675708842 ], [ 78.538524949849986, 17.387890903136963 ], [ 78.538873091638692, 17.387914316630653 ], [ 78.538931539415955, 17.38801062816318 ], [ 78.539008869676778, 17.388183647408226 ], [ 78.539027118158671, 17.388308142995069 ], [ 78.539054039164853, 17.388528336774872 ], [ 78.539081088908659, 17.38873897261891 ], [ 78.539147572808545, 17.388978772765437 ], [ 78.539185089139878, 17.389151300433948 ], [ 78.539252594131455, 17.389314641665763 ], [ 78.53939016546461, 17.389450165744019 ], [ 78.539516464338959, 17.389492326031039 ], [ 78.539538840018722, 17.389499794694743 ], [ 78.539718017841935, 17.389502005427811 ], [ 78.539917104866419, 17.389504459416791 ], [ 78.540402602761034, 17.389409428140223 ], [ 78.540502625202535, 17.389374813774165 ], [ 78.540596425874639, 17.389340123088928 ], [ 78.54075207913597, 17.389315808241864 ], [ 78.540969348797461, 17.389281867996299 ], [ 78.54117966839199, 17.389188865991578 ], [ 78.542061774197535, 17.388740891446837 ], [ 78.542191689903916, 17.388704254071595 ], [ 78.54256878446256, 17.388504736443171 ], [ 78.543064207934407, 17.388167561082735 ], [ 78.5431456286409, 17.388034734291296 ], [ 78.543286265237029, 17.387940872961565 ], [ 78.543396527149525, 17.387884874998615 ], [ 78.543557749383794, 17.387830819720882 ], [ 78.543563832273804, 17.387828781950592 ], [ 78.54372654652532, 17.387774227413868 ], [ 78.543857229101462, 17.387680243277384 ], [ 78.543967490715758, 17.387624244108594 ], [ 78.544037936170454, 17.387567756151224 ], [ 78.544114756063323, 17.387548726028996 ], [ 78.544247094593302, 17.387330493066571 ], [ 78.544329409344144, 17.387130759384014 ], [ 78.544381475259897, 17.386959334935657 ], [ 78.544385180113238, 17.386943710301356 ], [ 78.544476420040837, 17.386559015093521 ], [ 78.544537802798871, 17.386435499916146 ], [ 78.544649086030063, 17.386303038726567 ], [ 78.544810137433274, 17.386171191137333 ], [ 78.545000668587519, 17.386068384328091 ], [ 78.545230762363602, 17.38598517903997 ], [ 78.545400363970998, 17.385958588821332 ], [ 78.545457014003631, 17.385959284778146 ], [ 78.545539722899676, 17.38596030256463 ], [ 78.5457385506582, 17.38598186607986 ], [ 78.545977195175766, 17.386003918699494 ], [ 78.546195930894299, 17.386025728233236 ], [ 78.546464183086655, 17.386067262206286 ], [ 78.546682538752918, 17.386117742358202 ], [ 78.54682195413497, 17.386159776690686 ], [ 78.546880858330439, 17.386177535659211 ], [ 78.547128183293282, 17.386295286815198 ], [ 78.547562982028708, 17.386539611807891 ], [ 78.547740883225785, 17.38663739062277 ], [ 78.54792912187375, 17.38670662043593 ], [ 78.548158196837193, 17.386699873685117 ], [ 78.548407686951521, 17.386655142050266 ], [ 78.548747276949598, 17.386573279969181 ], [ 78.549227115735448, 17.386426224013004 ], [ 78.549537477801167, 17.386296206266664 ], [ 78.549787733172082, 17.386194127219493 ], [ 78.550256598344475, 17.386123407572573 ], [ 78.550405530295635, 17.386153914979651 ], [ 78.550791707900729, 17.386311602302776 ], [ 78.551068517260944, 17.386458387181502 ], [ 78.551216685808427, 17.386546239825037 ], [ 78.551365489230335, 17.386586302664426 ], [ 78.551544792621115, 17.386578943724309 ], [ 78.551754213584744, 17.386552834018509 ], [ 78.551954061350855, 17.386497930055423 ], [ 78.552063432170186, 17.386508831355165 ], [ 78.552112311861421, 17.386576347085995 ], [ 78.552080923361515, 17.386690670799808 ], [ 78.551904104760155, 17.387113257022431 ], [ 78.55189613669917, 17.387225144729413 ], [ 78.551733943240151, 17.387443018094782 ], [ 78.551411731843956, 17.387934598581953 ], [ 78.551093719797478, 17.388419769405481 ], [ 78.551081730873548, 17.388572570572798 ], [ 78.551079057901205, 17.388773283425582 ], [ 78.551089044729537, 17.389039002140194 ], [ 78.551316721447819, 17.389617415644487 ], [ 78.551452647621616, 17.389877184920117 ], [ 78.551651256928835, 17.390032009209659 ], [ 78.551913636370472, 17.390399043870818 ], [ 78.552069474144716, 17.390659054957297 ], [ 78.5521766828534, 17.39083243807109 ], [ 78.552234501579278, 17.390976536322729 ], [ 78.552281856401379, 17.391158743281192 ], [ 78.552287829752643, 17.391278730553779 ], [ 78.552297568886601, 17.391474393179969 ], [ 78.552383343779383, 17.391762224352888 ], [ 78.552586919833985, 17.392175769809032 ], [ 78.552683634167565, 17.392381573822163 ], [ 78.552726927568358, 17.392474118013336 ], [ 78.552800798740506, 17.39263202401041 ], [ 78.553026750883674, 17.392676830666481 ], [ 78.553156032843077, 17.392687974439443 ], [ 78.55331543316133, 17.392680370062021 ], [ 78.553535578267429, 17.392597035902128 ], [ 78.553715904191407, 17.39251321366563 ], [ 78.553946639690921, 17.392382212380245 ] ] ] } },
{ "type": "Feature", "properties": { "FID": 610, "Descr_1": "Water Bodies", "Descr_2": "Canal", "Descr_3": "Canal", "PI_CODE": " ", "LU_Code": "WBCN", "Shape_Area": 0.108235491458 }, "geometry": { "type": "Polygon", "coordinates": [ [ [ 78.572299048736895, 17.396333426237234 ], [ 78.572160816462954, 17.396245708806557 ], [ 78.572106332275936, 17.396212083741528 ], [ 78.572002799620407, 17.396148191147777 ], [ 78.571844026064198, 17.396108019919811 ], [ 78.571694702864605, 17.396106204045427 ], [ 78.571505181442618, 17.396132574558525 ], [ 78.571324729814918, 17.396225972287034 ], [ 78.571193802325311, 17.396339089623172 ], [ 78.571102441202754, 17.396471808186959 ], [ 78.571068565848719, 17.396541019215579 ], [ 78.570948949707329, 17.39678539995559 ], [ 78.570826839896881, 17.396984659331949 ], [ 78.570734341460664, 17.397203399731275 ], [ 78.570631760672597, 17.397431575885562 ], [ 78.570549847893062, 17.397602646918713 ], [ 78.570479279274508, 17.397668703988241 ], [ 78.570368889582838, 17.397734275383502 ], [ 78.57008082792882, 17.397682968646862 ], [ 78.56993264067944, 17.397595128626161 ], [ 78.569531688439966, 17.39704535935256 ], [ 78.569394088233338, 17.396909850634021 ], [ 78.569285468274288, 17.39684161265755 ], [ 78.569096829797218, 17.396801074784101 ], [ 78.568758364413227, 17.396796951355846 ], [ 78.568430610035861, 17.396735599410164 ], [ 78.568242605311156, 17.396647273083488 ], [ 78.568055357802336, 17.39650159914601 ], [ 78.567977108753681, 17.396395491839193 ], [ 78.56794888813819, 17.396270876094693 ], [ 78.567950657777942, 17.396137066317277 ], [ 78.568052229412146, 17.395985354572545 ], [ 78.568233312081162, 17.395844171851191 ], [ 78.568393854041915, 17.395750534160392 ], [ 78.568554900102299, 17.395618667409778 ], [ 78.568686335735876, 17.395467318229759 ], [ 78.568758799534123, 17.395257894845923 ], [ 78.568782500047561, 17.39497140184254 ], [ 78.568766128427995, 17.39470353959242 ], [ 78.568739044227243, 17.394492902630933 ], [ 78.568642528732454, 17.394262302778007 ], [ 78.56846751253579, 17.393944709638848 ], [ 78.56832072017319, 17.39375173309173 ], [ 78.568257295290451, 17.393680329251389 ], [ 78.568114702647023, 17.39351979790672 ], [ 78.567977105885987, 17.393384288060407 ], [ 78.567810025816087, 17.393219742277605 ], [ 78.567621897441768, 17.393140973174386 ], [ 78.567333589546038, 17.393108780257986 ], [ 78.567154405289614, 17.393106593612792 ], [ 78.565755688035068, 17.393471909045363 ], [ 78.565504795646149, 17.39362179695167 ], [ 78.565373106828858, 17.393792259231464 ], [ 78.565291191951658, 17.393963326723817 ], [ 78.565188481959808, 17.394201057618687 ], [ 78.565026168135049, 17.394428501919315 ], [ 78.564884398910351, 17.394608399429362 ], [ 78.56473330418936, 17.394740385798503 ], [ 78.564552598583418, 17.394852891875505 ], [ 78.564342409548075, 17.394936359688653 ], [ 78.564102608732838, 17.3950003470427 ], [ 78.563782282940409, 17.395130265755643 ], [ 78.563510718771013, 17.395337255676498 ], [ 78.563388727934594, 17.395526953004119 ], [ 78.563245942969232, 17.395783311668559 ], [ 78.563054267112506, 17.395972156326511 ], [ 78.56286373199201, 17.396074982393934 ], [ 78.562683403876576, 17.396158812204408 ], [ 78.562454317466276, 17.396165572716459 ], [ 78.562196632383035, 17.396076389250712 ], [ 78.56206899376086, 17.395940999130346 ], [ 78.56192195293184, 17.395767134159218 ], [ 78.561706243005247, 17.395515953831236 ], [ 78.561579110725717, 17.395342331747671 ], [ 78.561492053395682, 17.395150081085667 ], [ 78.561495093895431, 17.39492069402338 ], [ 78.561551712759524, 17.394405182203737 ], [ 78.561536490843551, 17.394051299933412 ], [ 78.561518101873816, 17.393936363610717 ], [ 78.561449940720323, 17.393820818396339 ], [ 78.56134221276163, 17.393685670895927 ], [ 78.561243934066411, 17.393588875705305 ], [ 78.561206143288103, 17.393435465366505 ], [ 78.561208678398415, 17.393244308899916 ], [ 78.561251158334841, 17.393044081841023 ], [ 78.561312914440521, 17.39289188755621 ], [ 78.56142507471867, 17.392692510738858 ], [ 78.56176910753473, 17.392276105561169 ], [ 78.561930662629891, 17.392106012843779 ], [ 78.56210267772164, 17.391897808058239 ], [ 78.562226060255298, 17.391602975820081 ], [ 78.562269804874035, 17.391307170981982 ], [ 78.562263143886028, 17.391058546112635 ], [ 78.562156051817951, 17.390875611057119 ], [ 78.562037862900809, 17.390778573857315 ], [ 78.561780439266627, 17.390670274735655 ], [ 78.561522635027956, 17.39059064997204 ], [ 78.561313844347708, 17.390568978690496 ], [ 78.561134533894489, 17.390576347601815 ], [ 78.56094514682863, 17.39059315090654 ], [ 78.560685188447493, 17.390676008055852 ], [ 78.5604554739528, 17.390730554246375 ], [ 78.56027553076342, 17.390785709358727 ], [ 78.560055264747945, 17.390878610289025 ], [ 78.559914633095758, 17.390972484356727 ], [ 78.559452160026083, 17.391310963143603 ], [ 78.559067874843038, 17.391562632547227 ], [ 78.559077466104313, 17.391735212849518 ], [ 78.559088391534686, 17.391931805798627 ], [ 78.559145787902906, 17.391890335337102 ], [ 78.559386726334623, 17.391740333081124 ], [ 78.559508082138791, 17.391598427299083 ], [ 78.559869870277211, 17.391344750318122 ], [ 78.560090899057016, 17.391194503888791 ], [ 78.560371273592708, 17.391073659986368 ], [ 78.560580700955555, 17.391047545309227 ], [ 78.560839897937612, 17.391022034019429 ], [ 78.561139166855298, 17.390977895744683 ], [ 78.561339145037053, 17.390913425186646 ], [ 78.561608423987551, 17.390878477556395 ], [ 78.561796674418062, 17.390947694120335 ], [ 78.561944345597723, 17.391073769937769 ], [ 78.561983022840067, 17.39116027664484 ], [ 78.561960579130371, 17.391351189239717 ], [ 78.561899079138314, 17.391484268895105 ], [ 78.561736763771805, 17.391711709158198 ], [ 78.56165484752745, 17.391882776326149 ], [ 78.56154344688504, 17.392024804899236 ], [ 78.561441873236348, 17.392176512012565 ], [ 78.56130992857122, 17.392366085922038 ], [ 78.561187938385928, 17.392555783155991 ], [ 78.5611058937141, 17.392736407051604 ], [ 78.561003179311328, 17.392974135155832 ], [ 78.560961331566972, 17.393126572584272 ], [ 78.560939267597618, 17.393288812074623 ], [ 78.560946941319088, 17.393460974341227 ], [ 78.561004008166435, 17.393662416631919 ], [ 78.561052513650182, 17.393758602942871 ], [ 78.56120005884911, 17.393894237924322 ], [ 78.561268220812252, 17.394009784129171 ], [ 78.561325922333566, 17.394163440355374 ], [ 78.561363964783368, 17.394297733876964 ], [ 78.561341648643321, 17.394479089154583 ], [ 78.561236650908171, 17.394888856798477 ], [ 78.561263980443812, 17.395080378860946 ], [ 78.561321553766547, 17.395243590188777 ], [ 78.561448050621578, 17.395465001038804 ], [ 78.561623308242844, 17.395763482991139 ], [ 78.561750059989734, 17.395965777813174 ], [ 78.561906421649482, 17.396187554877219 ], [ 78.562043762008827, 17.39634218336284 ], [ 78.562291111652357, 17.396459918233258 ], [ 78.562450262410294, 17.396471422853011 ], [ 78.562730011966224, 17.396398364761861 ], [ 78.563020348168976, 17.396277641015352 ], [ 78.563361219941598, 17.396100177931984 ], [ 78.563509671885711, 17.396002705203095 ], [ 78.563732841649298, 17.395856175245953 ], [ 78.564004787768766, 17.39562051139055 ], [ 78.564186632122571, 17.395421984638872 ], [ 78.564337219805523, 17.395328230309911 ], [ 78.564537202317283, 17.395263755982995 ], [ 78.56475772598364, 17.395151735709771 ], [ 78.564843836433681, 17.395092708837772 ], [ 78.564908439670504, 17.395048423056302 ], [ 78.565131367714457, 17.394754804818295 ], [ 78.565355307735672, 17.394384722113848 ], [ 78.565657620155434, 17.394111190402715 ], [ 78.56583883020771, 17.393960450788494 ], [ 78.566099297401635, 17.393839355824252 ], [ 78.566450114154449, 17.393662008962316 ], [ 78.566780770736003, 17.393503531958238 ], [ 78.566921148150371, 17.39342876930251 ], [ 78.567179972079586, 17.393431925933942 ], [ 78.567448621647571, 17.393444760555749 ], [ 78.567715881455939, 17.393562731031722 ], [ 78.567834201170029, 17.393650208854289 ], [ 78.567962222209815, 17.393756922824814 ], [ 78.568168871404708, 17.393941070359784 ], [ 78.568469507089006, 17.394546975019523 ], [ 78.568564883877031, 17.394863597020702 ], [ 78.568563114666887, 17.394997406879259 ], [ 78.568551644118273, 17.395111979647613 ], [ 78.568490146470793, 17.395245060971167 ], [ 78.56822841285009, 17.395461736946725 ], [ 78.567906319337368, 17.395725474354396 ], [ 78.56779580545053, 17.395800599690308 ], [ 78.56770469402737, 17.395914201908599 ], [ 78.567643448257641, 17.396028167125923 ], [ 78.567581443349951, 17.396199479748688 ], [ 78.567579545199052, 17.396342849213035 ], [ 78.56761797515847, 17.396448468717335 ], [ 78.567705673613347, 17.396592928177672 ], [ 78.567872757362991, 17.396757477421577 ], [ 78.568635112838876, 17.397082228768088 ], [ 78.56912164073097, 17.397183752830607 ], [ 78.56933938604557, 17.397281999069836 ], [ 78.569467283994655, 17.397398270770104 ], [ 78.569555490200301, 17.397504498715357 ], [ 78.569682882468427, 17.397659001869982 ], [ 78.569820608703367, 17.397784952445729 ], [ 78.569948886937354, 17.397872549235483 ], [ 78.570107030379901, 17.397960510441184 ], [ 78.570256354952505, 17.397962329234442 ], [ 78.570446383170719, 17.397897728250218 ], [ 78.570717693061781, 17.397709844651249 ], [ 78.571309853212924, 17.396598606822891 ], [ 78.571451242328578, 17.39644737804915 ], [ 78.571591746238923, 17.396363053604031 ], [ 78.571751277811387, 17.396345876672822 ], [ 78.571920383043604, 17.396357495333085 ], [ 78.572098689289916, 17.396426580634486 ], [ 78.57218714780096, 17.396513691711533 ], [ 78.572285182049455, 17.396629596651639 ], [ 78.572422405685202, 17.396793778145494 ], [ 78.57253946831473, 17.396976831387516 ], [ 78.572656907602976, 17.397131210813722 ], [ 78.572784303009158, 17.397285712151135 ], [ 78.572931988804228, 17.39741178183991 ], [ 78.573099203744519, 17.397566766311147 ], [ 78.573255960548607, 17.397759861213729 ], [ 78.573392682456671, 17.397962271811171 ], [ 78.573509618724771, 17.398154883210069 ], [ 78.573576781843528, 17.398346887572377 ], [ 78.573624034008461, 17.398538650726991 ], [ 78.573671414208704, 17.398720855975778 ], [ 78.573687790002637, 17.39898871914631 ], [ 78.57368552189007, 17.399160760410766 ], [ 78.573682240588397, 17.399409264782427 ], [ 78.573661069761258, 17.399504601682416 ], [ 78.573588986851234, 17.399685354448398 ], [ 78.573477463399414, 17.399836946646989 ], [ 78.573386227315012, 17.399960108982079 ], [ 78.573245214452612, 17.400082666016516 ], [ 78.573123861434894, 17.400224579964497 ], [ 78.573002381196204, 17.400376052620139 ], [ 78.572820538328415, 17.400574587325249 ], [ 78.572657974910229, 17.400821152557945 ], [ 78.572585890594667, 17.401001904878157 ], [ 78.572543293418292, 17.401211692265345 ], [ 78.572540516987232, 17.401421964863996 ], [ 78.572543103801138, 17.401435515554127 ], [ 78.572805917563386, 17.401457660428257 ], [ 78.572850515629895, 17.401320585067914 ], [ 78.572933060336283, 17.401101723109271 ], [ 78.573025052858966, 17.400921212780982 ], [ 78.5731365791586, 17.400769620913042 ], [ 78.573308718875538, 17.400551849126551 ], [ 78.573470649971043, 17.40035307191463 ], [ 78.573663329552303, 17.400087752413739 ], [ 78.573866342839267, 17.399793880054833 ], [ 78.573910565566194, 17.399679592975531 ], [ 78.573969424335232, 17.399527471895802 ], [ 78.573992363394993, 17.399298325358192 ], [ 78.573994254060253, 17.399154956899949 ], [ 78.573977622898553, 17.398906211347953 ], [ 78.573973435335063, 17.39880550500537 ], [ 78.573970064567575, 17.398724489367506 ], [ 78.573945550813036, 17.39850487632625 ], [ 78.573943352384447, 17.398485178840403 ], [ 78.573930898868426, 17.398436849321655 ], [ 78.57388652301357, 17.39826462102835 ], [ 78.573799198359652, 17.398091491427092 ], [ 78.573672684046969, 17.397870085433034 ], [ 78.573525502649289, 17.397705783775699 ], [ 78.573378071213583, 17.397560599641466 ], [ 78.573151022884517, 17.397360944811719 ], [ 78.573102484800287, 17.397318262637718 ], [ 78.572994366774012, 17.397211793123972 ], [ 78.572876547939074, 17.397086087596236 ], [ 78.572768810353779, 17.39695094425873 ], [ 78.572661324179393, 17.396796685939044 ], [ 78.572504822852025, 17.396584473817054 ], [ 78.572367598309469, 17.396420295967403 ], [ 78.572299048736895, 17.396333426237234 ] ] ] } },
{ "type": "Feature", "properties": { "FID": 611, "Descr_1": "Water Bodies", "Descr_2": "Lakes/Ponds", "Descr_3": "Lakes/Ponds", "PI_CODE": " ", "LU_Code": "WBLP", "Shape_Area": 0.027618529627799999 }, "geometry": { "type": "Polygon", "coordinates": [ [ [ 78.550915146998619, 17.410524637627063 ], [ 78.550714296664751, 17.410275754819537 ], [ 78.550654303616824, 17.410107731618059 ], [ 78.550656055937807, 17.409976313433098 ], [ 78.550770444199813, 17.409798482625398 ], [ 78.550784480107112, 17.409679163870095 ], [ 78.550651574821075, 17.409378804415873 ], [ 78.550641040701493, 17.409235284889768 ], [ 78.550377029853962, 17.40916601805359 ], [ 78.550000142744082, 17.409555656875305 ], [ 78.549693896597205, 17.40978529939542 ], [ 78.549497418004876, 17.409932626945249 ], [ 78.549387474000142, 17.40979262222249 ], [ 78.549245249329786, 17.409930294871646 ], [ 78.549131336589127, 17.41007228409374 ], [ 78.548956273309614, 17.410256338191424 ], [ 78.548771708613046, 17.410371160205173 ], [ 78.54907912063257, 17.41082637758181 ], [ 78.549237736293222, 17.41078406466324 ], [ 78.549450775307264, 17.410704999120565 ], [ 78.55000016122942, 17.411308403005783 ], [ 78.550915146998619, 17.410524637627063 ] ] ] } },
{ "type": "Feature", "properties": { "FID": 612, "Descr_1": "Water Bodies", "Descr_2": "Reservoir/Tanks", "Descr_3": "Reservoir/Tanks", "PI_CODE": "Buitup Inside Tank", "LU_Code": "WBRT", "Shape_Area": 0.012361140693100001 }, "geometry": { "type": "Polygon", "coordinates": [ [ [ 78.521367352776366, 17.422483990322977 ], [ 78.52116509797311, 17.422531579962293 ], [ 78.521098455739605, 17.422598223322886 ], [ 78.521185358598345, 17.422986985749773 ], [ 78.521240024141349, 17.423231528804607 ], [ 78.521256195422922, 17.423370305969911 ], [ 78.521403045366753, 17.423768899372291 ], [ 78.521510119546789, 17.423899770013954 ], [ 78.521843245203556, 17.424102023867544 ], [ 78.52205739671146, 17.424113921138275 ], [ 78.522235855533296, 17.424006843865481 ], [ 78.522283445216246, 17.42384028277348 ], [ 78.522188267354437, 17.423638029451176 ], [ 78.522033601886804, 17.423447671034328 ], [ 78.5217837567576, 17.423007471877174 ], [ 78.521700476736996, 17.422733835187824 ], [ 78.521629092862256, 17.422567272158954 ], [ 78.521545811596809, 17.422495889293355 ], [ 78.521367352776366, 17.422483990322977 ] ] ] } },
{ "type": "Feature", "properties": { "FID": 613, "Descr_1": "Water Bodies", "Descr_2": "Reservoir/Tanks", "Descr_3": "Reservoir/Tanks", "PI_CODE": "Buitup Inside Tank", "LU_Code": "WBRT", "Shape_Area": 0.0114070598629 }, "geometry": { "type": "Polygon", "coordinates": [ [ [ 78.58023339272934, 17.446625843611862 ], [ 78.579953727892175, 17.446715944802385 ], [ 78.578840140249355, 17.447201355353283 ], [ 78.578540328014867, 17.447401229611515 ], [ 78.578483220996375, 17.447558275098686 ], [ 78.578554604668838, 17.447701042381166 ], [ 78.579368162829084, 17.447953130585883 ], [ 78.579494998884769, 17.447736514356357 ], [ 78.579597258434646, 17.447534619960209 ], [ 78.579661702876734, 17.447368114916298 ], [ 78.5797261472201, 17.447201608935924 ], [ 78.57990245824088, 17.447048412445231 ], [ 78.580115951012303, 17.446907619244808 ], [ 78.580279499441801, 17.446778165966602 ], [ 78.580363017271367, 17.446685824426012 ], [ 78.58023339272934, 17.446625843611862 ] ] ] } },
{ "type": "Feature", "properties": { "FID": 614, "Descr_1": "Water Bodies", "Descr_2": "Reservoir/Tanks", "Descr_3": "Reservoir/Tanks", "PI_CODE": "Buitup Inside Tank", "LU_Code": "WBRT", "Shape_Area": 0.016125917480100001 }, "geometry": { "type": "Polygon", "coordinates": [ [ [ 78.526340530576391, 17.444260057093537 ], [ 78.52602824181875, 17.444339817710198 ], [ 78.525765091854126, 17.444467983398134 ], [ 78.525612497590359, 17.444599712548346 ], [ 78.525685898563623, 17.444801566790055 ], [ 78.52584512373312, 17.444994727835727 ], [ 78.525942439582749, 17.445163221776784 ], [ 78.525926768211747, 17.445402005416135 ], [ 78.526011636394387, 17.445570344078991 ], [ 78.526247152826187, 17.445644964688995 ], [ 78.526974694726803, 17.445235800182548 ], [ 78.527128081061662, 17.444938982751221 ], [ 78.527093803382414, 17.444711529373901 ], [ 78.526860382395569, 17.44448159917189 ], [ 78.526638439935525, 17.444323504978765 ], [ 78.526340530576391, 17.444260057093537 ] ] ] } },
{ "type": "Feature", "properties": { "FID": 615, "Descr_1": "Water Bodies", "Descr_2": "River/Stream/Drain", "Descr_3": "River/Stream/Drain", "PI_CODE": "Musi River", "LU_Code": "WBRS", "Shape_Area": 0.024068714887699998 }, "geometry": { "type": "Polygon", "coordinates": [ [ [ 78.504418321146531, 17.389548865751124 ], [ 78.504342105729691, 17.389683376241898 ], [ 78.504252901033283, 17.389837594296836 ], [ 78.504175977658562, 17.390003913661278 ], [ 78.504160129850177, 17.390254640300856 ], [ 78.504206009705143, 17.390541983887331 ], [ 78.50447342610174, 17.391011330320861 ], [ 78.504667483985571, 17.39138416787636 ], [ 78.504700599163215, 17.391695249950253 ], [ 78.504636563770575, 17.392745938833176 ], [ 78.504553153914117, 17.393390129426226 ], [ 78.504298947846721, 17.393781257575199 ], [ 78.504071570695842, 17.394029337407371 ], [ 78.503732201135236, 17.394242535056311 ], [ 78.503418866985442, 17.394439376415221 ], [ 78.50239336197086, 17.394808898266209 ], [ 78.501578318652435, 17.395048536796399 ], [ 78.501992381898177, 17.395234532789722 ], [ 78.502364350806175, 17.395118534623059 ], [ 78.502951669345563, 17.394935373673864 ], [ 78.503904139366824, 17.394445447276755 ], [ 78.50430539225512, 17.394223443364378 ], [ 78.50459595522527, 17.393904461002911 ], [ 78.50479005292982, 17.393357246378461 ], [ 78.504949776772165, 17.391674468911305 ], [ 78.504952045347338, 17.391507215404861 ], [ 78.504904542540544, 17.391339337991116 ], [ 78.504808081193914, 17.391111105066216 ], [ 78.50471113315534, 17.390918713018067 ], [ 78.504578639555163, 17.390594438956622 ], [ 78.504571868754482, 17.390176147622707 ], [ 78.504688228138235, 17.389854986909345 ], [ 78.504708371946037, 17.389809700284573 ], [ 78.504682084175073, 17.389794582018343 ], [ 78.50468188683891, 17.389794466786832 ], [ 78.504674388642542, 17.389789805855383 ], [ 78.504667213645916, 17.389784663813565 ], [ 78.504660388885796, 17.389779063569652 ], [ 78.504658262614285, 17.389777158082502 ], [ 78.504451756552612, 17.389588175742961 ], [ 78.504447440043407, 17.389584046644078 ], [ 78.504441406241739, 17.389577603339337 ], [ 78.504437315584312, 17.389572709002721 ], [ 78.504418321146531, 17.389548865751124 ] ] ] } },
{ "type": "Feature", "properties": { "FID": 617, "Descr_1": "Water Bodies", "Descr_2": "Reservoir/Tanks", "Descr_3": "Reservoir/Tanks", "PI_CODE": " ", "LU_Code": "WBRT", "Shape_Area": 0.0199596336256 }, "geometry": { "type": "Polygon", "coordinates": [ [ [ 78.305317064916991, 17.455474677646983 ], [ 78.30511513510595, 17.455108489673901 ], [ 78.304873782472356, 17.455122114840137 ], [ 78.304630914700155, 17.455251464121297 ], [ 78.304526188274835, 17.455349485592897 ], [ 78.304351867783382, 17.455512648999292 ], [ 78.304243741974247, 17.455625486693087 ], [ 78.30414825237942, 17.455725139416149 ], [ 78.303918453289896, 17.455722368907008 ], [ 78.303780661057544, 17.455720708438612 ], [ 78.303607337667458, 17.455801288871182 ], [ 78.303519700707383, 17.455915972017358 ], [ 78.303472556157629, 17.455995066200451 ], [ 78.303468129710964, 17.456002493944069 ], [ 78.303431634611343, 17.456063717715573 ], [ 78.303412896031716, 17.45617923345058 ], [ 78.303377711169645, 17.456265954756176 ], [ 78.303411381177739, 17.456294955072821 ], [ 78.303547658069533, 17.456412339193257 ], [ 78.303736041960519, 17.45649728193942 ], [ 78.30401033123745, 17.456599794109255 ], [ 78.304354813810647, 17.456603947006784 ], [ 78.304561936174352, 17.456573375033614 ], [ 78.304772236586587, 17.456458030430543 ], [ 78.30479893585688, 17.456443386371731 ], [ 78.30485691127717, 17.45641158705574 ], [ 78.304917159123647, 17.456310512797376 ], [ 78.304944978352964, 17.456263839911507 ], [ 78.305016255086883, 17.456082820800329 ], [ 78.305110727070996, 17.455917831053736 ], [ 78.305144946052891, 17.455858067111038 ], [ 78.305157289593254, 17.455836506775757 ], [ 78.305317064916991, 17.455474677646983 ] ] ] } },
{ "type": "Feature", "properties": { "FID": 618, "Descr_1": "Water Bodies", "Descr_2": "Reservoir/Tanks", "Descr_3": "Reservoir/Tanks", "PI_CODE": " ", "LU_Code": "WBRT", "Shape_Area": 0.20503188926499999 }, "geometry": { "type": "Polygon", "coordinates": [ [ [ 78.416550497977909, 17.479939800266781 ], [ 78.41629003700433, 17.479729604364234 ], [ 78.415471235813314, 17.479068811936575 ], [ 78.415152376130635, 17.478624060834139 ], [ 78.415023884547139, 17.478392803028534 ], [ 78.414561150860791, 17.477559980260409 ], [ 78.414373311048081, 17.477221902585011 ], [ 78.414230948982592, 17.476849883286604 ], [ 78.413914180567843, 17.476582637098961 ], [ 78.413903360127534, 17.476573508450432 ], [ 78.413102437951963, 17.475897791765945 ], [ 78.412875247696206, 17.475972612344584 ], [ 78.412823475420325, 17.476092622189896 ], [ 78.412685315875308, 17.476412870249543 ], [ 78.412496770661463, 17.476742530376722 ], [ 78.412168268449818, 17.477203308753442 ], [ 78.411610942411372, 17.477528710917152 ], [ 78.411400454119686, 17.477769625873208 ], [ 78.411306039723129, 17.477945515562926 ], [ 78.411235784888078, 17.478033193689519 ], [ 78.411026682927044, 17.478163512581897 ], [ 78.410725663026739, 17.478270648160837 ], [ 78.410239700168901, 17.478419889103499 ], [ 78.409939234638273, 17.478482784228127 ], [ 78.409406061913799, 17.478719969099984 ], [ 78.409389912612127, 17.478745107282908 ], [ 78.409264992702035, 17.478939563308948 ], [ 78.409306925016168, 17.479271884787888 ], [ 78.409344041607113, 17.479335998626613 ], [ 78.409397177995885, 17.479427784625312 ], [ 78.409395788773267, 17.479538381982067 ], [ 78.409301094062187, 17.479736390289265 ], [ 78.409252219921427, 17.479957050239495 ], [ 78.409293007724429, 17.480122045688422 ], [ 78.41028997282902, 17.479924799673132 ], [ 78.410701242602698, 17.480217143758015 ], [ 78.411621808581828, 17.480338390810015 ], [ 78.412477945867394, 17.480082807827561 ], [ 78.413881984739774, 17.480253871584477 ], [ 78.414736730623659, 17.480108875955317 ], [ 78.414963063844922, 17.48044332400228 ], [ 78.41593333205816, 17.480277533193053 ], [ 78.416711843784995, 17.480702203964402 ], [ 78.416812699397326, 17.480590341437807 ], [ 78.416812801654004, 17.480590226870397 ], [ 78.41704203780975, 17.480336478975357 ], [ 78.416550497977909, 17.479939800266781 ] ] ] } },
{ "type": "Feature", "properties": { "FID": 619, "Descr_1": "Water Bodies", "Descr_2": "Reservoir/Tanks", "Descr_3": "Reservoir/Tanks", "PI_CODE": "Maisamma Cheruvu", "LU_Code": "WBRT", "Shape_Area": 0.33541967119499999 }, "geometry": { "type": "Polygon", "coordinates": [ [ [ 78.415864311588862, 17.460012467821379 ], [ 78.415882930028488, 17.46036664508679 ], [ 78.415690802811326, 17.460983864097521 ], [ 78.415525044716645, 17.461335914887886 ], [ 78.415359011892164, 17.461710085371045 ], [ 78.415103834903533, 17.461839877604987 ], [ 78.414711210709058, 17.461901715663657 ], [ 78.414548775616211, 17.461988331976531 ], [ 78.414317477949226, 17.462052032366913 ], [ 78.413994822967027, 17.462048309134978 ], [ 78.413835158721014, 17.461913731002106 ], [ 78.413607185848505, 17.461711995205818 ], [ 78.413422536736917, 17.461731986957549 ], [ 78.413327854667756, 17.46192999870803 ], [ 78.413278712294627, 17.462172780361531 ], [ 78.413161815283544, 17.462304166450991 ], [ 78.412862207068841, 17.462300706656972 ], [ 78.412727253114568, 17.4620336765588 ], [ 78.412315741088449, 17.461763453726235 ], [ 78.412174409984701, 17.462005171447533 ], [ 78.41216997293354, 17.462359081617436 ], [ 78.412282433775729, 17.462581607114505 ], [ 78.412266241852819, 17.462756153674491 ], [ 78.412255782531147, 17.462868894270521 ], [ 78.411975060584851, 17.463197491395018 ], [ 78.411830959122895, 17.463230304247428 ], [ 78.411836224244851, 17.46324013301351 ], [ 78.412243303601784, 17.46386426924164 ], [ 78.412228606052309, 17.465036597701605 ], [ 78.412219178269453, 17.46578865840258 ], [ 78.412211968022746, 17.466363763191289 ], [ 78.412044812455008, 17.466826408438617 ], [ 78.411852390449596, 17.467465741017062 ], [ 78.411962356795243, 17.467887339633268 ], [ 78.412029692767661, 17.467880946437933 ], [ 78.412585468966725, 17.467828167176492 ], [ 78.412872097569675, 17.467728767630053 ], [ 78.4129083293696, 17.467716203309713 ], [ 78.412897284301337, 17.466858373075716 ], [ 78.416008113693366, 17.466938509834936 ], [ 78.415901462030334, 17.466251480049255 ], [ 78.416341296239736, 17.466101693039889 ], [ 78.416352925280563, 17.466093530420963 ], [ 78.416554602692301, 17.465951960556023 ], [ 78.416620354113164, 17.465905806735933 ], [ 78.416635536062998, 17.465846532240786 ], [ 78.416777366054049, 17.465292775410166 ], [ 78.416876849580262, 17.464998385376834 ], [ 78.417304851056514, 17.463731855060662 ], [ 78.417409655628333, 17.462865085322637 ], [ 78.417412972293647, 17.462837658075458 ], [ 78.417628607381502, 17.461054273667582 ], [ 78.417573861805806, 17.460871969795022 ], [ 78.41721281474662, 17.459669649192104 ], [ 78.415894466339694, 17.459606972013308 ], [ 78.415864311588862, 17.460012467821379 ] ] ] } },
{ "type": "Feature", "properties": { "FID": 620, "Descr_1": "Water Bodies", "Descr_2": "Reservoir/Tanks", "Descr_3": "Reservoir/Tanks", "PI_CODE": "Built-Up Inside Tank", "LU_Code": "WBRT", "Shape_Area": 0.026771895882200001 }, "geometry": { "type": "Polygon", "coordinates": [ [ [ 78.460817337719561, 17.494665145572416 ], [ 78.460664759381586, 17.494692070838397 ], [ 78.460428237560734, 17.494733809652022 ], [ 78.460428238370838, 17.494744321644415 ], [ 78.460428237943503, 17.494920731247856 ], [ 78.460818047285002, 17.495779760833518 ], [ 78.461131704301522, 17.49647096663519 ], [ 78.461457045118266, 17.497187916062103 ], [ 78.461602127260335, 17.497093485940294 ], [ 78.461710957051224, 17.496933574418772 ], [ 78.461791253763579, 17.496815585936854 ], [ 78.461877822643288, 17.496686934863444 ], [ 78.461965561464055, 17.495908737418826 ], [ 78.461934892315199, 17.495747724045014 ], [ 78.461880170799986, 17.49546807230681 ], [ 78.461856385111787, 17.495346518027901 ], [ 78.461772419991888, 17.495065970193679 ], [ 78.461744307665526, 17.494974135952923 ], [ 78.461613574063847, 17.494886980284697 ], [ 78.461513729248111, 17.494821461149783 ], [ 78.461398184555378, 17.494745642061993 ], [ 78.461123431542632, 17.494707318382968 ], [ 78.461051747561569, 17.494697320777281 ], [ 78.460817337719561, 17.494665145572416 ] ] ] } },
{ "type": "Feature", "properties": { "FID": 621, "Descr_1": "Water Bodies", "Descr_2": "Reservoir/Tanks", "Descr_3": "Reservoir/Tanks", "PI_CODE": "Built-Up Inside Tank", "LU_Code": "WBRT", "Shape_Area": 0.15843623448300001 }, "geometry": { "type": "Polygon", "coordinates": [ [ [ 78.448036982341193, 17.496887972751384 ], [ 78.44845162317506, 17.496914811968438 ], [ 78.448804482111711, 17.496994278864669 ], [ 78.448805217921958, 17.496994444574788 ], [ 78.448447155918544, 17.495410448851967 ], [ 78.448224928124532, 17.495018347646482 ], [ 78.448209480748957, 17.494991092104552 ], [ 78.447702612768609, 17.494096763298298 ], [ 78.447601788715417, 17.493897388158562 ], [ 78.447455070897846, 17.493607255650332 ], [ 78.44728681496639, 17.493381521439588 ], [ 78.4472064968582, 17.493272780815705 ], [ 78.447181219274455, 17.493266041214525 ], [ 78.446860955280115, 17.49318016957929 ], [ 78.446379758994595, 17.49317469109069 ], [ 78.445947480588757, 17.493169768613207 ], [ 78.44591588782842, 17.493169408823082 ], [ 78.445775945245444, 17.493300549277425 ], [ 78.445724920044057, 17.493698169873863 ], [ 78.44549583529971, 17.494310916151669 ], [ 78.444635223275512, 17.495132095416444 ], [ 78.444483536393875, 17.495276830444737 ], [ 78.444483195582933, 17.495278937097524 ], [ 78.444482803637271, 17.495279312419299 ], [ 78.444478485810478, 17.495308099075888 ], [ 78.444458569242215, 17.495431401794683 ], [ 78.444383669435837, 17.495895115780101 ], [ 78.444262665959357, 17.4963583042483 ], [ 78.444273962298439, 17.496642809056148 ], [ 78.444280242161852, 17.496800950102202 ], [ 78.444280619593286, 17.496801214829276 ], [ 78.444343780391506, 17.496845601142535 ], [ 78.444600215781165, 17.497025818983413 ], [ 78.445058076122436, 17.497217879309147 ], [ 78.445181350407523, 17.497269589228928 ], [ 78.445196528240487, 17.49727595718878 ], [ 78.445607340978796, 17.497612469690672 ], [ 78.446002967907262, 17.49772582609447 ], [ 78.446090523816778, 17.497750644863384 ], [ 78.446366655273948, 17.49773172795155 ], [ 78.446575481130694, 17.497623494233508 ], [ 78.447074257626937, 17.497348283173359 ], [ 78.447086154878065, 17.497341718962382 ], [ 78.447118852279189, 17.497295843865061 ], [ 78.447320766228898, 17.497012556233262 ], [ 78.447564712310282, 17.496909483964711 ], [ 78.44757569142196, 17.496904846193747 ], [ 78.447575799843619, 17.49690484200211 ], [ 78.44770219073574, 17.496900218212335 ], [ 78.448036982341193, 17.496887972751384 ] ] ] } },
{ "type": "Feature", "properties": { "FID": 622, "Descr_1": "Water Bodies", "Descr_2": "Reservoir/Tanks", "Descr_3": "Reservoir/Tanks", "PI_CODE": "Pedda Cheruvu", "LU_Code": "WBRT", "Shape_Area": 0.43932160147400001 }, "geometry": { "type": "Polygon", "coordinates": [ [ [ 78.330122367901367, 17.504433062314263 ], [ 78.330472266458727, 17.50447459782411 ], [ 78.330788043299492, 17.504123731124853 ], [ 78.330789763220523, 17.504008206261329 ], [ 78.330733684066132, 17.503810603191571 ], [ 78.330462200528615, 17.503625424146584 ], [ 78.330024557318126, 17.503256324328479 ], [ 78.329672484061689, 17.502787163729042 ], [ 78.329571089586452, 17.502482719159342 ], [ 78.32938360522482, 17.502318756609579 ], [ 78.329387273009047, 17.502035783146411 ], [ 78.329725615258226, 17.501938741594962 ], [ 78.330210097329939, 17.501944523109639 ], [ 78.331011856373976, 17.501853008667336 ], [ 78.331227634186973, 17.50163269631453 ], [ 78.331400734141596, 17.501429852409402 ], [ 78.331482079768762, 17.501333011265743 ], [ 78.331721117652719, 17.500769823218548 ], [ 78.332023347153083, 17.500207389956497 ], [ 78.33253045837769, 17.500092142069292 ], [ 78.333013628880281, 17.500198979043223 ], [ 78.333283018390716, 17.500545853674019 ], [ 78.3335379069444, 17.50071851294982 ], [ 78.333617170419018, 17.500772207403298 ], [ 78.333891268184999, 17.5007552582132 ], [ 78.334125591533166, 17.50055589307858 ], [ 78.334272404915197, 17.500460927569407 ], [ 78.334401780707822, 17.500377241991838 ], [ 78.334739855235568, 17.500300405846797 ], [ 78.335182205652529, 17.500305674358724 ], [ 78.335338206413766, 17.500143444641527 ], [ 78.335345564316924, 17.500126691291527 ], [ 78.335353122754967, 17.500099312549366 ], [ 78.335354126816, 17.5000730430624 ], [ 78.335353231608281, 17.500049136402232 ], [ 78.335350947353888, 17.500035067839825 ], [ 78.335342814026987, 17.500001307171274 ], [ 78.335342791675629, 17.500001213766232 ], [ 78.334985142734695, 17.499338048934565 ], [ 78.334763989965481, 17.498674057422114 ], [ 78.334629017445138, 17.498451997284747 ], [ 78.334427984839422, 17.498008699299191 ], [ 78.33427232411475, 17.497610030586586 ], [ 78.334275746760028, 17.497345527644399 ], [ 78.334372759578955, 17.496949869384636 ], [ 78.334306985854383, 17.496706588056 ], [ 78.333760547436839, 17.496325308599445 ], [ 78.333403621268531, 17.496247456087062 ], [ 78.333119091450399, 17.496185395119596 ], [ 78.332819623877057, 17.496247960279366 ], [ 78.332658259529865, 17.496290127037632 ], [ 78.332448388876827, 17.49653012428011 ], [ 78.332378622743576, 17.49659542860298 ], [ 78.331711342591532, 17.496675654179125 ], [ 78.331482781174216, 17.49658474777215 ], [ 78.331278332843965, 17.496405946782396 ], [ 78.331141368316182, 17.496338178262551 ], [ 78.330958749430465, 17.496247818291497 ], [ 78.330413964917554, 17.496263093557044 ], [ 78.330407175650521, 17.496263283841149 ], [ 78.33006347978737, 17.496193049150534 ], [ 78.329721497156342, 17.49599056055435 ], [ 78.329541449329653, 17.49570182292862 ], [ 78.329521050448832, 17.495503172374338 ], [ 78.329430598310594, 17.495391866811943 ], [ 78.32908718911979, 17.495299587071795 ], [ 78.328879601121486, 17.495363245197712 ], [ 78.328625500739761, 17.495470437019055 ], [ 78.328494535075848, 17.496311953316685 ], [ 78.328244867383617, 17.497916181788774 ], [ 78.328029120458211, 17.499302431918398 ], [ 78.327955417143684, 17.499775992594643 ], [ 78.327920326533402, 17.500001445432535 ], [ 78.327920315692481, 17.500001554718704 ], [ 78.32780884789409, 17.501084620005301 ], [ 78.327745723888953, 17.501697939786013 ], [ 78.327700541629838, 17.502136939605144 ], [ 78.327949646218755, 17.502422933356932 ], [ 78.328155572971312, 17.502789271087337 ], [ 78.328214048861, 17.503153850794639 ], [ 78.328334408548869, 17.503620247433155 ], [ 78.329123335663397, 17.504519149948106 ], [ 78.329521090163894, 17.50444932895811 ], [ 78.330122367901367, 17.504433062314263 ] ] ] } },
{ "type": "Feature", "properties": { "FID": 623, "Descr_1": "Water Bodies", "Descr_2": "Reservoir/Tanks", "Descr_3": "Reservoir/Tanks", "PI_CODE": " ", "LU_Code": "WBRT", "Shape_Area": 0.089515504925100006 }, "geometry": { "type": "Polygon", "coordinates": [ [ [ 78.359048771071556, 17.504075262707012 ], [ 78.359158320728341, 17.504076720300255 ], [ 78.359268077542637, 17.504063845078861 ], [ 78.359343048328938, 17.504045726290471 ], [ 78.359418777112054, 17.503975050089618 ], [ 78.359485237707929, 17.503856459150668 ], [ 78.359542775639795, 17.503666064337057 ], [ 78.359579428809042, 17.503542297622207 ], [ 78.359627076006475, 17.50334699264852 ], [ 78.359669398873848, 17.50317551084569 ], [ 78.359701002558495, 17.503056456309835 ], [ 78.359717392379338, 17.502956315778757 ], [ 78.359748857602014, 17.502846816699108 ], [ 78.359784888138307, 17.502766052713785 ], [ 78.359875279287337, 17.502714686935928 ], [ 78.359940150906041, 17.502705992395153 ], [ 78.360014705935342, 17.502716541597142 ], [ 78.360078956205029, 17.502750849839696 ], [ 78.360193416013814, 17.50275715285164 ], [ 78.360268868192037, 17.502705587269951 ], [ 78.360295147293542, 17.502610355840307 ], [ 78.360286361906688, 17.502528997400589 ], [ 78.360287811603982, 17.502428657158934 ], [ 78.360318792561614, 17.502352605312375 ], [ 78.360365404227892, 17.502228970263896 ], [ 78.360357654316061, 17.502075938906493 ], [ 78.36031961353477, 17.501951179268605 ], [ 78.360242426996322, 17.501778105630503 ], [ 78.360214138428859, 17.501667813327224 ], [ 78.360195876881718, 17.501552873786036 ], [ 78.360197879209451, 17.501414308844158 ], [ 78.360229068078567, 17.501323923302547 ], [ 78.36026530618345, 17.501228824601192 ], [ 78.360261568260142, 17.501142752028596 ], [ 78.3601806550313, 17.501062407742083 ], [ 78.36009538080441, 17.500922950308755 ], [ 78.359835074688576, 17.5008865165976 ], [ 78.359587866143059, 17.500938197040959 ], [ 78.359265503549096, 17.500934395267283 ], [ 78.359019227184206, 17.500913292266571 ], [ 78.358775281091397, 17.50071023516724 ], [ 78.358589853424292, 17.500380477857146 ], [ 78.358592885114746, 17.500143935786578 ], [ 78.358583284923924, 17.500001274119274 ], [ 78.358583259591853, 17.50000089764842 ], [ 78.358583255703223, 17.500000833400055 ], [ 78.358552451669212, 17.499661480152763 ], [ 78.358552584140952, 17.499651214748496 ], [ 78.358556687957545, 17.499330852199662 ], [ 78.35856064274752, 17.49902226673705 ], [ 78.358564596606016, 17.49871367940932 ], [ 78.358499074747243, 17.498448364113884 ], [ 78.358269086603215, 17.498467697367751 ], [ 78.357849402780289, 17.498947736991273 ], [ 78.357661116895812, 17.499298239723348 ], [ 78.357596407297166, 17.500000756077711 ], [ 78.357596427296073, 17.500000813282188 ], [ 78.357731506967284, 17.500388066102207 ], [ 78.357924207825718, 17.500940508837072 ], [ 78.357927438312657, 17.500949770404251 ], [ 78.357960165005593, 17.501043591905471 ], [ 78.35796845122789, 17.501067346014317 ], [ 78.358002039553924, 17.501203354132603 ], [ 78.35802283206624, 17.501287547298794 ], [ 78.358082124273693, 17.501527634187823 ], [ 78.358123465795714, 17.501695031955492 ], [ 78.35814850736358, 17.501883516394265 ], [ 78.358159768172797, 17.501968275243708 ], [ 78.358184504549442, 17.502154474606478 ], [ 78.35819124713926, 17.502205224308106 ], [ 78.358218102442763, 17.502407350036929 ], [ 78.3582212349245, 17.502467282382874 ], [ 78.358237726946072, 17.502782732282732 ], [ 78.358241913232902, 17.502862797708254 ], [ 78.358262559321403, 17.503005357130736 ], [ 78.358298575354738, 17.503254060693308 ], [ 78.358378099392098, 17.503803188335684 ], [ 78.358403709335505, 17.50390896676824 ], [ 78.358462150185659, 17.50400054594013 ], [ 78.358570871819552, 17.504059342110626 ], [ 78.358685193892342, 17.504075201397395 ], [ 78.358849518827853, 17.504077389407925 ], [ 78.359048771071556, 17.504075262707012 ] ] ] } },
{ "type": "Feature", "properties": { "FID": 624, "Descr_1": "Water Bodies", "Descr_2": "Reservoir/Tanks", "Descr_3": "Reservoir/Tanks", "PI_CODE": " ", "LU_Code": "WBRT", "Shape_Area": 0.174085578628 }, "geometry": { "type": "Polygon", "coordinates": [ [ [ 78.352249616240783, 17.500390007709942 ], [ 78.352474441278417, 17.500407064259015 ], [ 78.352568236384769, 17.500438301600688 ], [ 78.352569687642216, 17.50043822743255 ], [ 78.352660244038731, 17.500418527451764 ], [ 78.352710644459563, 17.500377382804579 ], [ 78.352733381324242, 17.500311975267358 ], [ 78.352734548737743, 17.500231346263526 ], [ 78.352720458975, 17.500129604126055 ], [ 78.352700593535019, 17.500015162075833 ], [ 78.352698015605412, 17.500000309864532 ], [ 78.352697228121045, 17.499985975264067 ], [ 78.352692625886561, 17.499902229760139 ], [ 78.352673265023881, 17.499734707257861 ], [ 78.352729499992364, 17.499720523384106 ], [ 78.352795329625863, 17.499688545884233 ], [ 78.352817764951169, 17.49964404215315 ], [ 78.352815301615209, 17.499599206025785 ], [ 78.352785131786902, 17.499533093280245 ], [ 78.352754616559409, 17.499490868809858 ], [ 78.352705428755471, 17.49944839730658 ], [ 78.35266561939298, 17.499403062581305 ], [ 78.352652210208987, 17.499380925965713 ], [ 78.352537251937576, 17.499347932773865 ], [ 78.35252832507733, 17.499333246911288 ], [ 78.352334763372525, 17.499014859967822 ], [ 78.352130292577513, 17.49883608006547 ], [ 78.351902568704503, 17.498679068958019 ], [ 78.351744041100346, 17.498500832100724 ], [ 78.351724751254608, 17.498214017419642 ], [ 78.351729848555777, 17.497817263577069 ], [ 78.351870503325927, 17.497598474910699 ], [ 78.352124593796248, 17.497491253700236 ], [ 78.352195487154759, 17.497337774605111 ], [ 78.352198036245895, 17.497139398971861 ], [ 78.352156057980963, 17.496830269902908 ], [ 78.352158323044932, 17.496653934950853 ], [ 78.352435383132786, 17.496546985017794 ], [ 78.352848282727606, 17.496595957776623 ], [ 78.353056431247296, 17.496488193984572 ], [ 78.353104917658641, 17.496290358699216 ], [ 78.352858471720836, 17.495802451146226 ], [ 78.352771120865555, 17.495448693673922 ], [ 78.35277394959445, 17.495228275257752 ], [ 78.353008463980828, 17.494856278604004 ], [ 78.353063326985776, 17.494704594359455 ], [ 78.352003435548653, 17.494419905799717 ], [ 78.351795012823715, 17.494533294441833 ], [ 78.351608703678465, 17.494729497325142 ], [ 78.351584884263573, 17.494795350567589 ], [ 78.35135433329333, 17.494858758820218 ], [ 78.351009498444455, 17.494876723565319 ], [ 78.350619007092163, 17.494872104201335 ], [ 78.350413408903336, 17.494781487139321 ], [ 78.350231630744943, 17.494625018591499 ], [ 78.349999999859961, 17.494541074775956 ], [ 78.349980095188755, 17.494533861851558 ], [ 78.349748976270675, 17.494641351690678 ], [ 78.34963100769734, 17.494882452886031 ], [ 78.349511906997066, 17.495211722443077 ], [ 78.349370967891304, 17.495452549648373 ], [ 78.34918408944722, 17.495692835448356 ], [ 78.348997774709517, 17.495889035920289 ], [ 78.34897083682246, 17.496197350565687 ], [ 78.349012242031421, 17.496550563625867 ], [ 78.349048115876471, 17.496794301782113 ], [ 78.349054496871076, 17.496837652598881 ], [ 78.34918835071278, 17.497147872128384 ], [ 78.349300083326455, 17.497391691904731 ], [ 78.349435922038154, 17.497547616171179 ], [ 78.349687179642402, 17.497660817786421 ], [ 78.349869526011204, 17.497773203302511 ], [ 78.350000000380518, 17.498009627002681 ], [ 78.350004232875762, 17.498017294601777 ], [ 78.350036061324658, 17.498068211435587 ], [ 78.350469897549587, 17.498762228839659 ], [ 78.351238164777769, 17.499991223760251 ], [ 78.351239702839834, 17.499995247831006 ], [ 78.351241574590574, 17.500000144843984 ], [ 78.351244255988746, 17.500007156554336 ], [ 78.351249451190668, 17.500020728574409 ], [ 78.351255123980735, 17.500035562262422 ], [ 78.351420217260909, 17.500467162963851 ], [ 78.351515219927848, 17.500715528760214 ], [ 78.351748890541288, 17.501326412259768 ], [ 78.351819963030024, 17.501324309631027 ], [ 78.351907582298338, 17.501321719990141 ], [ 78.351939616977475, 17.501163738646557 ], [ 78.351882017900891, 17.500975908126016 ], [ 78.351778861540907, 17.500830725207404 ], [ 78.351690707473693, 17.500685718796788 ], [ 78.351676815895061, 17.500599176846954 ], [ 78.351816344712489, 17.500495403358631 ], [ 78.352249616240783, 17.500390007709942 ] ] ] } },
{ "type": "Feature", "properties": { "FID": 630, "Descr_1": "Water Bodies", "Descr_2": "Reservoir/Tanks", "Descr_3": "Reservoir/Tanks", "PI_CODE": " ", "LU_Code": "WBRT", "Shape_Area": 0.0102712213896 }, "geometry": { "type": "Polygon", "coordinates": [ [ [ 78.294929170210267, 17.461437076078816 ], [ 78.294921186596554, 17.461378146142707 ], [ 78.29462436939032, 17.461127669289805 ], [ 78.29436704628624, 17.461041869075324 ], [ 78.294240199948931, 17.460999577242323 ], [ 78.293875843378061, 17.460995165753111 ], [ 78.293424132271255, 17.461113143057894 ], [ 78.293401077119327, 17.461236307215732 ], [ 78.293439889411175, 17.461545384266497 ], [ 78.293457869193162, 17.461706334934153 ], [ 78.293772695611878, 17.461649855670025 ], [ 78.293950342277512, 17.461617987722583 ], [ 78.293974898874581, 17.461613581773637 ], [ 78.29438212395425, 17.461618510029897 ], [ 78.294818472461628, 17.461763999340118 ], [ 78.294830323200642, 17.461767950643814 ], [ 78.294960269588842, 17.461666652875802 ], [ 78.294929170210267, 17.461437076078816 ] ] ] } },
{ "type": "Feature", "properties": { "FID": 632, "Descr_1": "Water Bodies", "Descr_2": "Reservoir/Tanks", "Descr_3": "Reservoir/Tanks", "PI_CODE": " ", "LU_Code": "WBRT", "Shape_Area": 0.212149637704 }, "geometry": { "type": "Polygon", "coordinates": [ [ [ 78.31720291201664, 17.469366700060732 ], [ 78.31683457878016, 17.46942841990116 ], [ 78.316586533214206, 17.469072714640856 ], [ 78.316384999067992, 17.46867347728428 ], [ 78.316345667245628, 17.468165957265413 ], [ 78.31641916187354, 17.467814109966628 ], [ 78.316307485976992, 17.467570267737621 ], [ 78.315941163086848, 17.467477690948776 ], [ 78.315687380768125, 17.46756282779883 ], [ 78.315271680120176, 17.467734203227749 ], [ 78.314972534658779, 17.467774703147704 ], [ 78.31478879966248, 17.467772498396595 ], [ 78.314688320343095, 17.467712985309284 ], [ 78.314446882253762, 17.46756998258947 ], [ 78.314334345983696, 17.467392266793169 ], [ 78.314136806329671, 17.467338003832094 ], [ 78.31408257369263, 17.467323105724638 ], [ 78.313873573443999, 17.467496962288983 ], [ 78.313753277951207, 17.467914382783622 ], [ 78.313634419959001, 17.468221592794066 ], [ 78.313631544852328, 17.46844201527729 ], [ 78.313765611778578, 17.46873021661553 ], [ 78.313922932294389, 17.468996653554633 ], [ 78.314056998118929, 17.469284856420362 ], [ 78.314121015291349, 17.469660400233625 ], [ 78.314045504257464, 17.470166541335416 ], [ 78.313973153086621, 17.470430218143921 ], [ 78.313811232984932, 17.47051645581826 ], [ 78.3135112216181, 17.470623081049354 ], [ 78.313280686731787, 17.470686448874091 ], [ 78.313027185655869, 17.470749540556852 ], [ 78.312878490033384, 17.47091957094808 ], [ 78.313295530526318, 17.471370660326485 ], [ 78.313170262379572, 17.471641759089856 ], [ 78.312996860960055, 17.472017018903085 ], [ 78.313441530793142, 17.472331375203694 ], [ 78.314336623467597, 17.472537602093698 ], [ 78.315174475062008, 17.472573851737238 ], [ 78.315172979370899, 17.472589786080739 ], [ 78.315172133817484, 17.472598779786871 ], [ 78.315185108080712, 17.472589695644039 ], [ 78.315199099441401, 17.472589833738017 ], [ 78.316611635798367, 17.472603661801301 ], [ 78.316730946407006, 17.472604829887118 ], [ 78.317256895910305, 17.472277360864418 ], [ 78.31753480059983, 17.472104330362523 ], [ 78.31764266577845, 17.4720125568588 ], [ 78.317790311608533, 17.471886937670291 ], [ 78.318020844564685, 17.471823564984245 ], [ 78.318069648939812, 17.471603696229391 ], [ 78.318094912334033, 17.471427634000264 ], [ 78.318212617670795, 17.471208590329113 ], [ 78.318194429308377, 17.47093738927305 ], [ 78.318193381383111, 17.470921766219931 ], [ 78.318034616995973, 17.470765545611194 ], [ 78.317693838892566, 17.470474866001169 ], [ 78.31744493229219, 17.470185289379533 ], [ 78.317380621577357, 17.469831790342219 ], [ 78.317405312322535, 17.469699811817453 ], [ 78.317567229231116, 17.469613571370186 ], [ 78.317536295655131, 17.469488186198454 ], [ 78.317523590416386, 17.469436683670896 ], [ 78.31720291201664, 17.469366700060732 ] ] ] } },
{ "type": "Feature", "properties": { "FID": 633, "Descr_1": "Water Bodies", "Descr_2": "Reservoir/Tanks", "Descr_3": "Reservoir/Tanks", "PI_CODE": " ", "LU_Code": "WBRT", "Shape_Area": 0.00341195828536 }, "geometry": { "type": "Polygon", "coordinates": [ [ [ 78.31855440278791, 17.457301904911564 ], [ 78.318393069264587, 17.45734406077068 ], [ 78.31811547308034, 17.457495053388488 ], [ 78.318090785311725, 17.45762703095135 ], [ 78.318304318800898, 17.457837163199823 ], [ 78.318437097448594, 17.457967826555173 ], [ 78.318640526798049, 17.457743849853216 ], [ 78.318848939713774, 17.457614076368387 ], [ 78.31884190733463, 17.457570202312446 ], [ 78.318827696126831, 17.457481545448676 ], [ 78.31855440278791, 17.457301904911564 ] ] ] } },
{ "type": "Feature", "properties": { "FID": 634, "Descr_1": "Water Bodies", "Descr_2": "Reservoir/Tanks", "Descr_3": "Reservoir/Tanks", "PI_CODE": " ", "LU_Code": "WBRT", "Shape_Area": 0.0512303711782 }, "geometry": { "type": "Polygon", "coordinates": [ [ [ 78.328279898640943, 17.45405859985215 ], [ 78.328286885721781, 17.454037732913378 ], [ 78.328313748156575, 17.45395750307669 ], [ 78.328295069347462, 17.453626594343994 ], [ 78.328228457547283, 17.453449434134566 ], [ 78.328001664605125, 17.453226267988793 ], [ 78.327842622843093, 17.453092092764809 ], [ 78.32761439974206, 17.452979138282565 ], [ 78.327317283096946, 17.452865361376411 ], [ 78.327158241152418, 17.452731185608368 ], [ 78.326978522618106, 17.452420398775043 ], [ 78.326981381561595, 17.452199975358237 ], [ 78.327029884218604, 17.452002143697317 ], [ 78.3270471352985, 17.451855077556161 ], [ 78.327055708837264, 17.451781993740369 ], [ 78.326966135911533, 17.451604557707167 ], [ 78.326739059662756, 17.451403433000355 ], [ 78.326581448955011, 17.45115904720867 ], [ 78.326423839593147, 17.450914660379986 ], [ 78.326335984363737, 17.450604969694954 ], [ 78.326245839730035, 17.450471618332333 ], [ 78.325924618096721, 17.450445732310225 ], [ 78.325716790449718, 17.450531429883902 ], [ 78.325485710953103, 17.450638896571334 ], [ 78.325161341141111, 17.450855475936702 ], [ 78.32513637283266, 17.45100949770767 ], [ 78.325178297848865, 17.451318638746336 ], [ 78.325335048669402, 17.45162915540017 ], [ 78.325493513583908, 17.451807413093778 ], [ 78.325742697607154, 17.452074941672034 ], [ 78.326163694846827, 17.452467420033472 ], [ 78.326173886135166, 17.452476920152638 ], [ 78.326332354343378, 17.45265517988776 ], [ 78.326581538723744, 17.452922705549916 ], [ 78.326852546943556, 17.453278677187914 ], [ 78.326986906924603, 17.453544830173357 ], [ 78.327075338143544, 17.453810436080399 ], [ 78.327095478153424, 17.453843579893014 ], [ 78.327210269583205, 17.454032504742809 ], [ 78.327233930339276, 17.454088975840321 ], [ 78.327347490985034, 17.454078236010972 ], [ 78.327645466950358, 17.454125885749534 ], [ 78.327919336690528, 17.454261431713981 ], [ 78.328218172197438, 17.454242956324297 ], [ 78.328279898640943, 17.45405859985215 ] ] ] } },
{ "type": "Feature", "properties": { "FID": 635, "Descr_1": "Water Bodies", "Descr_2": "Reservoir/Tanks", "Descr_3": "Reservoir/Tanks", "PI_CODE": " ", "LU_Code": "WBRT", "Shape_Area": 0.017972625568799999 }, "geometry": { "type": "Polygon", "coordinates": [ [ [ 78.335825633469554, 17.490273506582817 ], [ 78.335531916219821, 17.489044039128238 ], [ 78.335445131380183, 17.489079933325293 ], [ 78.335441108809448, 17.489081596300505 ], [ 78.335208429018323, 17.489177832872151 ], [ 78.335183463728342, 17.489331852144641 ], [ 78.335133819910524, 17.48961785168677 ], [ 78.335108570426712, 17.489793911718714 ], [ 78.335060349717338, 17.48996970089598 ], [ 78.334944363181876, 17.490056501795724 ], [ 78.334736211529972, 17.490164249147703 ], [ 78.334413498284178, 17.490248586645638 ], [ 78.33427339960015, 17.490423280292131 ], [ 78.334294087873943, 17.490599890093332 ], [ 78.334361571214615, 17.49071092024532 ], [ 78.33452121810258, 17.490801003967952 ], [ 78.334912841208151, 17.490717486079184 ], [ 78.335255268146923, 17.490721562891544 ], [ 78.33528035456942, 17.490721861606154 ], [ 78.335624327666068, 17.490770049102846 ], [ 78.33601204674639, 17.491053807799627 ], [ 78.335935259922508, 17.490732393292642 ], [ 78.335825633469554, 17.490273506582817 ] ] ] } },
{ "type": "Feature", "properties": { "FID": 636, "Descr_1": "Water Bodies", "Descr_2": "Reservoir/Tanks", "Descr_3": "Reservoir/Tanks", "PI_CODE": " ", "LU_Code": "WBRT", "Shape_Area": 0.012785080396300001 }, "geometry": { "type": "Polygon", "coordinates": [ [ [ 78.335121444824409, 17.492351324366837 ], [ 78.334895500998158, 17.492370290839833 ], [ 78.334891463439334, 17.492370629781405 ], [ 78.334682454039609, 17.492544502859872 ], [ 78.334517957902833, 17.492829132106159 ], [ 78.33440225268356, 17.492893890006517 ], [ 78.33412576013464, 17.492956731599815 ], [ 78.333985942531115, 17.49310938405694 ], [ 78.33396012215411, 17.493329528789648 ], [ 78.333957555611363, 17.493527906384294 ], [ 78.33395671999304, 17.493592494329121 ], [ 78.334656238995805, 17.493554029353007 ], [ 78.334922293361615, 17.493539396583078 ], [ 78.33533574338216, 17.493516660275862 ], [ 78.335321556887024, 17.493279129320797 ], [ 78.335340596611616, 17.493169608221361 ], [ 78.335231307746923, 17.493062100186826 ], [ 78.33520448709038, 17.493035716312935 ], [ 78.335139283726235, 17.492748350558241 ], [ 78.335072370270865, 17.492593237443906 ], [ 78.335121444824409, 17.492351324366837 ] ] ] } },
{ "type": "Feature", "properties": { "FID": 637, "Descr_1": "Water Bodies", "Descr_2": "Reservoir/Tanks", "Descr_3": "Reservoir/Tanks", "PI_CODE": " ", "LU_Code": "WBRT", "Shape_Area": 0.059172713306399997 }, "geometry": { "type": "Polygon", "coordinates": [ [ [ 78.322518507432264, 17.482787503237375 ], [ 78.322265279252392, 17.482828561971971 ], [ 78.322011477003599, 17.482913706601941 ], [ 78.321664942160595, 17.483063877213866 ], [ 78.32141142500123, 17.483126976651775 ], [ 78.321429811263414, 17.483479924993024 ], [ 78.321925315579108, 17.484620621896159 ], [ 78.322112904218727, 17.485052461679 ], [ 78.323473773614182, 17.485601102376197 ], [ 78.323592656656785, 17.484982851377307 ], [ 78.323826068906186, 17.484699051925499 ], [ 78.323945207218983, 17.484369795982364 ], [ 78.323948641632072, 17.484105293325577 ], [ 78.324111141956251, 17.48397496413655 ], [ 78.324114863362666, 17.483688417888324 ], [ 78.324027854044516, 17.483312604842691 ], [ 78.324019636451411, 17.483306938067507 ], [ 78.323800169656479, 17.483155565276384 ], [ 78.323478895839528, 17.483129675978024 ], [ 78.323066891013994, 17.483014519908259 ], [ 78.322792698116672, 17.482901012192851 ], [ 78.322518507432264, 17.482787503237375 ] ] ] } },
{ "type": "Feature", "properties": { "FID": 638, "Descr_1": "Water Bodies", "Descr_2": "Reservoir/Tanks", "Descr_3": "Reservoir/Tanks", "PI_CODE": " ", "LU_Code": "WBRT", "Shape_Area": 0.0105844020982 }, "geometry": { "type": "Polygon", "coordinates": [ [ [ 78.320813820419659, 17.490218434302538 ], [ 78.320537038736717, 17.490303300007795 ], [ 78.320410445643219, 17.490328709251123 ], [ 78.320329740894323, 17.490344907403802 ], [ 78.320236715026297, 17.490431976284881 ], [ 78.320027694729092, 17.490605834259377 ], [ 78.319979462219649, 17.490781619077403 ], [ 78.320190691922988, 17.491121796730095 ], [ 78.320338591189909, 17.491359981247719 ], [ 78.320455803603636, 17.491250276189195 ], [ 78.320663676629408, 17.491164585381263 ], [ 78.320917490135528, 17.491079441784333 ], [ 78.321125361825224, 17.490993751412368 ], [ 78.321196851205784, 17.490796197925516 ], [ 78.321132242272199, 17.490464745152764 ], [ 78.320974320577349, 17.490242401370047 ], [ 78.320813820419659, 17.490218434302538 ] ] ] } },
{ "type": "Feature", "properties": { "FID": 639, "Descr_1": "Water Bodies", "Descr_2": "Reservoir/Tanks", "Descr_3": "Reservoir/Tanks", "PI_CODE": " ", "LU_Code": "WBRT", "Shape_Area": 0.0042302528768800004 }, "geometry": { "type": "Polygon", "coordinates": [ [ [ 78.319970509856745, 17.488537511604715 ], [ 78.319840420742153, 17.488734022882998 ], [ 78.32059473154878, 17.489400130747875 ], [ 78.320689474765132, 17.489180813375732 ], [ 78.320715312308465, 17.488960668945023 ], [ 78.320579215697094, 17.488826765628033 ], [ 78.320329132920065, 17.488625363413931 ], [ 78.319970509856745, 17.488537511604715 ] ] ] } },
{ "type": "Feature", "properties": { "FID": 640, "Descr_1": "Water Bodies", "Descr_2": "Reservoir/Tanks", "Descr_3": "Reservoir/Tanks", "PI_CODE": " ", "LU_Code": "WBRT", "Shape_Area": 0.120750741876 }, "geometry": { "type": "Polygon", "coordinates": [ [ [ 78.347782919573802, 17.488533565632487 ], [ 78.347756436817392, 17.488484940561118 ], [ 78.347625820156026, 17.488245115297307 ], [ 78.34753649565755, 17.488045649213205 ], [ 78.347470424967412, 17.487824412642958 ], [ 78.347427038826126, 17.487625490852398 ], [ 78.347385072010653, 17.487316357657971 ], [ 78.347434131023576, 17.487074441152739 ], [ 78.347434981042866, 17.48700831411767 ], [ 78.347580708636769, 17.486766930918503 ], [ 78.348014571333181, 17.486524061376755 ], [ 78.348274251195079, 17.486427933559643 ], [ 78.348482248749292, 17.486331194119948 ], [ 78.34870704820176, 17.486267719792785 ], [ 78.348932059159949, 17.486187715033772 ], [ 78.349002879109392, 17.486039747730473 ], [ 78.348947275133284, 17.485974085098313 ], [ 78.348918020982552, 17.485939539268806 ], [ 78.348589861853995, 17.486001787716685 ], [ 78.348312957267609, 17.486097711875935 ], [ 78.348036053352857, 17.48619363568254 ], [ 78.347881011110289, 17.486191798709015 ], [ 78.347761487089628, 17.486107711745596 ], [ 78.347677055010152, 17.485974438812374 ], [ 78.347644090335365, 17.485858311132489 ], [ 78.347628778456809, 17.485709322692536 ], [ 78.347603723463806, 17.485607843793712 ], [ 78.34766297507889, 17.485357614638389 ], [ 78.34766751393586, 17.485004943804839 ], [ 78.347555117975347, 17.484875914973248 ], [ 78.347531687209369, 17.484849015695623 ], [ 78.34725605834825, 17.48484574923188 ], [ 78.346911241633464, 17.484863708352457 ], [ 78.346657447440151, 17.48494888222675 ], [ 78.346626724369017, 17.484956680838415 ], [ 78.346242587446596, 17.485054188618385 ], [ 78.346081805581861, 17.48505228317849 ], [ 78.345806178343949, 17.485049014863772 ], [ 78.345639607761015, 17.485131128224349 ], [ 78.345413149937102, 17.485242761731364 ], [ 78.344207403844436, 17.486110272607196 ], [ 78.344041224604027, 17.486527162340561 ], [ 78.344038385235294, 17.486747583350443 ], [ 78.344103599638402, 17.487034946300401 ], [ 78.344105533029747, 17.487114454235229 ], [ 78.344744179813617, 17.487240954342418 ], [ 78.345224263308054, 17.487423011742852 ], [ 78.345655569309756, 17.487824943258719 ], [ 78.345782751584451, 17.488027654192244 ], [ 78.345948209314159, 17.488291364884265 ], [ 78.34628792504094, 17.488670162878051 ], [ 78.346632465675413, 17.488674248337428 ], [ 78.346863009968601, 17.488610844990589 ], [ 78.347044590017234, 17.488965102725402 ], [ 78.347880220359002, 17.488834606324669 ], [ 78.347894647415501, 17.488777388072108 ], [ 78.347782919573802, 17.488533565632487 ] ] ] } },
{ "type": "Feature", "properties": { "FID": 641, "Descr_1": "Water Bodies", "Descr_2": "Reservoir/Tanks", "Descr_3": "Reservoir/Tanks", "PI_CODE": " ", "LU_Code": "WBRT", "Shape_Area": 0.018794416595700001 }, "geometry": { "type": "Polygon", "coordinates": [ [ [ 78.319755170202953, 17.462110001962749 ], [ 78.31954847258524, 17.462107526102557 ], [ 78.319317950593245, 17.462170899812747 ], [ 78.319201684864865, 17.46227973432002 ], [ 78.319014801077742, 17.4625199974491 ], [ 78.318781409207318, 17.462803791896235 ], [ 78.318768409550259, 17.462836394443578 ], [ 78.318757997896512, 17.462837805106322 ], [ 78.318526613286366, 17.462967303779454 ], [ 78.318408625391811, 17.463208393117977 ], [ 78.318451689892257, 17.463429365042348 ], [ 78.31864895254364, 17.463601934684441 ], [ 78.318656092228039, 17.463608181111621 ], [ 78.318884321595831, 17.463721143706131 ], [ 78.319177365449875, 17.463845859860019 ], [ 78.31920413198101, 17.46385725080987 ], [ 78.319289425397102, 17.463962236858279 ], [ 78.319656837464024, 17.463636359573517 ], [ 78.319712993750471, 17.463586552973876 ], [ 78.319671648181895, 17.463233327825172 ], [ 78.319698341739297, 17.462947054949819 ], [ 78.319724750371265, 17.462682824913852 ], [ 78.319820055138578, 17.462419417636816 ], [ 78.319822347877363, 17.462243081057178 ], [ 78.319795177213493, 17.46218925298874 ], [ 78.319755170202953, 17.462110001962749 ] ] ] } },
{ "type": "Feature", "properties": { "FID": 642, "Descr_1": "Water Bodies", "Descr_2": "Reservoir/Tanks", "Descr_3": "Reservoir/Tanks", "PI_CODE": " ", "LU_Code": "WBRT", "Shape_Area": 0.042532588530100002 }, "geometry": { "type": "Polygon", "coordinates": [ [ [ 78.304482559716263, 17.450119863429673 ], [ 78.3043445509051, 17.4501198627372 ], [ 78.304263649102637, 17.450129379846484 ], [ 78.304163712386114, 17.450143657280414 ], [ 78.304077484906358, 17.450152223010381 ], [ 78.303834621835421, 17.450281569863293 ], [ 78.303591976721492, 17.450394384232776 ], [ 78.303349765085869, 17.450474134793577 ], [ 78.303073970639815, 17.450487343425905 ], [ 78.302762862026185, 17.450566262338437 ], [ 78.302538088621773, 17.450629686591185 ], [ 78.30241535929045, 17.450793549781352 ], [ 78.302412111041917, 17.451041526692809 ], [ 78.302443527740067, 17.451273386045663 ], [ 78.30250960854616, 17.451489128722692 ], [ 78.302532465691343, 17.451606478428552 ], [ 78.302541891314505, 17.451654862785627 ], [ 78.302607754949349, 17.451887136688018 ], [ 78.30270806825699, 17.452119827909893 ], [ 78.302834978785199, 17.45230262593704 ], [ 78.303023928938615, 17.452287143054114 ], [ 78.30377789021226, 17.451983921300993 ], [ 78.304142402363766, 17.451773369834413 ], [ 78.304456322536964, 17.451479537385467 ], [ 78.304718354732856, 17.451201611141084 ], [ 78.304842381011497, 17.450938557876327 ], [ 78.304846274100058, 17.450640985145213 ], [ 78.304900540988029, 17.450443227586433 ], [ 78.304834721191412, 17.450348290195503 ], [ 78.304796648605219, 17.450300700938438 ], [ 78.30474430118943, 17.450234077157521 ], [ 78.304677676460415, 17.450186487355712 ], [ 78.304630087157136, 17.450157933375319 ], [ 78.304482559716263, 17.450119863429673 ] ] ] } },
{ "type": "Feature", "properties": { "FID": 643, "Descr_1": "Water Bodies", "Descr_2": "Reservoir/Tanks", "Descr_3": "Reservoir/Tanks", "PI_CODE": " ", "LU_Code": "WBRT", "Shape_Area": 0.0119269869085 }, "geometry": { "type": "Polygon", "coordinates": [ [ [ 78.300395747345647, 17.457680515941185 ], [ 78.300000001187172, 17.457889647152353 ], [ 78.299280825239521, 17.458269689658525 ], [ 78.300000000613906, 17.458750062174939 ], [ 78.300196738153275, 17.458881471279845 ], [ 78.30024321790998, 17.458803005585608 ], [ 78.30046886899656, 17.458673456288103 ], [ 78.300659636791082, 17.458576553379103 ], [ 78.300749440120498, 17.458296555363045 ], [ 78.300770348670511, 17.458015723823774 ], [ 78.300704265695089, 17.457799981239344 ], [ 78.30056777383821, 17.457699126647885 ], [ 78.300395747345647, 17.457680515941185 ] ] ] } },
{ "type": "Feature", "properties": { "FID": 644, "Descr_1": "Water Bodies", "Descr_2": "Reservoir/Tanks", "Descr_3": "Reservoir/Tanks", "PI_CODE": " ", "LU_Code": "WBRT", "Shape_Area": 0.049220287376600003 }, "geometry": { "type": "Polygon", "coordinates": [ [ [ 78.309201168970631, 17.453537331878795 ], [ 78.308908364019757, 17.453533808609617 ], [ 78.308718684992186, 17.453548059919218 ], [ 78.30858089331403, 17.453546401635219 ], [ 78.308356982313057, 17.453543706739435 ], [ 78.308167519223815, 17.453541427164385 ], [ 78.307926384758588, 17.453538523592854 ], [ 78.307651665614884, 17.453469079815157 ], [ 78.307289099729687, 17.453530851836359 ], [ 78.307099852778208, 17.453512038206824 ], [ 78.306859150584089, 17.453476070833251 ], [ 78.306774111904446, 17.453392375373685 ], [ 78.306776056999738, 17.453243590069121 ], [ 78.306725250183291, 17.453176840751887 ], [ 78.306290222096223, 17.453200584091721 ], [ 78.306282459557352, 17.453195700600613 ], [ 78.306284268728007, 17.453202093968748 ], [ 78.306288090573815, 17.453215601156622 ], [ 78.306048953152725, 17.453277953553975 ], [ 78.305985641834098, 17.453294461730138 ], [ 78.306043545464846, 17.453793141320638 ], [ 78.306328575079917, 17.454377221704966 ], [ 78.307067071227564, 17.454702112834699 ], [ 78.307285273854532, 17.454823401105187 ], [ 78.307340709605242, 17.454854217358317 ], [ 78.307613485157773, 17.455072446676699 ], [ 78.307714237181457, 17.455272070811162 ], [ 78.307773842024943, 17.455677719333874 ], [ 78.307916605005019, 17.45560519283838 ], [ 78.307987877808031, 17.455424173571348 ], [ 78.308042358866757, 17.455209884366667 ], [ 78.308080046371785, 17.454962321587981 ], [ 78.308176282135122, 17.454854267162709 ], [ 78.308254879178008, 17.454766015756224 ], [ 78.308479656434841, 17.454702583802728 ], [ 78.308669550668796, 17.454671801400508 ], [ 78.308876456255177, 17.454657757426986 ], [ 78.309102095969024, 17.454528196925317 ], [ 78.309194982609498, 17.454422662655798 ], [ 78.30934690114205, 17.45425005994009 ], [ 78.309365851924355, 17.4541180140933 ], [ 78.309368226873744, 17.453936165318243 ], [ 78.309370818659247, 17.453737785241181 ], [ 78.309325853304159, 17.453684653903405 ], [ 78.309201168970631, 17.453537331878795 ] ] ] } },
{ "type": "Feature", "properties": { "FID": 645, "Descr_1": "Water Bodies", "Descr_2": "Reservoir/Tanks", "Descr_3": "Reservoir/Tanks", "PI_CODE": "Built-Up Inside Tank", "LU_Code": "WBRT", "Shape_Area": 0.027685323159400001 }, "geometry": { "type": "Polygon", "coordinates": [ [ [ 78.318861326098514, 17.496502450950562 ], [ 78.318670960763015, 17.496566307363263 ], [ 78.318337824788202, 17.497008730350633 ], [ 78.318295059902553, 17.497158355288104 ], [ 78.318692935675585, 17.497525539172056 ], [ 78.319086593638801, 17.497728662819355 ], [ 78.319550670467692, 17.497816892786137 ], [ 78.320771693032043, 17.497996857847657 ], [ 78.320943755822711, 17.498015451753144 ], [ 78.320996944726531, 17.497900351147198 ], [ 78.320915965424433, 17.49750256655431 ], [ 78.320540179345031, 17.497250057869234 ], [ 78.320181192412704, 17.497030816791895 ], [ 78.319855799639669, 17.496878114424518 ], [ 78.319394309015223, 17.49659150800575 ], [ 78.318861326098514, 17.496502450950562 ] ] ] } },
{ "type": "Feature", "properties": { "FID": 646, "Descr_1": "Water Bodies", "Descr_2": "Reservoir/Tanks", "Descr_3": "Reservoir/Tanks", "PI_CODE": " ", "LU_Code": "WBRT", "Shape_Area": 0.037108609009000003 }, "geometry": { "type": "Polygon", "coordinates": [ [ [ 78.341833240886729, 17.458947142890615 ], [ 78.341678007961633, 17.458961832686335 ], [ 78.341504911378564, 17.459025914326144 ], [ 78.341296939286906, 17.459122649107922 ], [ 78.340864408375339, 17.459266316777146 ], [ 78.34057031366919, 17.459362027412102 ], [ 78.340447607792981, 17.459525910884626 ], [ 78.340445261533191, 17.459707760434792 ], [ 78.340460353601628, 17.459873281601276 ], [ 78.340496863192556, 17.460087294192029 ], [ 78.340508402730705, 17.460154933866988 ], [ 78.340589193030539, 17.460569249311558 ], [ 78.340635321081663, 17.460999688327295 ], [ 78.340631481091506, 17.461297257550171 ], [ 78.340628839678217, 17.461501996124611 ], [ 78.340871133686576, 17.461415844848268 ], [ 78.34132110675607, 17.461255849774147 ], [ 78.341566515250989, 17.460928081056469 ], [ 78.341742812247332, 17.460616023954231 ], [ 78.341884445351226, 17.460320092347942 ], [ 78.34211113461933, 17.460107839941497 ], [ 78.342422030348345, 17.460045395270722 ], [ 78.342681675119806, 17.459949273031611 ], [ 78.342769290085727, 17.459834573094327 ], [ 78.342633625751319, 17.459667621262199 ], [ 78.342479030743576, 17.459632716862696 ], [ 78.342255751780144, 17.459580461899886 ], [ 78.342051190044486, 17.459412689575046 ], [ 78.34198484999061, 17.459213491238252 ], [ 78.341935522794259, 17.459031028766557 ], [ 78.34186275688181, 17.458971351073085 ], [ 78.341833240886729, 17.458947142890615 ] ] ] } },
{ "type": "Feature", "properties": { "FID": 647, "Descr_1": "Water Bodies", "Descr_2": "Reservoir/Tanks", "Descr_3": "Reservoir/Tanks", "PI_CODE": " ", "LU_Code": "WBRT", "Shape_Area": 0.0098905178260899999 }, "geometry": { "type": "Polygon", "coordinates": [ [ [ 78.33628350142736, 17.467592832837685 ], [ 78.336041920996877, 17.467623025309518 ], [ 78.335885398641267, 17.467736901750108 ], [ 78.335917498568847, 17.467919159814386 ], [ 78.336007363639538, 17.468074533346591 ], [ 78.33605230913669, 17.46815224195042 ], [ 78.336387743144343, 17.46886957383246 ], [ 78.336480617464929, 17.469068187321874 ], [ 78.336505853642961, 17.469050486323685 ], [ 78.336714479458379, 17.468904162133803 ], [ 78.336768292067603, 17.468739462379748 ], [ 78.336768430053866, 17.468728783637662 ], [ 78.336772990664159, 17.468375764869272 ], [ 78.336774701462829, 17.468243511568993 ], [ 78.336811287164053, 17.468078606723118 ], [ 78.336803151431596, 17.468018645104006 ], [ 78.336795556697794, 17.467962681390109 ], [ 78.336746016641698, 17.467796748755006 ], [ 78.336643947900797, 17.467696328634307 ], [ 78.336454685423917, 17.46767754209425 ], [ 78.336295727551388, 17.467598885102909 ], [ 78.33628350142736, 17.467592832837685 ] ] ] } },
{ "type": "Feature", "properties": { "FID": 648, "Descr_1": "Water Bodies", "Descr_2": "Reservoir/Tanks", "Descr_3": "Reservoir/Tanks", "PI_CODE": " ", "LU_Code": "WBRT", "Shape_Area": 0.0082374187799300006 }, "geometry": { "type": "Polygon", "coordinates": [ [ [ 78.339124217738757, 17.469148232933037 ], [ 78.339168241957111, 17.469711184048872 ], [ 78.33913798274402, 17.469848890578437 ], [ 78.340145243798219, 17.470052755678172 ], [ 78.34004180858561, 17.469294290985765 ], [ 78.340035309927416, 17.469246627227296 ], [ 78.340024905390791, 17.469245501618161 ], [ 78.339124217738757, 17.469148232933037 ] ] ] } },
{ "type": "Feature", "properties": { "FID": 649, "Descr_1": "Water Bodies", "Descr_2": "Reservoir/Tanks", "Descr_3": "Reservoir/Tanks", "PI_CODE": " ", "LU_Code": "WBRT", "Shape_Area": 0.0024754551535599999 }, "geometry": { "type": "Polygon", "coordinates": [ [ [ 78.337864263315538, 17.476810132038747 ], [ 78.337656911233012, 17.47685726902122 ], [ 78.337535686921157, 17.476905427829266 ], [ 78.337586018740325, 17.477109351944002 ], [ 78.337635843916743, 17.477311219112657 ], [ 78.337755567663777, 17.4772221928786 ], [ 78.337945480997121, 17.477191382043021 ], [ 78.338050118467635, 17.477093422837171 ], [ 78.338171982339887, 17.476995669384724 ], [ 78.338258966121501, 17.476930565649454 ], [ 78.338225896434054, 17.476906144022298 ], [ 78.338122437900907, 17.476829737762664 ], [ 78.337864263315538, 17.476810132038747 ] ] ] } },
{ "type": "Feature", "properties": { "FID": 650, "Descr_1": "Water Bodies", "Descr_2": "Reservoir/Tanks", "Descr_3": "Reservoir/Tanks", "PI_CODE": " ", "LU_Code": "WBRT", "Shape_Area": 0.0037507213529 }, "geometry": { "type": "Polygon", "coordinates": [ [ [ 78.342302370578395, 17.470662590903483 ], [ 78.342078227385599, 17.470676462646786 ], [ 78.341955304385564, 17.470856879148716 ], [ 78.342005914585485, 17.470940149814755 ], [ 78.342124574257298, 17.471090366298849 ], [ 78.342310431095441, 17.471373653254453 ], [ 78.342322116923981, 17.471396795830149 ], [ 78.342344883142061, 17.471374063297283 ], [ 78.342606676064236, 17.471112626100354 ], [ 78.342678134686892, 17.470915066248129 ], [ 78.34261114982273, 17.47076546186366 ], [ 78.342302370578395, 17.470662590903483 ] ] ] } },
{ "type": "Feature", "properties": { "FID": 651, "Descr_1": "Water Bodies", "Descr_2": "Reservoir/Tanks", "Descr_3": "Reservoir/Tanks", "PI_CODE": " ", "LU_Code": "WBRT", "Shape_Area": 0.074324593403400002 }, "geometry": { "type": "Polygon", "coordinates": [ [ [ 78.361031725376094, 17.48863231889916 ], [ 78.35997281311019, 17.488989993102816 ], [ 78.359644236838051, 17.489162334195768 ], [ 78.359598043285985, 17.489434974908331 ], [ 78.359784754708684, 17.490034088781339 ], [ 78.359939850161396, 17.490531750898636 ], [ 78.360044438319619, 17.491256926753096 ], [ 78.360039749001785, 17.49125996856268 ], [ 78.360044358419202, 17.491263240282759 ], [ 78.360059366078275, 17.491273894941308 ], [ 78.360043226860967, 17.491351537308145 ], [ 78.35997472256355, 17.491681084984911 ], [ 78.359919545544386, 17.491946523760202 ], [ 78.359982296347965, 17.491973802912316 ], [ 78.360282124961117, 17.492062280977507 ], [ 78.360582173181456, 17.492133772813187 ], [ 78.36077623113647, 17.492187024666965 ], [ 78.360923979464687, 17.492165181243251 ], [ 78.360989079013649, 17.492155556772722 ], [ 78.361168698231097, 17.491953811329008 ], [ 78.361278165075589, 17.491700272875104 ], [ 78.361265464366667, 17.4913093855981 ], [ 78.361304561552501, 17.49102104181345 ], [ 78.361396326047299, 17.490767293661388 ], [ 78.361843195741244, 17.490432788773113 ], [ 78.362029270556491, 17.490258561131061 ], [ 78.362273233418975, 17.490030130094219 ], [ 78.362396369157054, 17.489800878561599 ], [ 78.362418315397434, 17.489760021114748 ], [ 78.362402787700816, 17.489589953210089 ], [ 78.3623337227056, 17.489453229607307 ], [ 78.362211773298711, 17.489298897239753 ], [ 78.362089390422398, 17.489178533794281 ], [ 78.362073861172121, 17.48900846579642 ], [ 78.3620760343954, 17.48883860544759 ], [ 78.361918248902171, 17.488717826570404 ], [ 78.36167043853591, 17.488714905674289 ], [ 78.361667296698613, 17.488713961674385 ], [ 78.361494085245027, 17.488661863151162 ], [ 78.361031725376094, 17.48863231889916 ] ] ] } },
{ "type": "Feature", "properties": { "FID": 652, "Descr_1": "Water Bodies", "Descr_2": "Reservoir/Tanks", "Descr_3": "Reservoir/Tanks", "PI_CODE": " ", "LU_Code": "WBRT", "Shape_Area": 0.0153867339915 }, "geometry": { "type": "Polygon", "coordinates": [ [ [ 78.363177395913937, 17.485776642757141 ], [ 78.362982257450895, 17.485808322327856 ], [ 78.362892018079606, 17.485943167898437 ], [ 78.362783640944116, 17.486111776658191 ], [ 78.362638779442761, 17.486364899574884 ], [ 78.362495653943824, 17.486482134447343 ], [ 78.362228624911623, 17.486597907705438 ], [ 78.362032179645269, 17.48673150341439 ], [ 78.361924890816965, 17.486815182354686 ], [ 78.361924237882661, 17.486866139955712 ], [ 78.362534700420284, 17.487184578223324 ], [ 78.363004424428368, 17.487429600120446 ], [ 78.363103876441784, 17.48737270493152 ], [ 78.363229735300209, 17.487221290407014 ], [ 78.363297764161416, 17.487130422576335 ], [ 78.363355811183197, 17.487052889022841 ], [ 78.363376769689609, 17.486798306676278 ], [ 78.363450830131427, 17.486544348704314 ], [ 78.363417383310122, 17.486391058950744 ], [ 78.363295652187603, 17.486219739293112 ], [ 78.363295356436737, 17.486216486784414 ], [ 78.363280123069089, 17.486049671155236 ], [ 78.363264595884829, 17.485879601216499 ], [ 78.363177395913937, 17.485776642757141 ] ] ] } },
{ "type": "Feature", "properties": { "FID": 653, "Descr_1": "Water Bodies", "Descr_2": "Reservoir/Tanks", "Descr_3": "Reservoir/Tanks", "PI_CODE": " ", "LU_Code": "WBRT", "Shape_Area": 0.036904086532000002 }, "geometry": { "type": "Polygon", "coordinates": [ [ [ 78.354635882581334, 17.483688209131856 ], [ 78.354458007997437, 17.483754062767041 ], [ 78.354306444363502, 17.484778072687231 ], [ 78.3541862654385, 17.485590023656055 ], [ 78.354668282389781, 17.486237357442846 ], [ 78.354668492651484, 17.486237641154187 ], [ 78.354670669561472, 17.486240563241907 ], [ 78.354687945866999, 17.486229681090631 ], [ 78.354695038105888, 17.486226779010998 ], [ 78.355541649648401, 17.485892077052089 ], [ 78.355777313111673, 17.485751511061142 ], [ 78.355658847205689, 17.485365181030861 ], [ 78.355590876831201, 17.485143525571303 ], [ 78.355593222083769, 17.48496068710342 ], [ 78.355593927110647, 17.484905722362985 ], [ 78.355702962432474, 17.484686157696025 ], [ 78.355717129267546, 17.484619271862108 ], [ 78.355778339168126, 17.484330285924823 ], [ 78.355730685390114, 17.483905007939381 ], [ 78.355484186621439, 17.483800163592129 ], [ 78.355290357241572, 17.483729919929754 ], [ 78.355131053668529, 17.483728037858498 ], [ 78.354865769426553, 17.48370791496443 ], [ 78.354635882581334, 17.483688209131856 ] ] ] } },
{ "type": "Feature", "properties": { "FID": 654, "Descr_1": "Water Bodies", "Descr_2": "Reservoir/Tanks", "Descr_3": "Reservoir/Tanks", "PI_CODE": " ", "LU_Code": "WBRT", "Shape_Area": 0.0522283518552 }, "geometry": { "type": "Polygon", "coordinates": [ [ [ 78.36477153984211, 17.488479609296558 ], [ 78.364629716702282, 17.488494927611978 ], [ 78.36453904204923, 17.488663747222283 ], [ 78.364548630103045, 17.488751181264348 ], [ 78.36457075326561, 17.488952926202199 ], [ 78.364871336125674, 17.489694817177099 ], [ 78.365005738010012, 17.490026541057723 ], [ 78.365034127864263, 17.490096615582651 ], [ 78.365073297758784, 17.490449120819491 ], [ 78.365205277894177, 17.490557320004324 ], [ 78.365629012661202, 17.490647248584963 ], [ 78.366409154439324, 17.490554494292478 ], [ 78.367101007925612, 17.490443709759063 ], [ 78.367404091289004, 17.490277388372309 ], [ 78.367532306614379, 17.490221317657632 ], [ 78.367648202919142, 17.490170637044749 ], [ 78.36770673952833, 17.490145038230722 ], [ 78.367707862075662, 17.490144428389033 ], [ 78.367920668184354, 17.490028632328112 ], [ 78.367888084578027, 17.489807398310752 ], [ 78.367801967405953, 17.489619511793212 ], [ 78.367644611454239, 17.489464764581982 ], [ 78.367327514733276, 17.489342116914223 ], [ 78.367019856864232, 17.489246754691798 ], [ 78.366586902088471, 17.489112556098128 ], [ 78.366287509049755, 17.488990115055884 ], [ 78.365969545067713, 17.488935408764682 ], [ 78.365652017168401, 17.488846730303724 ], [ 78.365387808218387, 17.488741691229293 ], [ 78.365212537303691, 17.488603718844271 ], [ 78.364983513847605, 17.488516080791239 ], [ 78.36477153984211, 17.488479609296558 ] ] ] } },
{ "type": "Feature", "properties": { "FID": 655, "Descr_1": "Water Bodies", "Descr_2": "Reservoir/Tanks", "Descr_3": "Reservoir/Tanks", "PI_CODE": " ", "LU_Code": "WBRT", "Shape_Area": 0.0079899932354700002 }, "geometry": { "type": "Polygon", "coordinates": [ [ [ 78.375601440350565, 17.458231002634424 ], [ 78.375459638927339, 17.458246330165863 ], [ 78.375351504926755, 17.45839796230991 ], [ 78.375189413596203, 17.458616915562118 ], [ 78.374992789907807, 17.45876751018076 ], [ 78.375166527964993, 17.459024381021845 ], [ 78.375395521605242, 17.459112007548786 ], [ 78.375730921715629, 17.459183894981773 ], [ 78.375996175918957, 17.459203992167055 ], [ 78.376015397435708, 17.459205448133556 ], [ 78.375997257300895, 17.459119059839256 ], [ 78.376000496673228, 17.458864267301252 ], [ 78.375968559287884, 17.458592072059762 ], [ 78.375901008396667, 17.458336447166747 ], [ 78.375601440350565, 17.458231002634424 ] ] ] } },
{ "type": "Feature", "properties": { "FID": 656, "Descr_1": "Water Bodies", "Descr_2": "Reservoir/Tanks", "Descr_3": "Reservoir/Tanks", "PI_CODE": " ", "LU_Code": "WBRT", "Shape_Area": 0.101909465608 }, "geometry": { "type": "Polygon", "coordinates": [ [ [ 78.379694195246671, 17.455136000416452 ], [ 78.379688298587055, 17.455144658601771 ], [ 78.379659015943545, 17.455118600099134 ], [ 78.379339162823186, 17.455216789068121 ], [ 78.379090746999395, 17.455264848594929 ], [ 78.37878923652687, 17.455312286331736 ], [ 78.378585410146442, 17.455324938451664 ], [ 78.378558950656938, 17.455326580130397 ], [ 78.378257442798784, 17.455374016242889 ], [ 78.377966276925974, 17.455435079321806 ], [ 78.377843624824024, 17.455460802168194 ], [ 78.377819649132462, 17.455465828615491 ], [ 78.377651817120963, 17.455693799317643 ], [ 78.377682954403667, 17.455714914421939 ], [ 78.377700953549351, 17.45572712225713 ], [ 78.37792462565325, 17.455878815280236 ], [ 78.378002550232964, 17.455931662204698 ], [ 78.378427079640886, 17.455953623196379 ], [ 78.378745208633532, 17.455991323811947 ], [ 78.378991467216977, 17.45611312875538 ], [ 78.379165855608306, 17.45631903554909 ], [ 78.379340027620273, 17.456541929203837 ], [ 78.379586503044507, 17.456646746395517 ], [ 78.379735663701112, 17.456769037359383 ], [ 78.379705426063239, 17.457038882420928 ], [ 78.379703052696968, 17.457225729805955 ], [ 78.379626650850312, 17.457666546073956 ], [ 78.379413195967473, 17.457748991440205 ], [ 78.379057511231437, 17.457880739692651 ], [ 78.378932545752249, 17.457964220256862 ], [ 78.378877940596752, 17.458082503425867 ], [ 78.378927547200064, 17.458210946962506 ], [ 78.378934805242423, 17.458229737780286 ], [ 78.378963624757986, 17.458304361417941 ], [ 78.379173843295547, 17.458476710067632 ], [ 78.379365118014903, 17.458565851360145 ], [ 78.379472983034319, 17.458616120000553 ], [ 78.379824354674355, 17.458824097911933 ], [ 78.379982341950893, 17.458927880022848 ], [ 78.380121985284177, 17.459082412402097 ], [ 78.380261627883499, 17.459236945571856 ], [ 78.380491704391105, 17.459239636996873 ], [ 78.380651849210921, 17.459173553876091 ], [ 78.380846960239779, 17.45914185866943 ], [ 78.381014146027809, 17.459131481452051 ], [ 78.38106192463232, 17.458940507314619 ], [ 78.381118252913609, 17.458686332898161 ], [ 78.381193142332677, 17.45836442274884 ], [ 78.381302563686205, 17.458110869093826 ], [ 78.381364485948907, 17.458009743624196 ], [ 78.381447165613778, 17.457874718082223 ], [ 78.381609035656552, 17.457672745239659 ], [ 78.381823783036339, 17.45748837821122 ], [ 78.381864713133595, 17.457471095834773 ], [ 78.382019536989105, 17.457405724411899 ], [ 78.382198671769729, 17.457237928405984 ], [ 78.382183775227745, 17.457016900037697 ], [ 78.38195585980678, 17.456844347362242 ], [ 78.381729451077632, 17.456552889663463 ], [ 78.381431390942993, 17.456328551189173 ], [ 78.381203908240934, 17.456122025383809 ], [ 78.381012681949386, 17.455847966893874 ], [ 78.380751098165192, 17.455539108851109 ], [ 78.380345774988882, 17.455398457418195 ], [ 78.37994174779719, 17.455155885656094 ], [ 78.37990528704988, 17.455152957820413 ], [ 78.379694195246671, 17.455136000416452 ] ] ] } },
{ "type": "Feature", "properties": { "FID": 657, "Descr_1": "Water Bodies", "Descr_2": "Reservoir/Tanks", "Descr_3": "Reservoir/Tanks", "PI_CODE": " ", "LU_Code": "WBRT", "Shape_Area": 0.026923492458199999 }, "geometry": { "type": "Polygon", "coordinates": [ [ [ 78.388971013347387, 17.453742379032995 ], [ 78.388641518151431, 17.453916102420578 ], [ 78.388327605812918, 17.454081608072546 ], [ 78.388220130983981, 17.454182288583841 ], [ 78.387955124750221, 17.454380751596638 ], [ 78.387952085771374, 17.454383028391824 ], [ 78.387666556647019, 17.454566575254912 ], [ 78.38740066223464, 17.454597451003615 ], [ 78.38709894061671, 17.454661886667743 ], [ 78.38706139532276, 17.454831337062192 ], [ 78.387182911678067, 17.455019630915167 ], [ 78.387410401249966, 17.455226152278875 ], [ 78.387619331573759, 17.455500409710147 ], [ 78.387775170615171, 17.455774048576643 ], [ 78.387863362285827, 17.455911747802013 ], [ 78.387943738873361, 17.456037245759269 ], [ 78.387983458772808, 17.456099264934892 ], [ 78.388072745317402, 17.45612899259547 ], [ 78.388089431381161, 17.456117490367074 ], [ 78.388200028753928, 17.455921613389101 ], [ 78.388270494028248, 17.455796813850512 ], [ 78.388344080555839, 17.455576817640956 ], [ 78.388414194290831, 17.455409806801121 ], [ 78.38847183463001, 17.455272507910102 ], [ 78.388583819673983, 17.455110739005431 ], [ 78.388670164375725, 17.454986009600152 ], [ 78.388850152057671, 17.454750265023684 ], [ 78.389011795066779, 17.454565273306642 ], [ 78.389049339581135, 17.454395821654632 ], [ 78.389400036539215, 17.453747380156869 ], [ 78.388971013347387, 17.453742379032995 ] ] ] } },
{ "type": "Feature", "properties": { "FID": 658, "Descr_1": "Water Bodies", "Descr_2": "Reservoir/Tanks", "Descr_3": "Reservoir/Tanks", "PI_CODE": " ", "LU_Code": "WBRT", "Shape_Area": 0.0231715686597 }, "geometry": { "type": "Polygon", "coordinates": [ [ [ 78.399182896930313, 17.457894487133139 ], [ 78.398596935725706, 17.458040582841139 ], [ 78.398365088791692, 17.458241057566148 ], [ 78.398131647784325, 17.458442908808141 ], [ 78.39807284087297, 17.458767792016051 ], [ 78.398036518016269, 17.458968458322811 ], [ 78.398244183114258, 17.459344623450058 ], [ 78.398489387295299, 17.459551336316864 ], [ 78.398596712130356, 17.459641812879781 ], [ 78.398701551406518, 17.459570788683848 ], [ 78.399078350339551, 17.459167433401415 ], [ 78.399383284946566, 17.458848187137093 ], [ 78.399383402046666, 17.458848090834852 ], [ 78.399651538607984, 17.458630447244449 ], [ 78.399884394115247, 17.458412294343894 ], [ 78.399923643037127, 17.458106951987816 ], [ 78.39987334710159, 17.45806982465011 ], [ 78.399643045428377, 17.457899829794631 ], [ 78.399182896930313, 17.457894487133139 ] ] ] } },
{ "type": "Feature", "properties": { "FID": 659, "Descr_1": "Water Bodies", "Descr_2": "Reservoir/Tanks", "Descr_3": "Reservoir/Tanks", "PI_CODE": " ", "LU_Code": "WBRT", "Shape_Area": 0.016718210486400001 }, "geometry": { "type": "Polygon", "coordinates": [ [ [ 78.389486417971995, 17.459021874688194 ], [ 78.389007495358314, 17.459101236222271 ], [ 78.388739230199022, 17.45931896268926 ], [ 78.388706069253217, 17.459402217034611 ], [ 78.388611257030476, 17.459640258100261 ], [ 78.388693891074411, 17.459768294835058 ], [ 78.388732779729892, 17.459828550670572 ], [ 78.38890847142531, 17.459932533370292 ], [ 78.389065818609993, 17.460087265215058 ], [ 78.389240007056188, 17.460310152223279 ], [ 78.389360670101738, 17.460566389704631 ], [ 78.389367034854018, 17.460572318166559 ], [ 78.389645779536863, 17.460079527779655 ], [ 78.389704458056258, 17.459975788652951 ], [ 78.390067551146615, 17.459712887946068 ], [ 78.390362159128458, 17.459499574906825 ], [ 78.390170777007981, 17.459256089751161 ], [ 78.389892828646623, 17.459077576993373 ], [ 78.389866271642092, 17.459073937067082 ], [ 78.389486417971995, 17.459021874688194 ] ] ] } },
{ "type": "Feature", "properties": { "FID": 660, "Descr_1": "Water Bodies", "Descr_2": "Reservoir/Tanks", "Descr_3": "Reservoir/Tanks", "PI_CODE": "Built-Up Inside Tank", "LU_Code": "WBRT", "Shape_Area": 0.0145731336701 }, "geometry": { "type": "Polygon", "coordinates": [ [ [ 78.383008089850506, 17.46839202555454 ], [ 78.382963477919205, 17.468187637936403 ], [ 78.382966063830196, 17.467983803620353 ], [ 78.383250970439803, 17.467851223237986 ], [ 78.383369823801047, 17.467784656725183 ], [ 78.383348811400296, 17.467580545757432 ], [ 78.383161172707986, 17.467487748026414 ], [ 78.38309210197805, 17.467351029730516 ], [ 78.383092881874319, 17.46728955103017 ], [ 78.382872375974117, 17.467343848587916 ], [ 78.382833695263386, 17.467353374314342 ], [ 78.382733667274081, 17.467465762999606 ], [ 78.382554092595512, 17.467667528935852 ], [ 78.382286667944456, 17.467817303110447 ], [ 78.381984281387304, 17.467932689314075 ], [ 78.381521522452573, 17.468131143784134 ], [ 78.381254313928949, 17.468263928806127 ], [ 78.381284601299896, 17.468283823378467 ], [ 78.381236183919739, 17.468297694831982 ], [ 78.381324030622451, 17.468349687715346 ], [ 78.381464112961893, 17.468470245556272 ], [ 78.381676070347154, 17.468506701732199 ], [ 78.38197738101762, 17.46847624710454 ], [ 78.382260563640287, 17.468479557278684 ], [ 78.382508348784839, 17.468482454280952 ], [ 78.382827359920356, 17.468452204420799 ], [ 78.383011020982551, 17.468415279700899 ], [ 78.383008089850506, 17.46839202555454 ] ] ] } },
{ "type": "Feature", "properties": { "FID": 661, "Descr_1": "Water Bodies", "Descr_2": "Reservoir/Tanks", "Descr_3": "Reservoir/Tanks", "PI_CODE": " ", "LU_Code": "WBRT", "Shape_Area": 0.011401352886000001 }, "geometry": { "type": "Polygon", "coordinates": [ [ [ 78.395240646169952, 17.467820018159266 ], [ 78.394974849869485, 17.467896210310201 ], [ 78.394449337100568, 17.468046848557076 ], [ 78.394377336527057, 17.468067489335372 ], [ 78.394435717594845, 17.468255082218196 ], [ 78.394492237971008, 17.468436700606819 ], [ 78.394546637453004, 17.468539753812934 ], [ 78.394740252336078, 17.468626949267634 ], [ 78.394810329826257, 17.468670127555921 ], [ 78.394880772005692, 17.468713527990445 ], [ 78.395057547165166, 17.46873257223589 ], [ 78.395205633632315, 17.468698863957087 ], [ 78.395270577642535, 17.468684081915395 ], [ 78.395360143589059, 17.468600180607286 ], [ 78.395449925766144, 17.468499292324356 ], [ 78.395592803141767, 17.468399021291678 ], [ 78.395788777542947, 17.468299365616097 ], [ 78.395841886611777, 17.468276940364877 ], [ 78.395954621599358, 17.467844640952684 ], [ 78.395906760281548, 17.467842990422266 ], [ 78.395277825597887, 17.467821299577952 ], [ 78.395240646169952, 17.467820018159266 ] ] ] } },
{ "type": "Feature", "properties": { "FID": 662, "Descr_1": "Water Bodies", "Descr_2": "Reservoir/Tanks", "Descr_3": "Reservoir/Tanks", "PI_CODE": " ", "LU_Code": "WBRT", "Shape_Area": 0.072884170212900001 }, "geometry": { "type": "Polygon", "coordinates": [ [ [ 78.372454665127933, 17.472279673923463 ], [ 78.372790733920084, 17.472300604809316 ], [ 78.373074354601869, 17.472269955177843 ], [ 78.373355742741253, 17.472066501746909 ], [ 78.372895496941567, 17.470905368867133 ], [ 78.372849732380118, 17.470819468710769 ], [ 78.372551213705108, 17.470259149110991 ], [ 78.371850177303727, 17.469707281902284 ], [ 78.37086564339954, 17.469437127383735 ], [ 78.370860358796975, 17.469451738053078 ], [ 78.370398205199791, 17.47073001273116 ], [ 78.370297068106098, 17.471009745975824 ], [ 78.37030389523575, 17.471026538903615 ], [ 78.3704903507751, 17.471485139755675 ], [ 78.370630507694997, 17.471829867070184 ], [ 78.370687401063762, 17.471969799241837 ], [ 78.370915417892476, 17.472167455553155 ], [ 78.371232257951405, 17.472442107730533 ], [ 78.371302512884171, 17.472503008651266 ], [ 78.371477958642004, 17.472523040633511 ], [ 78.371707833190641, 17.472542726598135 ], [ 78.371939438423311, 17.472426525239875 ], [ 78.372170828848866, 17.472327308739441 ], [ 78.372454665127933, 17.472279673923463 ] ] ] } },
{ "type": "Feature", "properties": { "FID": 663, "Descr_1": "Water Bodies", "Descr_2": "Reservoir/Tanks", "Descr_3": "Reservoir/Tanks", "PI_CODE": " ", "LU_Code": "WBRT", "Shape_Area": 0.041061532363099999 }, "geometry": { "type": "Polygon", "coordinates": [ [ [ 78.36492958281714, 17.460037249359655 ], [ 78.364911973973378, 17.460042012000375 ], [ 78.364394138770678, 17.460182113323064 ], [ 78.36329970171407, 17.460431066360183 ], [ 78.362812715938844, 17.460541838885863 ], [ 78.36296595670207, 17.460987410403142 ], [ 78.363110402772946, 17.461129491687949 ], [ 78.363364608414358, 17.461584821825237 ], [ 78.363364489346324, 17.461593987068017 ], [ 78.363359024301261, 17.462021495064175 ], [ 78.363484575284559, 17.462119777334269 ], [ 78.363777715622746, 17.462349244998858 ], [ 78.364132607942537, 17.462529733989463 ], [ 78.364700535040853, 17.4625988122549 ], [ 78.365033458265358, 17.462611211213559 ], [ 78.365025718927839, 17.462587041982314 ], [ 78.364807287984391, 17.461904879870712 ], [ 78.364757314342569, 17.461748811366387 ], [ 78.36475464065181, 17.461740462365579 ], [ 78.364677047038427, 17.461498131757352 ], [ 78.364669525327741, 17.46121024292394 ], [ 78.3647212623207, 17.46097688407162 ], [ 78.364803286249554, 17.460606911871768 ], [ 78.364877073452021, 17.460274096104623 ], [ 78.364910961645876, 17.46012123821582 ], [ 78.36492958281714, 17.460037249359655 ] ] ] } },
{ "type": "Feature", "properties": { "FID": 664, "Descr_1": "Water Bodies", "Descr_2": "Reservoir/Tanks", "Descr_3": "Reservoir/Tanks", "PI_CODE": " ", "LU_Code": "WBRT", "Shape_Area": 0.014531655449099999 }, "geometry": { "type": "Polygon", "coordinates": [ [ [ 78.365025348907238, 17.465077855582017 ], [ 78.364845542100582, 17.465296593794129 ], [ 78.364667253452737, 17.465396428604393 ], [ 78.364434999960096, 17.46556358328132 ], [ 78.364344118649214, 17.465749388868261 ], [ 78.364092864186915, 17.466018251941907 ], [ 78.364126090937589, 17.466188530003905 ], [ 78.364139446145742, 17.46652846182101 ], [ 78.364297649388362, 17.466615268249409 ], [ 78.364462830838292, 17.466617212846867 ], [ 78.364580829017939, 17.466618602805511 ], [ 78.364794298843734, 17.46653617080727 ], [ 78.364990504958641, 17.466419560032396 ], [ 78.365097998375589, 17.46631889270737 ], [ 78.365294205058376, 17.466202279844012 ], [ 78.365476742233724, 17.466102097560352 ], [ 78.365348753282802, 17.465811684029855 ], [ 78.365025348907238, 17.465077855582017 ] ] ] } },
{ "type": "Feature", "properties": { "FID": 665, "Descr_1": "Water Bodies", "Descr_2": "Reservoir/Tanks", "Descr_3": "Reservoir/Tanks", "PI_CODE": " ", "LU_Code": "WBRT", "Shape_Area": 0.025001950143199999 }, "geometry": { "type": "Polygon", "coordinates": [ [ [ 78.359020498721833, 17.458566451628748 ], [ 78.358641782263462, 17.458652590832269 ], [ 78.35852849624672, 17.458745392931071 ], [ 78.358450971338328, 17.458808902425936 ], [ 78.358447779851559, 17.45905803295258 ], [ 78.35834555564405, 17.459668425401006 ], [ 78.35845832055756, 17.460077488270823 ], [ 78.358807061711403, 17.460489333610301 ], [ 78.3591644480139, 17.460818918772606 ], [ 78.359205319789197, 17.460720549960872 ], [ 78.359327659311134, 17.460382217585966 ], [ 78.359425530443772, 17.460111551052453 ], [ 78.35949980343176, 17.459840606084697 ], [ 78.359534059542881, 17.459745865763239 ], [ 78.359622140014508, 17.459502273379833 ], [ 78.359720299356411, 17.459208957867336 ], [ 78.359818459347309, 17.458915642280704 ], [ 78.359491285551854, 17.458662613215608 ], [ 78.359020498721833, 17.458566451628748 ] ] ] } },
{ "type": "Feature", "properties": { "FID": 666, "Descr_1": "Water Bodies", "Descr_2": "Reservoir/Tanks", "Descr_3": "Reservoir/Tanks", "PI_CODE": " ", "LU_Code": "WBRT", "Shape_Area": 0.0204185204115 }, "geometry": { "type": "Polygon", "coordinates": [ [ [ 78.373467115212406, 17.463900999656133 ], [ 78.373254730703664, 17.463898509172299 ], [ 78.372922917592533, 17.46400787405447 ], [ 78.372825064988177, 17.464278547215596 ], [ 78.372823043681649, 17.464437086180208 ], [ 78.372796849776137, 17.464640642935347 ], [ 78.372761486455104, 17.464785018569678 ], [ 78.372747058252116, 17.46484392369436 ], [ 78.372744461767681, 17.465047759090098 ], [ 78.372836546049442, 17.465230054213489 ], [ 78.373000002231592, 17.465367879807051 ], [ 78.373181034860934, 17.465407871001801 ], [ 78.373416066965845, 17.465231372098671 ], [ 78.373913775413016, 17.464857612741131 ], [ 78.374834148820497, 17.464528029739711 ], [ 78.374829200451771, 17.46450929756314 ], [ 78.374828304250073, 17.464505905975578 ], [ 78.374571606905064, 17.464276380244751 ], [ 78.374147707724077, 17.464203455268326 ], [ 78.373771292177295, 17.464108434294644 ], [ 78.373467115212406, 17.463900999656133 ] ] ] } },
{ "type": "Feature", "properties": { "FID": 667, "Descr_1": "Water Bodies", "Descr_2": "Lakes/Ponds", "Descr_3": "Lakes/Ponds", "PI_CODE": " ", "LU_Code": "WBLP", "Shape_Area": 0.056657198395400003 }, "geometry": { "type": "Polygon", "coordinates": [ [ [ 78.391071586066815, 17.474185676588998 ], [ 78.390120050145171, 17.474630377148074 ], [ 78.388853777816124, 17.475222159888059 ], [ 78.3891675600713, 17.475840548322726 ], [ 78.38919419092646, 17.47589303229973 ], [ 78.390045482322762, 17.476999821116568 ], [ 78.390261893269155, 17.477281180745781 ], [ 78.390243250800083, 17.477241028371964 ], [ 78.39179285303652, 17.47571913229141 ], [ 78.391071586066815, 17.474185676588998 ] ] ] } },
{ "type": "Feature", "properties": { "FID": 668, "Descr_1": "Water Bodies", "Descr_2": "Reservoir/Tanks", "Descr_3": "Reservoir/Tanks", "PI_CODE": " ", "LU_Code": "WBRT", "Shape_Area": 0.171036187615 }, "geometry": { "type": "Polygon", "coordinates": [ [ [ 78.405835362118438, 17.465514590200065 ], [ 78.405135436197597, 17.4644942627441 ], [ 78.40487250929425, 17.464180194761738 ], [ 78.404790671910177, 17.463962800140912 ], [ 78.404679999120759, 17.46322693030465 ], [ 78.40460367768668, 17.462719460643036 ], [ 78.404549243953895, 17.462357524953912 ], [ 78.404649043673857, 17.461783552248658 ], [ 78.404366227828632, 17.461162203904149 ], [ 78.403414016338047, 17.460565167934814 ], [ 78.402110698003241, 17.460962833656971 ], [ 78.401857625908448, 17.461040049238818 ], [ 78.401603296635315, 17.461117647819318 ], [ 78.401604129840891, 17.461143513391431 ], [ 78.401621531880863, 17.461683934809173 ], [ 78.401779794198575, 17.461929119417526 ], [ 78.401961939431843, 17.462108212578151 ], [ 78.402097434762737, 17.462331010726455 ], [ 78.402105938199341, 17.462356513991622 ], [ 78.402208492936623, 17.462664137937683 ], [ 78.40238701883257, 17.463130784659484 ], [ 78.402497242723271, 17.46353027012578 ], [ 78.40247280433239, 17.463640600171242 ], [ 78.402286758242667, 17.463771178575026 ], [ 78.402078780286473, 17.463813012157068 ], [ 78.401684195712932, 17.464029662978536 ], [ 78.401519526846954, 17.46429322501568 ], [ 78.401654186737034, 17.46458238079703 ], [ 78.40186021812714, 17.464695382642965 ], [ 78.402064022071301, 17.464985340847225 ], [ 78.402038468459224, 17.465184149028495 ], [ 78.402010686138581, 17.465559911884185 ], [ 78.402260864756656, 17.465828283609465 ], [ 78.402675712140805, 17.465833094224468 ], [ 78.403045579757148, 17.465748889702638 ], [ 78.403347142194747, 17.465597528378861 ], [ 78.403715894094134, 17.465601800924492 ], [ 78.40410630519942, 17.465716937952941 ], [ 78.404472277323876, 17.465942404394308 ], [ 78.404771333705312, 17.465990113727511 ], [ 78.405277814653857, 17.466040224869435 ], [ 78.405640327641649, 17.466076091231134 ], [ 78.405645159770216, 17.466062183417929 ], [ 78.405835362118438, 17.465514590200065 ] ] ] } },
{ "type": "Feature", "properties": { "FID": 669, "Descr_1": "Water Bodies", "Descr_2": "Reservoir/Tanks", "Descr_3": "Reservoir/Tanks", "PI_CODE": " ", "LU_Code": "WBRT", "Shape_Area": 0.031102378667699999 }, "geometry": { "type": "Polygon", "coordinates": [ [ [ 78.402936133074874, 17.467119223160989 ], [ 78.402066398090355, 17.467177223227914 ], [ 78.401805700690829, 17.467194608596291 ], [ 78.40097237673254, 17.467472536550453 ], [ 78.400806403746557, 17.467545645693363 ], [ 78.401056056683089, 17.468166302062038 ], [ 78.400859754698118, 17.468621269438248 ], [ 78.401498025977745, 17.468940239769655 ], [ 78.401505065361249, 17.468932824105369 ], [ 78.401997812388359, 17.468413578561599 ], [ 78.402184697465785, 17.468216643205331 ], [ 78.402578731216366, 17.468044229581821 ], [ 78.402902508347381, 17.467959493714893 ], [ 78.403228510925985, 17.4676978010061 ], [ 78.403303364914308, 17.467541281065351 ], [ 78.403323205932153, 17.467499796081892 ], [ 78.403303776386707, 17.467211976438364 ], [ 78.402936133074874, 17.467119223160989 ] ] ] } },
{ "type": "Feature", "properties": { "FID": 670, "Descr_1": "Water Bodies", "Descr_2": "Reservoir/Tanks", "Descr_3": "Reservoir/Tanks", "PI_CODE": " ", "LU_Code": "WBRT", "Shape_Area": 0.024237115785299999 }, "geometry": { "type": "Polygon", "coordinates": [ [ [ 78.409266187464652, 17.496187668082907 ], [ 78.408988466887251, 17.496272948180899 ], [ 78.408708525001515, 17.496535178301894 ], [ 78.408750462003667, 17.496867498039162 ], [ 78.408745461539837, 17.497265641233039 ], [ 78.408503446735523, 17.497648596636452 ], [ 78.409151206276235, 17.497908213097897 ], [ 78.409556501969206, 17.498018264083786 ], [ 78.409938554257138, 17.497721879241755 ], [ 78.410101296677638, 17.497613146607684 ], [ 78.410174892004662, 17.497260040606378 ], [ 78.410155727992276, 17.496950107987455 ], [ 78.409997701777726, 17.496682815046952 ], [ 78.409266187464652, 17.496187668082907 ] ] ] } },
{ "type": "Feature", "properties": { "FID": 671, "Descr_1": "Water Bodies", "Descr_2": "Reservoir/Tanks", "Descr_3": "Reservoir/Tanks", "PI_CODE": " ", "LU_Code": "WBRT", "Shape_Area": 0.0873778496893 }, "geometry": { "type": "Polygon", "coordinates": [ [ [ 78.419463533901776, 17.489828997341959 ], [ 78.41963344372671, 17.489572537320132 ], [ 78.41972611782829, 17.489339796613685 ], [ 78.419731093925677, 17.488941653445881 ], [ 78.419666922163842, 17.488542710579328 ], [ 78.419488053690458, 17.4880982043702 ], [ 78.4192403150074, 17.487630783094147 ], [ 78.418947858439267, 17.487052232618947 ], [ 78.418812604471114, 17.486807329999067 ], [ 78.418468242874965, 17.486692751097049 ], [ 78.418145824963773, 17.486666914608325 ], [ 78.417802294134248, 17.486485978559699 ], [ 78.417554283827585, 17.4860406727453 ], [ 78.417369887121893, 17.486038548971912 ], [ 78.417298800846012, 17.486192585725263 ], [ 78.417296587596454, 17.48636953977126 ], [ 78.417292712759931, 17.486679208619144 ], [ 78.417288836957809, 17.486988878314545 ], [ 78.417376331238472, 17.487365964602329 ], [ 78.417395784328619, 17.487653781142143 ], [ 78.417368028197373, 17.488029542921286 ], [ 78.417271676771406, 17.488360267788597 ], [ 78.417153107036725, 17.488624369160707 ], [ 78.417034259229496, 17.488910589988471 ], [ 78.417028999866289, 17.489330856266069 ], [ 78.417093721116004, 17.489685557960822 ], [ 78.417390602553709, 17.489910203704351 ], [ 78.417829361626929, 17.489988264318804 ], [ 78.418287536122975, 17.489850891377984 ], [ 78.418630623004304, 17.490068282775855 ], [ 78.418872648119617, 17.490071069940385 ], [ 78.41913258263105, 17.490024288007326 ], [ 78.419271505467464, 17.489976111610186 ], [ 78.419463533901776, 17.489828997341959 ] ] ] } },
{ "type": "Feature", "properties": { "FID": 672, "Descr_1": "Water Bodies", "Descr_2": "Reservoir/Tanks", "Descr_3": "Reservoir/Tanks", "PI_CODE": " ", "LU_Code": "WBRT", "Shape_Area": 0.013105784627 }, "geometry": { "type": "Polygon", "coordinates": [ [ [ 78.441795683206919, 17.49599938186709 ], [ 78.44166011979452, 17.496151651301936 ], [ 78.441450744638431, 17.496304120226892 ], [ 78.441222492571086, 17.496517997751283 ], [ 78.441124196372002, 17.496610105026171 ], [ 78.440960647734656, 17.496785216283136 ], [ 78.440864606821492, 17.497093830926975 ], [ 78.440976844979332, 17.49733845804051 ], [ 78.441077873193422, 17.497366139961361 ], [ 78.441229583204489, 17.497407708973416 ], [ 78.441666180292444, 17.497523299715454 ], [ 78.441988345103042, 17.497571220023733 ], [ 78.442046875643797, 17.497557886143667 ], [ 78.442053208728169, 17.497514789181192 ], [ 78.441994903819733, 17.497171700293332 ], [ 78.441948121893958, 17.496896407394487 ], [ 78.441795683206919, 17.49599938186709 ] ] ] } },
{ "type": "Feature", "properties": { "FID": 673, "Descr_1": "Water Bodies", "Descr_2": "Reservoir/Tanks", "Descr_3": "Reservoir/Tanks", "PI_CODE": " ", "LU_Code": "WBRT", "Shape_Area": 0.0156211097522 }, "geometry": { "type": "Polygon", "coordinates": [ [ [ 78.448029326576659, 17.484447773619312 ], [ 78.447705541719941, 17.484532579141831 ], [ 78.447263229604843, 17.484881501841322 ], [ 78.447167923045598, 17.485250524870757 ], [ 78.447166384175048, 17.485256480000135 ], [ 78.447393872071757, 17.485502416063415 ], [ 78.447829352968697, 17.485706473400718 ], [ 78.448080163625889, 17.485930550423323 ], [ 78.448464385381357, 17.486000134635432 ], [ 78.448456525586437, 17.485570343052832 ], [ 78.448454695084124, 17.485470242213125 ], [ 78.448304007401859, 17.484605754771497 ], [ 78.448029326576659, 17.484447773619312 ] ] ] } },
{ "type": "Feature", "properties": { "FID": 674, "Descr_1": "Water Bodies", "Descr_2": "Reservoir/Tanks", "Descr_3": "Reservoir/Tanks", "PI_CODE": " ", "LU_Code": "WBRT", "Shape_Area": 0.020522648339900001 }, "geometry": { "type": "Polygon", "coordinates": [ [ [ 78.424558555167209, 17.482033531595043 ], [ 78.424377747892336, 17.481743862035184 ], [ 78.423802858619467, 17.481418575802181 ], [ 78.423229626027378, 17.481397874083811 ], [ 78.422637269063145, 17.481772647019842 ], [ 78.422870102097519, 17.482111563834305 ], [ 78.423151456151643, 17.482105849839275 ], [ 78.423497467919361, 17.48208770535846 ], [ 78.423841271396213, 17.482246512956642 ], [ 78.423952652775014, 17.482557506976612 ], [ 78.424181875187642, 17.483197527593184 ], [ 78.424226539445783, 17.483200766275232 ], [ 78.424278839624179, 17.483204560193059 ], [ 78.424572074357229, 17.483225823885363 ], [ 78.424583730210131, 17.483226668552117 ], [ 78.424590944327392, 17.483189204608344 ], [ 78.424606092067052, 17.483110531386796 ], [ 78.424664140972496, 17.482809029591095 ], [ 78.424669383814091, 17.482388762729734 ], [ 78.424558555167209, 17.482033531595043 ] ] ] } },
{ "type": "Feature", "properties": { "FID": 675, "Descr_1": "Water Bodies", "Descr_2": "Reservoir/Tanks", "Descr_3": "Reservoir/Tanks", "PI_CODE": " ", "LU_Code": "WBRT", "Shape_Area": 0.093742680841500003 }, "geometry": { "type": "Polygon", "coordinates": [ [ [ 78.404472522807708, 17.450898425384146 ], [ 78.404403664565621, 17.450875501736977 ], [ 78.404379837660201, 17.450766391272502 ], [ 78.404360076591502, 17.450675891835957 ], [ 78.404269842689999, 17.450519988696211 ], [ 78.404111029123243, 17.450319041810456 ], [ 78.404071675347794, 17.450209102998997 ], [ 78.403901632323269, 17.450141086779798 ], [ 78.403758863642921, 17.450098255972438 ], [ 78.403558990129511, 17.450098257232813 ], [ 78.403359115407525, 17.450126809984582 ], [ 78.403216346844729, 17.450169641125932 ], [ 78.40302762032546, 17.450328609436841 ], [ 78.402816314644852, 17.450635877904254 ], [ 78.402629169463722, 17.450854937189007 ], [ 78.402351790406584, 17.450918088737101 ], [ 78.402213518439837, 17.450916485368666 ], [ 78.402032215845324, 17.450671033438418 ], [ 78.401848131949066, 17.450646773566238 ], [ 78.401548821132209, 17.450621179735858 ], [ 78.40129420834468, 17.450706718062168 ], [ 78.401199797917315, 17.450882604599709 ], [ 78.401289194898297, 17.451104868836619 ], [ 78.401308896544649, 17.451370570867656 ], [ 78.401375992371513, 17.451494916085846 ], [ 78.401489083901936, 17.45170450305061 ], [ 78.401691758954641, 17.45208294125856 ], [ 78.401725383989216, 17.452111879306397 ], [ 78.402056589136393, 17.452396892074347 ], [ 78.402331744051878, 17.452510695846389 ], [ 78.402558858566948, 17.452778803411235 ], [ 78.40264742282865, 17.453067424833225 ], [ 78.402915858658318, 17.453601328656209 ], [ 78.403112081131439, 17.453847522098997 ], [ 78.403510744347543, 17.453639367412247 ], [ 78.403679719040568, 17.453461286865664 ], [ 78.403731351673855, 17.453406871720837 ], [ 78.403996545072417, 17.452874551178212 ], [ 78.405037209104265, 17.452111731126255 ], [ 78.404944239125925, 17.451877290015549 ], [ 78.404832627110295, 17.451588400634112 ], [ 78.404807415866557, 17.451431563611639 ], [ 78.404789873884752, 17.45132243198324 ], [ 78.404746563549537, 17.451100703164855 ], [ 78.404472522807708, 17.450898425384146 ] ] ] } },
{ "type": "Feature", "properties": { "FID": 676, "Descr_1": "Water Bodies", "Descr_2": "Reservoir/Tanks", "Descr_3": "Reservoir/Tanks", "PI_CODE": " ", "LU_Code": "WBRT", "Shape_Area": 0.0178677480789 }, "geometry": { "type": "Polygon", "coordinates": [ [ [ 78.405420931063972, 17.454294192983145 ], [ 78.405299711659382, 17.454379277771462 ], [ 78.405234896738179, 17.45442477363418 ], [ 78.405185241930752, 17.454771964342033 ], [ 78.405426633843689, 17.455590680408704 ], [ 78.405680243455535, 17.455668804184185 ], [ 78.406095347466646, 17.455651488273688 ], [ 78.406114756785229, 17.455646759361017 ], [ 78.406442149040473, 17.455567010650203 ], [ 78.406559322596536, 17.455413507909785 ], [ 78.406609863109992, 17.455060131162384 ], [ 78.406453267073601, 17.454682230806409 ], [ 78.406179496633399, 17.454457834730714 ], [ 78.405812153846369, 17.454342966852813 ], [ 78.405678983162758, 17.454326365005379 ], [ 78.405420931063972, 17.454294192983145 ] ] ] } },
{ "type": "Feature", "properties": { "FID": 677, "Descr_1": "Water Bodies", "Descr_2": "Reservoir/Tanks", "Descr_3": "Reservoir/Tanks", "PI_CODE": "Built-Up Inside Tank", "LU_Code": "WBRT", "Shape_Area": 0.12183469720700001 }, "geometry": { "type": "Polygon", "coordinates": [ [ [ 78.414250876096247, 17.459528822677616 ], [ 78.413281721170932, 17.460093284587021 ], [ 78.412586445016103, 17.460394973981774 ], [ 78.411847568930867, 17.460497056320619 ], [ 78.410896834981443, 17.46095064810924 ], [ 78.41065943268444, 17.461500972124263 ], [ 78.41074412620938, 17.462099262203857 ], [ 78.41094738567611, 17.462433450129311 ], [ 78.411404714202575, 17.462726327846276 ], [ 78.411499184185047, 17.462782224428114 ], [ 78.411633518128312, 17.462861707316627 ], [ 78.411830959122895, 17.463230304247428 ], [ 78.411975060584851, 17.463197491395018 ], [ 78.412255782531147, 17.462868894270521 ], [ 78.412266241852819, 17.462756153674491 ], [ 78.412282433775729, 17.462581607114505 ], [ 78.41216997293354, 17.462359081617436 ], [ 78.412174409984701, 17.462005171447533 ], [ 78.412315741088449, 17.461763453726235 ], [ 78.412727253114568, 17.4620336765588 ], [ 78.412862207068841, 17.462300706656972 ], [ 78.413161815283544, 17.462304166450991 ], [ 78.413278712294627, 17.462172780361531 ], [ 78.413327854667756, 17.46192999870803 ], [ 78.413422536736917, 17.461731986957549 ], [ 78.413607185848505, 17.461711995205818 ], [ 78.413835158721014, 17.461913731002106 ], [ 78.413994822967027, 17.462048309134978 ], [ 78.414317477949226, 17.462052032366913 ], [ 78.414548775616211, 17.461988331976531 ], [ 78.414711210709058, 17.461901715663657 ], [ 78.415103834903533, 17.461839877604987 ], [ 78.415359011892164, 17.461710085371045 ], [ 78.415525044716645, 17.461335914887886 ], [ 78.415690802811326, 17.460983864097521 ], [ 78.415882930028488, 17.46036664508679 ], [ 78.415864311588862, 17.460012467821379 ], [ 78.415894466339694, 17.459606972013308 ], [ 78.414250876096247, 17.459528822677616 ] ] ] } },
{ "type": "Feature", "properties": { "FID": 678, "Descr_1": "Water Bodies", "Descr_2": "Reservoir/Tanks", "Descr_3": "Reservoir/Tanks", "PI_CODE": "Built-Up Inside Tank", "LU_Code": "WBRT", "Shape_Area": 0.0076438152379199997 }, "geometry": { "type": "Polygon", "coordinates": [ [ [ 78.430622643762462, 17.45474087937377 ], [ 78.430562489832781, 17.454757450650003 ], [ 78.430357052753649, 17.454814046254889 ], [ 78.430338304791988, 17.454819211767681 ], [ 78.430532232168744, 17.455175000088797 ], [ 78.43069748891449, 17.455557658319602 ], [ 78.430696473845259, 17.45563923940453 ], [ 78.430799045123052, 17.455640415072342 ], [ 78.430979797977457, 17.455642486734103 ], [ 78.431291794307512, 17.455618865286404 ], [ 78.431371141836763, 17.455529662656932 ], [ 78.431435486807516, 17.455457328240616 ], [ 78.431439206638231, 17.45515819873728 ], [ 78.431102263005997, 17.454909560205259 ], [ 78.430622643762462, 17.45474087937377 ] ] ] } },
{ "type": "Feature", "properties": { "FID": 680, "Descr_1": "Water Bodies", "Descr_2": "Reservoir/Tanks", "Descr_3": "Reservoir/Tanks", "PI_CODE": "Built-Up Inside Tank", "LU_Code": "WBRT", "Shape_Area": 0.0080256616587799992 }, "geometry": { "type": "Polygon", "coordinates": [ [ [ 78.44335015500279, 17.450410582813273 ], [ 78.443154204228705, 17.450464577972465 ], [ 78.442982698631312, 17.450585011316392 ], [ 78.442810686886077, 17.450746234264187 ], [ 78.442554439266402, 17.45084530203227 ], [ 78.442445922864096, 17.451027645800444 ], [ 78.442442892370934, 17.45127238882381 ], [ 78.442610356629601, 17.451478280241556 ], [ 78.442885329626804, 17.451583406231951 ], [ 78.443142084877593, 17.451443546567297 ], [ 78.443316872959429, 17.451057977044446 ], [ 78.44335015500279, 17.450410582813273 ] ] ] } },
{ "type": "Feature", "properties": { "FID": 685, "Descr_1": "Water Bodies", "Descr_2": "Reservoir/Tanks", "Descr_3": "Reservoir/Tanks", "PI_CODE": "Built-Up Inside Tank", "LU_Code": "WBRT", "Shape_Area": 0.032596787922700002 }, "geometry": { "type": "Polygon", "coordinates": [ [ [ 78.492570905136105, 17.490585426330775 ], [ 78.492552836616525, 17.490537932783042 ], [ 78.492131593149423, 17.489430595069003 ], [ 78.491991426837615, 17.489062135708181 ], [ 78.491856552978874, 17.488707582215756 ], [ 78.491855504610641, 17.488704829697266 ], [ 78.491748463690172, 17.488742326849955 ], [ 78.491172724342945, 17.488944013168993 ], [ 78.491115943406868, 17.489304755996805 ], [ 78.491114165019553, 17.4894513578313 ], [ 78.491111803568032, 17.489645921272505 ], [ 78.491179654272514, 17.489780026803832 ], [ 78.491227548839504, 17.489874688927316 ], [ 78.491294513904251, 17.490216649685244 ], [ 78.491289270242262, 17.490648790605562 ], [ 78.491074513822511, 17.49089476803627 ], [ 78.49107291892544, 17.490896594894014 ], [ 78.491071417514007, 17.491020234976908 ], [ 78.491084558121187, 17.491057964662833 ], [ 78.491114824145498, 17.491062779141419 ], [ 78.491127048745895, 17.491064725188661 ], [ 78.4913785553548, 17.491104737143321 ], [ 78.49168695231117, 17.491085435904356 ], [ 78.492039166199902, 17.491362340053254 ], [ 78.492299056382166, 17.491433486792253 ], [ 78.492435054610553, 17.491404965693366 ], [ 78.492608004587083, 17.491368695429923 ], [ 78.492614953713129, 17.491311245159665 ], [ 78.492570905136105, 17.490585426330775 ] ] ] } },
{ "type": "Feature", "properties": { "FID": 688, "Descr_1": "Water Bodies", "Descr_2": "Reservoir/Tanks", "Descr_3": "Reservoir/Tanks", "PI_CODE": "Built-Up Inside Tank", "LU_Code": "WBRT", "Shape_Area": 0.024839886811500001 }, "geometry": { "type": "Polygon", "coordinates": [ [ [ 78.441705082191774, 17.449999999793015 ], [ 78.440150858690359, 17.449999999997811 ], [ 78.440153963738467, 17.450000927068753 ], [ 78.439989397754587, 17.450326472965617 ], [ 78.439882646985012, 17.450366051298428 ], [ 78.439731630439482, 17.450547909323323 ], [ 78.439792089314366, 17.450813774307687 ], [ 78.439853561469164, 17.450998058866801 ], [ 78.440000280766498, 17.451162918169466 ], [ 78.440210747911209, 17.451328505228869 ], [ 78.440762965627158, 17.45135520831499 ], [ 78.441018205949632, 17.451337723137247 ], [ 78.441340474550259, 17.451055829980032 ], [ 78.441579519431357, 17.450630197770781 ], [ 78.441711305835227, 17.450284934204227 ], [ 78.441704960027465, 17.450000811343713 ], [ 78.441705082191774, 17.449999999793015 ] ] ] } },
{ "type": "Feature", "properties": { "FID": 690, "Descr_1": "Water Bodies", "Descr_2": "Reservoir/Tanks", "Descr_3": "Reservoir/Tanks", "PI_CODE": "Built-Up Inside Tank", "LU_Code": "WBRT", "Shape_Area": 0.0120362484357 }, "geometry": { "type": "Polygon", "coordinates": [ [ [ 78.489622619399881, 17.475987034948353 ], [ 78.489935714409498, 17.475971768574585 ], [ 78.490317256871009, 17.47619996315726 ], [ 78.490479358676794, 17.476296912212117 ], [ 78.490596030675007, 17.476442187052051 ], [ 78.490595089674258, 17.476429587383418 ], [ 78.490597139868669, 17.476260693081638 ], [ 78.490599873455736, 17.47603550065843 ], [ 78.490759270151671, 17.47579329076077 ], [ 78.490987264015047, 17.475687054773314 ], [ 78.490916176018033, 17.475590913705858 ], [ 78.490737796328233, 17.475283061578136 ], [ 78.490510446258057, 17.475258671911671 ], [ 78.490031659653795, 17.475318860234214 ], [ 78.489436676064329, 17.475574369919119 ], [ 78.489139981063332, 17.475636592947236 ], [ 78.489622619399881, 17.475987034948353 ] ] ] } },
{ "type": "Feature", "properties": { "FID": 691, "Descr_1": "Water Bodies", "Descr_2": "Reservoir/Tanks", "Descr_3": "Reservoir/Tanks", "PI_CODE": "Built-Up Inside Tank", "LU_Code": "WBRT", "Shape_Area": 0.060957506090800001 }, "geometry": { "type": "Polygon", "coordinates": [ [ [ 78.496539056342542, 17.473709307425747 ], [ 78.496218017008204, 17.473902349967293 ], [ 78.49594329331768, 17.474030369453551 ], [ 78.495757234188645, 17.474355998998863 ], [ 78.495615903360189, 17.474747669271913 ], [ 78.495521152322112, 17.47505247108198 ], [ 78.495336413755496, 17.475268879868295 ], [ 78.495331915883582, 17.475640230424002 ], [ 78.495867872900774, 17.476498245156595 ], [ 78.49606928884549, 17.476784502688531 ], [ 78.496111639330351, 17.477047140644235 ], [ 78.496215806669781, 17.477489781433722 ], [ 78.496255140294153, 17.477374912242691 ], [ 78.496284239779897, 17.476586957820633 ], [ 78.496346765940942, 17.476268589737732 ], [ 78.496643488332253, 17.475990371154452 ], [ 78.497075496650467, 17.475845039107138 ], [ 78.497407692629139, 17.47566537991209 ], [ 78.497449525917162, 17.475642755916716 ], [ 78.497726918413761, 17.475345552304407 ], [ 78.497834001322502, 17.474577234213264 ], [ 78.497721219001491, 17.474200607402423 ], [ 78.497647316822636, 17.473843180047911 ], [ 78.497553864371028, 17.47348553466783 ], [ 78.497318988312955, 17.473501686050508 ], [ 78.497122313111362, 17.47359333598623 ], [ 78.496926773691129, 17.473591154812901 ], [ 78.496631951854823, 17.473557413406642 ], [ 78.496539056342542, 17.473709307425747 ] ] ] } },
{ "type": "Feature", "properties": { "FID": 692, "Descr_1": "Water Bodies", "Descr_2": "Reservoir/Tanks", "Descr_3": "Reservoir/Tanks", "PI_CODE": "Built-Up Inside Tank", "LU_Code": "WBRT", "Shape_Area": 0.052741744006700002 }, "geometry": { "type": "Polygon", "coordinates": [ [ [ 78.495964560969298, 17.478760540572694 ], [ 78.495558006938708, 17.478738259072493 ], [ 78.495534590439021, 17.478736976911762 ], [ 78.495162826962513, 17.478751596888859 ], [ 78.495055361749266, 17.47865562566523 ], [ 78.494950002395214, 17.478561536140262 ], [ 78.494796749376633, 17.478297067268965 ], [ 78.494564369947156, 17.478106787848368 ], [ 78.494330399795274, 17.478047870630693 ], [ 78.494106975024465, 17.478033455674854 ], [ 78.494173283113227, 17.478102421555985 ], [ 78.494519349220766, 17.478594266667209 ], [ 78.494574419017027, 17.478778176983599 ], [ 78.494688518332595, 17.479159212284682 ], [ 78.494719893394404, 17.479797689770287 ], [ 78.494705008770381, 17.480130694165808 ], [ 78.494693062221657, 17.480397983386283 ], [ 78.494804706206452, 17.480868442206724 ], [ 78.494801065904909, 17.481168695720495 ], [ 78.494797655804263, 17.481450184737387 ], [ 78.495086883879409, 17.481791245838092 ], [ 78.495359991283408, 17.481806214928401 ], [ 78.495516861961718, 17.481814812186322 ], [ 78.495753792960883, 17.481629770726283 ], [ 78.495915457966916, 17.481199899138467 ], [ 78.496097360088811, 17.480713946562044 ], [ 78.496373171034662, 17.4805481068381 ], [ 78.496589180374656, 17.480475442259241 ], [ 78.496665874419989, 17.480228728953378 ], [ 78.49667058060372, 17.480213588944693 ], [ 78.49647685154504, 17.480061283221609 ], [ 78.496166706001233, 17.479832600779748 ], [ 78.496034368968026, 17.479455754995897 ], [ 78.496038461016013, 17.47911796586305 ], [ 78.496097261001452, 17.478789779780374 ], [ 78.495964560969298, 17.478760540572694 ] ] ] } },
{ "type": "Feature", "properties": { "FID": 693, "Descr_1": "Water Bodies", "Descr_2": "River/Stream/Drain", "Descr_3": "River/Stream/Drain", "PI_CODE": " ", "LU_Code": "WBRS", "Shape_Area": 0.080254587340500005 }, "geometry": { "type": "Polygon", "coordinates": [ [ [ 78.459504698974555, 17.472448643315367 ], [ 78.459753837743875, 17.472465541636801 ], [ 78.459900319069718, 17.472481276275555 ], [ 78.45996197554696, 17.472481975379967 ], [ 78.460061638118461, 17.47248310392477 ], [ 78.46022399438975, 17.472400482021811 ], [ 78.460342357417304, 17.47231736461428 ], [ 78.460427671130788, 17.472206854394653 ], [ 78.459907254976414, 17.472180621184943 ], [ 78.45971524270972, 17.472140743335018 ], [ 78.459713823115607, 17.472141328595114 ], [ 78.459603446166966, 17.472147136338101 ], [ 78.459493668862422, 17.472152911932085 ], [ 78.459302673638049, 17.472178902042522 ], [ 78.459170338886352, 17.47220555737805 ], [ 78.458964159591616, 17.472273602614933 ], [ 78.458697412276706, 17.472495805278857 ], [ 78.45848950199489, 17.472704594846231 ], [ 78.458280895775118, 17.472969684053322 ], [ 78.458101099889049, 17.473277328746313 ], [ 78.45796512831393, 17.47359954662916 ], [ 78.45768128938856, 17.474018621739237 ], [ 78.457517024376912, 17.474256061048074 ], [ 78.457339479062256, 17.474380736056158 ], [ 78.457011121453917, 17.474841535573415 ], [ 78.456875492589688, 17.47513560395371 ], [ 78.456636686364348, 17.475470729649004 ], [ 78.456355092929783, 17.475706835667907 ], [ 78.456146134931672, 17.47600007277898 ], [ 78.456026035583832, 17.476223933161656 ], [ 78.455964772959518, 17.476434385028771 ], [ 78.455888326159027, 17.476686892882366 ], [ 78.455781505283483, 17.477023516254448 ], [ 78.455587385348892, 17.477302841576329 ], [ 78.455540092560256, 17.477569759329029 ], [ 78.455551465660079, 17.477837338949694 ], [ 78.455518666333276, 17.478118495918135 ], [ 78.455410458019429, 17.478567713843329 ], [ 78.455333315209813, 17.478876520057902 ], [ 78.455344512827608, 17.47915817511149 ], [ 78.45539884202887, 17.479510701892718 ], [ 78.455425053637725, 17.479764373853037 ], [ 78.455461596289055, 17.480370075061035 ], [ 78.455471928276637, 17.480722101581563 ], [ 78.45539461133886, 17.48104498219573 ], [ 78.455286746949611, 17.481466050953291 ], [ 78.455180096780978, 17.481788598588661 ], [ 78.455074138918988, 17.482054848277386 ], [ 78.45495334289744, 17.482335005264883 ], [ 78.454905875596296, 17.482615994221369 ], [ 78.454903276307775, 17.482827109921839 ], [ 78.454914993745291, 17.483066543151786 ], [ 78.45498381536504, 17.483433308661176 ], [ 78.455053331772632, 17.483743778115322 ], [ 78.455080757292805, 17.483898929618924 ], [ 78.455080596376177, 17.48391199075564 ], [ 78.45507780852958, 17.48413819540697 ], [ 78.455030167562924, 17.484433258820005 ], [ 78.454953714552474, 17.484685766266825 ], [ 78.454906596344387, 17.48493860561247 ], [ 78.45484428928367, 17.485233503367837 ], [ 78.454738675967462, 17.485471603132627 ], [ 78.454618397670345, 17.485709536401657 ], [ 78.454572144076877, 17.485892004949861 ], [ 78.454511569722868, 17.486046156797347 ], [ 78.454494821740752, 17.486214884426023 ], [ 78.454493261697365, 17.486341552723566 ], [ 78.45449066002061, 17.486552668929122 ], [ 78.45445699142978, 17.48690419603717 ], [ 78.454439548598089, 17.487129220375522 ], [ 78.454508717626879, 17.48746783784436 ], [ 78.454555048455674, 17.487588822817251 ], [ 78.454622408430836, 17.487764732435835 ], [ 78.454650955829877, 17.487816931067321 ], [ 78.454788830368528, 17.487806859582896 ], [ 78.45486973008245, 17.487800950389058 ], [ 78.454816541994632, 17.487485406684005 ], [ 78.454790503568859, 17.487217660926532 ], [ 78.454779478771698, 17.486921932255932 ], [ 78.454886133327534, 17.486599385616003 ], [ 78.454921360865683, 17.486121190082994 ], [ 78.454926389860063, 17.485713032213948 ], [ 78.455092749332067, 17.485306703864566 ], [ 78.455244092885678, 17.484928359126414 ], [ 78.455335905682759, 17.484619720228316 ], [ 78.455397864105947, 17.484352971572093 ], [ 78.45540306638766, 17.48393073868812 ], [ 78.455364270253042, 17.483508006573054 ], [ 78.45533875173939, 17.483198038154715 ], [ 78.455283554718577, 17.482915882656503 ], [ 78.455332926852208, 17.482480075755333 ], [ 78.455499109362094, 17.482087822055579 ], [ 78.455664249186881, 17.481780014446858 ], [ 78.455784351413158, 17.481556153940208 ], [ 78.455876335129474, 17.481233439626234 ], [ 78.455883875717262, 17.481170735867885 ], [ 78.455925358855481, 17.480825780723912 ], [ 78.455929865620035, 17.480459844991792 ], [ 78.455948171879129, 17.480164448130289 ], [ 78.455936279052125, 17.479939091125647 ], [ 78.455924559614175, 17.479699657587101 ], [ 78.455854525101202, 17.479431412856933 ], [ 78.455858337660047, 17.479121774789981 ], [ 78.455904416066446, 17.478953380094961 ], [ 78.455922722234561, 17.478657982121419 ], [ 78.455926362274866, 17.47836241866079 ], [ 78.455899977808144, 17.478122821316173 ], [ 78.455874111545938, 17.477840999780678 ], [ 78.456025623079285, 17.477448576649579 ], [ 78.456147282092942, 17.477098046636364 ], [ 78.456252887315571, 17.476859945210098 ], [ 78.456298790589884, 17.476705625864721 ], [ 78.456449433904766, 17.47638357583989 ], [ 78.456570398353733, 17.476089343407267 ], [ 78.456764342448906, 17.475824089045979 ], [ 78.457137566027257, 17.475293416173894 ], [ 78.457495430800023, 17.474818874331604 ], [ 78.457750287116014, 17.474371315907938 ], [ 78.457899193411023, 17.474190010080484 ], [ 78.458092615252767, 17.473966977602828 ], [ 78.458242559912208, 17.473701224856157 ], [ 78.458420795707127, 17.473520250974872 ], [ 78.458749495957861, 17.473031298623372 ], [ 78.458973111569492, 17.472738228298144 ], [ 78.459225193262682, 17.472515860096916 ], [ 78.4593723659749, 17.472475296986019 ], [ 78.459504698974555, 17.472448643315367 ] ] ] } },
{ "type": "Feature", "properties": { "FID": 694, "Descr_1": "Water Bodies", "Descr_2": "Reservoir/Tanks", "Descr_3": "Reservoir/Tanks", "PI_CODE": " ", "LU_Code": "WBRT", "Shape_Area": 0.016774681218299999 }, "geometry": { "type": "Polygon", "coordinates": [ [ [ 78.459111572178557, 17.482582492699851 ], [ 78.458598959143501, 17.483285266940971 ], [ 78.458130689032686, 17.483927244175167 ], [ 78.458539569262513, 17.484139713441142 ], [ 78.458770942113901, 17.484254027269891 ], [ 78.459293591078989, 17.484343717430949 ], [ 78.459354525445846, 17.484121021608789 ], [ 78.459347155991935, 17.484002328904268 ], [ 78.459330237064449, 17.483729820780709 ], [ 78.459333670729251, 17.483450629153808 ], [ 78.459539383964938, 17.483285419220149 ], [ 78.459715659991332, 17.483147800227002 ], [ 78.459544534034265, 17.482866628960341 ], [ 78.459343285934168, 17.482668888072773 ], [ 78.459111572178557, 17.482582492699851 ] ] ] } },
{ "type": "Feature", "properties": { "FID": 695, "Descr_1": "Water Bodies", "Descr_2": "Reservoir/Tanks", "Descr_3": "Reservoir/Tanks", "PI_CODE": " ", "LU_Code": "WBRT", "Shape_Area": 0.309405709227 }, "geometry": { "type": "Polygon", "coordinates": [ [ [ 78.496111639330351, 17.477047140644235 ], [ 78.49606928884549, 17.476784502688531 ], [ 78.495867872900774, 17.476498245156595 ], [ 78.495331915883582, 17.475640230424002 ], [ 78.495336413755496, 17.475268879868295 ], [ 78.495521152322112, 17.47505247108198 ], [ 78.495615903360189, 17.474747669271913 ], [ 78.495757234188645, 17.474355998998863 ], [ 78.49594329331768, 17.474030369453551 ], [ 78.496218017008204, 17.473902349967293 ], [ 78.496539056342542, 17.473709307425747 ], [ 78.496631951854823, 17.473557413406642 ], [ 78.496504865416895, 17.473348676354782 ], [ 78.496473076893864, 17.47334625452854 ], [ 78.496330343136577, 17.473265238855941 ], [ 78.496230460753196, 17.473169974936162 ], [ 78.496149614423913, 17.473079484249954 ], [ 78.496073551218203, 17.472960439226341 ], [ 78.496011798807189, 17.472803327423463 ], [ 78.496011899105639, 17.472679577216958 ], [ 78.496010676042857, 17.472661632379378 ], [ 78.495846418849169, 17.472631073352538 ], [ 78.495664330748198, 17.472629041971423 ], [ 78.495415544156884, 17.472495184997907 ], [ 78.495209793424877, 17.472492889152317 ], [ 78.495140954308823, 17.472517127360366 ], [ 78.495045743177954, 17.472531338179724 ], [ 78.494921968321961, 17.472550288207028 ], [ 78.494731584636412, 17.472531113612519 ], [ 78.494698295652228, 17.472493012808204 ], [ 78.494666959636078, 17.472418429358004 ], [ 78.49439155505047, 17.472461909308766 ], [ 78.494026846806506, 17.472501532923726 ], [ 78.493662669012906, 17.472497465973618 ], [ 78.493276522806823, 17.472427612882708 ], [ 78.493072466591386, 17.472359791956876 ], [ 78.492846180164108, 17.472248030273153 ], [ 78.492642389202501, 17.472158365760308 ], [ 78.492446412545547, 17.472218840211152 ], [ 78.492364181099347, 17.472244214842362 ], [ 78.492519367174694, 17.472731868606484 ], [ 78.492462591142726, 17.473132651735526 ], [ 78.492244036576878, 17.473636429769805 ], [ 78.49157079225958, 17.474090678358476 ], [ 78.49078183186468, 17.474622995684687 ], [ 78.490180458936607, 17.474914618364775 ], [ 78.489913666819362, 17.475043990168604 ], [ 78.489267060228585, 17.475224499393232 ], [ 78.48896078618148, 17.47528391037066 ], [ 78.488937515020382, 17.475437703956761 ], [ 78.489004207329046, 17.475569532109358 ], [ 78.489139981063332, 17.475636592947236 ], [ 78.489436676064329, 17.475574369919119 ], [ 78.490031659653795, 17.475318860234214 ], [ 78.490510446258057, 17.475258671911671 ], [ 78.490737796328233, 17.475283061578136 ], [ 78.490916176018033, 17.475590913705858 ], [ 78.490987264015047, 17.475687054773314 ], [ 78.490759270151671, 17.47579329076077 ], [ 78.490599873455736, 17.47603550065843 ], [ 78.490597139868669, 17.476260693081638 ], [ 78.490595089674258, 17.476429587383418 ], [ 78.490596030675007, 17.476442187052051 ], [ 78.490768344821689, 17.476656746341316 ], [ 78.4909786588494, 17.477053235648583 ], [ 78.491013439783927, 17.477410226698318 ], [ 78.491007972582324, 17.477860610325003 ], [ 78.491138476892615, 17.478387588247454 ], [ 78.491367780375924, 17.478532702603673 ], [ 78.491410189741359, 17.478559542142953 ], [ 78.491569357889702, 17.478336098225444 ], [ 78.491652813194776, 17.477905355093753 ], [ 78.491813346633847, 17.477569315689347 ], [ 78.491828489376871, 17.477422082892748 ], [ 78.491875881295826, 17.477250949075341 ], [ 78.492032997003676, 17.477196398905747 ], [ 78.49218966013629, 17.477179382213581 ], [ 78.492385886938948, 17.477125266939588 ], [ 78.492659190465758, 17.477165857734917 ], [ 78.492934858336241, 17.477221977260857 ], [ 78.493107119900813, 17.477321008109659 ], [ 78.493534357733594, 17.477569769916542 ], [ 78.493844951628802, 17.477760923779094 ], [ 78.494106975024465, 17.478033455674854 ], [ 78.494330399795274, 17.478047870630693 ], [ 78.494564369947156, 17.478106787848368 ], [ 78.494796749376633, 17.478297067268965 ], [ 78.494950002395214, 17.478561536140262 ], [ 78.495055361749266, 17.47865562566523 ], [ 78.495162826962513, 17.478751596888859 ], [ 78.495534590439021, 17.478736976911762 ], [ 78.495558006938708, 17.478738259072493 ], [ 78.495964560969298, 17.478760540572694 ], [ 78.496097261001452, 17.478789779780374 ], [ 78.496122360444929, 17.47864969029899 ], [ 78.496145200849668, 17.478377915095539 ], [ 78.496168060897759, 17.478105913104731 ], [ 78.496144890460144, 17.477854022976036 ], [ 78.496261712124394, 17.477813460436224 ], [ 78.49621989223624, 17.477507134580215 ], [ 78.496215806669781, 17.477489781433722 ], [ 78.496111639330351, 17.477047140644235 ] ] ] } },
{ "type": "Feature", "properties": { "FID": 697, "Descr_1": "Water Bodies", "Descr_2": "Reservoir/Tanks", "Descr_3": "Reservoir/Tanks", "PI_CODE": " ", "LU_Code": "WBRT", "Shape_Area": 0.0057652701761399996 }, "geometry": { "type": "Polygon", "coordinates": [ [ [ 78.339757087997626, 17.465062585089999 ], [ 78.33945030780373, 17.465081569155302 ], [ 78.339330677907256, 17.465215929208703 ], [ 78.339585923064973, 17.465535787751342 ], [ 78.339783572728763, 17.466173247180606 ], [ 78.339786122700218, 17.466181468419673 ], [ 78.34010870674247, 17.466210200419052 ], [ 78.340056855638579, 17.465586646870797 ], [ 78.339943357955505, 17.465245841723117 ], [ 78.339757087997626, 17.465062585089999 ] ] ] } },
{ "type": "Feature", "properties": { "FID": 698, "Descr_1": "Water Bodies", "Descr_2": "Reservoir/Tanks", "Descr_3": "Reservoir/Tanks", "PI_CODE": " ", "LU_Code": "WBRT", "Shape_Area": 0.0315957592982 }, "geometry": { "type": "Polygon", "coordinates": [ [ [ 78.345884328051596, 17.465871616155614 ], [ 78.345694001231337, 17.465935493993076 ], [ 78.345555562872534, 17.46598345514963 ], [ 78.345399473110419, 17.466064275277169 ], [ 78.345156831446346, 17.466177135193039 ], [ 78.34502216343482, 17.466350636004137 ], [ 78.345199248404597, 17.466768654325481 ], [ 78.34569391669028, 17.467321783272642 ], [ 78.345861133332562, 17.467656742845069 ], [ 78.345891054173322, 17.467716680316013 ], [ 78.345932810203422, 17.467800325329442 ], [ 78.346013201048024, 17.468403338945475 ], [ 78.346087436054205, 17.468388427008069 ], [ 78.34624858143836, 17.468356057712409 ], [ 78.346404034243193, 17.468324833431538 ], [ 78.346596065472198, 17.46812869981526 ], [ 78.346599256321767, 17.467880725997443 ], [ 78.346626626379006, 17.467772993339548 ], [ 78.346653697773604, 17.467666428167323 ], [ 78.346897192428855, 17.467487438103781 ], [ 78.346917395805576, 17.467256199638307 ], [ 78.346869337646538, 17.466974548869569 ], [ 78.346802990153392, 17.466775352735372 ], [ 78.346650303838629, 17.466591666734782 ], [ 78.346497406905428, 17.466424511869153 ], [ 78.346414048141952, 17.466208579196611 ], [ 78.346330475806184, 17.466009178603375 ], [ 78.346222093419016, 17.465934432877649 ], [ 78.346159714625585, 17.465891415629176 ], [ 78.345932830163676, 17.465875103115874 ], [ 78.345884328051596, 17.465871616155614 ] ] ] } },
{ "type": "Feature", "properties": { "FID": 699, "Descr_1": "Water Bodies", "Descr_2": "Lakes/Ponds", "Descr_3": "Lakes/Ponds", "PI_CODE": " ", "LU_Code": "WBLP", "Shape_Area": 0.0082454184471099992 }, "geometry": { "type": "Polygon", "coordinates": [ [ [ 78.379910124210042, 17.492990284034029 ], [ 78.379609057719691, 17.493020707943749 ], [ 78.379421682223111, 17.493107886579011 ], [ 78.379420884148502, 17.493115889903475 ], [ 78.379284540826475, 17.493493003866295 ], [ 78.379531635875537, 17.493545949432509 ], [ 78.379742986622546, 17.493616311298176 ], [ 78.380113066585579, 17.493722474723281 ], [ 78.380341888098741, 17.493810015131448 ], [ 78.380501695005734, 17.493760965200384 ], [ 78.380557118869291, 17.493574917782176 ], [ 78.380455106971723, 17.493251247029196 ], [ 78.380210328374986, 17.493027740672407 ], [ 78.379910124210042, 17.492990284034029 ] ] ] } },
{ "type": "Feature", "properties": { "FID": 700, "Descr_1": "Water Bodies", "Descr_2": "Lakes/Ponds", "Descr_3": "Lakes/Ponds", "PI_CODE": " ", "LU_Code": "WBLP", "Shape_Area": 0.0040424425690599999 }, "geometry": { "type": "Polygon", "coordinates": [ [ [ 78.377700246038529, 17.488738265795 ], [ 78.377636308633527, 17.488756327659889 ], [ 78.377598843464199, 17.488766911954361 ], [ 78.377469491404383, 17.488803453256914 ], [ 78.377345055014644, 17.488852913385543 ], [ 78.377325429200567, 17.489005437182641 ], [ 78.377343843291712, 17.489060688101123 ], [ 78.377376538878877, 17.489158786584404 ], [ 78.377445979617292, 17.489261436065444 ], [ 78.377532027083546, 17.489449140563067 ], [ 78.377530515644139, 17.489567932207628 ], [ 78.377585059810528, 17.489539684186894 ], [ 78.377690752282263, 17.48948494420894 ], [ 78.377762566698593, 17.48940092264527 ], [ 78.377845662852863, 17.489331765398472 ], [ 78.377923450319912, 17.489267026591182 ], [ 78.378036875276706, 17.489184482248771 ], [ 78.377752999110157, 17.488738883452346 ], [ 78.377700246038529, 17.488738265795 ] ] ] } },
{ "type": "Feature", "properties": { "FID": 701, "Descr_1": "Water Bodies", "Descr_2": "Reservoir/Tanks", "Descr_3": "Reservoir/Tanks", "PI_CODE": " ", "LU_Code": "WBRT", "Shape_Area": 0.073828343906299998 }, "geometry": { "type": "Polygon", "coordinates": [ [ [ 78.331074064772594, 17.473018665658415 ], [ 78.331041646774366, 17.473038477708226 ], [ 78.330530161928252, 17.47335105971559 ], [ 78.329897278368747, 17.47366536033558 ], [ 78.329641621640661, 17.473984160653927 ], [ 78.32963693131093, 17.474346189828452 ], [ 78.329884768641804, 17.474630768736557 ], [ 78.330258352755152, 17.474916847752464 ], [ 78.330588979794044, 17.475282876592772 ], [ 78.330919088020764, 17.475689129702989 ], [ 78.331376504308352, 17.47597620657567 ], [ 78.33208593185384, 17.476226056331658 ], [ 78.33238271495685, 17.476421091403111 ], [ 78.333363316107892, 17.476099083755582 ], [ 78.33261131769892, 17.474850200421223 ], [ 78.331555407955605, 17.473592158836869 ], [ 78.331074064772594, 17.473018665658415 ] ] ] } },
{ "type": "Feature", "properties": { "FID": 702, "Descr_1": "Water Bodies", "Descr_2": "Reservoir/Tanks", "Descr_3": "Reservoir/Tanks", "PI_CODE": " ", "LU_Code": "WBRT", "Shape_Area": 0.33415558621000002 }, "geometry": { "type": "Polygon", "coordinates": [ [ [ 78.330341273634602, 17.481844845665943 ], [ 78.330523308715399, 17.481979290333538 ], [ 78.330682090202032, 17.482135501701183 ], [ 78.330773965442248, 17.482136597706397 ], [ 78.330890233673742, 17.482027758776784 ], [ 78.331031186793581, 17.481786938642088 ], [ 78.331377714083729, 17.481636754552945 ], [ 78.331744639555254, 17.481685221545455 ], [ 78.332088595971769, 17.481733414046428 ], [ 78.332120561437975, 17.481730390592848 ], [ 78.332295597840158, 17.481713836837915 ], [ 78.332480487338131, 17.481627859393999 ], [ 78.332734567721062, 17.481520661371306 ], [ 78.333010189813479, 17.481523944774931 ], [ 78.333216907996515, 17.481526410278004 ], [ 78.333287809424206, 17.481372936291393 ], [ 78.333360136814193, 17.481109254268738 ], [ 78.333345848712526, 17.480970124028708 ], [ 78.333319335354815, 17.48071195022305 ], [ 78.333137869086329, 17.480533423371551 ], [ 78.332956689327418, 17.480332856380958 ], [ 78.333006334910706, 17.480046856098184 ], [ 78.333215046299372, 17.479895027222575 ], [ 78.333357989670617, 17.479499911798712 ], [ 78.33343145902046, 17.479148059621956 ], [ 78.333941607164363, 17.478779367194853 ], [ 78.334195968208263, 17.478650123670842 ], [ 78.334313660860332, 17.478431071870574 ], [ 78.334111223815981, 17.478097978445089 ], [ 78.333975042681871, 17.478096355983094 ], [ 78.333835606535814, 17.478094694650771 ], [ 78.333605069438306, 17.478158084221125 ], [ 78.333420468915932, 17.478222020065001 ], [ 78.333143140028, 17.4783509880513 ], [ 78.332980365105101, 17.478503365372305 ], [ 78.332793768013502, 17.478721596938978 ], [ 78.332492899441462, 17.478894372978697 ], [ 78.332260078228373, 17.47913409910403 ], [ 78.332004289406441, 17.479373548389578 ], [ 78.331817972988532, 17.479569735375094 ], [ 78.331540641145722, 17.479698701195648 ], [ 78.331080989874849, 17.479715264268254 ], [ 78.330461988893717, 17.479619698358103 ], [ 78.330049987348332, 17.479504554682109 ], [ 78.329755112284701, 17.479214444577728 ], [ 78.329508173548305, 17.478770588781746 ], [ 78.329490062604165, 17.478395600399992 ], [ 78.329699347168486, 17.47819968943617 ], [ 78.329980105227335, 17.477806222388203 ], [ 78.330238464580304, 17.47736839539796 ], [ 78.330242748975294, 17.477037765424296 ], [ 78.330155159739363, 17.476706037344524 ], [ 78.330044889658922, 17.476351993292731 ], [ 78.33000495076621, 17.475888562204776 ], [ 78.329986551679653, 17.475535614264167 ], [ 78.329923360927012, 17.475093950756104 ], [ 78.329742760706324, 17.474849295932692 ], [ 78.329491259086865, 17.474758110549804 ], [ 78.329393367279152, 17.474895303009625 ], [ 78.329350881403954, 17.474954844988535 ], [ 78.329339057161036, 17.474973237812819 ], [ 78.329210217765947, 17.475173621154575 ], [ 78.328955286549856, 17.475346941712299 ], [ 78.328725037761416, 17.475388285170201 ], [ 78.328565120311282, 17.475320238287786 ], [ 78.328427314136263, 17.47531859285516 ], [ 78.328286934998971, 17.475515325637478 ], [ 78.328167808379959, 17.475844586276018 ], [ 78.328153109420981, 17.475881926269061 ], [ 78.328072793188809, 17.476085951073976 ], [ 78.32777306782468, 17.476170555176637 ], [ 78.32763268837715, 17.476367286556584 ], [ 78.327745524833574, 17.476522952730317 ], [ 78.327858365249, 17.476678617973725 ], [ 78.327808142307944, 17.47700870025427 ], [ 78.32755091959217, 17.477358356198227 ], [ 78.327293411964078, 17.47773005270167 ], [ 78.327015506946239, 17.477903097257489 ], [ 78.326736171671996, 17.478186349552121 ], [ 78.326595218708448, 17.478427166387704 ], [ 78.326430150693696, 17.478755874896745 ], [ 78.326296720635312, 17.478973623006414 ], [ 78.326242401081757, 17.479062268775401 ], [ 78.326122412689415, 17.479457653112259 ], [ 78.326119553350992, 17.479678071908104 ], [ 78.326278040604066, 17.479856331188024 ], [ 78.32657548627563, 17.47994806635332 ], [ 78.326826422243613, 17.480083337626034 ], [ 78.326894468690156, 17.480150287117411 ], [ 78.327164944196795, 17.480550334676192 ], [ 78.327344973700235, 17.480839076374696 ], [ 78.327779746737264, 17.48155918217978 ], [ 78.328632041822033, 17.48297080656026 ], [ 78.328810491627806, 17.482972937911036 ], [ 78.329016922773192, 17.482997447396944 ], [ 78.329037605538559, 17.483174058330189 ], [ 78.329116193158924, 17.483567142425454 ], [ 78.329448370606002, 17.483468773934241 ], [ 78.329499552207082, 17.482981163853928 ], [ 78.329710840141928, 17.482630958260884 ], [ 78.329713982075205, 17.482388497068484 ], [ 78.329786601221414, 17.48210277282093 ], [ 78.330019428960128, 17.481863050636125 ], [ 78.330341273634602, 17.481844845665943 ] ] ] } },
{ "type": "Feature", "properties": { "FID": 703, "Descr_1": "Water Bodies", "Descr_2": "Reservoir/Tanks", "Descr_3": "Reservoir/Tanks", "PI_CODE": " ", "LU_Code": "WBRT", "Shape_Area": 0.163398547216 }, "geometry": { "type": "Polygon", "coordinates": [ [ [ 78.54935912388089, 17.460851699918557 ], [ 78.549344847373504, 17.460737484565382 ], [ 78.549202079170328, 17.46048050298387 ], [ 78.549152110877387, 17.460394843007826 ], [ 78.549152112265858, 17.46030918092924 ], [ 78.549180664237682, 17.460180692181005 ], [ 78.549244909891883, 17.460095030846873 ], [ 78.549309155392962, 17.460030785241656 ], [ 78.54935912396337, 17.459959401170813 ], [ 78.549416230966713, 17.459880879786308 ], [ 78.549459060704649, 17.459809494700316 ], [ 78.549466199897523, 17.459681004776346 ], [ 78.549422763260424, 17.459607319829622 ], [ 78.5493037896658, 17.459601370820401 ], [ 78.549047996538363, 17.459577576743147 ], [ 78.54886953815452, 17.459583525393082 ], [ 78.548738667629522, 17.459595422224684 ], [ 78.548399595134967, 17.459654907985954 ], [ 78.548150941312912, 17.45967394356644 ], [ 78.547953445574677, 17.459797676115468 ], [ 78.547804730299745, 17.459869060180136 ], [ 78.547602475716431, 17.459946393164962 ], [ 78.547346683808996, 17.460035623207816 ], [ 78.547174172926091, 17.460077262573542 ], [ 78.546882689173586, 17.460083211015302 ], [ 78.54640084765964, 17.459785778783527 ], [ 78.545258705798346, 17.45908383844473 ], [ 78.545056451560683, 17.459036249017409 ], [ 78.544877992787647, 17.459000557322085 ], [ 78.544741174388548, 17.458947019019799 ], [ 78.544550815909545, 17.458887533238777 ], [ 78.544419945578198, 17.458774508276694 ], [ 78.54435451088905, 17.45871502208362 ], [ 78.544283127299508, 17.458643637603711 ], [ 78.54416415334407, 17.458560357256779 ], [ 78.5440927713001, 17.458524664172916 ], [ 78.543985695405496, 17.45854250962973 ], [ 78.543836978297804, 17.458584151396753 ], [ 78.543682314048368, 17.458607945619512 ], [ 78.543503853678075, 17.458631740902465 ], [ 78.543309608047068, 17.458597934300684 ], [ 78.543241529794045, 17.458745876868349 ], [ 78.543241530301131, 17.458802984092788 ], [ 78.543248667861292, 17.458881505549328 ], [ 78.543291498238631, 17.458967165818571 ], [ 78.543341466992473, 17.459009995722514 ], [ 78.543412850643662, 17.459012375848591 ], [ 78.543498511005211, 17.459031412209008 ], [ 78.543565135901432, 17.459040930088126 ], [ 78.543622244269187, 17.459069482731223 ], [ 78.543622243100344, 17.459136108247705 ], [ 78.543612724543394, 17.459231286855783 ], [ 78.543584171707565, 17.459345501082566 ], [ 78.543527065160347, 17.459497785663409 ], [ 78.543498511191572, 17.459602482439248 ], [ 78.54346044012911, 17.459678625096942 ], [ 78.543412850542168, 17.459773804302106 ], [ 78.543336708389518, 17.459840429235182 ], [ 78.543146351235109, 17.459878500023692 ], [ 78.543022618960705, 17.45989753463704 ], [ 78.54230878143585, 17.460401981311026 ], [ 78.542218246205863, 17.460528422096147 ], [ 78.542384667916437, 17.460776595566536 ], [ 78.542456891371145, 17.460884296111114 ], [ 78.542567577825196, 17.460982489361459 ], [ 78.542848919088087, 17.461023020999395 ], [ 78.543070208325645, 17.460923083306771 ], [ 78.543134453959752, 17.4609373606683 ], [ 78.543291498160244, 17.461015881720396 ], [ 78.543348605626349, 17.461094405079162 ], [ 78.543412851458768, 17.461215756576788 ], [ 78.543584172978385, 17.461322832894165 ], [ 78.543699938541849, 17.461399590255354 ], [ 78.543776602990548, 17.461362273704488 ], [ 78.54384805345731, 17.461327496280223 ], [ 78.544162142059207, 17.461127621338647 ], [ 78.544347009577564, 17.461025755133903 ], [ 78.544511923245963, 17.460934883616769 ], [ 78.544619238120902, 17.460830284256204 ], [ 78.54473345159758, 17.460837422700092 ], [ 78.544854804290253, 17.46092308332527 ], [ 78.545061817598111, 17.461187203600016 ], [ 78.545540088957154, 17.461951011193889 ], [ 78.545632887680597, 17.462143745549124 ], [ 78.545711409151536, 17.462307929947958 ], [ 78.545782793639788, 17.462507803691526 ], [ 78.545861315541472, 17.462679126284307 ], [ 78.545918421608974, 17.462879000438154 ], [ 78.546032636954465, 17.463036044658985 ], [ 78.54623965069446, 17.463121704850355 ], [ 78.546432386721875, 17.463128844368189 ], [ 78.546581394285027, 17.463122635863051 ], [ 78.546603707634119, 17.463121704843896 ], [ 78.546860690166113, 17.463000352975254 ], [ 78.546896381402732, 17.462850447310277 ], [ 78.54688924256773, 17.462714818118872 ], [ 78.546832181068552, 17.46252223399436 ], [ 78.54683213577681, 17.462522080679033 ], [ 78.546796443754758, 17.462329346410211 ], [ 78.546803582928817, 17.462200853993405 ], [ 78.546860689842887, 17.462022393862277 ], [ 78.546967765013179, 17.461886765389718 ], [ 78.547139087053509, 17.461629783017589 ], [ 78.547310408975832, 17.461479877376735 ], [ 78.547534075850677, 17.461342525319594 ], [ 78.547895755100939, 17.461215757020245 ], [ 78.548238398040397, 17.461144373806501 ], [ 78.54878805297966, 17.461094405125088 ], [ 78.549316294004228, 17.460973052004768 ], [ 78.54935912388089, 17.460851699918557 ] ] ] } },
{ "type": "Feature", "properties": { "FID": 704, "Descr_1": "Water Bodies", "Descr_2": "Reservoir/Tanks", "Descr_3": "Reservoir/Tanks", "PI_CODE": " ", "LU_Code": "WBRT", "Shape_Area": 0.104273811465 }, "geometry": { "type": "Polygon", "coordinates": [ [ [ 78.536073759325006, 17.461816570816783 ], [ 78.53588816227321, 17.461759464423221 ], [ 78.535731117775924, 17.461802294144647 ], [ 78.535616903724048, 17.461930784568594 ], [ 78.535538381747486, 17.462002168674761 ], [ 78.535417028631514, 17.462037860774185 ], [ 78.535302815449228, 17.462037861059358 ], [ 78.53517432430526, 17.462016446221398 ], [ 78.535102939571217, 17.462073553240717 ], [ 78.535102940105389, 17.462173489186558 ], [ 78.535174325020634, 17.462316258563117 ], [ 78.535252845922471, 17.462494717118535 ], [ 78.535309953064797, 17.462616069568369 ], [ 78.535288538033072, 17.462744560568218 ], [ 78.535217154329672, 17.462880189593278 ], [ 78.535195739446124, 17.463030097214226 ], [ 78.535195737904942, 17.463137172274358 ], [ 78.535181463300049, 17.463272801182221 ], [ 78.535145768897053, 17.46341556935683 ], [ 78.535110078905049, 17.463508367819379 ], [ 78.535110078978775, 17.463651135159939 ], [ 78.535138632375734, 17.463836734363976 ], [ 78.535160047184206, 17.46404374600808 ], [ 78.535167185980029, 17.464193653048742 ], [ 78.535124355085756, 17.464372111997253 ], [ 78.535081525040766, 17.464522017838966 ], [ 78.534995864291844, 17.464664785651461 ], [ 78.534910204133141, 17.46481469079594 ], [ 78.534853095649055, 17.464971736405779 ], [ 78.534795989668439, 17.465135919384501 ], [ 78.534653221018317, 17.465478561296923 ], [ 78.534603253277695, 17.465735543167767 ], [ 78.534610392087657, 17.46582120388149 ], [ 78.534646084318993, 17.465899724987519 ], [ 78.534690352559579, 17.46595506260411 ], [ 78.534936616146624, 17.465952550028064 ], [ 78.535594978306179, 17.465790432206735 ], [ 78.535679538414144, 17.465766359564938 ], [ 78.536022810925218, 17.465668640857118 ], [ 78.536179360916265, 17.465624074778457 ], [ 78.536532692874559, 17.465523491441513 ], [ 78.537360721402692, 17.465287773930495 ], [ 78.538121942830443, 17.465071076634807 ], [ 78.538236689828139, 17.464943183189366 ], [ 78.538272382730412, 17.46482896859348 ], [ 78.538293796947485, 17.464643372160261 ], [ 78.538229553068263, 17.46447204869547 ], [ 78.536766182964499, 17.462601793417136 ], [ 78.536073759325006, 17.461816570816783 ] ] ] } },
{ "type": "Feature", "properties": { "FID": 705, "Descr_1": "Water Bodies", "Descr_2": "Reservoir/Tanks", "Descr_3": "Reservoir/Tanks", "PI_CODE": " ", "LU_Code": "WBRT", "Shape_Area": 0.20725861890399999 }, "geometry": { "type": "Polygon", "coordinates": [ [ [ 78.534570090150382, 17.476695043446618 ], [ 78.534629576456638, 17.476706940707484 ], [ 78.534748549057113, 17.476814015763619 ], [ 78.534855624561501, 17.476849709003925 ], [ 78.535093570700823, 17.476849708212885 ], [ 78.535414200758439, 17.476648453202181 ], [ 78.535438091904425, 17.476633455885842 ], [ 78.535552304545874, 17.476526381936747 ], [ 78.535944917551532, 17.476397891219904 ], [ 78.536008720205103, 17.476381939900985 ], [ 78.53604535488553, 17.476183458583076 ], [ 78.536045264563896, 17.476181627368824 ], [ 78.536033459112502, 17.475945512971048 ], [ 78.535854998440982, 17.475790847771748 ], [ 78.535676538981917, 17.475636183326298 ], [ 78.53555756683032, 17.475552901646346 ], [ 78.535509976826603, 17.475410133026998 ], [ 78.535486182228937, 17.475172187884112 ], [ 78.535426696422263, 17.475005625114612 ], [ 78.535307722849709, 17.474862858229368 ], [ 78.534641472690026, 17.474351273182972 ], [ 78.53399764007095, 17.473639084557508 ], [ 78.53374068436429, 17.473447161921641 ], [ 78.532679444554773, 17.472980785551037 ], [ 78.531941811322397, 17.472818982772054 ], [ 78.531637240029426, 17.472828501373282 ], [ 78.531461160065575, 17.472857054685491 ], [ 78.531213696119067, 17.472937956019205 ], [ 78.531015781029211, 17.473039214936691 ], [ 78.531036590170103, 17.473244825109273 ], [ 78.531143666235607, 17.473363798332212 ], [ 78.531238843706049, 17.473577949051272 ], [ 78.531274535540703, 17.473827792809811 ], [ 78.531310227731552, 17.474018149670176 ], [ 78.531441098020153, 17.474184712330619 ], [ 78.531595762928774, 17.474291788159839 ], [ 78.531702838679465, 17.474529733831034 ], [ 78.531750429010472, 17.474720091063755 ], [ 78.531774223386876, 17.474946139354088 ], [ 78.531714736313461, 17.475077009680991 ], [ 78.531524379976034, 17.475243571888562 ], [ 78.531476788613986, 17.475314955802428 ], [ 78.531429200716502, 17.47541013356852 ], [ 78.531429200919817, 17.475552901951087 ], [ 78.531488688023487, 17.475778950851172 ], [ 78.531607661975485, 17.475945511845637 ], [ 78.531679045932719, 17.476100178793651 ], [ 78.531726633572305, 17.476314328769323 ], [ 78.53172663388689, 17.476421405011589 ], [ 78.531726633131655, 17.476633540963313 ], [ 78.531726634038733, 17.476683146003346 ], [ 78.53169094077515, 17.476873503100911 ], [ 78.531595762670221, 17.477004372678234 ], [ 78.531488687960504, 17.477147139957911 ], [ 78.531405035991057, 17.477230792625473 ], [ 78.531345919802973, 17.477289908302065 ], [ 78.531226947263164, 17.477373189941176 ], [ 78.531060384771223, 17.477575442887439 ], [ 78.530929514001983, 17.477801492035283 ], [ 78.530846233158456, 17.47806323264188 ], [ 78.530846231545851, 17.478301178725342 ], [ 78.530868906353078, 17.478466157898783 ], [ 78.531353236891022, 17.478726040649985 ], [ 78.531353640381951, 17.478726260297666 ], [ 78.532101616159366, 17.479136956155482 ], [ 78.532279957087624, 17.479022949316228 ], [ 78.532515558997417, 17.47887233202059 ], [ 78.532473919260909, 17.4786998211694 ], [ 78.532783248235262, 17.478485668909062 ], [ 78.53278549430695, 17.478301179338448 ], [ 78.532872478336913, 17.478128750867526 ], [ 78.532952055123019, 17.477872876363318 ], [ 78.533047233676427, 17.477742007148887 ], [ 78.53314241313943, 17.477587341382804 ], [ 78.533237591398873, 17.477480264058045 ], [ 78.533380359098288, 17.477408881300626 ], [ 78.53359451135394, 17.477385086653971 ], [ 78.533808662129744, 17.477349395327771 ], [ 78.533939531760737, 17.4772542161883 ], [ 78.53403471079821, 17.477135242960628 ], [ 78.534165581067896, 17.477016268973568 ], [ 78.534320245604164, 17.476873502713964 ], [ 78.534439218821447, 17.476778323807768 ], [ 78.534570090150382, 17.476695043446618 ] ] ] } },
{ "type": "Feature", "properties": { "FID": 707, "Descr_1": "Water Bodies", "Descr_2": "Reservoir/Tanks", "Descr_3": "Reservoir/Tanks", "PI_CODE": " ", "LU_Code": "WBRT", "Shape_Area": 0.35918620063099999 }, "geometry": { "type": "Polygon", "coordinates": [ [ [ 78.553000402914208, 17.499170390787722 ], [ 78.553368458117234, 17.499181384253781 ], [ 78.553593432961975, 17.499188101783894 ], [ 78.553783332762862, 17.499080224283087 ], [ 78.554569765314255, 17.498633464026206 ], [ 78.555144669310593, 17.498306869278906 ], [ 78.55526773441855, 17.498236958203456 ], [ 78.556216623424518, 17.497697908308471 ], [ 78.556496209369868, 17.497549191667908 ], [ 78.556368872921439, 17.496886217956767 ], [ 78.556190412618847, 17.496660169331946 ], [ 78.556059543440455, 17.496469812395549 ], [ 78.556009807574796, 17.496398318711204 ], [ 78.555869186226573, 17.4961961735839 ], [ 78.55571452068277, 17.496029611640331 ], [ 78.555583650772235, 17.495803562634247 ], [ 78.555262424412007, 17.495232492422844 ], [ 78.555069621721472, 17.494926669115799 ], [ 78.554985626240352, 17.494793433649058 ], [ 78.554917402079369, 17.494685214912067 ], [ 78.554606608362604, 17.493557150682481 ], [ 78.554596174753726, 17.493519280121149 ], [ 78.554132180168622, 17.492127296391672 ], [ 78.553977516236358, 17.490485467894523 ], [ 78.553823392546889, 17.489138932625234 ], [ 78.553654755313033, 17.488998194820915 ], [ 78.553488193397129, 17.488974401358721 ], [ 78.553369220223075, 17.489021990373598 ], [ 78.553214556351605, 17.489117166926832 ], [ 78.553036094858129, 17.489236141980371 ], [ 78.552893326980282, 17.489343216667837 ], [ 78.552774354431236, 17.489474087163931 ], [ 78.552679175874133, 17.489604958042786 ], [ 78.552500714733142, 17.489878596244505 ], [ 78.552417435546275, 17.490235515352609 ], [ 78.552417434993316, 17.490497255227179 ], [ 78.552453126616072, 17.490747099440863 ], [ 78.552500715861044, 17.49116350464173 ], [ 78.552429332666236, 17.491568012809154 ], [ 78.552384525113396, 17.491792050969003 ], [ 78.552381741962535, 17.491805957916792 ], [ 78.552381742861982, 17.492043904000802 ], [ 78.552393640608642, 17.492317542971204 ], [ 78.5524055394351, 17.492626872776153 ], [ 78.55240553838523, 17.492829126985836 ], [ 78.5522984624522, 17.493138456948593 ], [ 78.552155694025743, 17.493400197944919 ], [ 78.552060516639415, 17.493578658243152 ], [ 78.551990345768274, 17.493741485939495 ], [ 78.552108357434051, 17.49394430098884 ], [ 78.552359480681034, 17.494375886330708 ], [ 78.551318214800531, 17.494925988896952 ], [ 78.551098366740206, 17.49504213482177 ], [ 78.55102980423635, 17.495554723391312 ], [ 78.55084852259256, 17.496910012273421 ], [ 78.550954068447354, 17.497254925063615 ], [ 78.551084938301287, 17.497588049135157 ], [ 78.551168219062319, 17.497956866226744 ], [ 78.551168218445426, 17.498289990303867 ], [ 78.55115632125127, 17.498635012152185 ], [ 78.551168217558768, 17.498944341987308 ], [ 78.551287190757876, 17.499182286701817 ], [ 78.551406164133383, 17.499325056299568 ], [ 78.551548931174878, 17.499467823671527 ], [ 78.551727391979085, 17.499574899239175 ], [ 78.551889160853264, 17.499644229414258 ], [ 78.551941543341258, 17.499551105162386 ], [ 78.552060516278686, 17.499408336666654 ], [ 78.552274667801285, 17.49925367197099 ], [ 78.552441229326121, 17.499217980082189 ], [ 78.552762457305676, 17.499170391058399 ], [ 78.553000402914208, 17.499170390787722 ] ] ] } },
{ "type": "Feature", "properties": { "FID": 709, "Descr_1": "Water Bodies", "Descr_2": "Reservoir/Tanks", "Descr_3": "Reservoir/Tanks", "PI_CODE": " ", "LU_Code": "WBRT", "Shape_Area": 0.22107378315199999 }, "geometry": { "type": "Polygon", "coordinates": [ [ [ 78.608414213050565, 17.481068841079814 ], [ 78.608842517459863, 17.481080737609165 ], [ 78.609032874113041, 17.481080737290302 ], [ 78.609294614475274, 17.481009354572471 ], [ 78.609450126841594, 17.480984800279245 ], [ 78.609476467284992, 17.48088421662451 ], [ 78.609547914925386, 17.480756140723173 ], [ 78.609605071796068, 17.480689754631868 ], [ 78.609705095584786, 17.480594938950141 ], [ 78.609790828930727, 17.480552319754711 ], [ 78.609909902450468, 17.480509739744075 ], [ 78.610095655338228, 17.480495718074032 ], [ 78.610233778752615, 17.480500627072768 ], [ 78.610386190322913, 17.480519792850355 ], [ 78.610519549875107, 17.480553176222127 ], [ 78.610733876951201, 17.480629374713008 ], [ 78.610895813795537, 17.480662791671858 ], [ 78.610986308389784, 17.480667644692208 ], [ 78.61112443245753, 17.480653567044023 ], [ 78.611210165640216, 17.480615694510487 ], [ 78.611214933422616, 17.480473300254094 ], [ 78.611243515778497, 17.480326187324959 ], [ 78.611243518881963, 17.480236000750818 ], [ 78.611243521168831, 17.480169547485712 ], [ 78.611248285847637, 17.480117339803808 ], [ 78.611273888944709, 17.48009541499626 ], [ 78.611221978063114, 17.479974288899189 ], [ 78.610972133991254, 17.479843418883139 ], [ 78.610865058691203, 17.479760137844575 ], [ 78.610746085957231, 17.479712548904804 ], [ 78.610555728597319, 17.479653061569923 ], [ 78.610436755992652, 17.47960547335941 ], [ 78.610329679984005, 17.479545984804325 ], [ 78.610079836216741, 17.479331835378211 ], [ 78.609996556290909, 17.479189066012196 ], [ 78.60991327365835, 17.478927326346724 ], [ 78.609877582001346, 17.478772661336823 ], [ 78.609841891046301, 17.478487126055235 ], [ 78.60981809738702, 17.478213487790164 ], [ 78.609841889990548, 17.478058823313834 ], [ 78.609877581817202, 17.477892261304738 ], [ 78.609925171887269, 17.477773287344885 ], [ 78.610032247103646, 17.477547239118312 ], [ 78.610139324355785, 17.477333087237223 ], [ 78.610210706622155, 17.477154627939488 ], [ 78.61025829700128, 17.476999962860912 ], [ 78.610270193228686, 17.476785811089194 ], [ 78.610258295827109, 17.476595454441942 ], [ 78.610222604165259, 17.476464583934145 ], [ 78.610139323456579, 17.476321815314829 ], [ 78.610056042100894, 17.476214741286725 ], [ 78.609913274386116, 17.476071972884778 ], [ 78.609853788385138, 17.475869719798162 ], [ 78.609804628750638, 17.475563838148126 ], [ 78.608730129399859, 17.475219341713334 ], [ 78.608438009083002, 17.475322443357225 ], [ 78.608259549027977, 17.475405725042943 ], [ 78.608116780548471, 17.475524697197137 ], [ 78.607985912323201, 17.475643670054005 ], [ 78.607926423116382, 17.475810232166712 ], [ 78.607902629781336, 17.475988691223161 ], [ 78.607926424137744, 17.476167150636691 ], [ 78.607974013834337, 17.476345610680305 ], [ 78.608092988271466, 17.476762016954357 ], [ 78.608081088740136, 17.476976167692879 ], [ 78.607962116353391, 17.477142730436732 ], [ 78.607819348753267, 17.477237908613041 ], [ 78.607700376174236, 17.477273600840739 ], [ 78.607545710887095, 17.477333087029866 ], [ 78.607367250574882, 17.47736877869232 ], [ 78.607236381058698, 17.477404470763734 ], [ 78.607081716257369, 17.477452060220283 ], [ 78.60690325612542, 17.477511547009339 ], [ 78.606796180368718, 17.477571033260666 ], [ 78.606701002402033, 17.477701904125539 ], [ 78.606629617679928, 17.477880363116686 ], [ 78.60658202902107, 17.478106412084415 ], [ 78.606546336734311, 17.4783086672591 ], [ 78.606498749269363, 17.478499023376408 ], [ 78.606403568645291, 17.478689379616256 ], [ 78.606248905374926, 17.478879737846047 ], [ 78.60610613812905, 17.479022504913576 ], [ 78.605963369049917, 17.479105786284151 ], [ 78.60557075809605, 17.479224758708533 ], [ 78.605389759578983, 17.479178457225863 ], [ 78.605431891792861, 17.479480405290527 ], [ 78.60548699478521, 17.479625035184611 ], [ 78.605818144094314, 17.479604240921478 ], [ 78.605813854321354, 17.479622046518649 ], [ 78.605818614916473, 17.479688505381407 ], [ 78.605851954110278, 17.479717024537173 ], [ 78.605928161692191, 17.479674394146201 ], [ 78.606013895854744, 17.479608041641747 ], [ 78.606034445684315, 17.479590658431487 ], [ 78.606502048210416, 17.479561295694886 ], [ 78.606523524717957, 17.479594400623832 ], [ 78.606571151087621, 17.479665656529026 ], [ 78.606675931061091, 17.479765459579117 ], [ 78.606714031340118, 17.479846197612439 ], [ 78.606694972134918, 17.480069268325824 ], [ 78.606675916686655, 17.480183165817582 ], [ 78.606657224940506, 17.480270061031174 ], [ 78.606712898269222, 17.480319310961299 ], [ 78.606927051438618, 17.480700025615061 ], [ 78.607069817829867, 17.480914175771524 ], [ 78.607236380684242, 17.481092637405172 ], [ 78.607426737554434, 17.481152122227218 ], [ 78.607472869718819, 17.481145025089493 ], [ 78.607581401882186, 17.481128327135618 ], [ 78.607783657440052, 17.481080737795999 ], [ 78.608152472549179, 17.48106884082706 ], [ 78.608414213050565, 17.481068841079814 ] ] ] } },
{ "type": "Feature", "properties": { "FID": 710, "Descr_1": "Water Bodies", "Descr_2": "Reservoir/Tanks", "Descr_3": "Reservoir/Tanks", "PI_CODE": "Rampalli Cheruvu", "LU_Code": "WBRT", "Shape_Area": 0.52665229879800002 }, "geometry": { "type": "Polygon", "coordinates": [ [ [ 78.616030869406544, 17.469382514145789 ], [ 78.615828269038033, 17.469368247365811 ], [ 78.615697744118307, 17.469596665953041 ], [ 78.615569252602711, 17.469696604379212 ], [ 78.615526423075352, 17.469825095313279 ], [ 78.615526423183013, 17.469967861601631 ], [ 78.615569253389452, 17.470053522821054 ], [ 78.615783404528273, 17.470139184108504 ], [ 78.616183153586945, 17.470139184667563 ], [ 78.616276673194136, 17.470156719335939 ], [ 78.616143716478035, 17.469223502112545 ], [ 78.616030869406544, 17.469382514145789 ] ] ] } },
{ "type": "Feature", "properties": { "FID": 721, "Descr_1": "Water Bodies", "Descr_2": "Reservoir/Tanks", "Descr_3": "Reservoir/Tanks", "PI_CODE": " ", "LU_Code": "WBRT", "Shape_Area": 0.039039359868499997 }, "geometry": { "type": "Polygon", "coordinates": [ [ [ 78.59502465329264, 17.475335455909942 ], [ 78.594751015102446, 17.47533545571568 ], [ 78.594465479298734, 17.475335456354255 ], [ 78.594215635870299, 17.47538304601466 ], [ 78.593953895061276, 17.475442532960567 ], [ 78.593680255825646, 17.475478224260076 ], [ 78.593394722334097, 17.475537710113024 ], [ 78.593251954062367, 17.475620992193388 ], [ 78.593204365091921, 17.475716169829973 ], [ 78.593204365138874, 17.475816988270637 ], [ 78.593204364971285, 17.475858937701663 ], [ 78.593240057110648, 17.47604929511612 ], [ 78.593347133385677, 17.476203959236603 ], [ 78.593489900641202, 17.476418111001294 ], [ 78.5938559159205, 17.477049486855933 ], [ 78.594215635986387, 17.477227127777518 ], [ 78.594608245548187, 17.477286614104344 ], [ 78.594762912112955, 17.477286613888598 ], [ 78.594893781620669, 17.477239023993697 ], [ 78.595107933866075, 17.477131949766171 ], [ 78.595262598161355, 17.476941592134622 ], [ 78.595310188121232, 17.47676313290215 ], [ 78.595333982952596, 17.476489494862907 ], [ 78.595345880420211, 17.476251549074895 ], [ 78.595381571333334, 17.47598980794022 ], [ 78.595381570578624, 17.475763759740541 ], [ 78.595345880194955, 17.475573401794861 ], [ 78.595298291080383, 17.475454428984701 ], [ 78.595143625933588, 17.475347353675389 ], [ 78.59502465329264, 17.475335455909942 ] ] ] } },
{ "type": "Feature", "properties": { "FID": 726, "Descr_1": "Water Bodies", "Descr_2": "River/Stream/Drain", "Descr_3": "River/Stream/Drain", "PI_CODE": " ", "LU_Code": "WBRS", "Shape_Area": 0.0533484681595 }, "geometry": { "type": "Polygon", "coordinates": [ [ [ 78.494817189543753, 17.380153464032244 ], [ 78.49470382024829, 17.380142126886295 ], [ 78.494518221273083, 17.38011357268589 ], [ 78.494275515069916, 17.380070742730958 ], [ 78.494061364155215, 17.380042190267655 ], [ 78.493818660033952, 17.379999358908098 ], [ 78.493433187177715, 17.379899421596178 ], [ 78.493219035397232, 17.379656716738786 ], [ 78.493079386914616, 17.379543669340944 ], [ 78.492919222638605, 17.379414011133242 ], [ 78.492776456035855, 17.379342627889514 ], [ 78.492619411175781, 17.379328350850408 ], [ 78.492319599097527, 17.379314073996014 ], [ 78.49194240794084, 17.379230255276546 ], [ 78.491754724662385, 17.380874209292656 ], [ 78.491880012301749, 17.380939778417652 ], [ 78.492015639784597, 17.380989746285284 ], [ 78.492115576765954, 17.380996884326734 ], [ 78.492361851987226, 17.381032577353764 ], [ 78.492519753627619, 17.381104707822018 ], [ 78.492574909189116, 17.381129902310345 ], [ 78.492747902084133, 17.381013010410364 ], [ 78.493104820997232, 17.381070116775714 ], [ 78.493318971976677, 17.381198608220295 ], [ 78.493400756095198, 17.381227509233774 ], [ 78.494510004081164, 17.381619500317001 ], [ 78.494739334675543, 17.381700541079823 ], [ 78.494817189543753, 17.380153464032244 ] ] ] } },
{ "type": "Feature", "properties": { "FID": 727, "Descr_1": "Water Bodies", "Descr_2": "River/Stream/Drain", "Descr_3": "River/Stream/Drain", "PI_CODE": " ", "LU_Code": "WBRS", "Shape_Area": 0.122715796125 }, "geometry": { "type": "Polygon", "coordinates": [ [ [ 78.469050969398992, 17.369228992075008 ], [ 78.46901660583643, 17.370199819133791 ], [ 78.469191238321116, 17.370248327767008 ], [ 78.469862246002634, 17.370391097082592 ], [ 78.471283995055998, 17.370845395986052 ], [ 78.471710467609981, 17.370941608719956 ], [ 78.471868771707861, 17.370977323171566 ], [ 78.472570712767734, 17.371137936387861 ], [ 78.473998389806894, 17.371482958438158 ], [ 78.474985866258876, 17.371827980285204 ], [ 78.475551283989248, 17.372116347689175 ], [ 78.475881876325758, 17.372234091135557 ], [ 78.476159947266311, 17.372333128816447 ], [ 78.476832053263337, 17.37059528284 ], [ 78.476426367712165, 17.370469380802675 ], [ 78.476423105632747, 17.370468369251089 ], [ 78.475661418179655, 17.370279913572311 ], [ 78.475327869444129, 17.370234051406598 ], [ 78.473901853706806, 17.370000278403101 ], [ 78.473876396825617, 17.369996104917977 ], [ 78.472638046961848, 17.369803308142455 ], [ 78.471889547194863, 17.369686775066846 ], [ 78.470448740345688, 17.369469668354011 ], [ 78.470152540454819, 17.369425035969588 ], [ 78.469050969398992, 17.369228992075008 ] ] ] } },
{ "type": "Feature", "properties": { "FID": 728, "Descr_1": "Water Bodies", "Descr_2": "River/Stream/Drain", "Descr_3": "River/Stream/Drain", "PI_CODE": " ", "LU_Code": "WBRS", "Shape_Area": 0.140539748273 }, "geometry": { "type": "Polygon", "coordinates": [ [ [ 78.467306705404667, 17.37010556036773 ], [ 78.467749284851337, 17.370048453168913 ], [ 78.46827752445796, 17.370034176312096 ], [ 78.468658098584768, 17.37010213642041 ], [ 78.468668226068417, 17.369151730837892 ], [ 78.468177588931539, 17.369008628749732 ], [ 78.467903950038817, 17.368842066878031 ], [ 78.467725490067153, 17.36879447790772 ], [ 78.467416160005811, 17.368758785313467 ], [ 78.467225802834065, 17.368734991345498 ], [ 78.467035446737867, 17.368770684434637 ], [ 78.466892677966456, 17.368794476233298 ], [ 78.46682134419305, 17.368826181995971 ], [ 78.466785602983137, 17.368842066583746 ], [ 78.466642835792996, 17.368853963865014 ], [ 78.46636919824482, 17.368877758741899 ], [ 78.466047971372674, 17.368842067178711 ], [ 78.465836160830364, 17.368811808768108 ], [ 78.465798127821799, 17.368806375345184 ], [ 78.465548282719226, 17.368794477364236 ], [ 78.465203262356866, 17.368758785039855 ], [ 78.464727368846013, 17.368723094437428 ], [ 78.464227682334524, 17.3685684277864 ], [ 78.463255506844973, 17.368270147267623 ], [ 78.463180720419828, 17.368247200644895 ], [ 78.46271672585813, 17.368092536359914 ], [ 78.462407395246515, 17.367997358249912 ], [ 78.462217037827472, 17.367925974140778 ], [ 78.462002886669865, 17.367878385964456 ], [ 78.461753042548679, 17.367807000789494 ], [ 78.461562686350121, 17.367747514998022 ], [ 78.461360431704847, 17.367676131043996 ], [ 78.461193870044056, 17.367640439061102 ], [ 78.461062999374221, 17.367640439113426 ], [ 78.460801259655412, 17.367592849724989 ], [ 78.460503825658066, 17.367557157895614 ], [ 78.460230188083884, 17.367473877391632 ], [ 78.459944653466223, 17.367366799573027 ], [ 78.459706707244692, 17.367259725274934 ], [ 78.459468760787118, 17.367176444890017 ], [ 78.459278403996109, 17.367116957924953 ], [ 78.459004765785096, 17.367069367098811 ], [ 78.458731129264223, 17.367033675746946 ], [ 78.458635004246972, 17.367022995821969 ], [ 78.458196871057083, 17.368181608596405 ], [ 78.458512216679779, 17.368221027173355 ], [ 78.458926243446598, 17.368278134442694 ], [ 78.459283163373641, 17.368278134057391 ], [ 78.459654359031916, 17.368320964664331 ], [ 78.459939893548196, 17.368349518051577 ], [ 78.460253982776479, 17.368406624365754 ], [ 78.460539516590842, 17.368492285851143 ], [ 78.462509711183912, 17.369163293983377 ], [ 78.463694684358487, 17.369577320350267 ], [ 78.464037326586521, 17.369805747809327 ], [ 78.464365691430771, 17.36990568466581 ], [ 78.464751164433835, 17.370005623823687 ], [ 78.465050975762225, 17.370005622680722 ], [ 78.465864752320869, 17.370105561212537 ], [ 78.466121733575847, 17.370105560078642 ], [ 78.466507206577404, 17.37011983728323 ], [ 78.466878401717295, 17.370119837139598 ], [ 78.467306705404667, 17.37010556036773 ] ] ] } },
{ "type": "Feature", "properties": { "FID": 729, "Descr_1": "Water Bodies", "Descr_2": "River/Stream/Drain", "Descr_3": "River/Stream/Drain", "PI_CODE": " ", "LU_Code": "WBRS", "Shape_Area": 0.60789171055900004 }, "geometry": { "type": "Polygon", "coordinates": [ [ [ 78.435606073606493, 17.374642618215429 ], [ 78.435796431112038, 17.374699726098299 ], [ 78.436043894572151, 17.374728277195416 ], [ 78.436367501718905, 17.374652134804315 ], [ 78.436624483776342, 17.374575993008197 ], [ 78.436795805196468, 17.37439515511252 ], [ 78.436890982818426, 17.374176241997752 ], [ 78.437119411101349, 17.373909744444017 ], [ 78.43751916082816, 17.373595655165655 ], [ 78.437690480584948, 17.373471922623782 ], [ 78.437852285233234, 17.373329155785754 ], [ 78.437976016752202, 17.373176869745638 ], [ 78.438194927552772, 17.373015065130858 ], [ 78.438290105964342, 17.372976994860043 ], [ 78.438413838664175, 17.372957959288055 ], [ 78.438842345894315, 17.372966580264531 ], [ 78.43906055789482, 17.372804320041457 ], [ 78.439770336322567, 17.372276533632718 ], [ 78.440509330667012, 17.371670802423573 ], [ 78.440925958111237, 17.371329305252821 ], [ 78.440878960078379, 17.371149568913772 ], [ 78.440869441968047, 17.370806926098432 ], [ 78.441021728353334, 17.370445247754557 ], [ 78.44125015602016, 17.370055016953881 ], [ 78.441459548418621, 17.369664784654045 ], [ 78.441640387030958, 17.369312624904214 ], [ 78.441802191431563, 17.369055643289713 ], [ 78.441944957866255, 17.368836732684077 ], [ 78.44213531474422, 17.368674927936691 ], [ 78.442316153619672, 17.368570231868819 ], [ 78.442458921801446, 17.368475054902664 ], [ 78.442620724058145, 17.36826566277993 ], [ 78.443115652834706, 17.36774218130185 ], [ 78.443462968850014, 17.367505711186766 ], [ 78.443562992016211, 17.36743761009453 ], [ 78.443829491203203, 17.367294840837239 ], [ 78.444076954920263, 17.367075931871419 ], [ 78.444238759005728, 17.366857020579509 ], [ 78.444333936766597, 17.366542931211676 ], [ 78.444543330385144, 17.3660765578806 ], [ 78.444672066766969, 17.365791982395052 ], [ 78.444724169417242, 17.365676808425377 ], [ 78.445057291848173, 17.365143810238145 ], [ 78.445314275097161, 17.36477261279687 ], [ 78.445523667772036, 17.364506113571981 ], [ 78.445714023872455, 17.364325275972838 ], [ 78.445894863762589, 17.364153953421479 ], [ 78.446123293319403, 17.363963597398623 ], [ 78.44638027532821, 17.363716132736375 ], [ 78.446608702271135, 17.363544810991787 ], [ 78.446932309171274, 17.363259276277777 ], [ 78.447113147425242, 17.363116508067435 ], [ 78.447227360777944, 17.362973741342202 ], [ 78.447398683888139, 17.362678687809517 ], [ 78.447531932595609, 17.362440741844171 ], [ 78.447665182693981, 17.362193277906428 ], [ 78.447912645880834, 17.361917260424438 ], [ 78.448045896084309, 17.361764975059138 ], [ 78.448445645849603, 17.361498475236832 ], [ 78.448816841794468, 17.361289081585742 ], [ 78.449140448399021, 17.361117760679694 ], [ 78.449483091039113, 17.360955957665489 ], [ 78.449835250673743, 17.360822709340322 ], [ 78.449999999719893, 17.360792198623408 ], [ 78.450303076946611, 17.360740001656701 ], [ 78.450560059350281, 17.360740002254186 ], [ 78.450817039882068, 17.360740001616328 ], [ 78.451074022285823, 17.360740001594209 ], [ 78.451388111939991, 17.360782832294905 ], [ 78.451645092807595, 17.360839938890596 ], [ 78.451859244312601, 17.360996983941039 ], [ 78.45208767320419, 17.36115402828889 ], [ 78.452401761896084, 17.361411009426039 ], [ 78.452615913020068, 17.361596608214242 ], [ 78.452815787932153, 17.361739376379298 ], [ 78.452987109914801, 17.361882142723079 ], [ 78.453158430417801, 17.362110569832659 ], [ 78.453329751084922, 17.362324723124054 ], [ 78.453719026799902, 17.36271770033316 ], [ 78.454124733622209, 17.363269429834123 ], [ 78.45434340216768, 17.363566802027755 ], [ 78.454543276290764, 17.363838060148762 ], [ 78.45485736511219, 17.364280639848712 ], [ 78.455001205344701, 17.364555241964261 ], [ 78.455014410395563, 17.364580451246589 ], [ 78.455185730711449, 17.364965925302172 ], [ 78.455342774631148, 17.365322844445913 ], [ 78.455485543891541, 17.365651208743792 ], [ 78.455614034109217, 17.366008128988351 ], [ 78.455771078138312, 17.366307941368145 ], [ 78.455899567767418, 17.366536368840706 ], [ 78.456099442867384, 17.366793350573577 ], [ 78.456370700570062, 17.367064609079403 ], [ 78.456770452105317, 17.367350144551924 ], [ 78.457127371336526, 17.367607126300655 ], [ 78.45755567444823, 17.367892662154055 ], [ 78.457841209026483, 17.368049705331011 ], [ 78.457937011412497, 17.368087193807032 ], [ 78.45833724062642, 17.366981124392439 ], [ 78.458324358911341, 17.3669038371137 ], [ 78.458262493427682, 17.366799140960257 ], [ 78.458181591264818, 17.366722998637275 ], [ 78.458062617947647, 17.366623060832385 ], [ 78.457938887187169, 17.366523122360054 ], [ 78.457834189625103, 17.366423186240468 ], [ 78.45775804677011, 17.366299454149427 ], [ 78.45756519171519, 17.365986713318563 ], [ 78.457561882130989, 17.365975336638776 ], [ 78.457341245018029, 17.365655413120741 ], [ 78.456960530541465, 17.365048651011385 ], [ 78.456603612199856, 17.364453784759142 ], [ 78.456383511339169, 17.363954098136769 ], [ 78.456270486701357, 17.363597179009208 ], [ 78.456068233360327, 17.362877392411121 ], [ 78.455996849247228, 17.362639444693531 ], [ 78.455931413571349, 17.362484780989046 ], [ 78.455760688719934, 17.362211040659645 ], [ 78.455637827770957, 17.362167677891193 ], [ 78.455423677362091, 17.362108192110789 ], [ 78.455197627728595, 17.361917834677005 ], [ 78.455019169192909, 17.361703683212657 ], [ 78.454900196088275, 17.361596608352645 ], [ 78.454686044120663, 17.361465737215426 ], [ 78.45449568719792, 17.36133486659752 ], [ 78.454364817026132, 17.361192098756668 ], [ 78.454329123889011, 17.361013639757797 ], [ 78.454233945572284, 17.36076379605133 ], [ 78.45411497276973, 17.360573439869601 ], [ 78.453948410082191, 17.360418775208057 ], [ 78.453674773071981, 17.360276006549128 ], [ 78.453413032188436, 17.36014513688745 ], [ 78.452675399376872, 17.359812011686337 ], [ 78.452413658927526, 17.359728732027673 ], [ 78.452104329104088, 17.359621654846883 ], [ 78.45173551177065, 17.359538374286998 ], [ 78.45146187428351, 17.359478888103649 ], [ 78.451188236405983, 17.359443195842406 ], [ 78.450902700576023, 17.359419401599261 ], [ 78.450640959836576, 17.359359914014565 ], [ 78.450426809077626, 17.359288531369092 ], [ 78.450404228683979, 17.359279499045822 ], [ 78.45030783684507, 17.359240941318564 ], [ 78.450000000265007, 17.359199602596895 ], [ 78.449854287028174, 17.359233228241667 ], [ 78.449521163228809, 17.359318890395027 ], [ 78.449311770114349, 17.359328406352638 ], [ 78.449140447939854, 17.359356959855226 ], [ 78.449007199046619, 17.359423585001434 ], [ 78.448835876611156, 17.359604423660109 ], [ 78.448569378016757, 17.359813816617262 ], [ 78.448417093294537, 17.359966101840826 ], [ 78.448131555785963, 17.360137422029698 ], [ 78.447846021740332, 17.360270673014782 ], [ 78.447655665371101, 17.360422959094024 ], [ 78.447493861807914, 17.360632351084764 ], [ 78.447370128824517, 17.360851263096663 ], [ 78.44728446942193, 17.361079689800292 ], [ 78.447170254756145, 17.3613081176379 ], [ 78.447065558154492, 17.361450886125922 ], [ 78.446932308996949, 17.361584136952487 ], [ 78.446818094365355, 17.361726902680584 ], [ 78.446380273959733, 17.362183760142425 ], [ 78.446151844922312, 17.362383635356153 ], [ 78.445847273733918, 17.362650134045467 ], [ 78.445685471011444, 17.36285000934334 ], [ 78.445542701770009, 17.363059401399433 ], [ 78.445342827598736, 17.363335418661272 ], [ 78.445171506958587, 17.363544811420574 ], [ 78.445140649076663, 17.363568656299854 ], [ 78.444962115345561, 17.363706613749848 ], [ 78.444762239300459, 17.36385889977581 ], [ 78.444562364809272, 17.364001667747377 ], [ 78.444391043631882, 17.364163471345783 ], [ 78.444324418735192, 17.36432527509514 ], [ 78.444257793765331, 17.364515630632475 ], [ 78.444153098024444, 17.364677435103275 ], [ 78.443924670438733, 17.364839238097318 ], [ 78.442458922276131, 17.366457272091054 ], [ 78.442417722246404, 17.366508230027708 ], [ 78.440650531288725, 17.368693964185475 ], [ 78.440116509698825, 17.369361490168494 ], [ 78.439927174203817, 17.369598159882639 ], [ 78.439698746807281, 17.369883693858661 ], [ 78.439565496721329, 17.369997910319039 ], [ 78.43944176495819, 17.370178748307261 ], [ 78.439327550393841, 17.37031199898491 ], [ 78.43919061705715, 17.370461972898433 ], [ 78.439127675638957, 17.370530908023781 ], [ 78.43892780236061, 17.370711748176483 ], [ 78.438575640866333, 17.37111149792959 ], [ 78.438309142139687, 17.371282818562705 ], [ 78.437966498553493, 17.371530282829074 ], [ 78.437680964135978, 17.371758710954779 ], [ 78.43669110844553, 17.37254869235834 ], [ 78.436053413463824, 17.372843745790366 ], [ 78.435848188354299, 17.372941895943661 ], [ 78.43561559234864, 17.373053139027704 ], [ 78.435320538673722, 17.373233976960357 ], [ 78.435144999723519, 17.373328863442271 ], [ 78.434968378816862, 17.37342433333118 ], [ 78.434597183010652, 17.373605173071763 ], [ 78.434273575862406, 17.373757458257231 ], [ 78.433921416003457, 17.373909744219738 ], [ 78.433597809865233, 17.374023957917522 ], [ 78.433188541781064, 17.374090582691242 ], [ 78.432893488977442, 17.374090582757585 ], [ 78.432598435588673, 17.374052511038126 ], [ 78.432293862693285, 17.373957333082284 ], [ 78.432046399059985, 17.373833600973366 ], [ 78.431837008114243, 17.373709869084987 ], [ 78.431609031722331, 17.373571454096613 ], [ 78.431570507105732, 17.373548064751645 ], [ 78.431313526082661, 17.373395780348822 ], [ 78.431037510432617, 17.373233976561529 ], [ 78.430942947441324, 17.373184944954563 ], [ 78.430780526112343, 17.373100727143424 ], [ 78.430494992446867, 17.37291988810745 ], [ 78.430304634912972, 17.372815190683738 ], [ 78.430019101318209, 17.372710494682753 ], [ 78.429431560994075, 17.372540835933961 ], [ 78.429425088672929, 17.373403606010136 ], [ 78.430809080807606, 17.374004921671677 ], [ 78.431808454394627, 17.374423707394449 ], [ 78.432646025211511, 17.374747314357194 ], [ 78.432874452730701, 17.374804419763308 ], [ 78.433140952833398, 17.374880562689597 ], [ 78.433369381351952, 17.374975741637229 ], [ 78.433493113225879, 17.375004296292325 ], [ 78.433683469644336, 17.375042366750339 ], [ 78.433949969172673, 17.375032849008097 ], [ 78.434197433289881, 17.375032848737238 ], [ 78.434492485586887, 17.374975741626212 ], [ 78.434787539573122, 17.374899597546385 ], [ 78.435130181981776, 17.374709242045061 ], [ 78.435396681629328, 17.37464261727694 ], [ 78.435606073606493, 17.374642618215429 ] ] ] } },
{ "type": "Feature", "properties": { "FID": 730, "Descr_1": "Water Bodies", "Descr_2": "River/Stream/Drain", "Descr_3": "River/Stream/Drain", "PI_CODE": " ", "LU_Code": "WBRS", "Shape_Area": 0.62840197919100005 }, "geometry": { "type": "MultiPolygon", "coordinates": [ [ [ [ 78.382084000687371, 17.373705467723671 ], [ 78.382375549601321, 17.373658444169255 ], [ 78.382099042000732, 17.373677120000028 ], [ 78.38189345301916, 17.373705467985957 ], [ 78.382084000687371, 17.373705467723671 ] ] ], [ [ [ 78.400000001440006, 17.372723457266996 ], [ 78.40027548020467, 17.37326847780859 ], [ 78.400389693999642, 17.373439798742403 ], [ 78.400570533115925, 17.373630155587549 ], [ 78.400732337383715, 17.37375388963676 ], [ 78.400817997050879, 17.373830032108177 ], [ 78.400960764941217, 17.373868103095941 ], [ 78.401094015317426, 17.373868104214313 ], [ 78.401217747558704, 17.373858585440924 ], [ 78.40140810298422, 17.37383003175318 ], [ 78.40159846116785, 17.373801478832075 ], [ 78.401769782450572, 17.373782441558802 ], [ 78.401960139442792, 17.373706299899631 ], [ 78.402112423870577, 17.373630156772101 ], [ 78.402207602695867, 17.37356353177649 ], [ 78.402312298994417, 17.373487388957887 ], [ 78.402416996280294, 17.373401729139701 ], [ 78.402550244844861, 17.373306549801288 ], [ 78.402702530162259, 17.373192335707831 ], [ 78.402940477055381, 17.373021014880681 ], [ 78.403121317055451, 17.372887764939506 ], [ 78.403207711690143, 17.372834598388085 ], [ 78.402598867000705, 17.37283406100001 ], [ 78.401930346000739, 17.372879283000049 ], [ 78.40121403000083, 17.372978125999929 ], [ 78.40059446000069, 17.372888326999902 ], [ 78.399991558375831, 17.372712573166794 ], [ 78.400000001440006, 17.372723457266996 ] ] ] ] } },
{ "type": "Feature", "properties": { "FID": 731, "Descr_1": "Water Bodies", "Descr_2": "River/Stream/Drain", "Descr_3": "River/Stream/Drain", "PI_CODE": " ", "LU_Code": "WBRS", "Shape_Area": 0.12334962565599999 }, "geometry": { "type": "Polygon", "coordinates": [ [ [ 78.481216319626782, 17.373698547385082 ], [ 78.481387642015491, 17.373755653871569 ], [ 78.481530409046357, 17.37387938622491 ], [ 78.481654140921549, 17.374088776692563 ], [ 78.481895540111324, 17.374307892781303 ], [ 78.481896248185691, 17.374307361764995 ], [ 78.482096121772685, 17.374036103916829 ], [ 78.482410211237806, 17.373750568449545 ], [ 78.482642496682374, 17.373631964354203 ], [ 78.482557767802064, 17.373461553714311 ], [ 78.48183400261567, 17.372923973161623 ], [ 78.481610330986427, 17.372785964169594 ], [ 78.480948842280299, 17.372419526925476 ], [ 78.48038728943871, 17.372186339389788 ], [ 78.479559237371589, 17.371862732589584 ], [ 78.479021479117279, 17.37171520606287 ], [ 78.478545586831828, 17.371581954608832 ], [ 78.478226738784969, 17.371467742092371 ], [ 78.477822230099022, 17.371234554591311 ], [ 78.477441517860512, 17.370982332429666 ], [ 78.477165498976319, 17.370772939713429 ], [ 78.476316009536916, 17.3723887130515 ], [ 78.477000628847563, 17.372632547857986 ], [ 78.478314092121465, 17.37314651203328 ], [ 78.478799502242353, 17.373360663373845 ], [ 78.478935985367855, 17.373502128127484 ], [ 78.479061001960218, 17.373557915655464 ], [ 78.47952856553411, 17.37396123533399 ], [ 78.479682041051646, 17.374100434432361 ], [ 78.479856930584262, 17.374275323715416 ], [ 78.480449720560173, 17.375021891977465 ], [ 78.480868321221735, 17.374878431806017 ], [ 78.481396561315137, 17.374678557089293 ], [ 78.481410673065426, 17.374668158695982 ], [ 78.481359088386498, 17.374479009151848 ], [ 78.48128294508922, 17.374307687981304 ], [ 78.481244873572379, 17.374212510018719 ], [ 78.48112114189037, 17.374022153147095 ], [ 78.481035480560351, 17.373860350383364 ], [ 78.481064034973315, 17.373727099708066 ], [ 78.481216319626782, 17.373698547385082 ] ] ] } },
{ "type": "Feature", "properties": { "FID": 732, "Descr_1": "Water Bodies", "Descr_2": "River/Stream/Drain", "Descr_3": "River/Stream/Drain", "PI_CODE": " ", "LU_Code": "WBRS", "Shape_Area": 0.22704061412599999 }, "geometry": { "type": "Polygon", "coordinates": [ [ [ 78.491720291377263, 17.379169425431467 ], [ 78.491520100339571, 17.379114200321251 ], [ 78.491177457975809, 17.379042814573804 ], [ 78.490477896685903, 17.378928602373943 ], [ 78.490220914594261, 17.378914324202125 ], [ 78.48986399382477, 17.378885771679155 ], [ 78.489578459923521, 17.378871495181627 ], [ 78.489292925052382, 17.378914325038728 ], [ 78.489035943932649, 17.378914325300197 ], [ 78.488878899748528, 17.378871494841405 ], [ 78.488793238778442, 17.378785834360979 ], [ 78.488679023701991, 17.378585959885168 ], [ 78.488579086768894, 17.378457469023498 ], [ 78.488407764708057, 17.37842891465521 ], [ 78.488279274363478, 17.378443191885037 ], [ 78.48813650805522, 17.378528852243733 ], [ 78.487979461792847, 17.378571683037425 ], [ 78.487879525168381, 17.378571683417622 ], [ 78.487693928462846, 17.378557405821951 ], [ 78.487308453588909, 17.37840036136722 ], [ 78.486980088914791, 17.378143380269425 ], [ 78.486130620584191, 17.377289152612519 ], [ 78.486028361734455, 17.377166777371183 ], [ 78.485404886330926, 17.376420649394067 ], [ 78.484798122841667, 17.37584957932803 ], [ 78.4839296202437, 17.374814513332346 ], [ 78.483180090189819, 17.374064984307786 ], [ 78.482870374985495, 17.373834498199194 ], [ 78.482752854354956, 17.373964719564245 ], [ 78.48249587176295, 17.374078932872656 ], [ 78.482084535675554, 17.374479444330589 ], [ 78.482272801324029, 17.374650330976539 ], [ 78.48240605117762, 17.37478358036768 ], [ 78.482586890164853, 17.374926348076684 ], [ 78.482756864775936, 17.375051593050731 ], [ 78.482767727545308, 17.375059597791399 ], [ 78.482929531209123, 17.375221402397415 ], [ 78.483110370999526, 17.375430794300907 ], [ 78.483329282931052, 17.375697295038488 ], [ 78.483681441982071, 17.375973310687943 ], [ 78.483900352067252, 17.37614463177864 ], [ 78.484384737691457, 17.376555904077513 ], [ 78.484404798306059, 17.376572934655854 ], [ 78.484661779617369, 17.37673473905263 ], [ 78.484804548026474, 17.376858470827504 ], [ 78.485109120034281, 17.377067862864958 ], [ 78.485594529217579, 17.377543756187634 ], [ 78.485600775426178, 17.377549922117922 ], [ 78.486336920311203, 17.378276630289495 ], [ 78.486717634327434, 17.378704932309684 ], [ 78.486984133622116, 17.379076127779648 ], [ 78.487022205100487, 17.379266485096572 ], [ 78.486946061621381, 17.379333110262774 ], [ 78.4868794379951, 17.379371181976129 ], [ 78.485937171962902, 17.379913698654374 ], [ 78.485613564387421, 17.380018396113691 ], [ 78.485375617726064, 17.379989841272533 ], [ 78.485194779279496, 17.379904182161546 ], [ 78.484918761960017, 17.379751894639138 ], [ 78.484652261727902, 17.379599610377561 ], [ 78.484357209322425, 17.379494913726479 ], [ 78.483986013178892, 17.379361663756125 ], [ 78.483529155641236, 17.379057093084956 ], [ 78.483091335630263, 17.378505057991298 ], [ 78.482948568090137, 17.378295664995385 ], [ 78.482843872063384, 17.37810530790566 ], [ 78.482830861671005, 17.378083624995647 ], [ 78.482829581416141, 17.378081490035331 ], [ 78.482758210343164, 17.377962540850028 ], [ 78.482691585938539, 17.37773411108445 ], [ 78.48264399560216, 17.377591346213237 ], [ 78.482605925734319, 17.37745809474756 ], [ 78.482602669413211, 17.377445070583789 ], [ 78.482501229464134, 17.377296290813238 ], [ 78.482329907956228, 17.377096418322818 ], [ 78.482158586700038, 17.376925096373803 ], [ 78.482020694339823, 17.376770978665498 ], [ 78.481996785184236, 17.376744256632257 ], [ 78.481863533578391, 17.376572934967729 ], [ 78.481711248219653, 17.376392096010775 ], [ 78.481644623102866, 17.376239810899797 ], [ 78.481587515929959, 17.376039935979421 ], [ 78.481554485301686, 17.375896803400931 ], [ 78.481530409241458, 17.375792471987779 ], [ 78.48149233778112, 17.375640186377534 ], [ 78.481454266366342, 17.375373687028294 ], [ 78.481425712951733, 17.375164294680911 ], [ 78.481425713438128, 17.374992973172393 ], [ 78.481425713155261, 17.374910719377219 ], [ 78.481325176940871, 17.374949815705236 ], [ 78.480925427960585, 17.375149691068849 ], [ 78.480696999701408, 17.375306735175531 ], [ 78.480684169297191, 17.375317158764197 ], [ 78.480709967614999, 17.375349650853092 ], [ 78.481470206710981, 17.376788034964374 ], [ 78.482159060231908, 17.378169312030732 ], [ 78.482264882764966, 17.378369198092503 ], [ 78.482480287275337, 17.378776073901808 ], [ 78.482785830530403, 17.379331262104706 ], [ 78.483252799162628, 17.379851768788793 ], [ 78.483559155410788, 17.380101613235471 ], [ 78.483892278893848, 17.380330636567081 ], [ 78.484159967958959, 17.380452583038227 ], [ 78.484386016885139, 17.380526940758937 ], [ 78.48470427045973, 17.380595350982098 ], [ 78.485245596669529, 17.38062806668292 ], [ 78.485653079788946, 17.380610222362876 ], [ 78.486191432749308, 17.380598324730702 ], [ 78.486866723837096, 17.380575372067621 ], [ 78.487065747672887, 17.380484768724713 ], [ 78.487237070701426, 17.380327725049188 ], [ 78.487494052358414, 17.380184957429261 ], [ 78.487879525165695, 17.380127849807607 ], [ 78.488207890970727, 17.380184955748533 ], [ 78.488393488654552, 17.380299170991119 ], [ 78.48855053336861, 17.380441938974695 ], [ 78.48877820163959, 17.38057945488573 ], [ 78.489488652250898, 17.380604272962824 ], [ 78.490330982168331, 17.380632826632514 ], [ 78.491237555605679, 17.380697072923436 ], [ 78.491498106921512, 17.380739904204088 ], [ 78.491720291377263, 17.379169425431467 ] ] ] } },
{ "type": "Feature", "properties": { "FID": 733, "Descr_1": "Water Bodies", "Descr_2": "River/Stream/Drain", "Descr_3": "River/Stream/Drain", "PI_CODE": " ", "LU_Code": "WBRS", "Shape_Area": 1.0674075681099999 }, "geometry": { "type": "Polygon", "coordinates": [ [ [ 78.495518852595254, 17.380214349561626 ], [ 78.49551759510922, 17.380213510800697 ], [ 78.495416780564426, 17.380197592818977 ], [ 78.495246335590025, 17.380170679723722 ], [ 78.495075108928745, 17.380170679751188 ], [ 78.495007391004947, 17.381795267420348 ], [ 78.495217781677098, 17.381869615059003 ], [ 78.496488415725665, 17.382440685634894 ], [ 78.496745396830192, 17.38262628419638 ], [ 78.496902440918888, 17.382769052114799 ], [ 78.4972022531894, 17.383154525417627 ], [ 78.497430680560967, 17.383340122878153 ], [ 78.497987475333517, 17.383811256173068 ], [ 78.498087411632909, 17.383982578035685 ], [ 78.498201627423668, 17.384168175187067 ], [ 78.498344393606331, 17.384382325556398 ], [ 78.498458608908464, 17.384567924335101 ], [ 78.498558546944977, 17.384739245929897 ], [ 78.498701314643768, 17.384867736165194 ], [ 78.498929742310651, 17.385067610745015 ], [ 78.499172448029668, 17.385224655570799 ], [ 78.499386598240903, 17.385338869820224 ], [ 78.499543641957985, 17.385338870099716 ], [ 78.499657857148804, 17.385324593404437 ], [ 78.499814901217377, 17.385367422949408 ], [ 78.500000000402267, 17.385515501741061 ], [ 78.500000000834234, 17.385515699787561 ], [ 78.50000019453482, 17.38551564768775 ], [ 78.500329675963926, 17.385764455081183 ], [ 78.500422260916139, 17.385819383630452 ], [ 78.500527209414884, 17.385880441746529 ], [ 78.500650414875778, 17.385971599315031 ], [ 78.500798341820015, 17.386075016834809 ], [ 78.501008481285012, 17.386179213007686 ], [ 78.501199632675295, 17.386307068316615 ], [ 78.501384889906973, 17.386410950844859 ], [ 78.501601331340254, 17.386509250918184 ], [ 78.501861808963355, 17.386572256072217 ], [ 78.502376543107673, 17.38669818532037 ], [ 78.503170988077656, 17.386845536869558 ], [ 78.503543771756654, 17.386886047119983 ], [ 78.503879310080364, 17.386920116180612 ], [ 78.503989225806563, 17.3869416466178 ], [ 78.504448729419067, 17.38714440338876 ], [ 78.504771759365951, 17.387182199621154 ], [ 78.504982224163697, 17.387262499303823 ], [ 78.505281356938653, 17.387412906383606 ], [ 78.505345241139509, 17.38750118976666 ], [ 78.505424973032191, 17.387611373261691 ], [ 78.505462971342993, 17.387785589226798 ], [ 78.505385400123544, 17.387999696859954 ], [ 78.505156252302854, 17.388379193095371 ], [ 78.504641730126281, 17.389396306327146 ], [ 78.504829456172416, 17.38956810330335 ], [ 78.504856984191989, 17.389583934365206 ], [ 78.504905422953101, 17.389439495842755 ], [ 78.504994628829195, 17.389285278412675 ], [ 78.505121807973879, 17.389083738859881 ], [ 78.505261592200412, 17.388870408933627 ], [ 78.505401699058794, 17.388633186397524 ], [ 78.505528716369682, 17.388443593251001 ], [ 78.505655733424518, 17.388254000917065 ], [ 78.505808930411007, 17.387969144929205 ], [ 78.505849010192563, 17.387766517425597 ], [ 78.505783382648744, 17.387374080114625 ], [ 78.505769525679028, 17.387203930549614 ], [ 78.505688091221074, 17.38704232245324 ], [ 78.505710794629579, 17.386821165283347 ], [ 78.505913324030956, 17.38669432118451 ], [ 78.506199536558412, 17.386511498363689 ], [ 78.50645510760458, 17.386385643756245 ], [ 78.506874725383184, 17.386276177786442 ], [ 78.507337192283146, 17.386310631407436 ], [ 78.507754671566531, 17.386358862418003 ], [ 78.5085605494303, 17.386397600560795 ], [ 78.508992961316892, 17.386446012995737 ], [ 78.509650501180573, 17.386411206020579 ], [ 78.509964437001017, 17.386386445302382 ], [ 78.510248124008868, 17.386389984099946 ], [ 78.510576406538888, 17.386408418134526 ], [ 78.510815107915022, 17.386425733369055 ], [ 78.511083282454365, 17.386472094813527 ], [ 78.511307050908769, 17.386489224002343 ], [ 78.511772428981672, 17.386308625393482 ], [ 78.512660134198512, 17.385817841222352 ], [ 78.513312900398986, 17.385490515156519 ], [ 78.514170844310044, 17.384531851179119 ], [ 78.514702326418458, 17.383878892835479 ], [ 78.514951712813328, 17.383310110212786 ], [ 78.515934613856885, 17.382490733987009 ], [ 78.51619107724926, 17.382004728044784 ], [ 78.516298300372398, 17.381805319844194 ], [ 78.516348121873321, 17.381433137349873 ], [ 78.516350249943343, 17.381275438168391 ], [ 78.516412293757284, 17.381104147443104 ], [ 78.516534253178222, 17.380919262406124 ], [ 78.516806676019783, 17.380650217406178 ], [ 78.517218734464436, 17.380292703356943 ], [ 78.518359979168196, 17.379522441069472 ], [ 78.51882871244716, 17.379124618959811 ], [ 78.518848398122387, 17.379107911646734 ], [ 78.519100713710529, 17.378852951880987 ], [ 78.519352774114125, 17.378617105915062 ], [ 78.519664940203228, 17.378353329765535 ], [ 78.51994660021073, 17.378136968666084 ], [ 78.520276741272923, 17.378016800719085 ], [ 78.520687025458088, 17.377859392075507 ], [ 78.52102763210172, 17.377701116416986 ], [ 78.521378450276231, 17.37752384867569 ], [ 78.521918256024648, 17.377358484710214 ], [ 78.522356081968425, 17.377373478238045 ], [ 78.522753449557683, 17.377435763413274 ], [ 78.523301922023606, 17.377366094411233 ], [ 78.523672773013985, 17.377179509854599 ], [ 78.524183615998382, 17.376946867943783 ], [ 78.525665855666901, 17.37628654300304 ], [ 78.526635580135022, 17.375983104860349 ], [ 78.527035131282375, 17.375882903012947 ], [ 78.528139196434111, 17.375953929093459 ], [ 78.52854600582998, 17.376054556752457 ], [ 78.528952046377015, 17.376212526918433 ], [ 78.529486841844587, 17.376419888154242 ], [ 78.529890960386112, 17.376721222376514 ], [ 78.530195672597586, 17.377011767275935 ], [ 78.530739273314907, 17.377305264622304 ], [ 78.531284667179278, 17.377464957167422 ], [ 78.531890684235023, 17.377558481386192 ], [ 78.53224785985357, 17.37764892815478 ], [ 78.532445010310738, 17.377794753122505 ], [ 78.532650576744828, 17.378055390952266 ], [ 78.532885877733804, 17.378325956229219 ], [ 78.534715798617455, 17.380471905802203 ], [ 78.534797143167722, 17.380567297335904 ], [ 78.536656150175006, 17.382253546175271 ], [ 78.537279024466258, 17.382576685671303 ], [ 78.537697334387033, 17.382700753318051 ], [ 78.538052488585052, 17.382806088795295 ], [ 78.538400109352523, 17.382867731269062 ], [ 78.53896684319335, 17.38292251358553 ], [ 78.539365127839105, 17.382917865711821 ], [ 78.540072241213565, 17.382897903742776 ], [ 78.540589334787228, 17.382942512631864 ], [ 78.541165132172466, 17.383064318226285 ], [ 78.541630031584688, 17.383289905584267 ], [ 78.5419263527928, 17.383465622292508 ], [ 78.542262362250042, 17.383651385589904 ], [ 78.543017081301983, 17.383794505971146 ], [ 78.543324253386487, 17.383903437572975 ], [ 78.543702377241573, 17.38391765169494 ], [ 78.544459138787531, 17.383907844380239 ], [ 78.544875153603314, 17.383884450358924 ], [ 78.545017073733945, 17.383876469442001 ], [ 78.547208473263666, 17.383043078270614 ], [ 78.547621553930696, 17.382675342377446 ], [ 78.547854316882919, 17.382391424369516 ], [ 78.548078015989489, 17.382040479066521 ], [ 78.548311032105516, 17.381737443663788 ], [ 78.548682892323143, 17.381474350563405 ], [ 78.549064831080543, 17.381201820984813 ], [ 78.549496414224762, 17.380939460380521 ], [ 78.550007371260634, 17.380697189146748 ], [ 78.550467158368306, 17.380559442791292 ], [ 78.550816053454341, 17.380525487293578 ], [ 78.551253770985127, 17.380549974991574 ], [ 78.551671707457075, 17.380564659711109 ], [ 78.55196981578672, 17.380606553029985 ], [ 78.552417104659568, 17.380659834251531 ], [ 78.552723770681027, 17.380806983427579 ], [ 78.552912387636198, 17.380847533333082 ], [ 78.553301099456533, 17.380814059962738 ], [ 78.553738436886874, 17.380867216444805 ], [ 78.553907018798867, 17.380917077698879 ], [ 78.554223766558906, 17.38105478868146 ], [ 78.554411368213394, 17.381171798242701 ], [ 78.554430100797759, 17.381183483154224 ], [ 78.554598969128165, 17.381288809430906 ], [ 78.554817066702213, 17.381358397270645 ], [ 78.555183713738799, 17.381487156582644 ], [ 78.555539771431683, 17.381663585886567 ], [ 78.555855760999847, 17.38185864126612 ], [ 78.556210805757829, 17.382111530392876 ], [ 78.556565217034745, 17.382412207788366 ], [ 78.556801068305404, 17.38264451798339 ], [ 78.557017774626502, 17.382819238364966 ], [ 78.557323557676966, 17.38303328555158 ], [ 78.557619010408416, 17.383275882597729 ], [ 78.557806107955614, 17.383431122673812 ], [ 78.557964233433225, 17.383519090729109 ], [ 78.558083048119855, 17.383568341612154 ], [ 78.55822963925705, 17.383513736384526 ], [ 78.55822281092891, 17.383411981107166 ], [ 78.558205989202307, 17.383161311360219 ], [ 78.558202313211922, 17.383106520683299 ], [ 78.558151222259923, 17.382373904356445 ], [ 78.557696825589545, 17.381991504592264 ], [ 78.557412347986926, 17.381736883900434 ], [ 78.557264054369483, 17.381658595156733 ], [ 78.556891890614622, 17.381436255071787 ], [ 78.556839329767897, 17.381404854120266 ], [ 78.556327170741298, 17.381207723388552 ], [ 78.555838928118519, 17.381019795122313 ], [ 78.555542340544278, 17.380863212546949 ], [ 78.555414831762803, 17.380843478639139 ], [ 78.555274091632029, 17.380821691689849 ], [ 78.555026258952779, 17.380742183345596 ], [ 78.554696349184468, 17.380580907108151 ], [ 78.554304194299405, 17.380389203047471 ], [ 78.553630122660081, 17.380170638885751 ], [ 78.552002260740849, 17.379806550002101 ], [ 78.551277026599948, 17.37969250397445 ], [ 78.550423241143292, 17.379696489914298 ], [ 78.550161713143851, 17.379711204640905 ], [ 78.550036814420665, 17.37974551882904 ], [ 78.549917896803677, 17.379797831352761 ], [ 78.549876048104068, 17.379813974203742 ], [ 78.549842844820049, 17.379826783150566 ], [ 78.5497372444337, 17.379813537128818 ], [ 78.549625185127979, 17.379818138389876 ], [ 78.549531388710747, 17.379852833173519 ], [ 78.549493108324413, 17.379924056891237 ], [ 78.54942954539861, 17.380024843948348 ], [ 78.549335113623144, 17.380107329376724 ], [ 78.548915750940864, 17.380293366363684 ], [ 78.547976368158288, 17.380747844747336 ], [ 78.546745950870786, 17.381563188625414 ], [ 78.546271556028785, 17.381897989584719 ], [ 78.546105255120494, 17.382015352129404 ], [ 78.545627265216694, 17.382397822243234 ], [ 78.545307274216583, 17.382597021149902 ], [ 78.544974202295791, 17.382843856115187 ], [ 78.544712034337351, 17.382906350286571 ], [ 78.544023580265915, 17.382975238122402 ], [ 78.54375569007226, 17.382971942300092 ], [ 78.543505972935506, 17.382968869326632 ], [ 78.543029714069419, 17.382848295566173 ], [ 78.542574639843664, 17.382632390734752 ], [ 78.542159636797194, 17.38239786081369 ], [ 78.541706352882187, 17.382048144600194 ], [ 78.541488898154171, 17.381930757238703 ], [ 78.541271699887261, 17.38179425285167 ], [ 78.540954453240275, 17.381694752710736 ], [ 78.540775281557629, 17.38169254480735 ], [ 78.540435829035246, 17.381764837370088 ], [ 78.539958042732749, 17.381758950295556 ], [ 78.539383527969846, 17.381541566385593 ], [ 78.538968279350627, 17.381326144277036 ], [ 78.536320352065545, 17.379821364734841 ], [ 78.534863069905114, 17.378618036089957 ], [ 78.534469274881545, 17.378288161393666 ], [ 78.53415562409532, 17.377921037988326 ], [ 78.533940996706406, 17.377593374750813 ], [ 78.533705951099407, 17.377303696427109 ], [ 78.533489790143307, 17.377090722840229 ], [ 78.533174349978779, 17.376857406630492 ], [ 78.532777486733465, 17.37675690983561 ], [ 78.53236123197054, 17.376617938162354 ], [ 78.531766838417383, 17.376400290084675 ], [ 78.531055054768174, 17.376028241170552 ], [ 78.530520386833615, 17.375811327671109 ], [ 78.529529141529068, 17.375493173324092 ], [ 78.528993962944895, 17.375314486015121 ], [ 78.528240838811755, 17.375056627163531 ], [ 78.527646457378935, 17.37483896657384 ], [ 78.527189882730326, 17.374737722054263 ], [ 78.526750904530218, 17.374808760161013 ], [ 78.526310132080042, 17.375013599955111 ], [ 78.525948728095045, 17.37523854261125 ], [ 78.525627390797112, 17.375444862650056 ], [ 78.525306312443206, 17.375632066280382 ], [ 78.525046494815811, 17.3757053190166 ], [ 78.524348983771119, 17.375754027643342 ], [ 78.523890097383486, 17.375824808666991 ], [ 78.522153826534208, 17.376128282184034 ], [ 78.521453482668377, 17.376387244751488 ], [ 78.519126511225721, 17.377677504308433 ], [ 78.517046308705346, 17.379001784827324 ], [ 78.516485134734907, 17.379355018263489 ], [ 78.51606797174604, 17.379676341370221 ], [ 78.515805647802125, 17.379878399046273 ], [ 78.515617657705747, 17.380233942422443 ], [ 78.515405922732072, 17.380432047047474 ], [ 78.515209117087082, 17.380630338427896 ], [ 78.514907024465003, 17.380884671814499 ], [ 78.514561300926204, 17.381052432152487 ], [ 78.514364493807847, 17.381250722698731 ], [ 78.514241952424726, 17.38147861402442 ], [ 78.514088773629297, 17.381763479614211 ], [ 78.51315145841788, 17.382612119436761 ], [ 78.512529227062998, 17.383349972560122 ], [ 78.511923862423103, 17.383944648359215 ], [ 78.511726660708376, 17.384171607255603 ], [ 78.511469350184356, 17.384426493449745 ], [ 78.511257412418161, 17.384638930012528 ], [ 78.511060209248043, 17.384865887318341 ], [ 78.510864170341733, 17.385006827693374 ], [ 78.510293504264382, 17.385243466050561 ], [ 78.509441480896328, 17.385304528128561 ], [ 78.508903778874469, 17.385312154784327 ], [ 78.508440732089653, 17.385320713812767 ], [ 78.507395578686186, 17.385307662966035 ], [ 78.506497415579787, 17.385232374991276 ], [ 78.506415862710952, 17.385239631952356 ], [ 78.506185003365431, 17.385250078620302 ], [ 78.505808311227469, 17.38526712434771 ], [ 78.504824579015207, 17.385490614771932 ], [ 78.504554076092248, 17.385616278821676 ], [ 78.504090834736061, 17.38563916391961 ], [ 78.503508536773509, 17.38563188089358 ], [ 78.503091254745755, 17.385569306948415 ], [ 78.502749405286366, 17.385450322237219 ], [ 78.502393402260097, 17.385273805217334 ], [ 78.502245654458406, 17.385157247667337 ], [ 78.502054668988876, 17.384925442155946 ], [ 78.501923991370603, 17.384651375273332 ], [ 78.501687294827519, 17.38448676274044 ], [ 78.501573569377044, 17.384485340085842 ], [ 78.501464108598896, 17.384479925346579 ], [ 78.501314901093622, 17.38447254240414 ], [ 78.501056936653058, 17.384361248611555 ], [ 78.500759504401927, 17.384212531730707 ], [ 78.500000207670311, 17.383657430796951 ], [ 78.500000207198497, 17.383657391906763 ], [ 78.500000000421721, 17.383657279278239 ], [ 78.499415152110174, 17.38318307778766 ], [ 78.498872635078186, 17.382669115879235 ], [ 78.498729868060082, 17.382583454237182 ], [ 78.498501438610944, 17.382483517126534 ], [ 78.498144519796071, 17.382326471970504 ], [ 78.497687663952092, 17.382098043825412 ], [ 78.497002378870476, 17.38175540059606 ], [ 78.49675967325949, 17.381541249953152 ], [ 78.496588352052768, 17.381327097916682 ], [ 78.496431308160709, 17.38107011632513 ], [ 78.496302816455923, 17.380884518687203 ], [ 78.496045835669506, 17.380656090768124 ], [ 78.495874513631293, 17.380456216076034 ], [ 78.495646087250137, 17.380299170919329 ], [ 78.495583122943799, 17.380257195727033 ], [ 78.495518852595254, 17.380214349561626 ] ] ] } },
{ "type": "Feature", "properties": { "FID": 734, "Descr_1": "Water Bodies", "Descr_2": "Reservoir/Tanks", "Descr_3": "Reservoir/Tanks", "PI_CODE": " ", "LU_Code": "WBRT", "Shape_Area": 0.0085697242901699999 }, "geometry": { "type": "Polygon", "coordinates": [ [ [ 78.419603078890674, 17.522784417200945 ], [ 78.419514137669694, 17.522870128804634 ], [ 78.419457198973845, 17.522914913609881 ], [ 78.419397712678489, 17.522974401057969 ], [ 78.419332276858768, 17.523063631199463 ], [ 78.419248997045997, 17.523230192322554 ], [ 78.419243048373417, 17.523337267995316 ], [ 78.419252122693138, 17.523441634767639 ], [ 78.419274457773639, 17.523486302124919 ], [ 78.419327994005585, 17.523557685612154 ], [ 78.419388670938631, 17.523604084669582 ], [ 78.419470762888025, 17.523639777072788 ], [ 78.419584975018779, 17.523689745549298 ], [ 78.419695620584207, 17.523732576390042 ], [ 78.419799128253018, 17.523761130166886 ], [ 78.419924047790261, 17.523782545331283 ], [ 78.42004540170565, 17.523786113879741 ], [ 78.420141769935853, 17.523786114237151 ], [ 78.420209584949831, 17.523764698067389 ], [ 78.420273829589974, 17.523693314652096 ], [ 78.420305953045869, 17.523607655211432 ], [ 78.420309521978524, 17.523546977955359 ], [ 78.420298813981873, 17.523468456596735 ], [ 78.420248845673129, 17.523375657549941 ], [ 78.420170324581321, 17.523257873840652 ], [ 78.42009537082086, 17.523150797636422 ], [ 78.41998472512374, 17.52301873775853 ], [ 78.419845782626012, 17.522884353768507 ], [ 78.419603078890674, 17.522784417200945 ] ] ] } },
{ "type": "Feature", "properties": { "FID": 735, "Descr_1": "Water Bodies", "Descr_2": "Reservoir/Tanks", "Descr_3": "Reservoir/Tanks", "PI_CODE": " ", "LU_Code": "WBRT", "Shape_Area": 0.0064201941836699999 }, "geometry": { "type": "Polygon", "coordinates": [ [ [ 78.418274488376426, 17.524613869307814 ], [ 78.41815075636265, 17.524623386648617 ], [ 78.418121451221097, 17.524634657858559 ], [ 78.418074613857669, 17.524690011681681 ], [ 78.418027023326005, 17.524823262112957 ], [ 78.418007988669316, 17.524966030357714 ], [ 78.418007988066009, 17.525118314361336 ], [ 78.418017505257268, 17.525280117551421 ], [ 78.418084131454634, 17.525384815251286 ], [ 78.418092521274801, 17.525390554367572 ], [ 78.418264970250135, 17.525508546918996 ], [ 78.418331595473504, 17.525508545557472 ], [ 78.418560022646318, 17.525422886315685 ], [ 78.418585038306404, 17.525405688966124 ], [ 78.418712308810157, 17.525318191101032 ], [ 78.418817005131515, 17.525242047381536 ], [ 78.418864594991405, 17.525146869153978 ], [ 78.418826524439069, 17.525051690312655 ], [ 78.418721827860324, 17.524899405317576 ], [ 78.418606414297827, 17.524792870148481 ], [ 78.418598094933188, 17.524785191350556 ], [ 78.418464846246906, 17.524690012420621 ], [ 78.418274488376426, 17.524613869307814 ] ] ] } },
{ "type": "Feature", "properties": { "FID": 736, "Descr_1": "Water Bodies", "Descr_2": "Reservoir/Tanks", "Descr_3": "Reservoir/Tanks", "PI_CODE": " ", "LU_Code": "WBRT", "Shape_Area": 0.00383328764723 }, "geometry": { "type": "Polygon", "coordinates": [ [ [ 78.409799997264429, 17.533265888229732 ], [ 78.409621536531375, 17.533322994205982 ], [ 78.409535878050661, 17.533408655155803 ], [ 78.409521826322916, 17.533499984012966 ], [ 78.409543014970254, 17.533629945155404 ], [ 78.409621537643403, 17.533708467312394 ], [ 78.409728614181304, 17.53378698934452 ], [ 78.409871381573467, 17.533851234309203 ], [ 78.410007010912949, 17.533858373380777 ], [ 78.410142640407841, 17.533851234383629 ], [ 78.410221162763349, 17.533786989123318 ], [ 78.41022116181334, 17.533679913268202 ], [ 78.410199747148241, 17.533522869341081 ], [ 78.410149779463197, 17.533394378822955 ], [ 78.410078395254416, 17.533330132315648 ], [ 78.40994990544506, 17.533273025053877 ], [ 78.409799997264429, 17.533265888229732 ] ] ] } },
{ "type": "Feature", "properties": { "FID": 737, "Descr_1": "Water Bodies", "Descr_2": "Reservoir/Tanks", "Descr_3": "Reservoir/Tanks", "PI_CODE": " ", "LU_Code": "WBRT", "Shape_Area": 0.0027654575574799999 }, "geometry": { "type": "Polygon", "coordinates": [ [ [ 78.494227368707271, 17.503635998915865 ], [ 78.494144125346139, 17.503641945722574 ], [ 78.494094119161261, 17.503645517278883 ], [ 78.49398942340224, 17.503702623106943 ], [ 78.493951350942908, 17.503797802772791 ], [ 78.49391327958773, 17.503931053212568 ], [ 78.493903762151518, 17.504045266890525 ], [ 78.493903761581493, 17.504121410231026 ], [ 78.493920775993828, 17.504240510043203 ], [ 78.493992356664009, 17.50421288213105 ], [ 78.494545626101328, 17.503919310706848 ], [ 78.494503385680559, 17.50384539243414 ], [ 78.494389172380423, 17.503712142359976 ], [ 78.494227368707271, 17.503635998915865 ] ] ] } },
{ "type": "Feature", "properties": { "FID": 738, "Descr_1": "Water Bodies", "Descr_2": "Reservoir/Tanks", "Descr_3": "Reservoir/Tanks", "PI_CODE": " ", "LU_Code": "WBRT", "Shape_Area": 0.00317553922101 }, "geometry": { "type": "Polygon", "coordinates": [ [ [ 78.49462331310653, 17.504061342974534 ], [ 78.494063950352157, 17.50435814708495 ], [ 78.494061812026473, 17.504359240870855 ], [ 78.494056986918793, 17.504361427746208 ], [ 78.494055158321885, 17.50436215876773 ], [ 78.493977749030776, 17.504392037424239 ], [ 78.493979904874578, 17.504397427312341 ], [ 78.494046529557394, 17.504454533842313 ], [ 78.494170261560825, 17.504511641167106 ], [ 78.494303510741474, 17.504568747936368 ], [ 78.49438509287917, 17.504606820434656 ], [ 78.494455796868323, 17.504606820102097 ], [ 78.494788922211612, 17.504549711343834 ], [ 78.494826992110887, 17.504464052392116 ], [ 78.494846028949937, 17.504397427125479 ], [ 78.494817475246364, 17.504340319760999 ], [ 78.494741332007109, 17.504245141384093 ], [ 78.494665190174288, 17.504140444846922 ], [ 78.49462331310653, 17.504061342974534 ] ] ] } },
{ "type": "Feature", "properties": { "FID": 739, "Descr_1": "Water Bodies", "Descr_2": "Reservoir/Tanks", "Descr_3": "Reservoir/Tanks", "PI_CODE": " ", "LU_Code": "WBRT", "Shape_Area": 0.037996089506800002 }, "geometry": { "type": "Polygon", "coordinates": [ [ [ 78.38309210197805, 17.467351029730516 ], [ 78.383161172707986, 17.467487748026414 ], [ 78.383348811400296, 17.467580545757432 ], [ 78.383369823801047, 17.467784656725183 ], [ 78.383250970439803, 17.467851223237986 ], [ 78.382966063830196, 17.467983803620353 ], [ 78.382963477919205, 17.468187637936403 ], [ 78.383008089850506, 17.46839202555454 ], [ 78.383011020982551, 17.468415279700899 ], [ 78.383625965905878, 17.468291647944476 ], [ 78.384033472042518, 17.46826243007505 ], [ 78.384319238888139, 17.468061904098651 ], [ 78.384535501633195, 17.467758631998485 ], [ 78.384981418320166, 17.467492019198005 ], [ 78.38517747086307, 17.467431832012217 ], [ 78.385446560030857, 17.467349223102328 ], [ 78.385461224124228, 17.467344721910361 ], [ 78.385870449932312, 17.467179612106015 ], [ 78.386010562411442, 17.467116428260862 ], [ 78.386174610765366, 17.467042449038011 ], [ 78.38642828832279, 17.466403150721508 ], [ 78.386505324039121, 17.466209011591655 ], [ 78.386290863781568, 17.466131217439646 ], [ 78.386136726417021, 17.466110894607887 ], [ 78.386008114949831, 17.466093938682821 ], [ 78.38575025845563, 17.466177912866605 ], [ 78.385713560871395, 17.466189864012382 ], [ 78.385705945656724, 17.466192344162838 ], [ 78.38536687198372, 17.466409240202484 ], [ 78.385080462670331, 17.466660727714128 ], [ 78.384557591901839, 17.466905828360943 ], [ 78.384454048085885, 17.466954365007044 ], [ 78.384220368449149, 17.466994515589072 ], [ 78.38420611067356, 17.467015420424072 ], [ 78.383092881874319, 17.46728955103017 ], [ 78.38309210197805, 17.467351029730516 ] ] ] } },
{ "type": "Feature", "properties": { "FID": 740, "Descr_1": "Water Bodies", "Descr_2": "Reservoir/Tanks", "Descr_3": "Reservoir/Tanks", "PI_CODE": " ", "LU_Code": "WBRT", "Shape_Area": 0.081155029182999994 }, "geometry": { "type": "Polygon", "coordinates": [ [ [ 78.388409669618866, 17.468573994566 ], [ 78.388674078738433, 17.468662020983544 ], [ 78.389019367935063, 17.468983362333017 ], [ 78.389979838805601, 17.46797349159867 ], [ 78.389100286660579, 17.467154992655757 ], [ 78.388978759088175, 17.466966700035375 ], [ 78.388840823997938, 17.466676283756097 ], [ 78.388842076808146, 17.466668790187313 ], [ 78.388917422704338, 17.466218479967836 ], [ 78.389155458965064, 17.465592672161165 ], [ 78.389108812280199, 17.465082465717966 ], [ 78.388986427046333, 17.464962118128913 ], [ 78.38886167624797, 17.465028619066672 ], [ 78.388858451559358, 17.465283411948416 ], [ 78.388714068066903, 17.465502582004014 ], [ 78.388623209725907, 17.465688399749311 ], [ 78.388619984717195, 17.465943192548686 ], [ 78.388424439085654, 17.466008867810274 ], [ 78.388212269969799, 17.465989406192936 ], [ 78.388086658074684, 17.466123850899343 ], [ 78.387906659997924, 17.466359593591804 ], [ 78.387587223806676, 17.466423823210778 ], [ 78.387215550329202, 17.466419487808118 ], [ 78.386767084822864, 17.466293061560751 ], [ 78.386766249715293, 17.466294425407259 ], [ 78.386753298809296, 17.466315576253166 ], [ 78.386681661051981, 17.466496113980408 ], [ 78.386485045679478, 17.466991606437947 ], [ 78.386570649246082, 17.467023558555979 ], [ 78.386765120691905, 17.467042816203595 ], [ 78.387189030671379, 17.467115716908417 ], [ 78.38720436385718, 17.467302771779359 ], [ 78.387096233948498, 17.467454408332625 ], [ 78.386987028138293, 17.467690976877858 ], [ 78.386790835673153, 17.467807609649189 ], [ 78.386665221631247, 17.467942054308072 ], [ 78.386645156019426, 17.468128696119791 ], [ 78.386782444342757, 17.468470071762329 ], [ 78.386812210634275, 17.468569680960961 ], [ 78.3868843346565, 17.468811034277103 ], [ 78.387128677207983, 17.469085705242534 ], [ 78.387305883125563, 17.469070783843566 ], [ 78.387662443896915, 17.46887107656379 ], [ 78.387859068904348, 17.468720472794907 ], [ 78.388107926865118, 17.46863843123737 ], [ 78.388409669618866, 17.468573994566 ] ] ] } },
{ "type": "Feature", "properties": { "FID": 741, "Descr_1": "Water Bodies", "Descr_2": "River/Stream/Drain", "Descr_3": "River/Stream/Drain", "PI_CODE": "Kistappa Vagu", "LU_Code": "WBRS", "Shape_Area": 0.12916563513900001 }, "geometry": { "type": "Polygon", "coordinates": [ [ [ 78.453705170001086, 17.450006130704008 ], [ 78.453702027036741, 17.450000401695092 ], [ 78.453703553259501, 17.450000402747872 ], [ 78.453703438574607, 17.449999999947075 ], [ 78.453581182385264, 17.449999999798578 ], [ 78.453433657598708, 17.449855006764519 ], [ 78.453314684286198, 17.449793140618578 ], [ 78.453219504877978, 17.449755070278467 ], [ 78.453143363090732, 17.449678927251043 ], [ 78.453052943564842, 17.449602782992159 ], [ 78.452948247256046, 17.449474292559383 ], [ 78.452900658064522, 17.449336284848687 ], [ 78.452867345065911, 17.449160204662249 ], [ 78.452767408827654, 17.448470160888178 ], [ 78.45273409533452, 17.448341669069858 ], [ 78.452691265322571, 17.448217937761498 ], [ 78.452667470342107, 17.448118000783232 ], [ 78.452686506303735, 17.447956196833346 ], [ 78.452743611747991, 17.447865777598484 ], [ 78.452795961062861, 17.447746805126815 ], [ 78.45288638102538, 17.44757548332425 ], [ 78.453014871046946, 17.447480305380914 ], [ 78.453190951547839, 17.447385127100787 ], [ 78.453452693286593, 17.447285189246838 ], [ 78.454342610721497, 17.446956824163255 ], [ 78.45459007471257, 17.446814056312757 ], [ 78.454770913151094, 17.446723635674942 ], [ 78.455008860826936, 17.446590388066081 ], [ 78.455132591980671, 17.446485689743774 ], [ 78.455242046697904, 17.446328646204151 ], [ 78.4553086709968, 17.446181118804159 ], [ 78.455375297927574, 17.446057388372473 ], [ 78.45542288559632, 17.445895584296988 ], [ 78.455441095000936, 17.445722590095098 ], [ 78.455451439816727, 17.445624324773053 ], [ 78.455389573009484, 17.445000907199148 ], [ 78.455361019599238, 17.444720130403859 ], [ 78.455294394580946, 17.444434593676032 ], [ 78.455275359779051, 17.444187131715744 ], [ 78.455299153839746, 17.443887318742142 ], [ 78.455394333069847, 17.443268658676988 ], [ 78.455432403948663, 17.443130650115364 ], [ 78.455503788465677, 17.443002159085815 ], [ 78.455656073653657, 17.442849873802999 ], [ 78.456103411945747, 17.442535785375938 ], [ 78.456498403162925, 17.442188383638442 ], [ 78.456584062693722, 17.442093204984413 ], [ 78.456741107672073, 17.441779116828602 ], [ 78.456891160423538, 17.441568327345596 ], [ 78.456826767973482, 17.441545927863892 ], [ 78.456782060994072, 17.441541458305704 ], [ 78.456731589950053, 17.441536410641525 ], [ 78.456593580696847, 17.441541169965372 ], [ 78.456374671016476, 17.441603035579412 ], [ 78.456285297650481, 17.441629059781853 ], [ 78.45628425093949, 17.441631589838213 ], [ 78.456212867246279, 17.441764840430004 ], [ 78.456155758809373, 17.44187429495064 ], [ 78.456098652947361, 17.441988508701744 ], [ 78.456027267645055, 17.442059892934449 ], [ 78.45593209055049, 17.442140795149648 ], [ 78.4558416707346, 17.442202660151136 ], [ 78.455717938959438, 17.442259767744542 ], [ 78.455622761127003, 17.442307357070774 ], [ 78.455532341338213, 17.442364462717759 ], [ 78.455446680610692, 17.442450125202452 ], [ 78.455384814688486, 17.442521507807523 ], [ 78.455318188534719, 17.442588134125021 ], [ 78.455218252634637, 17.442664276139517 ], [ 78.455123074587391, 17.442688070038191 ], [ 78.454999340936652, 17.442711865358024 ], [ 78.454923199623366, 17.442797526241282 ], [ 78.454899404670272, 17.442897462041564 ], [ 78.454885128177736, 17.443025953573603 ], [ 78.45481850342496, 17.444139541749312 ], [ 78.454818502038009, 17.445067531906485 ], [ 78.454847056707038, 17.445576735661668 ], [ 78.454823261905418, 17.445748056823529 ], [ 78.454789950366205, 17.445847993887448 ], [ 78.454742359856382, 17.445957450071827 ], [ 78.454690012051898, 17.44603835212725 ], [ 78.454532968457187, 17.446138289053316 ], [ 78.453005352789944, 17.446980617583858 ], [ 78.452239167335946, 17.447408921130247 ], [ 78.452044909539282, 17.447586883928349 ], [ 78.452053568640679, 17.447941921897456 ], [ 78.452210614172571, 17.448565338700437 ], [ 78.452400971465124, 17.448936534872328 ], [ 78.452448559823324, 17.449212553382392 ], [ 78.45251042739369, 17.449417185009182 ], [ 78.452567532639108, 17.449588507739229 ], [ 78.452619879608889, 17.449688445274024 ], [ 78.452681746779902, 17.449788380613665 ], [ 78.452795960727229, 17.449893079252067 ], [ 78.452941149773551, 17.449999999690352 ], [ 78.452941290849139, 17.45000032502346 ], [ 78.453020831185043, 17.450000333213008 ], [ 78.453413785603772, 17.450369986901475 ], [ 78.453507520723178, 17.450524035814293 ], [ 78.453632752137949, 17.450709042100016 ], [ 78.453689328104588, 17.450922806003465 ], [ 78.453693669782737, 17.450939210934557 ], [ 78.453705457878428, 17.451275911614193 ], [ 78.453764680929055, 17.451643749702313 ], [ 78.453790333090765, 17.452148893281194 ], [ 78.453787286859637, 17.452396058551901 ], [ 78.453782295932882, 17.452801011238886 ], [ 78.453776943108281, 17.453235402018741 ], [ 78.453774685616693, 17.453418491992192 ], [ 78.453708110274476, 17.453647213820801 ], [ 78.453561095235926, 17.453936217180903 ], [ 78.453551459098293, 17.453960747429011 ], [ 78.453429452924937, 17.454271288699573 ], [ 78.453329117414626, 17.454652612046402 ], [ 78.453326100434651, 17.45489735390823 ], [ 78.453545634671599, 17.45519051936208 ], [ 78.45381128579524, 17.455621892856733 ], [ 78.454486965865996, 17.456409786708949 ], [ 78.454657185448227, 17.456824778957809 ], [ 78.454733102015538, 17.457131608585453 ], [ 78.454777521318249, 17.457407488220898 ], [ 78.454645313382585, 17.457788448084177 ], [ 78.454463971985547, 17.458275942204192 ], [ 78.454314882180157, 17.458733204306089 ], [ 78.45429423171494, 17.459115431829009 ], [ 78.454290651338809, 17.45940606221021 ], [ 78.454319321712191, 17.459666460789755 ], [ 78.454236618996248, 17.459910299349495 ], [ 78.453914479106899, 17.460182013874078 ], [ 78.453704463977516, 17.460409105579835 ], [ 78.453335262586066, 17.460619092788672 ], [ 78.452998502984642, 17.460783550596009 ], [ 78.452452291296183, 17.461129212001957 ], [ 78.452281777430443, 17.461289039124789 ], [ 78.452113643438466, 17.461446633367402 ], [ 78.451936631020331, 17.461582307430454 ], [ 78.451568182238404, 17.461731106225052 ], [ 78.451263669878401, 17.461865331685363 ], [ 78.45086202272077, 17.462120840239809 ], [ 78.450457732383526, 17.462590495438441 ], [ 78.450317106793136, 17.46302554184059 ], [ 78.45050047287711, 17.462977659296655 ], [ 78.450611940968543, 17.462948550271211 ], [ 78.450629835670796, 17.46285252573411 ], [ 78.45081024697302, 17.462441518367882 ], [ 78.45108533812278, 17.462108079236206 ], [ 78.451774237868989, 17.461825237578225 ], [ 78.452142687591135, 17.461676440253061 ], [ 78.45244732719928, 17.461445948979645 ], [ 78.452561024189947, 17.461359924094779 ], [ 78.453044429414092, 17.460937057740683 ], [ 78.453525191906991, 17.460728337841331 ], [ 78.454038962096931, 17.460428202579006 ], [ 78.454553481785638, 17.46006687978252 ], [ 78.454777170566729, 17.460023523134396 ], [ 78.454865992566255, 17.459996222929593 ], [ 78.454895437553859, 17.459987171649836 ], [ 78.454921173289634, 17.459979261964119 ], [ 78.454844312180199, 17.459748911750054 ], [ 78.454672392556461, 17.459471589024691 ], [ 78.454596286735338, 17.459180054237621 ], [ 78.454749900069956, 17.458355679864979 ], [ 78.454962548985151, 17.457914437171702 ], [ 78.455140120335585, 17.457732871314221 ], [ 78.455207638424682, 17.457427667739246 ], [ 78.455227342995954, 17.45712191975581 ], [ 78.455198483361713, 17.456876818247078 ], [ 78.455077204435739, 17.456370590861759 ], [ 78.454841539202306, 17.45609254261419 ], [ 78.454338714573097, 17.455505493418833 ], [ 78.45400818630884, 17.455165174158378 ], [ 78.453851266262134, 17.454964511131106 ], [ 78.453757906740975, 17.454779870868371 ], [ 78.453745551840328, 17.454489058026997 ], [ 78.453748380716661, 17.454259611589823 ], [ 78.453879456934615, 17.453970428086624 ], [ 78.453977906875721, 17.453742068118853 ], [ 78.454076919255655, 17.453467819825057 ], [ 78.454104139268793, 17.453244978296656 ], [ 78.454112375401465, 17.453177548707217 ], [ 78.454100584599203, 17.452840849229975 ], [ 78.454100981692463, 17.452808702247893 ], [ 78.454105861612291, 17.452412551418934 ], [ 78.454107109888142, 17.452405445329028 ], [ 78.454191579070852, 17.451923970801175 ], [ 78.454200625685871, 17.451189743167582 ], [ 78.454078033349518, 17.450790588647806 ], [ 78.453907821138415, 17.450375596593048 ], [ 78.453705170001086, 17.450006130704008 ] ] ] } },
{ "type": "Feature", "properties": { "FID": 742, "Descr_1": "Water Bodies", "Descr_2": "River/Stream/Drain", "Descr_3": "River/Stream/Drain", "PI_CODE": "Kistappa Vagu", "LU_Code": "WBRS", "Shape_Area": 0.015371285609399999 }, "geometry": { "type": "Polygon", "coordinates": [ [ [ 78.450357841903738, 17.464226293770082 ], [ 78.450504490833524, 17.463967886590101 ], [ 78.45054108683992, 17.463585842393815 ], [ 78.450544484053253, 17.463310508945789 ], [ 78.450560957066514, 17.463222118396502 ], [ 78.450442667076899, 17.463253009014927 ], [ 78.450260661842051, 17.463300537132312 ], [ 78.450202807401865, 17.463872667741505 ], [ 78.450038333134742, 17.464283854663815 ], [ 78.449999999942889, 17.464295243916879 ], [ 78.449542374082796, 17.46443119899137 ], [ 78.449181073441792, 17.464409292577695 ], [ 78.448921181142438, 17.464393537115466 ], [ 78.448316870041594, 17.464279572401601 ], [ 78.447952380367511, 17.464107140752951 ], [ 78.447748214220255, 17.463860042846584 ], [ 78.447623548878525, 17.463629146269099 ], [ 78.447483322321844, 17.463367477363583 ], [ 78.447470976169626, 17.463076665322465 ], [ 78.44747664690226, 17.462617777116975 ], [ 78.447350471338368, 17.462509250708678 ], [ 78.44732817999548, 17.462523148792528 ], [ 78.447205896035172, 17.462599395609306 ], [ 78.447211816111107, 17.463410281994864 ], [ 78.447631925065465, 17.464241180410163 ], [ 78.448313845738497, 17.464524312179215 ], [ 78.448998036192791, 17.46462388804964 ], [ 78.449141915260483, 17.464616115810689 ], [ 78.449699863838376, 17.464585976328515 ], [ 78.450000000272411, 17.464493733022351 ], [ 78.45003587837671, 17.464482707402205 ], [ 78.450357841903738, 17.464226293770082 ] ] ] } },
{ "type": "Feature", "properties": { "FID": 830, "Descr_1": "Water Bodies", "Descr_2": "Reservoir/Tanks", "Descr_3": "Reservoir/Tanks", "PI_CODE": "Mining/Industrial Inside Tank", "LU_Code": "WBRT", "Shape_Area": 0.012344326903899999 }, "geometry": { "type": "Polygon", "coordinates": [ [ [ 78.42262150588499, 17.296792782017931 ], [ 78.422620630760733, 17.296787242819395 ], [ 78.422524845003082, 17.296798296405118 ], [ 78.422506472665972, 17.296724801854687 ], [ 78.422074700376541, 17.29683504233018 ], [ 78.422047139025594, 17.296715616400512 ], [ 78.421682493902239, 17.296851297446615 ], [ 78.42165211356162, 17.29686260183848 ], [ 78.421835848466898, 17.297285186861917 ], [ 78.421266129380001, 17.297532891126487 ], [ 78.421516830071582, 17.297911046879122 ], [ 78.422102260087271, 17.297707773020253 ], [ 78.422749295163854, 17.297632535615087 ], [ 78.42262150588499, 17.296792782017931 ] ] ] } },
{ "type": "Feature", "properties": { "FID": 832, "Descr_1": "Water Bodies", "Descr_2": "Reservoir/Tanks", "Descr_3": "Reservoir/Tanks", "PI_CODE": "Mining/Industrial Inside Tank", "LU_Code": "WBRT", "Shape_Area": 0.017814259649700001 }, "geometry": { "type": "Polygon", "coordinates": [ [ [ 78.424334616019422, 17.299030649937961 ], [ 78.424481601928349, 17.298947970342873 ], [ 78.424527535083541, 17.298837729931559 ], [ 78.424628587725493, 17.298745863814084 ], [ 78.424766387472786, 17.298718303558896 ], [ 78.424830693652567, 17.298608063652345 ], [ 78.424876626887936, 17.298507011225873 ], [ 78.424894999977752, 17.29838758404556 ], [ 78.424812320032018, 17.298341650593027 ], [ 78.424637774320573, 17.29835083808014 ], [ 78.424527534401804, 17.298360025274821 ], [ 78.424417295068636, 17.298360025251306 ], [ 78.424325429105934, 17.298314091760936 ], [ 78.424215188950186, 17.298240597893326 ], [ 78.424086575787413, 17.298222225436909 ], [ 78.423939589214029, 17.298249785378655 ], [ 78.423856910048244, 17.298350838116789 ], [ 78.423774229844938, 17.298451891711931 ], [ 78.423682362769824, 17.298507011353852 ], [ 78.423517003929078, 17.298543758411558 ], [ 78.423406763551782, 17.298543757854418 ], [ 78.423324083876679, 17.298497824731641 ], [ 78.423287338434776, 17.298442704841428 ], [ 78.423278150577673, 17.298332466137715 ], [ 78.423278150176642, 17.29820385209846 ], [ 78.423287338413516, 17.29806605261734 ], [ 78.423324083600235, 17.298029306243723 ], [ 78.423415951148272, 17.298020118984265 ], [ 78.423544562876188, 17.298001744962544 ], [ 78.423663990005323, 17.297974185639294 ], [ 78.42373748304658, 17.297928251582277 ], [ 78.423783416386087, 17.297845572795705 ], [ 78.423765043104083, 17.297707772708389 ], [ 78.423691551028924, 17.297615907364268 ], [ 78.423581310243023, 17.297533226865703 ], [ 78.423415950044983, 17.297533226957299 ], [ 78.42305097608704, 17.297667604275162 ], [ 78.423055219767832, 17.297686939027312 ], [ 78.423055800812236, 17.297689715701804 ], [ 78.423057038725489, 17.297696888688566 ], [ 78.423244979077069, 17.298977161227246 ], [ 78.423249524707387, 17.298984515156395 ], [ 78.423253963409138, 17.298992819218299 ], [ 78.423257849859027, 17.299001397269937 ], [ 78.423261165739262, 17.299010208405363 ], [ 78.423263899219236, 17.299019219932319 ], [ 78.423266037651061, 17.299028389201421 ], [ 78.423267571142986, 17.299037679021076 ], [ 78.423267588389763, 17.299037805826899 ], [ 78.423273321582883, 17.299081663443559 ], [ 78.423333271066639, 17.29910414328657 ], [ 78.423434323688824, 17.299131702753357 ], [ 78.423480256724304, 17.299196009670801 ], [ 78.423599683971233, 17.299260315711212 ], [ 78.42364794842652, 17.299265994080834 ], [ 78.423755856312098, 17.299278688989851 ], [ 78.423875283286705, 17.299278689238122 ], [ 78.423967148893112, 17.299278688881728 ], [ 78.424095762052914, 17.299278688873883 ], [ 78.424215188850724, 17.299223569559032 ], [ 78.424270309073805, 17.299131703410662 ], [ 78.424323764784972, 17.299047697593146 ], [ 78.424334616019422, 17.299030649937961 ] ] ] } },
{ "type": "Feature", "properties": { "FID": 836, "Descr_1": "Water Bodies", "Descr_2": "Reservoir/Tanks", "Descr_3": "Reservoir/Tanks", "PI_CODE": " ", "LU_Code": "WBRT", "Shape_Area": 0.0019179433256599999 }, "geometry": { "type": "Polygon", "coordinates": [ [ [ 78.423599683971233, 17.299260315711212 ], [ 78.423480256724304, 17.299196009670801 ], [ 78.423434323688824, 17.299131702753357 ], [ 78.423333271066639, 17.29910414328657 ], [ 78.423273321582883, 17.299081663443559 ], [ 78.423390958564127, 17.299981344267312 ], [ 78.423391864716805, 17.299990588881624 ], [ 78.423392174764217, 17.300000000269765 ], [ 78.423393899416524, 17.300000000218795 ], [ 78.423479382644942, 17.299999999882115 ], [ 78.423495577603617, 17.299902827981885 ], [ 78.423504124756249, 17.299774610806679 ], [ 78.423504125218571, 17.299672039964292 ], [ 78.423504124921777, 17.299603657584615 ], [ 78.423504125368069, 17.299543823009 ], [ 78.423529768267713, 17.299458347070615 ], [ 78.423572506057752, 17.299372869763118 ], [ 78.42364794842652, 17.299265994080834 ], [ 78.423599683971233, 17.299260315711212 ] ] ] } },
{ "type": "Feature", "properties": { "FID": 837, "Descr_1": "Water Bodies", "Descr_2": "Reservoir/Tanks", "Descr_3": "Reservoir/Tanks", "PI_CODE": " ", "LU_Code": "WBRT", "Shape_Area": 0.035307247751700001 }, "geometry": { "type": "Polygon", "coordinates": [ [ [ 78.422102260087271, 17.297707773020253 ], [ 78.421516830071582, 17.297911046879122 ], [ 78.421266129380001, 17.297532891126487 ], [ 78.421835848466898, 17.297285186861917 ], [ 78.42165211356162, 17.29686260183848 ], [ 78.421682493902239, 17.296851297446615 ], [ 78.421623630740598, 17.296851297908027 ], [ 78.421486867014195, 17.296842749695319 ], [ 78.421367198630506, 17.29684274892859 ], [ 78.421204793061435, 17.296842749671267 ], [ 78.421101306816993, 17.296847678377173 ], [ 78.420783853960444, 17.29714842228837 ], [ 78.420545051016902, 17.296884215409712 ], [ 78.420472409458071, 17.296803845609933 ], [ 78.420251326210661, 17.297080201098208 ], [ 78.420549717371543, 17.297331120001346 ], [ 78.420541482085383, 17.297337001904321 ], [ 78.420820145711389, 17.297500922775601 ], [ 78.421016744258367, 17.297654782355011 ], [ 78.421119316132277, 17.29780009171964 ], [ 78.421196245097576, 17.297902665112019 ], [ 78.421298817445958, 17.298013784970991 ], [ 78.421358650788292, 17.298090715149552 ], [ 78.421427031856169, 17.298201834573039 ], [ 78.42149541413221, 17.298278763675427 ], [ 78.421606535935041, 17.298381336343532 ], [ 78.421683463667577, 17.298449718307019 ], [ 78.421794585255114, 17.298595028969057 ], [ 78.421880061320095, 17.298774530311526 ], [ 78.421982632647897, 17.298945485286296 ], [ 78.422076659090237, 17.299116438588186 ], [ 78.422170684386884, 17.299236106835735 ], [ 78.422209630687448, 17.299302317713146 ], [ 78.422256161142499, 17.299381416786183 ], [ 78.422427115365693, 17.29952672942661 ], [ 78.422504043857231, 17.299560919870629 ], [ 78.422606615920046, 17.299603658430378 ], [ 78.422726284150258, 17.299672039050602 ], [ 78.422820309394595, 17.29978315917878 ], [ 78.422905786172834, 17.299954114024867 ], [ 78.422945936223954, 17.299999999147079 ], [ 78.423097687672097, 17.300000000145619 ], [ 78.42310316570385, 17.299999999881692 ], [ 78.422991307945068, 17.299144510745226 ], [ 78.422988178238654, 17.299139341707409 ], [ 78.422983737639811, 17.299131039427259 ], [ 78.4229798521405, 17.299122461381895 ], [ 78.422976536270994, 17.299113650242493 ], [ 78.422973801861602, 17.299104638701412 ], [ 78.422971664383923, 17.299095469440463 ], [ 78.422970425546197, 17.299088294638089 ], [ 78.422773043039356, 17.297743694364449 ], [ 78.422751765946103, 17.297646755831749 ], [ 78.422751184906133, 17.297643979156412 ], [ 78.42275005817028, 17.297637554430509 ], [ 78.422749295163854, 17.297632535615087 ], [ 78.422102260087271, 17.297707773020253 ] ] ] } },
{ "type": "Feature", "properties": { "FID": 838, "Descr_1": "Water Bodies", "Descr_2": "Reservoir/Tanks", "Descr_3": "Reservoir/Tanks", "PI_CODE": " ", "LU_Code": "WBRT", "Shape_Area": 0.049253992394600002 }, "geometry": { "type": "Polygon", "coordinates": [ [ [ 78.423415950044983, 17.297533226957299 ], [ 78.423581310243023, 17.297533226865703 ], [ 78.423691551028924, 17.297615907364268 ], [ 78.423765043104083, 17.297707772708389 ], [ 78.423783416386087, 17.297845572795705 ], [ 78.42373748304658, 17.297928251582277 ], [ 78.423663990005323, 17.297974185639294 ], [ 78.423544562876188, 17.298001744962544 ], [ 78.423415951148272, 17.298020118984265 ], [ 78.423324083600235, 17.298029306243723 ], [ 78.423287338413516, 17.29806605261734 ], [ 78.423278150176642, 17.29820385209846 ], [ 78.423278150577673, 17.298332466137715 ], [ 78.423287338434776, 17.298442704841428 ], [ 78.423324083876679, 17.298497824731641 ], [ 78.423406763551782, 17.298543757854418 ], [ 78.423517003929078, 17.298543758411558 ], [ 78.423682362769824, 17.298507011353852 ], [ 78.423774229844938, 17.298451891711931 ], [ 78.423856910048244, 17.298350838116789 ], [ 78.423939589214029, 17.298249785378655 ], [ 78.424086575787413, 17.298222225436909 ], [ 78.424215188950186, 17.298240597893326 ], [ 78.424325429105934, 17.298314091760936 ], [ 78.424417295068636, 17.298360025251306 ], [ 78.424527534401804, 17.298360025274821 ], [ 78.424637774320573, 17.29835083808014 ], [ 78.424812320032018, 17.298341650593027 ], [ 78.424894999977752, 17.29838758404556 ], [ 78.424876626887936, 17.298507011225873 ], [ 78.424830693652567, 17.298608063652345 ], [ 78.424766387472786, 17.298718303558896 ], [ 78.424628587725493, 17.298745863814084 ], [ 78.424527535083541, 17.298837729931559 ], [ 78.424481601928349, 17.298947970342873 ], [ 78.424334616019422, 17.299030649937961 ], [ 78.424323764784972, 17.299047697593146 ], [ 78.424367443255676, 17.299039510200412 ], [ 78.424555492443261, 17.299039508948496 ], [ 78.424622779807805, 17.29904623786944 ], [ 78.424691305858786, 17.299089846334347 ], [ 78.424828069756828, 17.299165825295567 ], [ 78.424873655908044, 17.299287393278522 ], [ 78.424888853298299, 17.299454547613536 ], [ 78.424904048953877, 17.299606507239947 ], [ 78.424949637136748, 17.299728075205888 ], [ 78.425010419889873, 17.299819250371694 ], [ 78.425086399077244, 17.299880033653494 ], [ 78.425162378787689, 17.299880032791528 ], [ 78.425344731367773, 17.299880034063541 ], [ 78.425435905782791, 17.299804055371965 ], [ 78.425496689979326, 17.29969768336867 ], [ 78.42550204463258, 17.299654841359448 ], [ 78.425511884944598, 17.299576115267119 ], [ 78.42552708089508, 17.29943935339805 ], [ 78.425553157046394, 17.299317668012385 ], [ 78.42556061437827, 17.299282867119363 ], [ 78.42558399927745, 17.299241943386473 ], [ 78.425736228156723, 17.299127769972703 ], [ 78.425760718939657, 17.299005319340605 ], [ 78.42579490957749, 17.298842912621193 ], [ 78.425829100061719, 17.298689053683514 ], [ 78.425863292290543, 17.298543741646547 ], [ 78.425914576895124, 17.298355692632757 ], [ 78.425931672679425, 17.298176190894207 ], [ 78.425940220161181, 17.297945404453941 ], [ 78.425888934238941, 17.297748806926695 ], [ 78.425760717673171, 17.29756930508535 ], [ 78.42565814568357, 17.297475280278611 ], [ 78.425444453051824, 17.297372707026792 ], [ 78.425188022423399, 17.297270135921039 ], [ 78.424837565769664, 17.297184657730284 ], [ 78.424700802916774, 17.297159015081185 ], [ 78.424375989942803, 17.297082085833548 ], [ 78.424111010909613, 17.297056442103809 ], [ 78.423871676211874, 17.29712482411615 ], [ 78.423632341336955, 17.297235943981068 ], [ 78.423427195148022, 17.297287229844994 ], [ 78.423136573702052, 17.297287229894863 ], [ 78.423016904770677, 17.29715046696597 ], [ 78.422958081327849, 17.297091641947585 ], [ 78.423033862406555, 17.29758963243702 ], [ 78.42305097608704, 17.297667604275162 ], [ 78.423415950044983, 17.297533226957299 ] ] ] } },
{ "type": "Feature", "properties": { "FID": 846, "Descr_1": "Water Bodies", "Descr_2": "River/Stream/Drain", "Descr_3": "River/Stream/Drain", "PI_CODE": "Musi River", "LU_Code": "WBRS", "Shape_Area": 1.6900957326699999 }, "geometry": { "type": "Polygon", "coordinates": [ [ [ 78.587233272679143, 17.387328322084056 ], [ 78.586733223774473, 17.38745067841737 ], [ 78.586517899265942, 17.387503366126065 ], [ 78.586227596963496, 17.387574396144558 ], [ 78.586023408875477, 17.387624357107697 ], [ 78.585390454883168, 17.387779228561396 ], [ 78.585255879562297, 17.38779193981269 ], [ 78.584460748369978, 17.388020421321389 ], [ 78.583011694324782, 17.388436805147229 ], [ 78.581823623300551, 17.38887648532836 ], [ 78.581299594995741, 17.388977679036113 ], [ 78.580762964384718, 17.389090666184032 ], [ 78.58015261763353, 17.38913106376749 ], [ 78.579630002880961, 17.389124725365665 ], [ 78.579070530150759, 17.389082090930081 ], [ 78.578462071338706, 17.388979113625691 ], [ 78.578011359342966, 17.388903484723389 ], [ 78.57761766387928, 17.388837422768827 ], [ 78.576614175222375, 17.388490659184718 ], [ 78.576609206682733, 17.388489086398799 ], [ 78.574494902547997, 17.3878196498055 ], [ 78.572645299175946, 17.387462582331032 ], [ 78.571763893853472, 17.387296518203467 ], [ 78.571229633451708, 17.387230272031573 ], [ 78.57080735883406, 17.387165386040216 ], [ 78.570460058653936, 17.38707751321321 ], [ 78.570114179986575, 17.386882113601065 ], [ 78.569373283709524, 17.386442920362509 ], [ 78.569089305624161, 17.38627217226114 ], [ 78.569055875879982, 17.38625686081264 ], [ 78.568767684843152, 17.386124862809517 ], [ 78.567328097797741, 17.385820539613686 ], [ 78.566284634087268, 17.385676377143501 ], [ 78.565476798206916, 17.385594828636876 ], [ 78.564792599894787, 17.38557453300966 ], [ 78.564332373440777, 17.385556967835804 ], [ 78.564206612356983, 17.385555432771135 ], [ 78.564046188367968, 17.385553474830058 ], [ 78.563808509066689, 17.385646168385154 ], [ 78.563670371787111, 17.385740075750153 ], [ 78.563495380808988, 17.385797684629384 ], [ 78.563342326227215, 17.385766344989154 ], [ 78.563309212006061, 17.385759563569977 ], [ 78.562999724606428, 17.385636293748178 ], [ 78.56251698599425, 17.385439211776259 ], [ 78.561219993141407, 17.384706416904692 ], [ 78.560553494462084, 17.384197513440544 ], [ 78.56034527034889, 17.384038522410883 ], [ 78.560111941933059, 17.383635430949152 ], [ 78.560014428180466, 17.383481289726873 ], [ 78.559906961235129, 17.383327026786144 ], [ 78.559719859281145, 17.383171790324546 ], [ 78.55948210286553, 17.383082850064113 ], [ 78.559094653302594, 17.383020755984454 ], [ 78.55904429294543, 17.383000119861787 ], [ 78.558460929135578, 17.382936808430493 ], [ 78.55847146839919, 17.383087928080929 ], [ 78.55847149157249, 17.383088279200411 ], [ 78.558491799286983, 17.383390878141434 ], [ 78.558514846320392, 17.383734343087074 ], [ 78.559742620284666, 17.384626224115173 ], [ 78.560026486431752, 17.38483757759451 ], [ 78.561152386539604, 17.385675863592265 ], [ 78.562169443978362, 17.386309646637763 ], [ 78.562495402955804, 17.386504816064519 ], [ 78.562781798856079, 17.386680382039934 ], [ 78.563078656936113, 17.386817838283058 ], [ 78.56325745483889, 17.386848698563984 ], [ 78.563446586894116, 17.386851008180756 ], [ 78.563786172870181, 17.386769120362253 ], [ 78.5643075935876, 17.38648870434568 ], [ 78.564756676568507, 17.386408149271624 ], [ 78.565055432681874, 17.386402233587958 ], [ 78.565383925618605, 17.386406243304823 ], [ 78.565721106801263, 17.386505948843496 ], [ 78.566058291129963, 17.386605655683379 ], [ 78.566276654320276, 17.386656114869307 ], [ 78.566584986013638, 17.386678994065406 ], [ 78.566853500870138, 17.386701387432019 ], [ 78.567151244530251, 17.386771932361139 ], [ 78.567567812185104, 17.386891722447025 ], [ 78.567835191383679, 17.387000134287934 ], [ 78.568102568052169, 17.387108545757595 ], [ 78.569185665931883, 17.387456320411403 ], [ 78.569879159662321, 17.387715699566513 ], [ 78.570425550181014, 17.387805997046708 ], [ 78.570798369385003, 17.387846382650149 ], [ 78.571046754785584, 17.387885256358349 ], [ 78.571430913051572, 17.388009423391434 ], [ 78.57203747132985, 17.388255788126269 ], [ 78.573052131421221, 17.388698305144718 ], [ 78.574265413679541, 17.3891790776246 ], [ 78.57612637978977, 17.389619918433517 ], [ 78.577380455263736, 17.38991935412292 ], [ 78.578024531134744, 17.390073138965061 ], [ 78.579216568607649, 17.390278792748916 ], [ 78.579999553635787, 17.390359986846487 ], [ 78.580758909301139, 17.390345295567027 ], [ 78.581120549730883, 17.390289934396552 ], [ 78.581582838689741, 17.390152144812784 ], [ 78.58242062260571, 17.389851614783982 ], [ 78.582448847080983, 17.389839194218105 ], [ 78.582483576000598, 17.389726650000135 ], [ 78.58248832300059, 17.38917114400035 ], [ 78.584565724000598, 17.388464826000153 ], [ 78.585815377000472, 17.388073668999855 ], [ 78.588569878000612, 17.387619505999872 ], [ 78.588438919000509, 17.387180683000022 ], [ 78.588440505029368, 17.387176340505675 ], [ 78.587233272679143, 17.387328322084056 ] ] ] } }
]
}
